{
"type": "FeatureCollection",
"name": "houston-super_neighborhood-overlay",
"crs": { "type": "name", "properties": { "name": "urn:ogc:def:crs:OGC:1.3:CRS84" } },
"xy_coordinate_resolution": 1e-05,
"features": [
{ "type": "Feature", "properties": { "name": "FOURTH WARD" }, "geometry": { "type": "Polygon", "coordinates": [ [ [ -95.38581, 29.76158 ], [ -95.38575, 29.7591 ], [ -95.38581, 29.75809 ], [ -95.38572, 29.75763 ], [ -95.38567, 29.75357 ], [ -95.38576, 29.75344 ], [ -95.38572, 29.75028 ], [ -95.38216, 29.75026 ], [ -95.38217, 29.75142 ], [ -95.38129, 29.75142 ], [ -95.38129, 29.75205 ], [ -95.37866, 29.75207 ], [ -95.37862, 29.75395 ], [ -95.37463, 29.75404 ], [ -95.37477, 29.75822 ], [ -95.37435, 29.7598 ], [ -95.37373, 29.76124 ], [ -95.37439, 29.76142 ], [ -95.37521, 29.76137 ], [ -95.37594, 29.76124 ], [ -95.37626, 29.76106 ], [ -95.37682, 29.76105 ], [ -95.37726, 29.76127 ], [ -95.37814, 29.76211 ], [ -95.37875, 29.76232 ], [ -95.3797, 29.76229 ], [ -95.38059, 29.76197 ], [ -95.38102, 29.76196 ], [ -95.3812, 29.76206 ], [ -95.38196, 29.76319 ], [ -95.3825, 29.7638 ], [ -95.38281, 29.76394 ], [ -95.38318, 29.7639 ], [ -95.38375, 29.76346 ], [ -95.3841, 29.76301 ], [ -95.38439, 29.7622 ], [ -95.38466, 29.76185 ], [ -95.38522, 29.76158 ], [ -95.38581, 29.76158 ] ] ] } },
{ "type": "Feature", "properties": { "name": "SECOND WARD" }, "geometry": { "type": "Polygon", "coordinates": [ [ [ -95.31864, 29.75522 ], [ -95.32066, 29.75652 ], [ -95.32305, 29.75741 ], [ -95.32412, 29.75827 ], [ -95.32448, 29.75891 ], [ -95.32485, 29.75935 ], [ -95.32536, 29.75977 ], [ -95.32588, 29.7599 ], [ -95.32654, 29.7598 ], [ -95.32877, 29.75983 ], [ -95.32953, 29.75997 ], [ -95.33016, 29.75993 ], [ -95.3315, 29.75881 ], [ -95.33214, 29.75852 ], [ -95.33295, 29.75867 ], [ -95.33339, 29.75898 ], [ -95.33346, 29.75957 ], [ -95.33335, 29.76096 ], [ -95.3335, 29.76133 ], [ -95.33384, 29.76156 ], [ -95.3359, 29.7617 ], [ -95.33671, 29.76196 ], [ -95.33776, 29.76217 ], [ -95.33847, 29.76206 ], [ -95.33965, 29.76163 ], [ -95.34075, 29.76141 ], [ -95.3417, 29.7616 ], [ -95.34328, 29.76221 ], [ -95.34568, 29.76216 ], [ -95.34653, 29.76246 ], [ -95.34664, 29.76279 ], [ -95.34672, 29.76547 ], [ -95.34691, 29.7658 ], [ -95.34735, 29.76624 ], [ -95.34903, 29.7653 ], [ -95.34943, 29.76461 ], [ -95.34952, 29.76167 ], [ -95.34945, 29.75977 ], [ -95.34954, 29.75967 ], [ -95.34957, 29.75899 ], [ -95.34942, 29.75692 ], [ -95.34685, 29.74923 ], [ -95.34663, 29.74893 ], [ -95.34643, 29.74845 ], [ -95.34548, 29.7475 ], [ -95.34453, 29.74687 ], [ -95.34462, 29.74677 ], [ -95.34449, 29.74669 ], [ -95.3444, 29.7468 ], [ -95.34322, 29.74619 ], [ -95.34313, 29.7463 ], [ -95.34219, 29.7459 ], [ -95.34154, 29.74583 ], [ -95.34159, 29.74577 ], [ -95.31446, 29.7373 ], [ -95.31266, 29.73972 ], [ -95.31217, 29.73977 ], [ -95.31171, 29.74088 ], [ -95.31152, 29.74105 ], [ -95.30958, 29.74389 ], [ -95.30959, 29.74408 ], [ -95.30287, 29.75403 ], [ -95.30371, 29.75471 ], [ -95.30448, 29.75568 ], [ -95.305, 29.75597 ], [ -95.30553, 29.75598 ], [ -95.30602, 29.75574 ], [ -95.30678, 29.7552 ], [ -95.30806, 29.75466 ], [ -95.30938, 29.75456 ], [ -95.31269, 29.75548 ], [ -95.31403, 29.75552 ], [ -95.31477, 29.75544 ], [ -95.31531, 29.75523 ], [ -95.3158, 29.75483 ], [ -95.31789, 29.75499 ], [ -95.31864, 29.75522 ] ] ] } },
{ "type": "Feature", "properties": { "name": "DOWNTOWN" }, "geometry": { "type": "Polygon", "coordinates": [ [ [ -95.34735, 29.76624 ], [ -95.34498, 29.76773 ], [ -95.34375, 29.76806 ], [ -95.34362, 29.76892 ], [ -95.34477, 29.76918 ], [ -95.34571, 29.76983 ], [ -95.34667, 29.77011 ], [ -95.35046, 29.7701 ], [ -95.35049, 29.77257 ], [ -95.3513, 29.77257 ], [ -95.3513, 29.77244 ], [ -95.35258, 29.77195 ], [ -95.35258, 29.77207 ], [ -95.35395, 29.77137 ], [ -95.35398, 29.77146 ], [ -95.35508, 29.77092 ], [ -95.35508, 29.77111 ], [ -95.35813, 29.77097 ], [ -95.35833, 29.77085 ], [ -95.35919, 29.77127 ], [ -95.35937, 29.77166 ], [ -95.35977, 29.77152 ], [ -95.36174, 29.7721 ], [ -95.3631, 29.77233 ], [ -95.36633, 29.77238 ], [ -95.36486, 29.76953 ], [ -95.36618, 29.76808 ], [ -95.36669, 29.76639 ], [ -95.36727, 29.76536 ], [ -95.36825, 29.76425 ], [ -95.36915, 29.76378 ], [ -95.37037, 29.7636 ], [ -95.37229, 29.76255 ], [ -95.37373, 29.76124 ], [ -95.37435, 29.7598 ], [ -95.37477, 29.75822 ], [ -95.37462, 29.75433 ], [ -95.37466, 29.75338 ], [ -95.37453, 29.7526 ], [ -95.37415, 29.75167 ], [ -95.37338, 29.7508 ], [ -95.36278, 29.74444 ], [ -95.36145, 29.74421 ], [ -95.35807, 29.74265 ], [ -95.35539, 29.74072 ], [ -95.35197, 29.7385 ], [ -95.34966, 29.74127 ], [ -95.3487, 29.74248 ], [ -95.34869, 29.74262 ], [ -95.3485, 29.74286 ], [ -95.34842, 29.74284 ], [ -95.34686, 29.74482 ], [ -95.34641, 29.74592 ], [ -95.34637, 29.74626 ], [ -95.34643, 29.74658 ], [ -95.34632, 29.74671 ], [ -95.34653, 29.74684 ], [ -95.3462, 29.74725 ], [ -95.3464, 29.74786 ], [ -95.34631, 29.74808 ], [ -95.34663, 29.74893 ], [ -95.34685, 29.74923 ], [ -95.34942, 29.75692 ], [ -95.34957, 29.75899 ], [ -95.34954, 29.75967 ], [ -95.34945, 29.75977 ], [ -95.34952, 29.76167 ], [ -95.34943, 29.76461 ], [ -95.34903, 29.7653 ], [ -95.34735, 29.76624 ] ] ] } },
{ "type": "Feature", "properties": { "name": "CLINTON PARK TRI-COMMUNITY" }, "geometry": { "type": "Polygon", "coordinates": [ [ [ -95.25626, 29.77367 ], [ -95.26375, 29.77573 ], [ -95.26526, 29.76961 ], [ -95.26547, 29.76775 ], [ -95.26536, 29.76624 ], [ -95.26506, 29.75283 ], [ -95.2807, 29.75276 ], [ -95.28067, 29.74774 ], [ -95.26519, 29.73757 ], [ -95.26565, 29.7359 ], [ -95.26592, 29.73371 ], [ -95.26644, 29.73096 ], [ -95.26669, 29.72852 ], [ -95.2667, 29.72722 ], [ -95.26662, 29.72631 ], [ -95.26636, 29.72506 ], [ -95.26476, 29.72556 ], [ -95.26368, 29.72612 ], [ -95.26368, 29.72668 ], [ -95.25966, 29.72814 ], [ -95.25838, 29.72846 ], [ -95.25747, 29.7285 ], [ -95.25703, 29.7284 ], [ -95.25653, 29.72817 ], [ -95.25654, 29.72833 ], [ -95.25615, 29.72804 ], [ -95.25419, 29.72754 ], [ -95.25408, 29.72738 ], [ -95.25349, 29.72725 ], [ -95.25357, 29.72997 ], [ -95.25666, 29.73197 ], [ -95.25666, 29.73215 ], [ -95.25118, 29.72856 ], [ -95.25121, 29.73042 ], [ -95.25354, 29.73042 ], [ -95.25359, 29.73187 ], [ -95.25102, 29.73209 ], [ -95.25228, 29.73255 ], [ -95.25362, 29.73282 ], [ -95.2543, 29.75761 ], [ -95.25163, 29.75762 ], [ -95.25171, 29.7599 ], [ -95.25579, 29.75989 ], [ -95.25598, 29.76834 ], [ -95.25903, 29.76881 ], [ -95.25915, 29.77329 ], [ -95.25626, 29.77367 ] ] ] } },
{ "type": "Feature", "properties": { "name": "GREATER UPTOWN" }, "geometry": { "type": "Polygon", "coordinates": [ [ [ -95.45388, 29.78077 ], [ -95.45785, 29.78297 ], [ -95.46034, 29.78375 ], [ -95.46293, 29.78396 ], [ -95.47344, 29.78398 ], [ -95.47553, 29.78381 ], [ -95.48647, 29.78383 ], [ -95.48645, 29.78341 ], [ -95.48828, 29.7835 ], [ -95.48822, 29.77725 ], [ -95.48768, 29.7775 ], [ -95.48702, 29.77759 ], [ -95.48697, 29.76963 ], [ -95.48793, 29.76961 ], [ -95.48816, 29.76953 ], [ -95.48826, 29.76938 ], [ -95.48739, 29.76861 ], [ -95.48735, 29.76812 ], [ -95.48745, 29.76787 ], [ -95.48844, 29.76696 ], [ -95.48893, 29.7667 ], [ -95.49073, 29.76684 ], [ -95.49097, 29.76678 ], [ -95.49106, 29.76661 ], [ -95.49092, 29.76642 ], [ -95.49026, 29.76603 ], [ -95.48973, 29.76559 ], [ -95.48966, 29.76495 ], [ -95.48981, 29.76479 ], [ -95.49011, 29.76482 ], [ -95.49071, 29.76537 ], [ -95.49108, 29.76554 ], [ -95.49191, 29.76563 ], [ -95.49229, 29.76545 ], [ -95.49236, 29.76531 ], [ -95.4923, 29.76511 ], [ -95.49104, 29.7644 ], [ -95.49084, 29.76416 ], [ -95.49077, 29.76388 ], [ -95.49084, 29.76359 ], [ -95.49151, 29.76313 ], [ -95.49175, 29.76308 ], [ -95.49239, 29.76336 ], [ -95.49244, 29.76361 ], [ -95.49233, 29.76387 ], [ -95.49233, 29.76424 ], [ -95.49275, 29.76464 ], [ -95.49374, 29.76504 ], [ -95.49432, 29.76509 ], [ -95.4946, 29.76504 ], [ -95.49483, 29.7649 ], [ -95.49501, 29.7646 ], [ -95.49507, 29.7639 ], [ -95.49567, 29.7635 ], [ -95.49591, 29.76322 ], [ -95.49603, 29.7629 ], [ -95.49608, 29.76229 ], [ -95.49654, 29.76186 ], [ -95.49672, 29.76184 ], [ -95.49694, 29.76164 ], [ -95.49716, 29.76161 ], [ -95.49737, 29.76167 ], [ -95.49807, 29.76212 ], [ -95.49851, 29.76215 ], [ -95.49865, 29.76205 ], [ -95.49864, 29.76164 ], [ -95.49919, 29.76025 ], [ -95.49943, 29.76019 ], [ -95.49967, 29.76038 ], [ -95.49967, 29.76028 ], [ -95.5, 29.76009 ], [ -95.50027, 29.76007 ], [ -95.5007, 29.7603 ], [ -95.50102, 29.76038 ], [ -95.50087, 29.75828 ], [ -95.50122, 29.75629 ], [ -95.5013, 29.75513 ], [ -95.50129, 29.75297 ], [ -95.50469, 29.75297 ], [ -95.50476, 29.75232 ], [ -95.50511, 29.75192 ], [ -95.50642, 29.75205 ], [ -95.50675, 29.75201 ], [ -95.50718, 29.75178 ], [ -95.50731, 29.75151 ], [ -95.50328, 29.75052 ], [ -95.50275, 29.75043 ], [ -95.50114, 29.75045 ], [ -95.50091, 29.73762 ], [ -95.47659, 29.73793 ], [ -95.47636, 29.72592 ], [ -95.47281, 29.72587 ], [ -95.46655, 29.7266 ], [ -95.4603, 29.72856 ], [ -95.46007, 29.7313 ], [ -95.45932, 29.73529 ], [ -95.45869, 29.73798 ], [ -95.45846, 29.73976 ], [ -95.4582, 29.74107 ], [ -95.45595, 29.75005 ], [ -95.45553, 29.75257 ], [ -95.4556, 29.75454 ], [ -95.45557, 29.75999 ], [ -95.45604, 29.77062 ], [ -95.45596, 29.77337 ], [ -95.45548, 29.7776 ], [ -95.45495, 29.77927 ], [ -95.45388, 29.78077 ] ] ] } },
{ "type": "Feature", "properties": { "name": "GREATER INWOOD" }, "geometry": { "type": "Polygon", "coordinates": [ [ [ -95.50937, 29.91482 ], [ -95.49555, 29.89029 ], [ -95.50706, 29.89016 ], [ -95.50705, 29.87447 ], [ -95.50232, 29.87379 ], [ -95.50217, 29.86552 ], [ -95.4868, 29.86561 ], [ -95.48683, 29.8649 ], [ -95.48699, 29.86434 ], [ -95.48817, 29.862 ], [ -95.48867, 29.8605 ], [ -95.4887, 29.85307 ], [ -95.48888, 29.85147 ], [ -95.4889, 29.85054 ], [ -95.48499, 29.85057 ], [ -95.48499, 29.8499 ], [ -95.48441, 29.84986 ], [ -95.48394, 29.84965 ], [ -95.48368, 29.84965 ], [ -95.48285, 29.8491 ], [ -95.48213, 29.84848 ], [ -95.48156, 29.84816 ], [ -95.48019, 29.84778 ], [ -95.47909, 29.84716 ], [ -95.47731, 29.84694 ], [ -95.47613, 29.84655 ], [ -95.47534, 29.84641 ], [ -95.473, 29.84644 ], [ -95.47072, 29.84524 ], [ -95.47022, 29.84517 ], [ -95.47001, 29.84526 ], [ -95.47248, 29.84974 ], [ -95.46908, 29.84977 ], [ -95.46717, 29.84998 ], [ -95.46261, 29.85002 ], [ -95.4624, 29.85021 ], [ -95.46358, 29.85117 ], [ -95.46365, 29.85131 ], [ -95.46369, 29.85144 ], [ -95.46353, 29.85193 ], [ -95.46294, 29.8528 ], [ -95.46291, 29.85336 ], [ -95.46308, 29.85386 ], [ -95.46356, 29.85388 ], [ -95.464, 29.85421 ], [ -95.46408, 29.85433 ], [ -95.46411, 29.85496 ], [ -95.46397, 29.85539 ], [ -95.46338, 29.85603 ], [ -95.46293, 29.85602 ], [ -95.46145, 29.85739 ], [ -95.46174, 29.8585 ], [ -95.46411, 29.85933 ], [ -95.46489, 29.85976 ], [ -95.46525, 29.86004 ], [ -95.46597, 29.86106 ], [ -95.46629, 29.86179 ], [ -95.46675, 29.86213 ], [ -95.46668, 29.86333 ], [ -95.45883, 29.86347 ], [ -95.45364, 29.86346 ], [ -95.45177, 29.8632 ], [ -95.45183, 29.8707 ], [ -95.45467, 29.87065 ], [ -95.45471, 29.87812 ], [ -95.45519, 29.87812 ], [ -95.45516, 29.88117 ], [ -95.45478, 29.88113 ], [ -95.45478, 29.88152 ], [ -95.4551, 29.88152 ], [ -95.4551, 29.88179 ], [ -95.45479, 29.88179 ], [ -95.45477, 29.88492 ], [ -95.46099, 29.88497 ], [ -95.48062, 29.88477 ], [ -95.48046, 29.87439 ], [ -95.48499, 29.87895 ], [ -95.48827, 29.8772 ], [ -95.48638, 29.87386 ], [ -95.48644, 29.87384 ], [ -95.48679, 29.87385 ], [ -95.48707, 29.87399 ], [ -95.48789, 29.87499 ], [ -95.48831, 29.8753 ], [ -95.4887, 29.87542 ], [ -95.4898, 29.87549 ], [ -95.49031, 29.87565 ], [ -95.49167, 29.87657 ], [ -95.4923, 29.87668 ], [ -95.49465, 29.87666 ], [ -95.49464, 29.88479 ], [ -95.4851, 29.88488 ], [ -95.48524, 29.89353 ], [ -95.49084, 29.89429 ], [ -95.49081, 29.89032 ], [ -95.49276, 29.89031 ], [ -95.49278, 29.89133 ], [ -95.49569, 29.8913 ], [ -95.49571, 29.89319 ], [ -95.49534, 29.89318 ], [ -95.49548, 29.89421 ], [ -95.49561, 29.90876 ], [ -95.4957, 29.91154 ], [ -95.49567, 29.91483 ], [ -95.50937, 29.91482 ] ] ] } },
{ "type": "Feature", "properties": { "name": "GREATER HOBBY AREA" }, "geometry": { "type": "Polygon", "coordinates": [ [ [ -95.28277, 29.65734 ], [ -95.28542, 29.65727 ], [ -95.2859, 29.6571 ], [ -95.30486, 29.64774 ], [ -95.3059, 29.64738 ], [ -95.30699, 29.64722 ], [ -95.3085, 29.64715 ], [ -95.30951, 29.64695 ], [ -95.31061, 29.6465 ], [ -95.3118, 29.6459 ], [ -95.31214, 29.64564 ], [ -95.30875, 29.63459 ], [ -95.29739, 29.59653 ], [ -95.29687, 29.59665 ], [ -95.29607, 29.59618 ], [ -95.29461, 29.59665 ], [ -95.29368, 29.59649 ], [ -95.29346, 29.59661 ], [ -95.29265, 29.59773 ], [ -95.29198, 29.59768 ], [ -95.291, 29.59743 ], [ -95.29064, 29.59743 ], [ -95.28991, 29.59763 ], [ -95.28991, 29.59787 ], [ -95.28891, 29.59789 ], [ -95.28805, 29.59825 ], [ -95.28727, 29.59808 ], [ -95.28685, 29.5979 ], [ -95.28613, 29.59783 ], [ -95.2857, 29.59765 ], [ -95.28528, 29.59791 ], [ -95.2849, 29.59796 ], [ -95.28401, 29.59757 ], [ -95.28313, 29.59775 ], [ -95.28258, 29.59769 ], [ -95.28171, 29.59722 ], [ -95.28142, 29.59668 ], [ -95.28078, 29.59625 ], [ -95.28025, 29.59553 ], [ -95.28011, 29.59545 ], [ -95.2789, 29.59543 ], [ -95.27839, 29.59563 ], [ -95.27792, 29.59596 ], [ -95.27744, 29.59613 ], [ -95.27713, 29.59591 ], [ -95.27701, 29.59522 ], [ -95.27686, 29.59497 ], [ -95.27666, 29.59486 ], [ -95.27558, 29.59488 ], [ -95.27509, 29.59515 ], [ -95.27468, 29.59515 ], [ -95.27436, 29.59499 ], [ -95.27384, 29.59442 ], [ -95.27363, 29.59439 ], [ -95.27338, 29.59455 ], [ -95.27318, 29.59494 ], [ -95.27289, 29.59507 ], [ -95.27267, 29.59505 ], [ -95.27213, 29.5944 ], [ -95.27187, 29.59429 ], [ -95.27146, 29.59429 ], [ -95.27072, 29.59462 ], [ -95.27022, 29.59473 ], [ -95.26959, 29.59455 ], [ -95.26884, 29.59391 ], [ -95.26758, 29.59385 ], [ -95.26729, 29.59402 ], [ -95.26712, 29.59445 ], [ -95.26693, 29.59458 ], [ -95.26628, 29.59464 ], [ -95.26639, 29.59939 ], [ -95.26633, 29.60155 ], [ -95.26642, 29.6017 ], [ -95.26661, 29.61397 ], [ -95.26668, 29.61412 ], [ -95.26675, 29.62464 ], [ -95.26669, 29.62646 ], [ -95.25599, 29.62683 ], [ -95.23906, 29.62758 ], [ -95.23118, 29.62767 ], [ -95.22886, 29.62781 ], [ -95.24328, 29.64097 ], [ -95.24433, 29.64204 ], [ -95.24517, 29.64312 ], [ -95.25133, 29.65257 ], [ -95.25364, 29.65218 ], [ -95.25743, 29.65212 ], [ -95.25839, 29.65219 ], [ -95.25961, 29.65253 ], [ -95.26038, 29.65287 ], [ -95.26123, 29.6534 ], [ -95.26512, 29.65663 ], [ -95.26648, 29.65737 ], [ -95.26817, 29.65786 ], [ -95.26925, 29.65792 ], [ -95.28277, 29.65758 ], [ -95.28277, 29.65734 ] ] ] } },
{ "type": "Feature", "properties": { "name": "GOLFCREST / BELLFORT / REVEILLE" }, "geometry": { "type": "Polygon", "coordinates": [ [ [ -95.27261, 29.68054 ], [ -95.28406, 29.69197 ], [ -95.28551, 29.69372 ], [ -95.28746, 29.69697 ], [ -95.28884, 29.69724 ], [ -95.29049, 29.69699 ], [ -95.29404, 29.6958 ], [ -95.29531, 29.69545 ], [ -95.29628, 29.6954 ], [ -95.29801, 29.69549 ], [ -95.31096, 29.69709 ], [ -95.31238, 29.69716 ], [ -95.31405, 29.69692 ], [ -95.31506, 29.69669 ], [ -95.31616, 29.69629 ], [ -95.32593, 29.69183 ], [ -95.31214, 29.64564 ], [ -95.3118, 29.6459 ], [ -95.31061, 29.6465 ], [ -95.30947, 29.64696 ], [ -95.30842, 29.64716 ], [ -95.30645, 29.64729 ], [ -95.3059, 29.64738 ], [ -95.30503, 29.64767 ], [ -95.28613, 29.657 ], [ -95.28542, 29.65727 ], [ -95.28277, 29.65734 ], [ -95.28277, 29.65758 ], [ -95.26925, 29.65792 ], [ -95.26817, 29.65786 ], [ -95.26648, 29.65737 ], [ -95.26512, 29.65663 ], [ -95.26123, 29.6534 ], [ -95.26038, 29.65287 ], [ -95.25961, 29.65253 ], [ -95.25839, 29.65219 ], [ -95.25743, 29.65212 ], [ -95.25364, 29.65218 ], [ -95.25133, 29.65257 ], [ -95.2571, 29.66114 ], [ -95.26039, 29.66633 ], [ -95.26358, 29.67102 ], [ -95.26498, 29.67271 ], [ -95.26626, 29.6741 ], [ -95.26815, 29.67585 ], [ -95.27261, 29.68054 ] ] ] } },
{ "type": "Feature", "properties": { "name": "ELDRIDGE / WEST OAKS" }, "geometry": { "type": "Polygon", "coordinates": [ [ [ -95.77118, 29.7043 ], [ -95.77112, 29.70287 ], [ -95.73003, 29.70637 ], [ -95.72715, 29.70641 ], [ -95.72715, 29.70663 ], [ -95.71542, 29.70681 ], [ -95.71542, 29.70557 ], [ -95.69217, 29.70745 ], [ -95.69086, 29.70787 ], [ -95.68981, 29.70847 ], [ -95.65922, 29.72798 ], [ -95.65846, 29.72806 ], [ -95.65241, 29.72809 ], [ -95.65238, 29.72531 ], [ -95.64366, 29.72543 ], [ -95.64393, 29.72136 ], [ -95.64392, 29.72018 ], [ -95.63573, 29.72025 ], [ -95.63576, 29.72219 ], [ -95.6342, 29.7222 ], [ -95.63416, 29.72017 ], [ -95.63156, 29.72019 ], [ -95.6316, 29.72222 ], [ -95.63108, 29.72223 ], [ -95.63139, 29.73593 ], [ -95.62224, 29.73606 ], [ -95.62225, 29.7349 ], [ -95.62193, 29.7349 ], [ -95.62193, 29.73435 ], [ -95.62225, 29.73435 ], [ -95.62218, 29.7223 ], [ -95.62871, 29.72225 ], [ -95.62862, 29.71238 ], [ -95.61996, 29.71311 ], [ -95.61997, 29.71272 ], [ -95.59227, 29.71497 ], [ -95.59259, 29.73633 ], [ -95.60586, 29.73617 ], [ -95.6062, 29.75812 ], [ -95.60618, 29.7619 ], [ -95.60804, 29.76168 ], [ -95.61163, 29.76065 ], [ -95.61236, 29.7607 ], [ -95.61853, 29.7637 ], [ -95.61907, 29.76434 ], [ -95.61923, 29.76492 ], [ -95.61854, 29.76865 ], [ -95.61846, 29.76943 ], [ -95.61881, 29.76995 ], [ -95.62479, 29.77343 ], [ -95.62568, 29.77369 ], [ -95.63203, 29.77393 ], [ -95.63277, 29.77384 ], [ -95.63312, 29.77362 ], [ -95.63349, 29.7732 ], [ -95.63408, 29.77107 ], [ -95.63462, 29.77063 ], [ -95.64038, 29.76893 ], [ -95.64416, 29.76958 ], [ -95.64515, 29.77082 ], [ -95.64551, 29.77158 ], [ -95.64584, 29.78086 ], [ -95.64818, 29.78291 ], [ -95.69126, 29.78287 ], [ -95.69125, 29.78128 ], [ -95.68252, 29.78128 ], [ -95.68283, 29.78047 ], [ -95.68358, 29.77758 ], [ -95.68542, 29.7757 ], [ -95.68561, 29.7757 ], [ -95.68676, 29.77497 ], [ -95.6876, 29.77358 ], [ -95.68965, 29.77306 ], [ -95.69306, 29.77422 ], [ -95.6976, 29.77429 ], [ -95.69789, 29.77282 ], [ -95.69563, 29.77256 ], [ -95.69475, 29.76955 ], [ -95.69512, 29.76768 ], [ -95.69634, 29.76613 ], [ -95.69757, 29.76511 ], [ -95.69841, 29.7635 ], [ -95.69961, 29.7627 ], [ -95.7018, 29.7627 ], [ -95.70178, 29.76147 ], [ -95.70259, 29.76148 ], [ -95.70275, 29.7609 ], [ -95.70419, 29.75858 ], [ -95.70707, 29.75779 ], [ -95.70765, 29.75677 ], [ -95.70886, 29.75648 ], [ -95.70886, 29.75616 ], [ -95.70897, 29.75617 ], [ -95.70894, 29.75742 ], [ -95.70933, 29.75818 ], [ -95.7102, 29.75893 ], [ -95.70954, 29.75563 ], [ -95.70967, 29.75508 ], [ -95.70942, 29.75396 ], [ -95.71073, 29.75328 ], [ -95.71116, 29.75216 ], [ -95.71329, 29.75036 ], [ -95.71534, 29.74884 ], [ -95.71816, 29.74801 ], [ -95.72223, 29.74507 ], [ -95.72642, 29.74517 ], [ -95.72559, 29.74423 ], [ -95.72536, 29.7437 ], [ -95.72601, 29.74278 ], [ -95.72647, 29.7424 ], [ -95.72734, 29.74205 ], [ -95.72693, 29.7409 ], [ -95.72662, 29.73922 ], [ -95.72774, 29.73804 ], [ -95.72936, 29.73503 ], [ -95.73075, 29.73583 ], [ -95.73213, 29.73338 ], [ -95.73585, 29.72737 ], [ -95.73713, 29.72589 ], [ -95.73825, 29.72585 ], [ -95.74011, 29.72765 ], [ -95.74179, 29.72558 ], [ -95.74549, 29.72359 ], [ -95.74581, 29.72619 ], [ -95.74686, 29.72428 ], [ -95.74481, 29.72163 ], [ -95.7438, 29.72164 ], [ -95.74305, 29.72241 ], [ -95.74374, 29.7232 ], [ -95.74258, 29.72373 ], [ -95.74079, 29.7239 ], [ -95.74004, 29.72298 ], [ -95.74071, 29.72093 ], [ -95.7424, 29.72094 ], [ -95.7435, 29.71777 ], [ -95.74148, 29.71826 ], [ -95.74139, 29.71683 ], [ -95.73949, 29.71529 ], [ -95.73827, 29.71551 ], [ -95.73828, 29.71406 ], [ -95.72745, 29.71411 ], [ -95.72729, 29.70858 ], [ -95.72874, 29.70807 ], [ -95.73267, 29.70753 ], [ -95.77118, 29.7043 ] ] ] } },
{ "type": "Feature", "properties": { "name": "WASHINGTON AVENUE COALITION / MEMORIAL PARK" }, "geometry": { "type": "Polygon", "coordinates": [ [ [ -95.43004, 29.78368 ], [ -95.43565, 29.78388 ], [ -95.43576, 29.78377 ], [ -95.43672, 29.78435 ], [ -95.43678, 29.78508 ], [ -95.43726, 29.78556 ], [ -95.4382, 29.78628 ], [ -95.43977, 29.78727 ], [ -95.4421, 29.78835 ], [ -95.45066, 29.7946 ], [ -95.45181, 29.78977 ], [ -95.45201, 29.78386 ], [ -95.4528, 29.78163 ], [ -95.45388, 29.78077 ], [ -95.45495, 29.77927 ], [ -95.45548, 29.7776 ], [ -95.45596, 29.77337 ], [ -95.45604, 29.77062 ], [ -95.45557, 29.75999 ], [ -95.45469, 29.75981 ], [ -95.45294, 29.75888 ], [ -95.45275, 29.75853 ], [ -95.45273, 29.75833 ], [ -95.4531, 29.75766 ], [ -95.45308, 29.75745 ], [ -95.45282, 29.75732 ], [ -95.45143, 29.757 ], [ -95.45085, 29.75646 ], [ -95.45047, 29.75627 ], [ -95.45007, 29.75619 ], [ -95.44862, 29.75619 ], [ -95.44862, 29.75613 ], [ -95.44814, 29.75605 ], [ -95.44765, 29.75569 ], [ -95.44679, 29.75532 ], [ -95.44657, 29.75515 ], [ -95.4464, 29.75428 ], [ -95.44616, 29.75387 ], [ -95.44488, 29.75408 ], [ -95.4439, 29.75407 ], [ -95.4435, 29.75394 ], [ -95.44291, 29.75356 ], [ -95.44265, 29.7535 ], [ -95.44176, 29.75388 ], [ -95.44138, 29.75426 ], [ -95.44118, 29.75502 ], [ -95.44104, 29.75529 ], [ -95.44042, 29.75566 ], [ -95.44017, 29.75592 ], [ -95.44012, 29.75676 ], [ -95.44004, 29.75687 ], [ -95.43958, 29.75709 ], [ -95.43902, 29.75707 ], [ -95.43864, 29.75692 ], [ -95.43832, 29.75689 ], [ -95.43801, 29.75702 ], [ -95.43799, 29.75746 ], [ -95.43866, 29.75823 ], [ -95.43878, 29.75828 ], [ -95.43912, 29.7588 ], [ -95.43894, 29.75933 ], [ -95.43876, 29.75948 ], [ -95.43839, 29.75955 ], [ -95.43818, 29.75948 ], [ -95.43736, 29.75893 ], [ -95.43669, 29.75864 ], [ -95.43618, 29.75829 ], [ -95.43538, 29.75799 ], [ -95.43448, 29.75784 ], [ -95.43449, 29.75764 ], [ -95.43429, 29.75763 ], [ -95.43409, 29.75748 ], [ -95.43361, 29.75772 ], [ -95.43343, 29.75789 ], [ -95.43308, 29.75845 ], [ -95.43336, 29.75943 ], [ -95.43363, 29.75976 ], [ -95.43356, 29.76006 ], [ -95.43334, 29.76018 ], [ -95.43297, 29.76018 ], [ -95.43234, 29.76 ], [ -95.4321, 29.75986 ], [ -95.43125, 29.75892 ], [ -95.43086, 29.75863 ], [ -95.43047, 29.75847 ], [ -95.4294, 29.75829 ], [ -95.42886, 29.7585 ], [ -95.42854, 29.75894 ], [ -95.42857, 29.75946 ], [ -95.42872, 29.75969 ], [ -95.42933, 29.76012 ], [ -95.4294, 29.76028 ], [ -95.4293, 29.76056 ], [ -95.42898, 29.76073 ], [ -95.42787, 29.76059 ], [ -95.42761, 29.76044 ], [ -95.42721, 29.75985 ], [ -95.42719, 29.75923 ], [ -95.42728, 29.75897 ], [ -95.42712, 29.75873 ], [ -95.42686, 29.75863 ], [ -95.42649, 29.75824 ], [ -95.42578, 29.75771 ], [ -95.42577, 29.75745 ], [ -95.42543, 29.75668 ], [ -95.42521, 29.75657 ], [ -95.42474, 29.7568 ], [ -95.42456, 29.75729 ], [ -95.42449, 29.75803 ], [ -95.42415, 29.75837 ], [ -95.42394, 29.75844 ], [ -95.42362, 29.75839 ], [ -95.42316, 29.75821 ], [ -95.42275, 29.75749 ], [ -95.42239, 29.75736 ], [ -95.42179, 29.75757 ], [ -95.42165, 29.75771 ], [ -95.42136, 29.75825 ], [ -95.42084, 29.75875 ], [ -95.42043, 29.75932 ], [ -95.42024, 29.7593 ], [ -95.4195, 29.75882 ], [ -95.41931, 29.75862 ], [ -95.41955, 29.75824 ], [ -95.41951, 29.75819 ], [ -95.41887, 29.75805 ], [ -95.41856, 29.75761 ], [ -95.41818, 29.75757 ], [ -95.41745, 29.75839 ], [ -95.41692, 29.75855 ], [ -95.41631, 29.75949 ], [ -95.41629, 29.75961 ], [ -95.41638, 29.75971 ], [ -95.416, 29.76016 ], [ -95.41569, 29.7602 ], [ -95.41475, 29.7599 ], [ -95.41432, 29.75986 ], [ -95.41394, 29.75987 ], [ -95.4136, 29.76007 ], [ -95.41327, 29.76 ], [ -95.41319, 29.76146 ], [ -95.41334, 29.76232 ], [ -95.41307, 29.76238 ], [ -95.4116, 29.76193 ], [ -95.40912, 29.76068 ], [ -95.40806, 29.76043 ], [ -95.40737, 29.76071 ], [ -95.40665, 29.76083 ], [ -95.40374, 29.76094 ], [ -95.40283, 29.7613 ], [ -95.40188, 29.7618 ], [ -95.40098, 29.76199 ], [ -95.40017, 29.76199 ], [ -95.39912, 29.76178 ], [ -95.39866, 29.76188 ], [ -95.39838, 29.76209 ], [ -95.39748, 29.76219 ], [ -95.3968, 29.76245 ], [ -95.39629, 29.76277 ], [ -95.39566, 29.76294 ], [ -95.39457, 29.76288 ], [ -95.39319, 29.76255 ], [ -95.39191, 29.76259 ], [ -95.39094, 29.76248 ], [ -95.38791, 29.7616 ], [ -95.38522, 29.76158 ], [ -95.38466, 29.76185 ], [ -95.38439, 29.7622 ], [ -95.3841, 29.76301 ], [ -95.38375, 29.76346 ], [ -95.38318, 29.7639 ], [ -95.38281, 29.76394 ], [ -95.3825, 29.7638 ], [ -95.38196, 29.76319 ], [ -95.3812, 29.76206 ], [ -95.38102, 29.76196 ], [ -95.38059, 29.76197 ], [ -95.3797, 29.76229 ], [ -95.37875, 29.76232 ], [ -95.37814, 29.76211 ], [ -95.37726, 29.76127 ], [ -95.37682, 29.76105 ], [ -95.37626, 29.76106 ], [ -95.37594, 29.76124 ], [ -95.37521, 29.76137 ], [ -95.37439, 29.76142 ], [ -95.37373, 29.76124 ], [ -95.37229, 29.76255 ], [ -95.37037, 29.7636 ], [ -95.36915, 29.76378 ], [ -95.36825, 29.76425 ], [ -95.36727, 29.76536 ], [ -95.36669, 29.76639 ], [ -95.36618, 29.76808 ], [ -95.36486, 29.76953 ], [ -95.36681, 29.77337 ], [ -95.36849, 29.77556 ], [ -95.36945, 29.77709 ], [ -95.37577, 29.77959 ], [ -95.37657, 29.77969 ], [ -95.37775, 29.77926 ], [ -95.37968, 29.77837 ], [ -95.38163, 29.77761 ], [ -95.38364, 29.77727 ], [ -95.38485, 29.77698 ], [ -95.38643, 29.77686 ], [ -95.39612, 29.77665 ], [ -95.39924, 29.77642 ], [ -95.39987, 29.77651 ], [ -95.40038, 29.77701 ], [ -95.40051, 29.77723 ], [ -95.40078, 29.77845 ], [ -95.40098, 29.77875 ], [ -95.40133, 29.77903 ], [ -95.40176, 29.77913 ], [ -95.40415, 29.77911 ], [ -95.40445, 29.77923 ], [ -95.40496, 29.77973 ], [ -95.40525, 29.78041 ], [ -95.40556, 29.78072 ], [ -95.40647, 29.78077 ], [ -95.40724, 29.78049 ], [ -95.40758, 29.7802 ], [ -95.40777, 29.77988 ], [ -95.40817, 29.77962 ], [ -95.40869, 29.77953 ], [ -95.40945, 29.77968 ], [ -95.40955, 29.78014 ], [ -95.41074, 29.78203 ], [ -95.41121, 29.78313 ], [ -95.412, 29.78316 ], [ -95.41201, 29.78304 ], [ -95.41369, 29.78309 ], [ -95.41378, 29.78315 ], [ -95.41834, 29.78333 ], [ -95.42478, 29.78352 ], [ -95.42602, 29.78346 ], [ -95.42764, 29.78351 ], [ -95.42948, 29.78358 ], [ -95.43004, 29.78368 ] ] ] } },
{ "type": "Feature", "properties": { "name": "GREATER FIFTH WARD" }, "geometry": { "type": "Polygon", "coordinates": [ [ [ -95.30651, 29.79197 ], [ -95.30661, 29.79456 ], [ -95.31235, 29.79447 ], [ -95.31311, 29.79399 ], [ -95.31578, 29.79391 ], [ -95.31637, 29.79369 ], [ -95.32078, 29.79364 ], [ -95.32216, 29.79398 ], [ -95.32265, 29.79403 ], [ -95.32386, 29.79399 ], [ -95.3258, 29.79355 ], [ -95.32947, 29.79353 ], [ -95.32989, 29.79358 ], [ -95.33096, 29.79395 ], [ -95.33164, 29.79402 ], [ -95.33873, 29.79391 ], [ -95.33985, 29.79396 ], [ -95.34151, 29.79376 ], [ -95.34907, 29.79362 ], [ -95.34906, 29.79343 ], [ -95.34922, 29.79306 ], [ -95.34913, 29.78838 ], [ -95.34898, 29.78838 ], [ -95.34896, 29.78741 ], [ -95.34886, 29.78742 ], [ -95.34885, 29.78695 ], [ -95.34905, 29.78608 ], [ -95.34906, 29.78471 ], [ -95.34921, 29.7847 ], [ -95.34905, 29.78355 ], [ -95.34904, 29.78256 ], [ -95.34896, 29.78257 ], [ -95.34886, 29.77356 ], [ -95.34967, 29.77356 ], [ -95.34966, 29.7731 ], [ -95.35049, 29.7728 ], [ -95.35046, 29.7701 ], [ -95.34667, 29.77011 ], [ -95.34571, 29.76983 ], [ -95.34477, 29.76918 ], [ -95.34362, 29.76892 ], [ -95.34375, 29.76806 ], [ -95.34498, 29.76773 ], [ -95.34735, 29.76624 ], [ -95.34691, 29.7658 ], [ -95.34672, 29.76547 ], [ -95.34664, 29.76279 ], [ -95.34653, 29.76246 ], [ -95.34568, 29.76216 ], [ -95.34328, 29.76221 ], [ -95.3417, 29.7616 ], [ -95.34075, 29.76141 ], [ -95.33965, 29.76163 ], [ -95.33847, 29.76206 ], [ -95.33776, 29.76217 ], [ -95.33671, 29.76196 ], [ -95.3359, 29.7617 ], [ -95.33384, 29.76156 ], [ -95.3335, 29.76133 ], [ -95.33335, 29.76096 ], [ -95.33346, 29.75957 ], [ -95.33339, 29.75898 ], [ -95.33295, 29.75867 ], [ -95.33214, 29.75852 ], [ -95.3315, 29.75881 ], [ -95.33016, 29.75993 ], [ -95.32953, 29.75997 ], [ -95.32877, 29.75983 ], [ -95.32654, 29.7598 ], [ -95.32588, 29.7599 ], [ -95.32536, 29.75977 ], [ -95.32485, 29.75935 ], [ -95.32448, 29.75891 ], [ -95.32412, 29.75827 ], [ -95.32305, 29.75741 ], [ -95.32066, 29.75652 ], [ -95.32015, 29.75616 ], [ -95.31899, 29.7576 ], [ -95.31549, 29.76361 ], [ -95.31546, 29.76479 ], [ -95.31405, 29.76437 ], [ -95.31345, 29.76448 ], [ -95.31314, 29.76465 ], [ -95.31298, 29.76484 ], [ -95.31271, 29.76562 ], [ -95.31267, 29.78732 ], [ -95.3136, 29.78741 ], [ -95.3136, 29.78894 ], [ -95.30651, 29.79197 ] ] ] } },
{ "type": "Feature", "properties": { "name": "DENVER HARBOR / PORT HOUSTON" }, "geometry": { "type": "Polygon", "coordinates": [ [ [ -95.28845, 29.79955 ], [ -95.28858, 29.79984 ], [ -95.28894, 29.7995 ], [ -95.3136, 29.78894 ], [ -95.3136, 29.78741 ], [ -95.31267, 29.78732 ], [ -95.31271, 29.76562 ], [ -95.31298, 29.76484 ], [ -95.31314, 29.76465 ], [ -95.31345, 29.76448 ], [ -95.31405, 29.76437 ], [ -95.31546, 29.76479 ], [ -95.31549, 29.76361 ], [ -95.31899, 29.7576 ], [ -95.32015, 29.75616 ], [ -95.31864, 29.75522 ], [ -95.31789, 29.75499 ], [ -95.3158, 29.75483 ], [ -95.31531, 29.75523 ], [ -95.31477, 29.75544 ], [ -95.31403, 29.75552 ], [ -95.31269, 29.75548 ], [ -95.30938, 29.75456 ], [ -95.30806, 29.75466 ], [ -95.30678, 29.7552 ], [ -95.30602, 29.75574 ], [ -95.30553, 29.75598 ], [ -95.305, 29.75597 ], [ -95.30448, 29.75568 ], [ -95.30371, 29.75471 ], [ -95.30325, 29.75439 ], [ -95.30212, 29.75334 ], [ -95.30166, 29.75302 ], [ -95.30091, 29.75279 ], [ -95.30016, 29.75284 ], [ -95.29876, 29.75406 ], [ -95.29828, 29.75428 ], [ -95.29783, 29.75428 ], [ -95.29736, 29.75412 ], [ -95.29505, 29.75171 ], [ -95.29483, 29.7513 ], [ -95.29491, 29.75069 ], [ -95.29516, 29.75029 ], [ -95.29621, 29.74924 ], [ -95.29655, 29.74876 ], [ -95.29669, 29.74813 ], [ -95.29655, 29.74758 ], [ -95.29591, 29.74735 ], [ -95.2946, 29.74728 ], [ -95.29302, 29.74741 ], [ -95.29233, 29.74787 ], [ -95.2911, 29.74848 ], [ -95.2894, 29.74982 ], [ -95.28875, 29.74991 ], [ -95.28824, 29.74959 ], [ -95.28646, 29.74805 ], [ -95.28461, 29.74475 ], [ -95.28332, 29.74348 ], [ -95.28008, 29.73953 ], [ -95.27692, 29.73307 ], [ -95.27588, 29.72895 ], [ -95.27532, 29.72752 ], [ -95.27358, 29.72794 ], [ -95.27297, 29.72688 ], [ -95.27249, 29.72636 ], [ -95.27203, 29.72604 ], [ -95.27113, 29.72572 ], [ -95.27018, 29.7252 ], [ -95.26867, 29.72492 ], [ -95.26734, 29.72484 ], [ -95.26636, 29.72506 ], [ -95.26662, 29.72631 ], [ -95.2667, 29.72722 ], [ -95.26669, 29.72852 ], [ -95.26644, 29.73096 ], [ -95.26592, 29.73371 ], [ -95.26565, 29.7359 ], [ -95.26519, 29.73757 ], [ -95.28067, 29.74774 ], [ -95.28084, 29.76134 ], [ -95.28128, 29.78192 ], [ -95.28815, 29.78185 ], [ -95.28845, 29.79955 ] ] ] } },
{ "type": "Feature", "properties": { "name": "PLEASANTVILLE AREA" }, "geometry": { "type": "Polygon", "coordinates": [ [ [ -95.26789, 29.79186 ], [ -95.26934, 29.79493 ], [ -95.27007, 29.7959 ], [ -95.27667, 29.80044 ], [ -95.28065, 29.80293 ], [ -95.28845, 29.79955 ], [ -95.28815, 29.78185 ], [ -95.28128, 29.78192 ], [ -95.2807, 29.75276 ], [ -95.26506, 29.75283 ], [ -95.26536, 29.76624 ], [ -95.26547, 29.76775 ], [ -95.26526, 29.76961 ], [ -95.26332, 29.77735 ], [ -95.26336, 29.7812 ], [ -95.26789, 29.79186 ] ] ] } },
{ "type": "Feature", "properties": { "name": "NORTHSHORE" }, "geometry": { "type": "Polygon", "coordinates": [ [ [ -95.20738, 29.77562 ], [ -95.20775, 29.77589 ], [ -95.20803, 29.77636 ], [ -95.208, 29.77738 ], [ -95.20812, 29.77836 ], [ -95.20822, 29.77874 ], [ -95.20842, 29.77906 ], [ -95.20868, 29.7792 ], [ -95.20896, 29.77924 ], [ -95.21007, 29.7789 ], [ -95.21087, 29.77897 ], [ -95.2119, 29.77947 ], [ -95.21262, 29.78013 ], [ -95.21288, 29.7806 ], [ -95.21287, 29.78177 ], [ -95.21296, 29.7822 ], [ -95.21321, 29.78262 ], [ -95.21383, 29.78332 ], [ -95.21399, 29.78331 ], [ -95.21428, 29.78439 ], [ -95.21497, 29.78561 ], [ -95.21503, 29.78603 ], [ -95.21478, 29.78679 ], [ -95.21447, 29.78724 ], [ -95.21407, 29.78758 ], [ -95.21366, 29.78776 ], [ -95.21223, 29.78796 ], [ -95.21183, 29.78817 ], [ -95.21035, 29.78934 ], [ -95.20955, 29.78977 ], [ -95.20875, 29.78982 ], [ -95.20695, 29.78969 ], [ -95.20561, 29.78903 ], [ -95.20536, 29.78903 ], [ -95.2052, 29.78924 ], [ -95.20513, 29.79006 ], [ -95.20527, 29.79043 ], [ -95.20612, 29.79161 ], [ -95.20648, 29.79234 ], [ -95.20651, 29.79382 ], [ -95.20625, 29.79385 ], [ -95.20636, 29.79422 ], [ -95.20679, 29.79495 ], [ -95.20685, 29.79534 ], [ -95.2068, 29.79556 ], [ -95.20664, 29.79566 ], [ -95.2061, 29.79575 ], [ -95.20487, 29.7955 ], [ -95.20454, 29.79549 ], [ -95.20421, 29.79559 ], [ -95.204, 29.79573 ], [ -95.20382, 29.79598 ], [ -95.20369, 29.79637 ], [ -95.20407, 29.79717 ], [ -95.20777, 29.8005 ], [ -95.20793, 29.8008 ], [ -95.20822, 29.80185 ], [ -95.20843, 29.80235 ], [ -95.20872, 29.80276 ], [ -95.20924, 29.8032 ], [ -95.20997, 29.80348 ], [ -95.21033, 29.80381 ], [ -95.21063, 29.8045 ], [ -95.21111, 29.80491 ], [ -95.21139, 29.80499 ], [ -95.21189, 29.80497 ], [ -95.21288, 29.80524 ], [ -95.21359, 29.80464 ], [ -95.21447, 29.80417 ], [ -95.23728, 29.79613 ], [ -95.23985, 29.79516 ], [ -95.2405, 29.79506 ], [ -95.24433, 29.79502 ], [ -95.24739, 29.79486 ], [ -95.26181, 29.79203 ], [ -95.26789, 29.79186 ], [ -95.26336, 29.7812 ], [ -95.26332, 29.77735 ], [ -95.26375, 29.77573 ], [ -95.25626, 29.77367 ], [ -95.25475, 29.77368 ], [ -95.25147, 29.77316 ], [ -95.24323, 29.77334 ], [ -95.23799, 29.77335 ], [ -95.23799, 29.77343 ], [ -95.2372, 29.77343 ], [ -95.23719, 29.77335 ], [ -95.23636, 29.77333 ], [ -95.23506, 29.77313 ], [ -95.22838, 29.7717 ], [ -95.22817, 29.77154 ], [ -95.22744, 29.77141 ], [ -95.22744, 29.77113 ], [ -95.22708, 29.77046 ], [ -95.22737, 29.7696 ], [ -95.22719, 29.7692 ], [ -95.22691, 29.76898 ], [ -95.22635, 29.76902 ], [ -95.22555, 29.76956 ], [ -95.22523, 29.7695 ], [ -95.22517, 29.76867 ], [ -95.22477, 29.76859 ], [ -95.22433, 29.7686 ], [ -95.22394, 29.76872 ], [ -95.22358, 29.76837 ], [ -95.22385, 29.76693 ], [ -95.22189, 29.76621 ], [ -95.22114, 29.76607 ], [ -95.22042, 29.76605 ], [ -95.22043, 29.76593 ], [ -95.22088, 29.76593 ], [ -95.22156, 29.76457 ], [ -95.22414, 29.76553 ], [ -95.22397, 29.7595 ], [ -95.21182, 29.75982 ], [ -95.21102, 29.74064 ], [ -95.21014, 29.74175 ], [ -95.20965, 29.74221 ], [ -95.21019, 29.75773 ], [ -95.19145, 29.758 ], [ -95.19144, 29.75835 ], [ -95.19177, 29.75881 ], [ -95.19182, 29.75945 ], [ -95.19176, 29.75982 ], [ -95.19145, 29.76065 ], [ -95.19073, 29.76185 ], [ -95.189, 29.76311 ], [ -95.18863, 29.76368 ], [ -95.18827, 29.76453 ], [ -95.18818, 29.76561 ], [ -95.18839, 29.76641 ], [ -95.18875, 29.76716 ], [ -95.18216, 29.76731 ], [ -95.18274, 29.78857 ], [ -95.19357, 29.78837 ], [ -95.19429, 29.7883 ], [ -95.19442, 29.78838 ], [ -95.19448, 29.78831 ], [ -95.19618, 29.78827 ], [ -95.1963, 29.78806 ], [ -95.19625, 29.78792 ], [ -95.19633, 29.78783 ], [ -95.19652, 29.78782 ], [ -95.19711, 29.78709 ], [ -95.19746, 29.78693 ], [ -95.19771, 29.78693 ], [ -95.19797, 29.78645 ], [ -95.19795, 29.78633 ], [ -95.19819, 29.78615 ], [ -95.19832, 29.78621 ], [ -95.19899, 29.78605 ], [ -95.19912, 29.78608 ], [ -95.19913, 29.78647 ], [ -95.19949, 29.78638 ], [ -95.19951, 29.78617 ], [ -95.1998, 29.78603 ], [ -95.19999, 29.78612 ], [ -95.20021, 29.78601 ], [ -95.2005, 29.78617 ], [ -95.20086, 29.78584 ], [ -95.20101, 29.78589 ], [ -95.20158, 29.78563 ], [ -95.20175, 29.7854 ], [ -95.20192, 29.78546 ], [ -95.20193, 29.78491 ], [ -95.20179, 29.7847 ], [ -95.20185, 29.78463 ], [ -95.2021, 29.78474 ], [ -95.20222, 29.78453 ], [ -95.20238, 29.7845 ], [ -95.20237, 29.78435 ], [ -95.20247, 29.78423 ], [ -95.20293, 29.78391 ], [ -95.20267, 29.78386 ], [ -95.20266, 29.78375 ], [ -95.20251, 29.78373 ], [ -95.20248, 29.78363 ], [ -95.20258, 29.78354 ], [ -95.20243, 29.78313 ], [ -95.20254, 29.78263 ], [ -95.20316, 29.78206 ], [ -95.20359, 29.78196 ], [ -95.20307, 29.78147 ], [ -95.20293, 29.78111 ], [ -95.20405, 29.77921 ], [ -95.20465, 29.77848 ], [ -95.20504, 29.7774 ], [ -95.20528, 29.77704 ], [ -95.20526, 29.77664 ], [ -95.20494, 29.77602 ], [ -95.20489, 29.77538 ], [ -95.20551, 29.77561 ], [ -95.20677, 29.77547 ], [ -95.20738, 29.77562 ] ] ] } },
{ "type": "Feature", "properties": { "name": "LAZYBROOK / TIMBERGROVE" }, "geometry": { "type": "Polygon", "coordinates": [ [ [ -95.4593, 29.8152 ], [ -95.45919, 29.81254 ], [ -95.45898, 29.81047 ], [ -95.45862, 29.80041 ], [ -95.4421, 29.78835 ], [ -95.43977, 29.78727 ], [ -95.4382, 29.78628 ], [ -95.43726, 29.78556 ], [ -95.43678, 29.78508 ], [ -95.43672, 29.78435 ], [ -95.43576, 29.78377 ], [ -95.43565, 29.78388 ], [ -95.43004, 29.78368 ], [ -95.42948, 29.78358 ], [ -95.42627, 29.78346 ], [ -95.42478, 29.78352 ], [ -95.41834, 29.78333 ], [ -95.41201, 29.78304 ], [ -95.412, 29.78316 ], [ -95.41121, 29.78313 ], [ -95.41159, 29.78425 ], [ -95.41172, 29.78562 ], [ -95.41181, 29.79088 ], [ -95.41154, 29.79235 ], [ -95.41404, 29.7923 ], [ -95.41407, 29.79513 ], [ -95.42291, 29.7951 ], [ -95.42345, 29.79689 ], [ -95.42379, 29.79751 ], [ -95.42452, 29.79827 ], [ -95.42465, 29.79857 ], [ -95.42469, 29.79976 ], [ -95.42484, 29.80012 ], [ -95.4253, 29.80051 ], [ -95.426, 29.80074 ], [ -95.4263, 29.801 ], [ -95.42656, 29.80153 ], [ -95.42664, 29.8021 ], [ -95.42677, 29.80239 ], [ -95.42698, 29.80269 ], [ -95.42732, 29.80297 ], [ -95.42802, 29.80318 ], [ -95.42947, 29.80321 ], [ -95.43062, 29.80336 ], [ -95.433, 29.80385 ], [ -95.4335, 29.80403 ], [ -95.43418, 29.80444 ], [ -95.43535, 29.80578 ], [ -95.43584, 29.80617 ], [ -95.43638, 29.8065 ], [ -95.43925, 29.80781 ], [ -95.44116, 29.80904 ], [ -95.4408, 29.80939 ], [ -95.44183, 29.81077 ], [ -95.44217, 29.81157 ], [ -95.44236, 29.81156 ], [ -95.44266, 29.81252 ], [ -95.44373, 29.81526 ], [ -95.4593, 29.8152 ] ] ] } },
{ "type": "Feature", "properties": { "name": "GREATER HEIGHTS" }, "geometry": { "type": "Polygon", "coordinates": [ [ [ -95.41159, 29.78425 ], [ -95.41074, 29.78203 ], [ -95.40955, 29.78014 ], [ -95.40945, 29.77968 ], [ -95.40869, 29.77953 ], [ -95.40817, 29.77962 ], [ -95.40777, 29.77988 ], [ -95.40758, 29.7802 ], [ -95.40724, 29.78049 ], [ -95.40647, 29.78077 ], [ -95.40556, 29.78072 ], [ -95.40525, 29.78041 ], [ -95.40496, 29.77973 ], [ -95.40445, 29.77923 ], [ -95.40415, 29.77911 ], [ -95.40176, 29.77913 ], [ -95.40133, 29.77903 ], [ -95.40098, 29.77875 ], [ -95.40078, 29.77845 ], [ -95.40051, 29.77723 ], [ -95.39987, 29.77651 ], [ -95.39924, 29.77642 ], [ -95.39612, 29.77665 ], [ -95.38643, 29.77686 ], [ -95.38485, 29.77698 ], [ -95.38364, 29.77727 ], [ -95.38163, 29.77761 ], [ -95.37968, 29.77837 ], [ -95.37775, 29.77926 ], [ -95.37657, 29.77969 ], [ -95.37577, 29.77959 ], [ -95.36945, 29.77709 ], [ -95.36859, 29.78106 ], [ -95.3684, 29.78308 ], [ -95.36873, 29.78415 ], [ -95.36975, 29.78591 ], [ -95.37164, 29.7885 ], [ -95.37163, 29.7923 ], [ -95.37175, 29.79817 ], [ -95.37202, 29.80147 ], [ -95.37325, 29.80818 ], [ -95.37507, 29.8135 ], [ -95.37544, 29.81423 ], [ -95.38256, 29.81405 ], [ -95.39347, 29.81397 ], [ -95.3972, 29.81309 ], [ -95.39942, 29.81297 ], [ -95.4287, 29.81274 ], [ -95.43081, 29.81265 ], [ -95.43198, 29.81253 ], [ -95.43302, 29.81225 ], [ -95.43956, 29.80958 ], [ -95.44116, 29.80904 ], [ -95.43925, 29.80781 ], [ -95.43638, 29.8065 ], [ -95.43584, 29.80617 ], [ -95.43535, 29.80578 ], [ -95.43418, 29.80444 ], [ -95.4335, 29.80403 ], [ -95.433, 29.80385 ], [ -95.43062, 29.80336 ], [ -95.42947, 29.80321 ], [ -95.42802, 29.80318 ], [ -95.42732, 29.80297 ], [ -95.42698, 29.80269 ], [ -95.42677, 29.80239 ], [ -95.42664, 29.8021 ], [ -95.42656, 29.80153 ], [ -95.4263, 29.801 ], [ -95.426, 29.80074 ], [ -95.4253, 29.80051 ], [ -95.42484, 29.80012 ], [ -95.42469, 29.79976 ], [ -95.42465, 29.79857 ], [ -95.42452, 29.79827 ], [ -95.42379, 29.79751 ], [ -95.42345, 29.79689 ], [ -95.42291, 29.7951 ], [ -95.41407, 29.79513 ], [ -95.41404, 29.7923 ], [ -95.41154, 29.79235 ], [ -95.41181, 29.79088 ], [ -95.41172, 29.78562 ], [ -95.41159, 29.78425 ] ] ] } },
{ "type": "Feature", "properties": { "name": "KASHMERE GARDENS" }, "geometry": { "type": "Polygon", "coordinates": [ [ [ -95.28873, 29.80432 ], [ -95.29402, 29.80431 ], [ -95.29572, 29.80458 ], [ -95.29769, 29.80524 ], [ -95.30378, 29.80848 ], [ -95.30626, 29.80945 ], [ -95.30775, 29.81113 ], [ -95.30854, 29.81174 ], [ -95.31049, 29.81294 ], [ -95.31128, 29.81333 ], [ -95.31214, 29.81356 ], [ -95.31274, 29.81362 ], [ -95.33515, 29.81334 ], [ -95.33517, 29.81118 ], [ -95.33544, 29.80833 ], [ -95.33785, 29.80858 ], [ -95.34697, 29.81145 ], [ -95.35042, 29.81271 ], [ -95.35006, 29.79974 ], [ -95.34989, 29.79909 ], [ -95.34963, 29.79908 ], [ -95.34961, 29.79791 ], [ -95.34916, 29.79792 ], [ -95.34907, 29.79362 ], [ -95.34151, 29.79376 ], [ -95.33985, 29.79396 ], [ -95.33873, 29.79391 ], [ -95.33164, 29.79402 ], [ -95.33096, 29.79395 ], [ -95.32989, 29.79358 ], [ -95.32947, 29.79353 ], [ -95.3258, 29.79355 ], [ -95.32386, 29.79399 ], [ -95.32265, 29.79403 ], [ -95.32216, 29.79398 ], [ -95.32078, 29.79364 ], [ -95.31637, 29.79369 ], [ -95.31578, 29.79391 ], [ -95.31311, 29.79399 ], [ -95.31235, 29.79447 ], [ -95.30661, 29.79456 ], [ -95.30651, 29.79197 ], [ -95.28894, 29.7995 ], [ -95.28858, 29.79984 ], [ -95.28873, 29.80432 ] ] ] } },
{ "type": "Feature", "properties": { "name": "MINNETEX" }, "geometry": { "type": "Polygon", "coordinates": [ [ [ -95.30875, 29.63459 ], [ -95.31492, 29.65501 ], [ -95.31544, 29.6549 ], [ -95.31631, 29.65445 ], [ -95.31664, 29.65416 ], [ -95.31694, 29.65375 ], [ -95.3171, 29.65298 ], [ -95.31727, 29.65263 ], [ -95.31752, 29.65236 ], [ -95.31883, 29.6513 ], [ -95.32007, 29.65066 ], [ -95.32076, 29.65054 ], [ -95.32312, 29.65047 ], [ -95.32358, 29.65037 ], [ -95.32407, 29.65052 ], [ -95.32408, 29.65092 ], [ -95.32507, 29.65086 ], [ -95.32644, 29.65023 ], [ -95.32697, 29.64986 ], [ -95.3273, 29.64982 ], [ -95.32874, 29.65009 ], [ -95.32905, 29.64994 ], [ -95.32907, 29.63758 ], [ -95.33137, 29.6376 ], [ -95.3313, 29.6296 ], [ -95.33133, 29.62925 ], [ -95.33156, 29.62852 ], [ -95.33157, 29.62096 ], [ -95.34079, 29.62099 ], [ -95.3416, 29.62097 ], [ -95.34359, 29.62075 ], [ -95.34566, 29.62032 ], [ -95.34851, 29.61929 ], [ -95.35408, 29.61666 ], [ -95.35533, 29.61662 ], [ -95.35532, 29.60789 ], [ -95.35521, 29.60621 ], [ -95.35492, 29.60473 ], [ -95.35232, 29.59623 ], [ -95.35206, 29.59509 ], [ -95.35194, 29.59385 ], [ -95.35179, 29.58528 ], [ -95.3508, 29.58602 ], [ -95.35028, 29.58623 ], [ -95.34922, 29.58641 ], [ -95.34884, 29.58638 ], [ -95.34833, 29.58584 ], [ -95.34808, 29.58573 ], [ -95.3476, 29.58575 ], [ -95.34646, 29.58555 ], [ -95.34628, 29.58559 ], [ -95.34588, 29.58633 ], [ -95.34521, 29.58652 ], [ -95.34484, 29.58695 ], [ -95.34442, 29.58712 ], [ -95.34426, 29.58728 ], [ -95.34424, 29.58767 ], [ -95.34448, 29.58805 ], [ -95.34455, 29.58838 ], [ -95.34455, 29.58865 ], [ -95.34441, 29.5891 ], [ -95.34352, 29.59017 ], [ -95.34232, 29.59108 ], [ -95.34187, 29.59193 ], [ -95.34168, 29.59213 ], [ -95.34106, 29.59242 ], [ -95.34073, 29.59245 ], [ -95.34057, 29.5927 ], [ -95.34058, 29.59345 ], [ -95.34038, 29.59358 ], [ -95.34013, 29.5936 ], [ -95.33837, 29.59344 ], [ -95.33802, 29.59352 ], [ -95.33756, 29.59376 ], [ -95.33737, 29.59401 ], [ -95.33729, 29.5951 ], [ -95.33696, 29.59538 ], [ -95.33629, 29.59575 ], [ -95.33507, 29.59624 ], [ -95.33421, 29.59746 ], [ -95.33371, 29.59802 ], [ -95.33349, 29.59816 ], [ -95.33286, 29.59833 ], [ -95.33228, 29.59891 ], [ -95.33197, 29.59905 ], [ -95.33092, 29.5991 ], [ -95.33002, 29.59901 ], [ -95.329, 29.59834 ], [ -95.32833, 29.59811 ], [ -95.32677, 29.59795 ], [ -95.32543, 29.59805 ], [ -95.32436, 29.59767 ], [ -95.32363, 29.59755 ], [ -95.32326, 29.59711 ], [ -95.32267, 29.59681 ], [ -95.32226, 29.59672 ], [ -95.32199, 29.59676 ], [ -95.31987, 29.59815 ], [ -95.31934, 29.59835 ], [ -95.319, 29.59832 ], [ -95.31836, 29.598 ], [ -95.31799, 29.5979 ], [ -95.31617, 29.59828 ], [ -95.31508, 29.59815 ], [ -95.31461, 29.59785 ], [ -95.31328, 29.59725 ], [ -95.31199, 29.5962 ], [ -95.30969, 29.5951 ], [ -95.30916, 29.59498 ], [ -95.30777, 29.59497 ], [ -95.30541, 29.59532 ], [ -95.30434, 29.59518 ], [ -95.30314, 29.59527 ], [ -95.30184, 29.5956 ], [ -95.3009, 29.59599 ], [ -95.30054, 29.59603 ], [ -95.30016, 29.59596 ], [ -95.29975, 29.59607 ], [ -95.29962, 29.59614 ], [ -95.29921, 29.5968 ], [ -95.29881, 29.59705 ], [ -95.29842, 29.597 ], [ -95.29775, 29.59655 ], [ -95.29739, 29.59653 ], [ -95.30875, 29.63459 ] ] ] } },
{ "type": "Feature", "properties": { "name": "NEAR NORTHSIDE" }, "geometry": { "type": "Polygon", "coordinates": [ [ [ -95.35042, 29.81271 ], [ -95.35185, 29.81323 ], [ -95.35179, 29.81648 ], [ -95.35191, 29.81755 ], [ -95.3525, 29.81988 ], [ -95.37822, 29.81953 ], [ -95.37507, 29.8135 ], [ -95.37325, 29.80818 ], [ -95.37202, 29.80147 ], [ -95.37175, 29.79817 ], [ -95.37163, 29.7923 ], [ -95.37164, 29.7885 ], [ -95.36975, 29.78591 ], [ -95.36873, 29.78415 ], [ -95.3684, 29.78308 ], [ -95.36859, 29.78106 ], [ -95.36945, 29.77709 ], [ -95.36849, 29.77556 ], [ -95.36681, 29.77337 ], [ -95.36633, 29.77238 ], [ -95.3631, 29.77233 ], [ -95.36174, 29.7721 ], [ -95.35977, 29.77152 ], [ -95.35937, 29.77166 ], [ -95.35919, 29.77127 ], [ -95.35833, 29.77085 ], [ -95.35813, 29.77097 ], [ -95.35508, 29.77111 ], [ -95.35508, 29.77092 ], [ -95.35398, 29.77146 ], [ -95.35395, 29.77137 ], [ -95.35258, 29.77207 ], [ -95.35258, 29.77195 ], [ -95.3513, 29.77244 ], [ -95.3513, 29.77257 ], [ -95.35049, 29.77257 ], [ -95.35049, 29.7728 ], [ -95.34966, 29.7731 ], [ -95.34967, 29.77356 ], [ -95.34886, 29.77356 ], [ -95.34896, 29.78257 ], [ -95.34904, 29.78256 ], [ -95.34905, 29.78355 ], [ -95.34921, 29.7847 ], [ -95.34906, 29.78471 ], [ -95.34905, 29.78608 ], [ -95.34885, 29.78695 ], [ -95.34886, 29.78742 ], [ -95.34896, 29.78741 ], [ -95.34898, 29.78838 ], [ -95.34913, 29.78838 ], [ -95.34922, 29.79306 ], [ -95.34906, 29.79343 ], [ -95.34903, 29.79391 ], [ -95.34916, 29.79792 ], [ -95.34961, 29.79791 ], [ -95.34963, 29.79908 ], [ -95.34989, 29.79909 ], [ -95.35006, 29.79974 ], [ -95.35042, 29.81271 ] ] ] } },
{ "type": "Feature", "properties": { "name": "SPRING BRANCH EAST" }, "geometry": { "type": "Polygon", "coordinates": [ [ [ -95.47174, 29.8223 ], [ -95.48884, 29.82198 ], [ -95.49387, 29.82558 ], [ -95.49964, 29.81943 ], [ -95.50026, 29.81854 ], [ -95.50068, 29.8174 ], [ -95.50083, 29.81642 ], [ -95.50092, 29.80302 ], [ -95.50087, 29.80012 ], [ -95.50044, 29.79621 ], [ -95.50002, 29.79599 ], [ -95.49953, 29.79598 ], [ -95.49929, 29.79581 ], [ -95.49891, 29.79592 ], [ -95.49836, 29.79565 ], [ -95.49817, 29.79563 ], [ -95.49803, 29.79582 ], [ -95.49759, 29.79573 ], [ -95.49754, 29.79548 ], [ -95.49711, 29.79508 ], [ -95.49725, 29.79485 ], [ -95.49677, 29.79473 ], [ -95.49629, 29.79429 ], [ -95.49601, 29.79429 ], [ -95.4958, 29.79408 ], [ -95.4955, 29.79402 ], [ -95.4954, 29.79379 ], [ -95.4954, 29.79474 ], [ -95.48882, 29.79481 ], [ -95.48505, 29.79476 ], [ -95.48506, 29.78446 ], [ -95.4865, 29.78446 ], [ -95.48647, 29.78383 ], [ -95.47553, 29.78381 ], [ -95.47344, 29.78398 ], [ -95.46293, 29.78396 ], [ -95.46034, 29.78375 ], [ -95.45785, 29.78297 ], [ -95.45388, 29.78077 ], [ -95.4528, 29.78163 ], [ -95.45201, 29.78386 ], [ -95.45181, 29.78977 ], [ -95.45066, 29.7946 ], [ -95.45862, 29.80041 ], [ -95.45898, 29.81047 ], [ -95.47174, 29.8223 ] ] ] } },
{ "type": "Feature", "properties": { "name": "SPRING BRANCH NORTH" }, "geometry": { "type": "Polygon", "coordinates": [ [ [ -95.53959, 29.81265 ], [ -95.53954, 29.80638 ], [ -95.52438, 29.80659 ], [ -95.52446, 29.80707 ], [ -95.52505, 29.80724 ], [ -95.52574, 29.80766 ], [ -95.52605, 29.80818 ], [ -95.52617, 29.80874 ], [ -95.52641, 29.83252 ], [ -95.56382, 29.83194 ], [ -95.56367, 29.81268 ], [ -95.54055, 29.81273 ], [ -95.53959, 29.81265 ] ] ] } },
{ "type": "Feature", "properties": { "name": "EL DORADO / OATES PRAIRIE" }, "geometry": { "type": "Polygon", "coordinates": [ [ [ -95.22853, 29.8163 ], [ -95.22864, 29.81646 ], [ -95.22891, 29.8166 ], [ -95.22974, 29.81646 ], [ -95.23025, 29.81659 ], [ -95.23064, 29.81708 ], [ -95.23091, 29.81789 ], [ -95.23094, 29.81814 ], [ -95.23086, 29.81837 ], [ -95.23025, 29.81899 ], [ -95.22996, 29.81951 ], [ -95.22984, 29.82078 ], [ -95.22955, 29.82104 ], [ -95.22869, 29.82138 ], [ -95.22845, 29.82176 ], [ -95.22844, 29.82202 ], [ -95.22995, 29.8246 ], [ -95.24281, 29.81917 ], [ -95.28065, 29.80293 ], [ -95.27667, 29.80044 ], [ -95.27007, 29.7959 ], [ -95.26934, 29.79493 ], [ -95.26789, 29.79186 ], [ -95.26226, 29.79199 ], [ -95.24739, 29.79486 ], [ -95.24433, 29.79502 ], [ -95.2405, 29.79506 ], [ -95.23985, 29.79516 ], [ -95.23728, 29.79613 ], [ -95.21447, 29.80417 ], [ -95.21359, 29.80464 ], [ -95.21288, 29.80524 ], [ -95.21339, 29.80548 ], [ -95.21371, 29.80574 ], [ -95.21407, 29.80614 ], [ -95.21425, 29.80669 ], [ -95.21404, 29.80704 ], [ -95.21361, 29.80739 ], [ -95.21326, 29.80784 ], [ -95.21307, 29.80863 ], [ -95.21257, 29.80976 ], [ -95.21272, 29.81048 ], [ -95.21284, 29.81066 ], [ -95.21336, 29.81085 ], [ -95.21363, 29.81078 ], [ -95.21399, 29.81045 ], [ -95.21452, 29.80969 ], [ -95.21498, 29.80945 ], [ -95.21539, 29.8095 ], [ -95.21579, 29.80987 ], [ -95.21615, 29.81006 ], [ -95.21656, 29.81004 ], [ -95.21702, 29.80981 ], [ -95.21789, 29.80889 ], [ -95.21826, 29.80866 ], [ -95.21876, 29.80855 ], [ -95.21876, 29.80869 ], [ -95.21905, 29.80868 ], [ -95.21924, 29.80877 ], [ -95.21997, 29.80948 ], [ -95.22046, 29.80977 ], [ -95.22261, 29.81064 ], [ -95.22289, 29.81105 ], [ -95.22302, 29.81179 ], [ -95.22322, 29.81205 ], [ -95.22341, 29.8121 ], [ -95.22426, 29.81204 ], [ -95.22467, 29.8122 ], [ -95.22479, 29.81244 ], [ -95.22498, 29.81397 ], [ -95.22512, 29.81429 ], [ -95.22533, 29.81443 ], [ -95.22577, 29.8144 ], [ -95.22619, 29.81366 ], [ -95.22653, 29.81338 ], [ -95.22825, 29.8135 ], [ -95.22911, 29.81325 ], [ -95.22987, 29.81314 ], [ -95.23019, 29.81317 ], [ -95.23056, 29.81333 ], [ -95.23087, 29.81375 ], [ -95.23095, 29.81406 ], [ -95.231, 29.81461 ], [ -95.23093, 29.81503 ], [ -95.2307, 29.81523 ], [ -95.22886, 29.81571 ], [ -95.22857, 29.816 ], [ -95.22853, 29.8163 ] ] ] } },
{ "type": "Feature", "properties": { "name": "SPRING BRANCH CENTRAL" }, "geometry": { "type": "Polygon", "coordinates": [ [ [ -95.49655, 29.82748 ], [ -95.50504, 29.83353 ], [ -95.50679, 29.83277 ], [ -95.52641, 29.83252 ], [ -95.52617, 29.80874 ], [ -95.52605, 29.80818 ], [ -95.52574, 29.80766 ], [ -95.52505, 29.80724 ], [ -95.52446, 29.80707 ], [ -95.52438, 29.80659 ], [ -95.52421, 29.79898 ], [ -95.52412, 29.79845 ], [ -95.52336, 29.79651 ], [ -95.52321, 29.79504 ], [ -95.52204, 29.79298 ], [ -95.52184, 29.79247 ], [ -95.52177, 29.79204 ], [ -95.52178, 29.78751 ], [ -95.52129, 29.78514 ], [ -95.52135, 29.78369 ], [ -95.52017, 29.78368 ], [ -95.51998, 29.78797 ], [ -95.52032, 29.78889 ], [ -95.51671, 29.78893 ], [ -95.51558, 29.78954 ], [ -95.51383, 29.78971 ], [ -95.51383, 29.79442 ], [ -95.51281, 29.79442 ], [ -95.5128, 29.79728 ], [ -95.51193, 29.79727 ], [ -95.51194, 29.7983 ], [ -95.51013, 29.7983 ], [ -95.51014, 29.79886 ], [ -95.50967, 29.79845 ], [ -95.50899, 29.79802 ], [ -95.50733, 29.79732 ], [ -95.50665, 29.79727 ], [ -95.5061, 29.79705 ], [ -95.50579, 29.79612 ], [ -95.50553, 29.79596 ], [ -95.50534, 29.79598 ], [ -95.5046, 29.79632 ], [ -95.50379, 29.79641 ], [ -95.50284, 29.79677 ], [ -95.5018, 29.79667 ], [ -95.50044, 29.79621 ], [ -95.50087, 29.80012 ], [ -95.50092, 29.80302 ], [ -95.50081, 29.81614 ], [ -95.50622, 29.81603 ], [ -95.50634, 29.82744 ], [ -95.49655, 29.82748 ] ] ] } },
{ "type": "Feature", "properties": { "name": "HUNTERWOOD" }, "geometry": { "type": "Polygon", "coordinates": [ [ [ -95.21257, 29.80976 ], [ -95.21062, 29.81182 ], [ -95.20244, 29.81194 ], [ -95.20267, 29.82288 ], [ -95.21271, 29.82276 ], [ -95.21282, 29.82639 ], [ -95.21943, 29.82624 ], [ -95.21942, 29.82589 ], [ -95.22495, 29.82584 ], [ -95.22427, 29.82446 ], [ -95.22329, 29.82294 ], [ -95.22319, 29.81891 ], [ -95.22534, 29.81892 ], [ -95.22853, 29.8163 ], [ -95.22857, 29.816 ], [ -95.22886, 29.81571 ], [ -95.23077, 29.8152 ], [ -95.23096, 29.81495 ], [ -95.231, 29.81442 ], [ -95.23087, 29.81375 ], [ -95.23072, 29.8135 ], [ -95.23048, 29.81327 ], [ -95.23002, 29.81314 ], [ -95.22911, 29.81325 ], [ -95.22825, 29.8135 ], [ -95.22667, 29.81335 ], [ -95.22646, 29.8134 ], [ -95.22619, 29.81366 ], [ -95.22577, 29.8144 ], [ -95.22533, 29.81443 ], [ -95.22512, 29.81429 ], [ -95.22498, 29.81397 ], [ -95.22479, 29.81244 ], [ -95.22467, 29.8122 ], [ -95.22426, 29.81204 ], [ -95.22341, 29.8121 ], [ -95.22322, 29.81205 ], [ -95.22302, 29.81179 ], [ -95.22289, 29.81105 ], [ -95.22261, 29.81064 ], [ -95.22046, 29.80977 ], [ -95.21997, 29.80948 ], [ -95.21924, 29.80877 ], [ -95.21905, 29.80868 ], [ -95.21876, 29.80869 ], [ -95.21876, 29.80855 ], [ -95.21826, 29.80866 ], [ -95.21789, 29.80889 ], [ -95.21702, 29.80981 ], [ -95.21656, 29.81004 ], [ -95.21629, 29.81009 ], [ -95.21604, 29.81002 ], [ -95.21531, 29.80947 ], [ -95.21507, 29.80944 ], [ -95.21478, 29.8095 ], [ -95.21435, 29.80988 ], [ -95.21389, 29.81056 ], [ -95.21347, 29.81084 ], [ -95.21284, 29.81066 ], [ -95.21272, 29.81048 ], [ -95.21257, 29.80976 ] ] ] } },
{ "type": "Feature", "properties": { "name": "SETTEGAST" }, "geometry": { "type": "Polygon", "coordinates": [ [ [ -95.26971, 29.8076 ], [ -95.27009, 29.83145 ], [ -95.28755, 29.83133 ], [ -95.28759, 29.82977 ], [ -95.28656, 29.82979 ], [ -95.28656, 29.82737 ], [ -95.28631, 29.82737 ], [ -95.2863, 29.82696 ], [ -95.28732, 29.82695 ], [ -95.28732, 29.82647 ], [ -95.28714, 29.82646 ], [ -95.28721, 29.81102 ], [ -95.28708, 29.80778 ], [ -95.28716, 29.80778 ], [ -95.28716, 29.8075 ], [ -95.28725, 29.8075 ], [ -95.28724, 29.80654 ], [ -95.28749, 29.80653 ], [ -95.28746, 29.80486 ], [ -95.28886, 29.80486 ], [ -95.28873, 29.80432 ], [ -95.28862, 29.80014 ], [ -95.28845, 29.79955 ], [ -95.26971, 29.8076 ] ] ] } },
{ "type": "Feature", "properties": { "name": "LANGWOOD" }, "geometry": { "type": "Polygon", "coordinates": [ [ [ -95.47174, 29.8223 ], [ -95.48987, 29.83909 ], [ -95.49082, 29.83713 ], [ -95.49603, 29.82711 ], [ -95.49655, 29.82748 ], [ -95.50634, 29.82744 ], [ -95.50622, 29.81603 ], [ -95.50081, 29.81614 ], [ -95.50079, 29.81689 ], [ -95.50068, 29.8174 ], [ -95.50026, 29.81854 ], [ -95.49998, 29.81898 ], [ -95.49912, 29.82 ], [ -95.49387, 29.82558 ], [ -95.48884, 29.82198 ], [ -95.47174, 29.8223 ] ] ] } },
{ "type": "Feature", "properties": { "name": "INDEPENDENCE HEIGHTS" }, "geometry": { "type": "Polygon", "coordinates": [ [ [ -95.37822, 29.81953 ], [ -95.38, 29.82412 ], [ -95.38101, 29.82865 ], [ -95.38156, 29.8296 ], [ -95.38665, 29.83613 ], [ -95.39271, 29.84552 ], [ -95.39763, 29.84545 ], [ -95.39815, 29.84534 ], [ -95.39982, 29.84523 ], [ -95.40131, 29.84527 ], [ -95.40213, 29.84545 ], [ -95.403, 29.84584 ], [ -95.40403, 29.84666 ], [ -95.40463, 29.84698 ], [ -95.40522, 29.84717 ], [ -95.41107, 29.84714 ], [ -95.41051, 29.821 ], [ -95.41056, 29.8191 ], [ -95.39953, 29.81916 ], [ -95.39942, 29.81297 ], [ -95.3972, 29.81309 ], [ -95.39347, 29.81397 ], [ -95.38256, 29.81405 ], [ -95.37544, 29.81423 ], [ -95.37822, 29.81953 ] ] ] } },
{ "type": "Feature", "properties": { "name": "CENTRAL NORTHWEST" }, "geometry": { "type": "Polygon", "coordinates": [ [ [ -95.4593, 29.8152 ], [ -95.44373, 29.81526 ], [ -95.44266, 29.81252 ], [ -95.44236, 29.81156 ], [ -95.44217, 29.81157 ], [ -95.44183, 29.81077 ], [ -95.4408, 29.80939 ], [ -95.44116, 29.80904 ], [ -95.43956, 29.80958 ], [ -95.43302, 29.81225 ], [ -95.43198, 29.81253 ], [ -95.43081, 29.81265 ], [ -95.4287, 29.81274 ], [ -95.39942, 29.81297 ], [ -95.39953, 29.81916 ], [ -95.41056, 29.8191 ], [ -95.41051, 29.821 ], [ -95.41091, 29.84114 ], [ -95.42888, 29.84095 ], [ -95.42887, 29.84111 ], [ -95.45773, 29.84102 ], [ -95.45791, 29.84172 ], [ -95.45814, 29.84333 ], [ -95.45896, 29.84332 ], [ -95.45939, 29.84376 ], [ -95.45966, 29.84538 ], [ -95.45992, 29.84565 ], [ -95.45998, 29.84603 ], [ -95.46058, 29.84679 ], [ -95.46085, 29.84756 ], [ -95.46065, 29.84858 ], [ -95.46101, 29.84959 ], [ -95.4614, 29.84989 ], [ -95.46191, 29.84988 ], [ -95.4624, 29.85021 ], [ -95.46261, 29.85002 ], [ -95.46717, 29.84998 ], [ -95.46908, 29.84977 ], [ -95.47248, 29.84974 ], [ -95.47001, 29.84526 ], [ -95.47022, 29.84517 ], [ -95.47072, 29.84524 ], [ -95.473, 29.84644 ], [ -95.47534, 29.84641 ], [ -95.47613, 29.84655 ], [ -95.47731, 29.84694 ], [ -95.479, 29.84713 ], [ -95.47948, 29.84734 ], [ -95.48019, 29.84778 ], [ -95.48156, 29.84816 ], [ -95.48213, 29.84848 ], [ -95.48285, 29.8491 ], [ -95.48368, 29.84965 ], [ -95.48394, 29.84965 ], [ -95.48441, 29.84986 ], [ -95.48499, 29.8499 ], [ -95.48488, 29.83701 ], [ -95.48569, 29.83631 ], [ -95.48652, 29.83601 ], [ -95.45898, 29.81047 ], [ -95.45919, 29.81254 ], [ -95.4593, 29.8152 ] ] ] } },
{ "type": "Feature", "properties": { "name": "TRINITY / HOUSTON GARDENS" }, "geometry": { "type": "Polygon", "coordinates": [ [ [ -95.28711, 29.84802 ], [ -95.28927, 29.84807 ], [ -95.29058, 29.84846 ], [ -95.29147, 29.84858 ], [ -95.30997, 29.84839 ], [ -95.32396, 29.84811 ], [ -95.3345, 29.82202 ], [ -95.33533, 29.8207 ], [ -95.33515, 29.81334 ], [ -95.31274, 29.81362 ], [ -95.31214, 29.81356 ], [ -95.31128, 29.81333 ], [ -95.31049, 29.81294 ], [ -95.30854, 29.81174 ], [ -95.30775, 29.81113 ], [ -95.30626, 29.80945 ], [ -95.30378, 29.80848 ], [ -95.29769, 29.80524 ], [ -95.29572, 29.80458 ], [ -95.29402, 29.80431 ], [ -95.28873, 29.80432 ], [ -95.28886, 29.80486 ], [ -95.28746, 29.80486 ], [ -95.28749, 29.80653 ], [ -95.28724, 29.80654 ], [ -95.28725, 29.8075 ], [ -95.28716, 29.8075 ], [ -95.28716, 29.80778 ], [ -95.28708, 29.80778 ], [ -95.28721, 29.81102 ], [ -95.28714, 29.82646 ], [ -95.28732, 29.82647 ], [ -95.28732, 29.82695 ], [ -95.2863, 29.82696 ], [ -95.28631, 29.82737 ], [ -95.28656, 29.82737 ], [ -95.28656, 29.82979 ], [ -95.28759, 29.82977 ], [ -95.28755, 29.83133 ], [ -95.28777, 29.83133 ], [ -95.28776, 29.83278 ], [ -95.28817, 29.83277 ], [ -95.28814, 29.8444 ], [ -95.28706, 29.84441 ], [ -95.28701, 29.84787 ], [ -95.28711, 29.84802 ] ] ] } },
{ "type": "Feature", "properties": { "name": "CARVERDALE" }, "geometry": { "type": "Polygon", "coordinates": [ [ [ -95.55087, 29.8666 ], [ -95.56735, 29.87815 ], [ -95.56862, 29.87677 ], [ -95.56907, 29.8761 ], [ -95.56929, 29.87556 ], [ -95.5694, 29.87498 ], [ -95.56932, 29.86707 ], [ -95.56636, 29.86716 ], [ -95.56636, 29.8671 ], [ -95.56513, 29.86705 ], [ -95.56512, 29.86665 ], [ -95.56439, 29.86667 ], [ -95.56432, 29.86128 ], [ -95.56444, 29.86048 ], [ -95.56487, 29.85888 ], [ -95.56492, 29.85722 ], [ -95.56486, 29.85581 ], [ -95.56454, 29.85445 ], [ -95.56447, 29.85384 ], [ -95.56445, 29.84996 ], [ -95.56425, 29.84762 ], [ -95.56422, 29.8451 ], [ -95.56329, 29.84513 ], [ -95.56332, 29.84763 ], [ -95.56319, 29.84885 ], [ -95.56317, 29.85038 ], [ -95.56164, 29.85036 ], [ -95.56166, 29.85204 ], [ -95.55958, 29.85203 ], [ -95.55956, 29.85035 ], [ -95.5489, 29.85026 ], [ -95.54888, 29.84438 ], [ -95.54621, 29.8444 ], [ -95.54617, 29.83223 ], [ -95.53686, 29.83235 ], [ -95.53695, 29.84209 ], [ -95.53701, 29.84258 ], [ -95.53735, 29.84358 ], [ -95.53737, 29.84449 ], [ -95.53217, 29.84453 ], [ -95.53156, 29.84474 ], [ -95.53089, 29.84547 ], [ -95.53203, 29.84632 ], [ -95.5321, 29.85314 ], [ -95.54413, 29.86168 ], [ -95.55087, 29.8666 ] ] ] } },
{ "type": "Feature", "properties": { "name": "EASTEX - JENSEN AREA" }, "geometry": { "type": "Polygon", "coordinates": [ [ [ -95.31656, 29.8666 ], [ -95.33148, 29.86647 ], [ -95.33271, 29.86701 ], [ -95.33046, 29.87088 ], [ -95.3349, 29.87089 ], [ -95.33494, 29.87477 ], [ -95.34163, 29.87471 ], [ -95.34137, 29.87379 ], [ -95.34096, 29.87309 ], [ -95.34117, 29.87121 ], [ -95.34126, 29.87094 ], [ -95.35173, 29.87086 ], [ -95.35274, 29.87275 ], [ -95.36556, 29.87254 ], [ -95.35912, 29.84668 ], [ -95.35694, 29.83757 ], [ -95.35212, 29.81858 ], [ -95.35191, 29.81755 ], [ -95.35179, 29.81648 ], [ -95.35185, 29.81323 ], [ -95.34697, 29.81145 ], [ -95.33785, 29.80858 ], [ -95.33544, 29.80833 ], [ -95.33517, 29.81118 ], [ -95.33515, 29.81334 ], [ -95.33533, 29.8207 ], [ -95.3345, 29.82202 ], [ -95.32256, 29.85156 ], [ -95.32249, 29.85156 ], [ -95.31802, 29.86248 ], [ -95.31695, 29.86522 ], [ -95.31656, 29.8666 ] ] ] } },
{ "type": "Feature", "properties": { "name": "EAST HOUSTON" }, "geometry": { "type": "Polygon", "coordinates": [ [ [ -95.22995, 29.8246 ], [ -95.23039, 29.82544 ], [ -95.23056, 29.82837 ], [ -95.23174, 29.83005 ], [ -95.2318, 29.83027 ], [ -95.23152, 29.83086 ], [ -95.23095, 29.83152 ], [ -95.23033, 29.83251 ], [ -95.23032, 29.83338 ], [ -95.23016, 29.8345 ], [ -95.23357, 29.83746 ], [ -95.23406, 29.83822 ], [ -95.23398, 29.83892 ], [ -95.23385, 29.83923 ], [ -95.23334, 29.83955 ], [ -95.23271, 29.83978 ], [ -95.23226, 29.83979 ], [ -95.23181, 29.84014 ], [ -95.23149, 29.84104 ], [ -95.2303, 29.84091 ], [ -95.22924, 29.84125 ], [ -95.22907, 29.84143 ], [ -95.2275, 29.84133 ], [ -95.22746, 29.84201 ], [ -95.22713, 29.8429 ], [ -95.22429, 29.84741 ], [ -95.22843, 29.84736 ], [ -95.22852, 29.84815 ], [ -95.22852, 29.84974 ], [ -95.22834, 29.85226 ], [ -95.22856, 29.85475 ], [ -95.22848, 29.85607 ], [ -95.22861, 29.85664 ], [ -95.22932, 29.8578 ], [ -95.24775, 29.85743 ], [ -95.24778, 29.87496 ], [ -95.26525, 29.87481 ], [ -95.28717, 29.85354 ], [ -95.28711, 29.84802 ], [ -95.28701, 29.84787 ], [ -95.28706, 29.84441 ], [ -95.28814, 29.8444 ], [ -95.28817, 29.83277 ], [ -95.28776, 29.83278 ], [ -95.28777, 29.83133 ], [ -95.27009, 29.83145 ], [ -95.26971, 29.8076 ], [ -95.24281, 29.81917 ], [ -95.22995, 29.8246 ] ] ] } },
{ "type": "Feature", "properties": { "name": "ACRES HOME" }, "geometry": { "type": "Polygon", "coordinates": [ [ [ -95.41212, 29.87573 ], [ -95.41764, 29.88304 ], [ -95.42911, 29.89782 ], [ -95.43143, 29.89778 ], [ -95.43126, 29.88544 ], [ -95.45108, 29.88491 ], [ -95.4559, 29.88984 ], [ -95.4564, 29.89028 ], [ -95.45786, 29.8913 ], [ -95.46108, 29.89129 ], [ -95.46106, 29.89019 ], [ -95.46346, 29.89015 ], [ -95.46353, 29.89263 ], [ -95.46719, 29.89257 ], [ -95.46746, 29.89136 ], [ -95.46697, 29.89008 ], [ -95.46685, 29.8884 ], [ -95.46665, 29.88729 ], [ -95.46679, 29.88676 ], [ -95.46758, 29.88544 ], [ -95.46774, 29.88487 ], [ -95.46099, 29.88497 ], [ -95.45477, 29.88492 ], [ -95.45479, 29.88179 ], [ -95.4551, 29.88179 ], [ -95.4551, 29.88152 ], [ -95.45478, 29.88152 ], [ -95.45478, 29.88113 ], [ -95.45516, 29.88117 ], [ -95.45519, 29.87812 ], [ -95.45471, 29.87812 ], [ -95.45467, 29.87065 ], [ -95.45183, 29.8707 ], [ -95.45177, 29.8632 ], [ -95.45364, 29.86346 ], [ -95.45883, 29.86347 ], [ -95.46668, 29.86333 ], [ -95.46675, 29.86213 ], [ -95.46629, 29.86179 ], [ -95.46597, 29.86106 ], [ -95.46525, 29.86004 ], [ -95.46489, 29.85976 ], [ -95.46411, 29.85933 ], [ -95.46174, 29.8585 ], [ -95.46145, 29.85739 ], [ -95.46293, 29.85602 ], [ -95.46338, 29.85603 ], [ -95.4639, 29.85549 ], [ -95.46408, 29.85515 ], [ -95.46408, 29.85433 ], [ -95.46387, 29.85408 ], [ -95.46356, 29.85388 ], [ -95.46308, 29.85386 ], [ -95.46291, 29.85336 ], [ -95.46294, 29.8528 ], [ -95.4635, 29.85198 ], [ -95.46369, 29.85144 ], [ -95.46358, 29.85117 ], [ -95.46216, 29.85 ], [ -95.46191, 29.84988 ], [ -95.4614, 29.84989 ], [ -95.46101, 29.84959 ], [ -95.46065, 29.84858 ], [ -95.46085, 29.84756 ], [ -95.46058, 29.84679 ], [ -95.45998, 29.84603 ], [ -95.45992, 29.84565 ], [ -95.45966, 29.84538 ], [ -95.45939, 29.84376 ], [ -95.45896, 29.84332 ], [ -95.45814, 29.84333 ], [ -95.45791, 29.84172 ], [ -95.45773, 29.84102 ], [ -95.42887, 29.84111 ], [ -95.42888, 29.84095 ], [ -95.41091, 29.84114 ], [ -95.41107, 29.84714 ], [ -95.41218, 29.85182 ], [ -95.41233, 29.85291 ], [ -95.41265, 29.87067 ], [ -95.41212, 29.87573 ] ] ] } },
{ "type": "Feature", "properties": { "name": "NORTHSIDE/NORTHLINE" }, "geometry": { "type": "Polygon", "coordinates": [ [ [ -95.40877, 29.8976 ], [ -95.41017, 29.89813 ], [ -95.41104, 29.89828 ], [ -95.41227, 29.89829 ], [ -95.41177, 29.87756 ], [ -95.41212, 29.87573 ], [ -95.41265, 29.87067 ], [ -95.41233, 29.85291 ], [ -95.41218, 29.85182 ], [ -95.41107, 29.84714 ], [ -95.40522, 29.84717 ], [ -95.40463, 29.84698 ], [ -95.40403, 29.84666 ], [ -95.403, 29.84584 ], [ -95.40213, 29.84545 ], [ -95.40131, 29.84527 ], [ -95.39982, 29.84523 ], [ -95.39815, 29.84534 ], [ -95.39763, 29.84545 ], [ -95.39271, 29.84552 ], [ -95.38665, 29.83613 ], [ -95.38156, 29.8296 ], [ -95.38101, 29.82865 ], [ -95.38, 29.82412 ], [ -95.37822, 29.81953 ], [ -95.3525, 29.81988 ], [ -95.36556, 29.87254 ], [ -95.36534, 29.87254 ], [ -95.36615, 29.87575 ], [ -95.3612, 29.87582 ], [ -95.36122, 29.87758 ], [ -95.36609, 29.87751 ], [ -95.3669, 29.88036 ], [ -95.36827, 29.88598 ], [ -95.3687, 29.88597 ], [ -95.37038, 29.89256 ], [ -95.37129, 29.89246 ], [ -95.37117, 29.89202 ], [ -95.37338, 29.88957 ], [ -95.37323, 29.88957 ], [ -95.37321, 29.88586 ], [ -95.37598, 29.88584 ], [ -95.376, 29.88076 ], [ -95.37528, 29.88077 ], [ -95.37528, 29.8793 ], [ -95.37455, 29.87931 ], [ -95.37457, 29.87812 ], [ -95.38782, 29.87799 ], [ -95.38638, 29.87561 ], [ -95.40854, 29.8754 ], [ -95.40877, 29.8976 ] ] ] } },
{ "type": "Feature", "properties": { "name": "HIDDEN VALLEY" }, "geometry": { "type": "Polygon", "coordinates": [ [ [ -95.41177, 29.87756 ], [ -95.4124, 29.90512 ], [ -95.41285, 29.90512 ], [ -95.41399, 29.90463 ], [ -95.41504, 29.90448 ], [ -95.41495, 29.90021 ], [ -95.41662, 29.90018 ], [ -95.4166, 29.89937 ], [ -95.41697, 29.89936 ], [ -95.41693, 29.898 ], [ -95.42911, 29.89782 ], [ -95.41764, 29.88304 ], [ -95.41212, 29.87573 ], [ -95.41177, 29.87756 ] ] ] } },
{ "type": "Feature", "properties": { "name": "EAST LITTLE YORK / HOMESTEAD" }, "geometry": { "type": "Polygon", "coordinates": [ [ [ -95.28203, 29.88532 ], [ -95.2876, 29.88527 ], [ -95.2877, 29.89129 ], [ -95.29727, 29.89122 ], [ -95.29727, 29.89737 ], [ -95.28979, 29.89743 ], [ -95.28979, 29.89932 ], [ -95.28715, 29.89936 ], [ -95.28737, 29.91359 ], [ -95.28797, 29.91369 ], [ -95.28812, 29.91378 ], [ -95.28834, 29.91416 ], [ -95.28857, 29.91437 ], [ -95.28893, 29.91443 ], [ -95.2899, 29.91435 ], [ -95.29128, 29.91467 ], [ -95.29239, 29.91509 ], [ -95.29307, 29.91553 ], [ -95.29312, 29.91275 ], [ -95.29301, 29.90786 ], [ -95.29598, 29.90784 ], [ -95.29589, 29.90357 ], [ -95.29981, 29.90352 ], [ -95.29979, 29.89939 ], [ -95.30109, 29.89937 ], [ -95.30102, 29.8954 ], [ -95.30116, 29.89511 ], [ -95.3013, 29.89385 ], [ -95.30126, 29.89117 ], [ -95.3065, 29.8911 ], [ -95.30825, 29.88701 ], [ -95.30981, 29.88295 ], [ -95.31639, 29.8666 ], [ -95.31656, 29.8666 ], [ -95.31695, 29.86522 ], [ -95.31802, 29.86248 ], [ -95.32396, 29.84811 ], [ -95.30997, 29.84839 ], [ -95.29147, 29.84858 ], [ -95.29058, 29.84846 ], [ -95.28927, 29.84807 ], [ -95.28711, 29.84802 ], [ -95.28717, 29.85354 ], [ -95.26525, 29.87481 ], [ -95.28037, 29.87467 ], [ -95.28046, 29.88312 ], [ -95.28199, 29.88312 ], [ -95.28203, 29.88532 ] ] ] } },
{ "type": "Feature", "properties": { "name": "WILLOWBROOK" }, "geometry": { "type": "Polygon", "coordinates": [ [ [ -95.55669, 29.95632 ], [ -95.55807, 29.95673 ], [ -95.55805, 29.95388 ], [ -95.55574, 29.95386 ], [ -95.55539, 29.95374 ], [ -95.55636, 29.95289 ], [ -95.55295, 29.95291 ], [ -95.55296, 29.95523 ], [ -95.55149, 29.95479 ], [ -95.55145, 29.94985 ], [ -95.54989, 29.94984 ], [ -95.5499, 29.94872 ], [ -95.54696, 29.94875 ], [ -95.54688, 29.93756 ], [ -95.52526, 29.93748 ], [ -95.52526, 29.9372 ], [ -95.52238, 29.93743 ], [ -95.52529, 29.9425 ], [ -95.5299, 29.95101 ], [ -95.53201, 29.95439 ], [ -95.54276, 29.97347 ], [ -95.54559, 29.97348 ], [ -95.54549, 29.97147 ], [ -95.54713, 29.97147 ], [ -95.54711, 29.97005 ], [ -95.54936, 29.97007 ], [ -95.54937, 29.96845 ], [ -95.55224, 29.96834 ], [ -95.55259, 29.96794 ], [ -95.55292, 29.96722 ], [ -95.55295, 29.96561 ], [ -95.55497, 29.96686 ], [ -95.56375, 29.96683 ], [ -95.56361, 29.95859 ], [ -95.56287, 29.95837 ], [ -95.55427, 29.95854 ], [ -95.55426, 29.95584 ], [ -95.55669, 29.95656 ], [ -95.55669, 29.95632 ] ] ] } },
{ "type": "Feature", "properties": { "name": "GREATER GREENSPOINT" }, "geometry": { "type": "Polygon", "coordinates": [ [ [ -95.42055, 29.97406 ], [ -95.42169, 29.97406 ], [ -95.42172, 29.97422 ], [ -95.42824, 29.97414 ], [ -95.42879, 29.97367 ], [ -95.42651, 29.97168 ], [ -95.425, 29.97051 ], [ -95.42439, 29.96991 ], [ -95.42359, 29.96883 ], [ -95.42323, 29.96797 ], [ -95.42833, 29.96804 ], [ -95.42842, 29.97011 ], [ -95.43007, 29.97012 ], [ -95.43006, 29.968 ], [ -95.43659, 29.96805 ], [ -95.43646, 29.95984 ], [ -95.43099, 29.95987 ], [ -95.43096, 29.95847 ], [ -95.42454, 29.95846 ], [ -95.42442, 29.94912 ], [ -95.42598, 29.94911 ], [ -95.42611, 29.95421 ], [ -95.42651, 29.95418 ], [ -95.42701, 29.95376 ], [ -95.4273, 29.95365 ], [ -95.42787, 29.95361 ], [ -95.42841, 29.95334 ], [ -95.42926, 29.9525 ], [ -95.42923, 29.95098 ], [ -95.42852, 29.95099 ], [ -95.42861, 29.95117 ], [ -95.42843, 29.95129 ], [ -95.42825, 29.95118 ], [ -95.42833, 29.95099 ], [ -95.42761, 29.95099 ], [ -95.42759, 29.949 ], [ -95.43077, 29.94888 ], [ -95.43079, 29.94986 ], [ -95.43114, 29.94964 ], [ -95.43173, 29.94871 ], [ -95.43277, 29.94774 ], [ -95.4328, 29.94702 ], [ -95.43391, 29.94629 ], [ -95.43418, 29.94601 ], [ -95.44907, 29.9459 ], [ -95.44903, 29.94387 ], [ -95.45006, 29.94385 ], [ -95.45005, 29.94329 ], [ -95.44902, 29.94329 ], [ -95.44893, 29.94 ], [ -95.44666, 29.94017 ], [ -95.43443, 29.94012 ], [ -95.43436, 29.93708 ], [ -95.43431, 29.93706 ], [ -95.43268, 29.93708 ], [ -95.43245, 29.93687 ], [ -95.43202, 29.93693 ], [ -95.43204, 29.93706 ], [ -95.4319, 29.93723 ], [ -95.42638, 29.93868 ], [ -95.41783, 29.93875 ], [ -95.41764, 29.9285 ], [ -95.41239, 29.92855 ], [ -95.41286, 29.92169 ], [ -95.41295, 29.92161 ], [ -95.41297, 29.92125 ], [ -95.41291, 29.92101 ], [ -95.41309, 29.91801 ], [ -95.41318, 29.91794 ], [ -95.41319, 29.9177 ], [ -95.41312, 29.91763 ], [ -95.41313, 29.91538 ], [ -95.41303, 29.91486 ], [ -95.41296, 29.91096 ], [ -95.41302, 29.91096 ], [ -95.41285, 29.90512 ], [ -95.4124, 29.90512 ], [ -95.41227, 29.89829 ], [ -95.41104, 29.89828 ], [ -95.41017, 29.89813 ], [ -95.40877, 29.8976 ], [ -95.40876, 29.89882 ], [ -95.40854, 29.89983 ], [ -95.40885, 29.91354 ], [ -95.40873, 29.91537 ], [ -95.40626, 29.91541 ], [ -95.40461, 29.91534 ], [ -95.39284, 29.91555 ], [ -95.39307, 29.93135 ], [ -95.391, 29.93136 ], [ -95.391, 29.93176 ], [ -95.38636, 29.93172 ], [ -95.38405, 29.93183 ], [ -95.38055, 29.93252 ], [ -95.38223, 29.9396 ], [ -95.3853, 29.95172 ], [ -95.38523, 29.95172 ], [ -95.38583, 29.95407 ], [ -95.39506, 29.95397 ], [ -95.39513, 29.95573 ], [ -95.40142, 29.95564 ], [ -95.40134, 29.95154 ], [ -95.41814, 29.9513 ], [ -95.41831, 29.952 ], [ -95.41849, 29.95327 ], [ -95.41863, 29.96058 ], [ -95.41873, 29.96185 ], [ -95.41894, 29.96317 ], [ -95.41956, 29.96552 ], [ -95.41887, 29.9656 ], [ -95.41847, 29.96589 ], [ -95.41832, 29.96588 ], [ -95.41839, 29.96929 ], [ -95.41941, 29.96928 ], [ -95.42049, 29.97388 ], [ -95.42055, 29.97406 ] ] ] } },
{ "type": "Feature", "properties": { "name": "IAH / AIRPORT AREA" }, "geometry": { "type": "Polygon", "coordinates": [ [ [ -95.26822, 29.95454 ], [ -95.26862, 29.95475 ], [ -95.26889, 29.95476 ], [ -95.26926, 29.95457 ], [ -95.26973, 29.95416 ], [ -95.27032, 29.95402 ], [ -95.27119, 29.95403 ], [ -95.27183, 29.95419 ], [ -95.27325, 29.95425 ], [ -95.27398, 29.95417 ], [ -95.2752, 29.95388 ], [ -95.27588, 29.95391 ], [ -95.27651, 29.95422 ], [ -95.27701, 29.95475 ], [ -95.27701, 29.95512 ], [ -95.27749, 29.9556 ], [ -95.27794, 29.95585 ], [ -95.28105, 29.95676 ], [ -95.28155, 29.95706 ], [ -95.28353, 29.95794 ], [ -95.28613, 29.95801 ], [ -95.28682, 29.95825 ], [ -95.28748, 29.95861 ], [ -95.27696, 29.98116 ], [ -95.27685, 29.98517 ], [ -95.27573, 29.98759 ], [ -95.27714, 29.98805 ], [ -95.27818, 29.98802 ], [ -95.27819, 29.99407 ], [ -95.27813, 29.99407 ], [ -95.27812, 29.99647 ], [ -95.27777, 29.99709 ], [ -95.2771, 29.99753 ], [ -95.27711, 30.00176 ], [ -95.28508, 30.00165 ], [ -95.28509, 30.00241 ], [ -95.28453, 30.00242 ], [ -95.28453, 30.00299 ], [ -95.28443, 30.00299 ], [ -95.28455, 30.0071 ], [ -95.28688, 30.00706 ], [ -95.28685, 30.00523 ], [ -95.29327, 30.00522 ], [ -95.29328, 30.00568 ], [ -95.29381, 30.00569 ], [ -95.29381, 30.00613 ], [ -95.29582, 30.00613 ], [ -95.29582, 30.00541 ], [ -95.29527, 30.00542 ], [ -95.29526, 30.00522 ], [ -95.29527, 30.00471 ], [ -95.29581, 30.00468 ], [ -95.29581, 30.00126 ], [ -95.30341, 30.00118 ], [ -95.31963, 30.00741 ], [ -95.31963, 30.00719 ], [ -95.3291, 30.01085 ], [ -95.33005, 30.01112 ], [ -95.33006, 30.01139 ], [ -95.34651, 30.01431 ], [ -95.34632, 30.01402 ], [ -95.3597, 30.01637 ], [ -95.36375, 30.0171 ], [ -95.36336, 30.01729 ], [ -95.3734, 30.01899 ], [ -95.37991, 30.02018 ], [ -95.3795, 30.01906 ], [ -95.37892, 30.018 ], [ -95.37595, 30.01327 ], [ -95.37547, 30.01265 ], [ -95.37557, 30.01259 ], [ -95.37532, 30.01218 ], [ -95.37517, 30.01227 ], [ -95.37468, 30.01142 ], [ -95.37463, 30.01126 ], [ -95.37473, 30.01121 ], [ -95.37362, 30.00935 ], [ -95.37215, 30.00436 ], [ -95.37201, 30.00431 ], [ -95.37156, 30.00296 ], [ -95.3717, 30.00291 ], [ -95.37121, 30.00143 ], [ -95.37113, 30.00147 ], [ -95.37063, 29.99999 ], [ -95.37069, 29.99996 ], [ -95.37043, 29.99926 ], [ -95.37035, 29.99873 ], [ -95.36888, 29.99407 ], [ -95.36458, 29.98094 ], [ -95.36397, 29.96663 ], [ -95.36375, 29.96562 ], [ -95.36381, 29.96562 ], [ -95.36127, 29.96172 ], [ -95.36087, 29.96094 ], [ -95.36056, 29.96013 ], [ -95.35985, 29.9572 ], [ -95.36006, 29.95719 ], [ -95.35717, 29.94485 ], [ -95.35727, 29.94484 ], [ -95.35657, 29.9419 ], [ -95.35629, 29.93985 ], [ -95.34554, 29.93995 ], [ -95.34543, 29.93584 ], [ -95.34227, 29.93588 ], [ -95.34223, 29.93327 ], [ -95.33358, 29.9334 ], [ -95.33365, 29.93721 ], [ -95.33336, 29.93721 ], [ -95.3334, 29.93876 ], [ -95.33119, 29.93879 ], [ -95.33117, 29.93735 ], [ -95.33181, 29.93735 ], [ -95.33173, 29.93002 ], [ -95.33109, 29.93001 ], [ -95.33124, 29.92833 ], [ -95.33123, 29.92585 ], [ -95.33089, 29.92397 ], [ -95.33085, 29.92308 ], [ -95.32619, 29.92313 ], [ -95.3262, 29.92617 ], [ -95.3185, 29.92622 ], [ -95.3185, 29.92431 ], [ -95.31725, 29.92432 ], [ -95.31722, 29.92127 ], [ -95.3153, 29.92129 ], [ -95.31547, 29.93034 ], [ -95.31712, 29.93031 ], [ -95.31713, 29.93053 ], [ -95.31758, 29.93052 ], [ -95.31771, 29.93751 ], [ -95.31787, 29.93751 ], [ -95.31789, 29.93891 ], [ -95.31684, 29.93891 ], [ -95.31681, 29.93752 ], [ -95.31507, 29.93754 ], [ -95.315, 29.9342 ], [ -95.31351, 29.93423 ], [ -95.31344, 29.93059 ], [ -95.31244, 29.9306 ], [ -95.31263, 29.93811 ], [ -95.312, 29.93813 ], [ -95.31205, 29.93979 ], [ -95.31808, 29.93973 ], [ -95.31812, 29.94117 ], [ -95.31552, 29.94117 ], [ -95.31105, 29.94147 ], [ -95.31105, 29.94139 ], [ -95.30342, 29.94126 ], [ -95.3029, 29.93059 ], [ -95.29392, 29.93073 ], [ -95.28777, 29.9364 ], [ -95.28775, 29.93468 ], [ -95.27295, 29.93479 ], [ -95.27298, 29.93892 ], [ -95.27409, 29.9389 ], [ -95.27416, 29.94061 ], [ -95.27687, 29.94102 ], [ -95.27687, 29.9411 ], [ -95.27885, 29.94124 ], [ -95.28058, 29.94127 ], [ -95.28284, 29.94114 ], [ -95.26822, 29.95454 ] ], [ [ -95.29453, 30.00524 ], [ -95.29507, 30.00523 ], [ -95.29508, 30.00555 ], [ -95.29453, 30.00555 ], [ -95.29453, 30.00524 ] ] ] } },
{ "type": "Feature", "properties": { "name": "KINGWOOD AREA" }, "geometry": { "type": "Polygon", "coordinates": [ [ [ -95.25031, 30.02639 ], [ -95.24855, 30.02651 ], [ -95.24677, 30.02646 ], [ -95.24551, 30.02619 ], [ -95.2442, 30.02561 ], [ -95.24276, 30.02456 ], [ -95.2406, 30.02277 ], [ -95.23859, 30.02158 ], [ -95.23538, 30.02017 ], [ -95.23267, 30.01926 ], [ -95.23097, 30.01898 ], [ -95.22918, 30.01899 ], [ -95.22639, 30.01956 ], [ -95.22554, 30.02011 ], [ -95.2239, 30.02191 ], [ -95.22302, 30.02254 ], [ -95.2219, 30.02311 ], [ -95.21992, 30.02395 ], [ -95.21861, 30.02415 ], [ -95.21553, 30.02376 ], [ -95.21248, 30.02374 ], [ -95.20888, 30.02474 ], [ -95.20595, 30.02615 ], [ -95.20481, 30.0263 ], [ -95.2031, 30.02631 ], [ -95.20197, 30.02622 ], [ -95.199, 30.02494 ], [ -95.19673, 30.02416 ], [ -95.19153, 30.02297 ], [ -95.18717, 30.0223 ], [ -95.18451, 30.02169 ], [ -95.18191, 30.02162 ], [ -95.18014, 30.02211 ], [ -95.17882, 30.02356 ], [ -95.17828, 30.0253 ], [ -95.17736, 30.02689 ], [ -95.17583, 30.02828 ], [ -95.17375, 30.02893 ], [ -95.17131, 30.02898 ], [ -95.16953, 30.02893 ], [ -95.16685, 30.02832 ], [ -95.16319, 30.0281 ], [ -95.16178, 30.02916 ], [ -95.15964, 30.03113 ], [ -95.15736, 30.03434 ], [ -95.15621, 30.03503 ], [ -95.15343, 30.03495 ], [ -95.1512, 30.03309 ], [ -95.14947, 30.03006 ], [ -95.14867, 30.02664 ], [ -95.14806, 30.02477 ], [ -95.14672, 30.02154 ], [ -95.14443, 30.01974 ], [ -95.14111, 30.01953 ], [ -95.13712, 30.02061 ], [ -95.13473, 30.02144 ], [ -95.13178, 30.02332 ], [ -95.1294, 30.02904 ], [ -95.12971, 30.0317 ], [ -95.12925, 30.03467 ], [ -95.12735, 30.03695 ], [ -95.12583, 30.03899 ], [ -95.12389, 30.04052 ], [ -95.12263, 30.04281 ], [ -95.12296, 30.04508 ], [ -95.12436, 30.04691 ], [ -95.12548, 30.04921 ], [ -95.12751, 30.05068 ], [ -95.13024, 30.05386 ], [ -95.13091, 30.05507 ], [ -95.1326, 30.05583 ], [ -95.13734, 30.05836 ], [ -95.1393, 30.05991 ], [ -95.14052, 30.06116 ], [ -95.14317, 30.06279 ], [ -95.14513, 30.06541 ], [ -95.14536, 30.06834 ], [ -95.14602, 30.06991 ], [ -95.14692, 30.07146 ], [ -95.14811, 30.07281 ], [ -95.14976, 30.07441 ], [ -95.149, 30.0754 ], [ -95.14932, 30.07613 ], [ -95.15036, 30.07681 ], [ -95.15135, 30.07779 ], [ -95.15199, 30.07913 ], [ -95.15264, 30.07986 ], [ -95.15414, 30.08014 ], [ -95.15647, 30.08113 ], [ -95.1582, 30.0816 ], [ -95.16071, 30.08257 ], [ -95.16242, 30.08357 ], [ -95.16397, 30.08517 ], [ -95.16498, 30.08663 ], [ -95.16687, 30.08835 ], [ -95.1679, 30.09187 ], [ -95.16852, 30.09362 ], [ -95.16903, 30.09554 ], [ -95.17024, 30.09725 ], [ -95.17056, 30.09869 ], [ -95.17051, 30.1 ], [ -95.17031, 30.10089 ], [ -95.17031, 30.10164 ], [ -95.17118, 30.10244 ], [ -95.17208, 30.10491 ], [ -95.17305, 30.10574 ], [ -95.19126, 30.09086 ], [ -95.21187, 30.07421 ], [ -95.21243, 30.07541 ], [ -95.21274, 30.07529 ], [ -95.21421, 30.0753 ], [ -95.21442, 30.07694 ], [ -95.21586, 30.07698 ], [ -95.21819, 30.07639 ], [ -95.21826, 30.07614 ], [ -95.21826, 30.07539 ], [ -95.21815, 30.07455 ], [ -95.2185, 30.07435 ], [ -95.21785, 30.07333 ], [ -95.21768, 30.07246 ], [ -95.21656, 30.07251 ], [ -95.21601, 30.07246 ], [ -95.21537, 30.07221 ], [ -95.21485, 30.0718 ], [ -95.21816, 30.06912 ], [ -95.22091, 30.06878 ], [ -95.22279, 30.06873 ], [ -95.22276, 30.06539 ], [ -95.22726, 30.06175 ], [ -95.22728, 30.05228 ], [ -95.23623, 30.05224 ], [ -95.23623, 30.05213 ], [ -95.23917, 30.05209 ], [ -95.23919, 30.05465 ], [ -95.24168, 30.05462 ], [ -95.24581, 30.05456 ], [ -95.24676, 30.05188 ], [ -95.24757, 30.05202 ], [ -95.24724, 30.0531 ], [ -95.24785, 30.0531 ], [ -95.24785, 30.05411 ], [ -95.24689, 30.05413 ], [ -95.24629, 30.05576 ], [ -95.24976, 30.05571 ], [ -95.24981, 30.05768 ], [ -95.24614, 30.05772 ], [ -95.24594, 30.05827 ], [ -95.24542, 30.05828 ], [ -95.24439, 30.06109 ], [ -95.24423, 30.06109 ], [ -95.24412, 30.06134 ], [ -95.24162, 30.06867 ], [ -95.24098, 30.0703 ], [ -95.24486, 30.07032 ], [ -95.24552, 30.07139 ], [ -95.24785, 30.07144 ], [ -95.24785, 30.07162 ], [ -95.24998, 30.07164 ], [ -95.24998, 30.07148 ], [ -95.26272, 30.07141 ], [ -95.2627, 30.06968 ], [ -95.26256, 30.06813 ], [ -95.2625, 30.06053 ], [ -95.26259, 30.06036 ], [ -95.26135, 30.06036 ], [ -95.26133, 30.05765 ], [ -95.26271, 30.05763 ], [ -95.26273, 30.06052 ], [ -95.26523, 30.05997 ], [ -95.26398, 30.05888 ], [ -95.26392, 30.05188 ], [ -95.26253, 30.05204 ], [ -95.26243, 30.04381 ], [ -95.26219, 30.04312 ], [ -95.26244, 30.04312 ], [ -95.26237, 30.04295 ], [ -95.26251, 30.04295 ], [ -95.2759, 30.04295 ], [ -95.29389, 30.04309 ], [ -95.29363, 30.0299 ], [ -95.2934, 30.0223 ], [ -95.29334, 30.01447 ], [ -95.29121, 30.0145 ], [ -95.29124, 30.01664 ], [ -95.29334, 30.01661 ], [ -95.29335, 30.01942 ], [ -95.29304, 30.01939 ], [ -95.29304, 30.01973 ], [ -95.29335, 30.0197 ], [ -95.29336, 30.02122 ], [ -95.2847, 30.02139 ], [ -95.28481, 30.02965 ], [ -95.28329, 30.03033 ], [ -95.28233, 30.0305 ], [ -95.28003, 30.03054 ], [ -95.27933, 30.03072 ], [ -95.27825, 30.03074 ], [ -95.27529, 30.03156 ], [ -95.27413, 30.03208 ], [ -95.27244, 30.03243 ], [ -95.27127, 30.03246 ], [ -95.26906, 30.03186 ], [ -95.26803, 30.03168 ], [ -95.26554, 30.03222 ], [ -95.26446, 30.03224 ], [ -95.26366, 30.03198 ], [ -95.26304, 30.03132 ], [ -95.26279, 30.02938 ], [ -95.26232, 30.02791 ], [ -95.26207, 30.0275 ], [ -95.26172, 30.02714 ], [ -95.2607, 30.0266 ], [ -95.25987, 30.02641 ], [ -95.25918, 30.02658 ], [ -95.25783, 30.0264 ], [ -95.25647, 30.02636 ], [ -95.25465, 30.02598 ], [ -95.25419, 30.026 ], [ -95.25415, 30.02609 ], [ -95.25373, 30.026 ], [ -95.25301, 30.02628 ], [ -95.25192, 30.0263 ], [ -95.25134, 30.02645 ], [ -95.251, 30.0264 ], [ -95.25031, 30.02682 ], [ -95.25031, 30.02639 ] ] ] } },
{ "type": "Feature", "properties": { "name": "LAKE HOUSTON" }, "geometry": { "type": "Polygon", "coordinates": [ [ [ -95.13849, 30.07005 ], [ -95.1586, 30.09495 ], [ -95.16295, 30.10089 ], [ -95.16566, 30.10682 ], [ -95.16708, 30.11074 ], [ -95.17123, 30.10758 ], [ -95.17305, 30.10574 ], [ -95.17208, 30.10491 ], [ -95.17118, 30.10244 ], [ -95.17031, 30.10164 ], [ -95.17031, 30.10089 ], [ -95.17051, 30.1 ], [ -95.17056, 30.09869 ], [ -95.17024, 30.09725 ], [ -95.16903, 30.09554 ], [ -95.16852, 30.09362 ], [ -95.1679, 30.09187 ], [ -95.16687, 30.08835 ], [ -95.16498, 30.08663 ], [ -95.16397, 30.08517 ], [ -95.16242, 30.08357 ], [ -95.16071, 30.08257 ], [ -95.1582, 30.0816 ], [ -95.15647, 30.08113 ], [ -95.15414, 30.08014 ], [ -95.15264, 30.07986 ], [ -95.15199, 30.07913 ], [ -95.15135, 30.07779 ], [ -95.15036, 30.07681 ], [ -95.14932, 30.07613 ], [ -95.149, 30.0754 ], [ -95.14976, 30.07441 ], [ -95.14811, 30.07281 ], [ -95.14692, 30.07146 ], [ -95.14602, 30.06991 ], [ -95.14536, 30.06834 ], [ -95.14513, 30.06541 ], [ -95.14317, 30.06279 ], [ -95.14052, 30.06116 ], [ -95.1393, 30.05991 ], [ -95.13734, 30.05836 ], [ -95.1326, 30.05583 ], [ -95.13091, 30.05507 ], [ -95.13024, 30.05386 ], [ -95.12751, 30.05068 ], [ -95.12548, 30.04921 ], [ -95.12436, 30.04691 ], [ -95.12296, 30.04508 ], [ -95.12263, 30.04281 ], [ -95.12389, 30.04052 ], [ -95.12583, 30.03899 ], [ -95.12735, 30.03695 ], [ -95.12925, 30.03467 ], [ -95.12971, 30.0317 ], [ -95.1294, 30.02904 ], [ -95.13178, 30.02332 ], [ -95.13473, 30.02144 ], [ -95.13712, 30.02061 ], [ -95.14111, 30.01953 ], [ -95.14443, 30.01974 ], [ -95.14672, 30.02154 ], [ -95.14806, 30.02477 ], [ -95.14867, 30.02664 ], [ -95.14947, 30.03006 ], [ -95.1512, 30.03309 ], [ -95.15343, 30.03495 ], [ -95.15621, 30.03503 ], [ -95.15736, 30.03434 ], [ -95.15964, 30.03113 ], [ -95.16178, 30.02916 ], [ -95.16319, 30.0281 ], [ -95.16685, 30.02832 ], [ -95.16953, 30.02893 ], [ -95.17131, 30.02898 ], [ -95.17375, 30.02893 ], [ -95.17583, 30.02828 ], [ -95.17736, 30.02689 ], [ -95.17828, 30.0253 ], [ -95.17882, 30.02356 ], [ -95.18014, 30.02211 ], [ -95.18191, 30.02162 ], [ -95.18451, 30.02169 ], [ -95.18717, 30.0223 ], [ -95.19153, 30.02297 ], [ -95.19673, 30.02416 ], [ -95.199, 30.02494 ], [ -95.20197, 30.02622 ], [ -95.2031, 30.02631 ], [ -95.20481, 30.0263 ], [ -95.20595, 30.02615 ], [ -95.20888, 30.02474 ], [ -95.21248, 30.02374 ], [ -95.21553, 30.02376 ], [ -95.21861, 30.02415 ], [ -95.21992, 30.02395 ], [ -95.2219, 30.02311 ], [ -95.22302, 30.02254 ], [ -95.2239, 30.02191 ], [ -95.22554, 30.02011 ], [ -95.22639, 30.01956 ], [ -95.22918, 30.01899 ], [ -95.23097, 30.01898 ], [ -95.23267, 30.01926 ], [ -95.23538, 30.02017 ], [ -95.23859, 30.02158 ], [ -95.2406, 30.02277 ], [ -95.24276, 30.02456 ], [ -95.2442, 30.02561 ], [ -95.24551, 30.02619 ], [ -95.24677, 30.02646 ], [ -95.24855, 30.02651 ], [ -95.25031, 30.02639 ], [ -95.25033, 30.02362 ], [ -95.24931, 30.02346 ], [ -95.24813, 30.02314 ], [ -95.24711, 30.02272 ], [ -95.24626, 30.02223 ], [ -95.24502, 30.02119 ], [ -95.24458, 30.02071 ], [ -95.24419, 30.02023 ], [ -95.24353, 30.01914 ], [ -95.24319, 30.01827 ], [ -95.24301, 30.01758 ], [ -95.24295, 30.01697 ], [ -95.24287, 30.00624 ], [ -95.24106, 30.0056 ], [ -95.24021, 30.00515 ], [ -95.23936, 30.00455 ], [ -95.23817, 30.00344 ], [ -95.2377, 30.00278 ], [ -95.23719, 30.00183 ], [ -95.23679, 30.00056 ], [ -95.23668, 29.99998 ], [ -95.2367, 29.96821 ], [ -95.24227, 29.9681 ], [ -95.24092, 29.96665 ], [ -95.24144, 29.96629 ], [ -95.2406, 29.96539 ], [ -95.2421, 29.96436 ], [ -95.24417, 29.96664 ], [ -95.24421, 29.96876 ], [ -95.24544, 29.96872 ], [ -95.24534, 29.96228 ], [ -95.24477, 29.96252 ], [ -95.24384, 29.96313 ], [ -95.23592, 29.96859 ], [ -95.236, 29.97536 ], [ -95.23172, 29.97538 ], [ -95.2319, 30.00518 ], [ -95.21511, 30.00683 ], [ -95.20377, 30.0078 ], [ -95.20392, 30.02167 ], [ -95.20363, 30.02206 ], [ -95.20215, 30.02223 ], [ -95.2025, 30.02278 ], [ -95.20091, 30.02311 ], [ -95.20028, 30.02219 ], [ -95.19948, 30.02199 ], [ -95.19768, 30.02211 ], [ -95.1967, 30.02139 ], [ -95.19667, 30.02072 ], [ -95.19795, 30.02116 ], [ -95.19927, 30.02123 ], [ -95.19874, 30.02051 ], [ -95.19888, 30.02 ], [ -95.20093, 30.01974 ], [ -95.20093, 30.01923 ], [ -95.19941, 30.01914 ], [ -95.19714, 30.01987 ], [ -95.19472, 30.01973 ], [ -95.19457, 30.01872 ], [ -95.19515, 30.01707 ], [ -95.19622, 30.01607 ], [ -95.1968, 30.01568 ], [ -95.19673, 30.01544 ], [ -95.19543, 30.01616 ], [ -95.19419, 30.01765 ], [ -95.19364, 30.01802 ], [ -95.19364, 30.01837 ], [ -95.19327, 30.01859 ], [ -95.19134, 30.01867 ], [ -95.18944, 30.01861 ], [ -95.1863, 30.01907 ], [ -95.18543, 30.01941 ], [ -95.18388, 30.02045 ], [ -95.18235, 30.02092 ], [ -95.18121, 30.02112 ], [ -95.18118, 30.02064 ], [ -95.18014, 30.01994 ], [ -95.17892, 30.01965 ], [ -95.17608, 30.01863 ], [ -95.17455, 30.0188 ], [ -95.17253, 30.01979 ], [ -95.17179, 30.01973 ], [ -95.17045, 30.02016 ], [ -95.16841, 30.02183 ], [ -95.16782, 30.02206 ], [ -95.16688, 30.02175 ], [ -95.16573, 30.02187 ], [ -95.16582, 30.02229 ], [ -95.16403, 30.02319 ], [ -95.16408, 30.02327 ], [ -95.16399, 30.02332 ], [ -95.16233, 30.02414 ], [ -95.16315, 30.02447 ], [ -95.16282, 30.02501 ], [ -95.16107, 30.02607 ], [ -95.1605, 30.0268 ], [ -95.15939, 30.02739 ], [ -95.15903, 30.02815 ], [ -95.15777, 30.02884 ], [ -95.15745, 30.02933 ], [ -95.15737, 30.03043 ], [ -95.15815, 30.03056 ], [ -95.15816, 30.02975 ], [ -95.15885, 30.02919 ], [ -95.15926, 30.02947 ], [ -95.15872, 30.03046 ], [ -95.15837, 30.03172 ], [ -95.15744, 30.03282 ], [ -95.15665, 30.03287 ], [ -95.1542, 30.03154 ], [ -95.15355, 30.03076 ], [ -95.15314, 30.03069 ], [ -95.15255, 30.02994 ], [ -95.15239, 30.02899 ], [ -95.15256, 30.02795 ], [ -95.15327, 30.02688 ], [ -95.15572, 30.0251 ], [ -95.15586, 30.02421 ], [ -95.15477, 30.02262 ], [ -95.1562, 30.02144 ], [ -95.15707, 30.02125 ], [ -95.1577, 30.02092 ], [ -95.15743, 30.02062 ], [ -95.15673, 30.02094 ], [ -95.15557, 30.02115 ], [ -95.15439, 30.02158 ], [ -95.15366, 30.02148 ], [ -95.15245, 30.01994 ], [ -95.1507, 30.01967 ], [ -95.14828, 30.01845 ], [ -95.1475, 30.01742 ], [ -95.14762, 30.01718 ], [ -95.14571, 30.01515 ], [ -95.14518, 30.01479 ], [ -95.14389, 30.01336 ], [ -95.14327, 30.01243 ], [ -95.14245, 30.01048 ], [ -95.14108, 30.00929 ], [ -95.14104, 30.00875 ], [ -95.14023, 30.00766 ], [ -95.13955, 30.00712 ], [ -95.13862, 30.0067 ], [ -95.13778, 30.00605 ], [ -95.13758, 30.00523 ], [ -95.13788, 30.00461 ], [ -95.13867, 30.00406 ], [ -95.13913, 30.00307 ], [ -95.14005, 30.00251 ], [ -95.13978, 30.00215 ], [ -95.13987, 30.00102 ], [ -95.14027, 30.00088 ], [ -95.1411, 29.99975 ], [ -95.14041, 29.99913 ], [ -95.14256, 29.99794 ], [ -95.14122, 29.99795 ], [ -95.13988, 29.99416 ], [ -95.14007, 29.99321 ], [ -95.14089, 29.99246 ], [ -95.14554, 29.99097 ], [ -95.14508, 29.99096 ], [ -95.14519, 29.99021 ], [ -95.14184, 29.99034 ], [ -95.14104, 29.98925 ], [ -95.14, 29.98834 ], [ -95.13704, 29.9875 ], [ -95.13605, 29.9867 ], [ -95.1352, 29.98569 ], [ -95.13457, 29.98472 ], [ -95.13475, 29.98382 ], [ -95.13531, 29.98333 ], [ -95.13608, 29.98317 ], [ -95.13748, 29.98226 ], [ -95.13885, 29.98096 ], [ -95.14055, 29.98072 ], [ -95.14142, 29.98069 ], [ -95.14158, 29.97998 ], [ -95.15687, 29.97985 ], [ -95.16073, 29.97598 ], [ -95.17139, 29.96555 ], [ -95.17355, 29.96371 ], [ -95.17727, 29.9601 ], [ -95.17721, 29.95402 ], [ -95.17688, 29.94024 ], [ -95.17678, 29.93714 ], [ -95.17658, 29.93504 ], [ -95.19479, 29.93457 ], [ -95.195, 29.93477 ], [ -95.20339, 29.93466 ], [ -95.20549, 29.9326 ], [ -95.20417, 29.93151 ], [ -95.20269, 29.92993 ], [ -95.20122, 29.92853 ], [ -95.20024, 29.92717 ], [ -95.1996, 29.92581 ], [ -95.19923, 29.92448 ], [ -95.19914, 29.92295 ], [ -95.19999, 29.91753 ], [ -95.16349, 29.91756 ], [ -95.16246, 29.91598 ], [ -95.16152, 29.91485 ], [ -95.15943, 29.91264 ], [ -95.15919, 29.91261 ], [ -95.15903, 29.91247 ], [ -95.15744, 29.91096 ], [ -95.15677, 29.91014 ], [ -95.1562, 29.90922 ], [ -95.15562, 29.9077 ], [ -95.1554, 29.90607 ], [ -95.15547, 29.90509 ], [ -95.15605, 29.90314 ], [ -95.15609, 29.90255 ], [ -95.15604, 29.90228 ], [ -95.15568, 29.90173 ], [ -95.15514, 29.90142 ], [ -95.15453, 29.90127 ], [ -95.15389, 29.90126 ], [ -95.15213, 29.90178 ], [ -95.13375, 29.90194 ], [ -95.13111, 29.90086 ], [ -95.11956, 29.90098 ], [ -95.12157, 29.9037 ], [ -95.12282, 29.90452 ], [ -95.1239, 29.90541 ], [ -95.12445, 29.90608 ], [ -95.12452, 29.9064 ], [ -95.12413, 29.9079 ], [ -95.12378, 29.90846 ], [ -95.12302, 29.91013 ], [ -95.12298, 29.91113 ], [ -95.12323, 29.91319 ], [ -95.12373, 29.91439 ], [ -95.12142, 29.91544 ], [ -95.1188, 29.9202 ], [ -95.11245, 29.92024 ], [ -95.11281, 29.94161 ], [ -95.13968, 29.94115 ], [ -95.14033, 29.94138 ], [ -95.14124, 29.94289 ], [ -95.13931, 29.94472 ], [ -95.13956, 29.94493 ], [ -95.1429, 29.94381 ], [ -95.144, 29.94446 ], [ -95.14546, 29.94476 ], [ -95.14716, 29.94642 ], [ -95.14697, 29.94878 ], [ -95.14514, 29.94871 ], [ -95.143, 29.94925 ], [ -95.14271, 29.94871 ], [ -95.14268, 29.94802 ], [ -95.14252, 29.94802 ], [ -95.14208, 29.94904 ], [ -95.14165, 29.94953 ], [ -95.14119, 29.94979 ], [ -95.13972, 29.95027 ], [ -95.13891, 29.95067 ], [ -95.13817, 29.95118 ], [ -95.13753, 29.95177 ], [ -95.11986, 29.95204 ], [ -95.11437, 29.96587 ], [ -95.12528, 29.96572 ], [ -95.12392, 29.96714 ], [ -95.12301, 29.96723 ], [ -95.12289, 29.96734 ], [ -95.12352, 29.96786 ], [ -95.1235, 29.96874 ], [ -95.12261, 29.97076 ], [ -95.12127, 29.97046 ], [ -95.12257, 29.97094 ], [ -95.12219, 29.9728 ], [ -95.12164, 29.97402 ], [ -95.12129, 29.97421 ], [ -95.12078, 29.97404 ], [ -95.1197, 29.97393 ], [ -95.11805, 29.97437 ], [ -95.12041, 29.9742 ], [ -95.12101, 29.97435 ], [ -95.1215, 29.97479 ], [ -95.12038, 29.97671 ], [ -95.12012, 29.97965 ], [ -95.11954, 29.97949 ], [ -95.1194, 29.97965 ], [ -95.11964, 29.98003 ], [ -95.11976, 29.98045 ], [ -95.11927, 29.98094 ], [ -95.11868, 29.98064 ], [ -95.11802, 29.9807 ], [ -95.11761, 29.9801 ], [ -95.11708, 29.98012 ], [ -95.1178, 29.98104 ], [ -95.1186, 29.98135 ], [ -95.11865, 29.98238 ], [ -95.1194, 29.98165 ], [ -95.1208, 29.98125 ], [ -95.12186, 29.98215 ], [ -95.12232, 29.9832 ], [ -95.1223, 29.98556 ], [ -95.11066, 29.98589 ], [ -95.11067, 29.98598 ], [ -95.11052, 29.98608 ], [ -95.11057, 29.98621 ], [ -95.11024, 29.98652 ], [ -95.11034, 29.98658 ], [ -95.10825, 29.99544 ], [ -95.10293, 30.01928 ], [ -95.09938, 30.01936 ], [ -95.09954, 30.02422 ], [ -95.1018, 30.02421 ], [ -95.10194, 30.02817 ], [ -95.10082, 30.02819 ], [ -95.09856, 30.03826 ], [ -95.09747, 30.04362 ], [ -95.10022, 30.04352 ], [ -95.10803, 30.04351 ], [ -95.108, 30.04117 ], [ -95.11213, 30.04109 ], [ -95.11297, 30.0416 ], [ -95.11447, 30.04322 ], [ -95.11656, 30.04329 ], [ -95.11681, 30.04293 ], [ -95.11703, 30.0434 ], [ -95.11734, 30.04362 ], [ -95.11727, 30.04442 ], [ -95.11706, 30.0448 ], [ -95.1172, 30.04549 ], [ -95.11702, 30.04589 ], [ -95.10993, 30.04597 ], [ -95.10937, 30.04581 ], [ -95.10912, 30.04597 ], [ -95.10732, 30.046 ], [ -95.10701, 30.04587 ], [ -95.10683, 30.04601 ], [ -95.09801, 30.04603 ], [ -95.09802, 30.04784 ], [ -95.09329, 30.0479 ], [ -95.09553, 30.05719 ], [ -95.09566, 30.05739 ], [ -95.09639, 30.06041 ], [ -95.10181, 30.06036 ], [ -95.10197, 30.06691 ], [ -95.10467, 30.06686 ], [ -95.10467, 30.06672 ], [ -95.1066, 30.06668 ], [ -95.11015, 30.06676 ], [ -95.10725, 30.06028 ], [ -95.11037, 30.06023 ], [ -95.11037, 30.06128 ], [ -95.13076, 30.06743 ], [ -95.13849, 30.07005 ] ] ] } },
{ "type": "Feature", "properties": { "name": "FAIRBANKS / NORTHWEST CROSSING" }, "geometry": { "type": "Polygon", "coordinates": [ [ [ -95.55087, 29.8666 ], [ -95.54413, 29.86168 ], [ -95.5321, 29.85314 ], [ -95.53203, 29.84632 ], [ -95.53089, 29.84547 ], [ -95.53156, 29.84474 ], [ -95.53217, 29.84453 ], [ -95.53737, 29.84449 ], [ -95.53735, 29.84358 ], [ -95.53701, 29.84258 ], [ -95.53695, 29.84209 ], [ -95.53686, 29.83235 ], [ -95.50679, 29.83277 ], [ -95.50504, 29.83353 ], [ -95.49603, 29.82711 ], [ -95.49082, 29.83713 ], [ -95.48987, 29.83909 ], [ -95.48652, 29.83601 ], [ -95.48569, 29.83631 ], [ -95.48488, 29.83701 ], [ -95.48499, 29.85057 ], [ -95.4889, 29.85054 ], [ -95.48888, 29.85147 ], [ -95.4887, 29.85307 ], [ -95.48867, 29.8605 ], [ -95.48817, 29.862 ], [ -95.48699, 29.86434 ], [ -95.48683, 29.8649 ], [ -95.4868, 29.86561 ], [ -95.52434, 29.86537 ], [ -95.52422, 29.86072 ], [ -95.52454, 29.86092 ], [ -95.52511, 29.86101 ], [ -95.52592, 29.86153 ], [ -95.52666, 29.86234 ], [ -95.5285, 29.86272 ], [ -95.53501, 29.86695 ], [ -95.53725, 29.86735 ], [ -95.53783, 29.86738 ], [ -95.53843, 29.86798 ], [ -95.53859, 29.86803 ], [ -95.53966, 29.86784 ], [ -95.54138, 29.86807 ], [ -95.5422, 29.86803 ], [ -95.54372, 29.86779 ], [ -95.54405, 29.8676 ], [ -95.54447, 29.86691 ], [ -95.54465, 29.86684 ], [ -95.54695, 29.86783 ], [ -95.54758, 29.8679 ], [ -95.54806, 29.86774 ], [ -95.54907, 29.86706 ], [ -95.54954, 29.86701 ], [ -95.54963, 29.8672 ], [ -95.55055, 29.86685 ], [ -95.55087, 29.8666 ] ] ] } },
{ "type": "Feature", "properties": { "name": "WESTBRANCH" }, "geometry": { "type": "Polygon", "coordinates": [ [ [ -95.57544, 29.83418 ], [ -95.57544, 29.83183 ], [ -95.57001, 29.83184 ], [ -95.54617, 29.83223 ], [ -95.54621, 29.8444 ], [ -95.54888, 29.84438 ], [ -95.54888, 29.84524 ], [ -95.56617, 29.84509 ], [ -95.56618, 29.83732 ], [ -95.57015, 29.83726 ], [ -95.57017, 29.84244 ], [ -95.57499, 29.84242 ], [ -95.575, 29.83418 ], [ -95.57544, 29.83418 ] ] ] } },
{ "type": "Feature", "properties": { "name": "SHARPSTOWN" }, "geometry": { "type": "Polygon", "coordinates": [ [ [ -95.49914, 29.71676 ], [ -95.49188, 29.72323 ], [ -95.49353, 29.72315 ], [ -95.52001, 29.72094 ], [ -95.52624, 29.72044 ], [ -95.5264, 29.72049 ], [ -95.55734, 29.71795 ], [ -95.5572, 29.70687 ], [ -95.55728, 29.70451 ], [ -95.55704, 29.70052 ], [ -95.55701, 29.69533 ], [ -95.55553, 29.69516 ], [ -95.55494, 29.69491 ], [ -95.55459, 29.69464 ], [ -95.55428, 29.69431 ], [ -95.55403, 29.69386 ], [ -95.55364, 29.69204 ], [ -95.55326, 29.69128 ], [ -95.55282, 29.69062 ], [ -95.55224, 29.69003 ], [ -95.55171, 29.68963 ], [ -95.54904, 29.68785 ], [ -95.54886, 29.68761 ], [ -95.54877, 29.68732 ], [ -95.54881, 29.68682 ], [ -95.54833, 29.68679 ], [ -95.54624, 29.6855 ], [ -95.54625, 29.68676 ], [ -95.54407, 29.68678 ], [ -95.5368, 29.68433 ], [ -95.53675, 29.68134 ], [ -95.53701, 29.68105 ], [ -95.53667, 29.68084 ], [ -95.53593, 29.6815 ], [ -95.53441, 29.68319 ], [ -95.52924, 29.68987 ], [ -95.52839, 29.69086 ], [ -95.52714, 29.69205 ], [ -95.52577, 29.69172 ], [ -95.52485, 29.6916 ], [ -95.52191, 29.69158 ], [ -95.52174, 29.68021 ], [ -95.49302, 29.69481 ], [ -95.49295, 29.69502 ], [ -95.49312, 29.70928 ], [ -95.49322, 29.71077 ], [ -95.49388, 29.71198 ], [ -95.49421, 29.71241 ], [ -95.49914, 29.71676 ] ] ] } },
{ "type": "Feature", "properties": { "name": "WESTWOOD" }, "geometry": { "type": "Polygon", "coordinates": [ [ [ -95.54833, 29.68679 ], [ -95.54881, 29.68682 ], [ -95.54876, 29.6871 ], [ -95.54886, 29.68761 ], [ -95.54923, 29.68801 ], [ -95.55171, 29.68963 ], [ -95.55224, 29.69003 ], [ -95.55282, 29.69062 ], [ -95.55326, 29.69128 ], [ -95.55364, 29.69204 ], [ -95.55403, 29.69386 ], [ -95.55428, 29.69431 ], [ -95.55459, 29.69464 ], [ -95.55494, 29.69491 ], [ -95.55553, 29.69516 ], [ -95.55701, 29.69533 ], [ -95.55699, 29.69232 ], [ -95.55734, 29.68945 ], [ -95.56025, 29.67582 ], [ -95.56045, 29.67445 ], [ -95.56047, 29.67323 ], [ -95.5602, 29.66853 ], [ -95.55984, 29.66591 ], [ -95.55951, 29.6646 ], [ -95.55856, 29.66293 ], [ -95.55777, 29.66206 ], [ -95.55785, 29.66072 ], [ -95.55589, 29.65859 ], [ -95.5554, 29.65901 ], [ -95.55432, 29.65967 ], [ -95.55376, 29.66031 ], [ -95.55269, 29.66086 ], [ -95.55165, 29.66155 ], [ -95.55055, 29.66196 ], [ -95.5502, 29.66227 ], [ -95.54982, 29.66303 ], [ -95.54812, 29.66401 ], [ -95.54812, 29.66381 ], [ -95.54783, 29.66389 ], [ -95.54748, 29.66412 ], [ -95.54736, 29.66485 ], [ -95.5469, 29.66512 ], [ -95.54636, 29.66518 ], [ -95.54515, 29.66664 ], [ -95.54469, 29.66675 ], [ -95.54393, 29.66763 ], [ -95.5432, 29.66814 ], [ -95.5421, 29.6684 ], [ -95.54144, 29.66869 ], [ -95.54077, 29.66862 ], [ -95.54032, 29.66846 ], [ -95.53991, 29.66852 ], [ -95.53938, 29.66875 ], [ -95.53818, 29.6689 ], [ -95.5379, 29.66911 ], [ -95.53741, 29.66992 ], [ -95.5363, 29.67093 ], [ -95.53732, 29.67093 ], [ -95.53743, 29.67588 ], [ -95.53828, 29.67602 ], [ -95.53941, 29.67604 ], [ -95.5409, 29.67593 ], [ -95.54144, 29.67601 ], [ -95.5416, 29.67627 ], [ -95.53667, 29.68084 ], [ -95.53701, 29.68105 ], [ -95.53675, 29.68134 ], [ -95.5368, 29.68433 ], [ -95.54407, 29.68678 ], [ -95.54625, 29.68676 ], [ -95.54624, 29.6855 ], [ -95.54833, 29.68679 ] ] ] } },
{ "type": "Feature", "properties": { "name": "FORT BEND HOUSTON" }, "geometry": { "type": "Polygon", "coordinates": [ [ [ -95.48977, 29.61185 ], [ -95.49653, 29.61478 ], [ -95.49999, 29.61684 ], [ -95.50107, 29.61739 ], [ -95.50125, 29.61776 ], [ -95.50168, 29.61803 ], [ -95.50528, 29.61975 ], [ -95.50827, 29.62095 ], [ -95.50842, 29.62068 ], [ -95.50867, 29.61976 ], [ -95.5099, 29.62033 ], [ -95.50982, 29.61476 ], [ -95.50926, 29.61494 ], [ -95.50926, 29.6133 ], [ -95.50916, 29.61267 ], [ -95.50876, 29.59142 ], [ -95.52041, 29.59125 ], [ -95.52001, 29.572 ], [ -95.50547, 29.57236 ], [ -95.50551, 29.57446 ], [ -95.51304, 29.5743 ], [ -95.51319, 29.58023 ], [ -95.44621, 29.58147 ], [ -95.44641, 29.5966 ], [ -95.45356, 29.59651 ], [ -95.45683, 29.59697 ], [ -95.45854, 29.59746 ], [ -95.46007, 29.59803 ], [ -95.4633, 29.59945 ], [ -95.46798, 29.60173 ], [ -95.46852, 29.60178 ], [ -95.47622, 29.60528 ], [ -95.48157, 29.60789 ], [ -95.48814, 29.61088 ], [ -95.48977, 29.61185 ] ] ] } },
{ "type": "Feature", "properties": { "name": "FONDREN GARDENS" }, "geometry": { "type": "Polygon", "coordinates": [ [ [ -95.49469, 29.61393 ], [ -95.49297, 29.61621 ], [ -95.49281, 29.61654 ], [ -95.49288, 29.61893 ], [ -95.49414, 29.6204 ], [ -95.49464, 29.62114 ], [ -95.49491, 29.62176 ], [ -95.49513, 29.62289 ], [ -95.49522, 29.62593 ], [ -95.49509, 29.62739 ], [ -95.49483, 29.62824 ], [ -95.4936, 29.63049 ], [ -95.49325, 29.63147 ], [ -95.49319, 29.63178 ], [ -95.49323, 29.63478 ], [ -95.4931, 29.63617 ], [ -95.5082, 29.63031 ], [ -95.50819, 29.63089 ], [ -95.51977, 29.62643 ], [ -95.51379, 29.62136 ], [ -95.51322, 29.62188 ], [ -95.50867, 29.61976 ], [ -95.50842, 29.62068 ], [ -95.50827, 29.62095 ], [ -95.50528, 29.61975 ], [ -95.50168, 29.61803 ], [ -95.50125, 29.61776 ], [ -95.50107, 29.61739 ], [ -95.49999, 29.61684 ], [ -95.49653, 29.61478 ], [ -95.49469, 29.61393 ] ] ] } },
{ "type": "Feature", "properties": { "name": "SOUTH BELT / ELLINGTON" }, "geometry": { "type": "Polygon", "coordinates": [ [ [ -95.21108, 29.58309 ], [ -95.19925, 29.57339 ], [ -95.19859, 29.57269 ], [ -95.188, 29.56387 ], [ -95.1868, 29.56432 ], [ -95.18682, 29.56479 ], [ -95.18707, 29.56522 ], [ -95.1873, 29.56543 ], [ -95.18707, 29.5659 ], [ -95.18719, 29.56656 ], [ -95.18712, 29.56727 ], [ -95.18672, 29.56857 ], [ -95.18676, 29.56899 ], [ -95.18639, 29.56971 ], [ -95.18657, 29.5704 ], [ -95.18658, 29.57124 ], [ -95.18641, 29.57178 ], [ -95.1861, 29.57151 ], [ -95.18583, 29.5722 ], [ -95.18529, 29.57248 ], [ -95.18482, 29.57283 ], [ -95.18491, 29.57304 ], [ -95.18421, 29.57351 ], [ -95.18328, 29.57318 ], [ -95.18295, 29.57387 ], [ -95.18193, 29.574 ], [ -95.18157, 29.5742 ], [ -95.18119, 29.57461 ], [ -95.18106, 29.57565 ], [ -95.18148, 29.57596 ], [ -95.18167, 29.57627 ], [ -95.18162, 29.57707 ], [ -95.182, 29.57732 ], [ -95.18237, 29.57832 ], [ -95.18271, 29.5788 ], [ -95.18292, 29.57928 ], [ -95.16765, 29.59074 ], [ -95.16798, 29.59106 ], [ -95.16763, 29.59129 ], [ -95.15342, 29.59149 ], [ -95.15358, 29.60355 ], [ -95.14071, 29.61495 ], [ -95.14456, 29.61822 ], [ -95.15379, 29.61259 ], [ -95.15395, 29.62102 ], [ -95.15447, 29.63105 ], [ -95.1753, 29.63057 ], [ -95.1753, 29.63063 ], [ -95.17671, 29.6306 ], [ -95.17671, 29.63054 ], [ -95.17987, 29.63046 ], [ -95.18241, 29.63054 ], [ -95.18428, 29.63044 ], [ -95.18428, 29.63036 ], [ -95.1908, 29.63026 ], [ -95.19083, 29.63141 ], [ -95.19297, 29.63137 ], [ -95.19267, 29.63449 ], [ -95.19991, 29.64399 ], [ -95.2025, 29.64394 ], [ -95.20249, 29.64381 ], [ -95.20366, 29.64379 ], [ -95.20465, 29.64378 ], [ -95.20465, 29.64392 ], [ -95.20781, 29.64389 ], [ -95.20777, 29.64149 ], [ -95.20802, 29.64027 ], [ -95.20838, 29.6395 ], [ -95.20874, 29.63896 ], [ -95.20934, 29.63828 ], [ -95.21021, 29.63756 ], [ -95.22203, 29.62915 ], [ -95.22362, 29.62823 ], [ -95.2244, 29.62795 ], [ -95.22535, 29.62777 ], [ -95.22886, 29.62781 ], [ -95.23118, 29.62767 ], [ -95.23906, 29.62758 ], [ -95.25599, 29.62683 ], [ -95.26669, 29.62646 ], [ -95.26675, 29.62464 ], [ -95.26668, 29.61412 ], [ -95.26661, 29.61397 ], [ -95.26642, 29.6017 ], [ -95.26633, 29.60155 ], [ -95.26639, 29.59939 ], [ -95.26628, 29.59464 ], [ -95.2659, 29.59453 ], [ -95.26541, 29.59412 ], [ -95.26358, 29.59386 ], [ -95.26192, 29.59335 ], [ -95.26162, 29.59317 ], [ -95.26117, 29.59254 ], [ -95.26089, 29.59174 ], [ -95.26104, 29.59083 ], [ -95.26096, 29.59065 ], [ -95.2604, 29.59027 ], [ -95.2603, 29.58999 ], [ -95.25418, 29.58506 ], [ -95.24473, 29.59365 ], [ -95.25035, 29.5982 ], [ -95.24623, 29.60195 ], [ -95.24405, 29.60019 ], [ -95.2374, 29.60032 ], [ -95.2349, 29.60261 ], [ -95.23234, 29.60041 ], [ -95.22933, 29.59799 ], [ -95.2271, 29.60009 ], [ -95.22506, 29.60011 ], [ -95.22339, 29.59872 ], [ -95.22645, 29.59587 ], [ -95.22739, 29.59681 ], [ -95.23492, 29.59001 ], [ -95.22545, 29.58217 ], [ -95.22336, 29.58406 ], [ -95.22459, 29.58505 ], [ -95.2137, 29.59507 ], [ -95.21336, 29.59478 ], [ -95.21063, 29.59732 ], [ -95.20941, 29.59704 ], [ -95.20801, 29.59654 ], [ -95.20582, 29.59857 ], [ -95.20763, 29.60008 ], [ -95.20728, 29.60041 ], [ -95.20277, 29.60049 ], [ -95.20126, 29.60167 ], [ -95.20038, 29.60101 ], [ -95.19991, 29.60055 ], [ -95.19997, 29.60055 ], [ -95.19992, 29.59886 ], [ -95.20359, 29.5988 ], [ -95.2033, 29.58559 ], [ -95.20412, 29.58563 ], [ -95.2057, 29.58604 ], [ -95.2059, 29.58603 ], [ -95.20663, 29.58573 ], [ -95.20726, 29.58525 ], [ -95.20807, 29.58589 ], [ -95.21108, 29.58309 ] ] ] } },
{ "type": "Feature", "properties": { "name": "SOUTH ACRES / CRESTMONT PARK" }, "geometry": { "type": "Polygon", "coordinates": [ [ [ -95.32909, 29.64901 ], [ -95.32937, 29.64868 ], [ -95.32969, 29.64845 ], [ -95.32969, 29.64947 ], [ -95.33172, 29.64708 ], [ -95.3323, 29.64675 ], [ -95.33343, 29.64683 ], [ -95.33415, 29.64669 ], [ -95.33514, 29.6458 ], [ -95.33638, 29.64613 ], [ -95.33724, 29.64554 ], [ -95.338, 29.64482 ], [ -95.33846, 29.64478 ], [ -95.34074, 29.64578 ], [ -95.3408, 29.64629 ], [ -95.34146, 29.64653 ], [ -95.34189, 29.64666 ], [ -95.34408, 29.64684 ], [ -95.34482, 29.64818 ], [ -95.34608, 29.64808 ], [ -95.34754, 29.64756 ], [ -95.34858, 29.64747 ], [ -95.35156, 29.64851 ], [ -95.35161, 29.64906 ], [ -95.35297, 29.6497 ], [ -95.35483, 29.64969 ], [ -95.35608, 29.64917 ], [ -95.35626, 29.64915 ], [ -95.35631, 29.64766 ], [ -95.35698, 29.64768 ], [ -95.35784, 29.64758 ], [ -95.359, 29.64776 ], [ -95.35932, 29.64758 ], [ -95.35976, 29.64702 ], [ -95.36419, 29.64613 ], [ -95.36533, 29.64625 ], [ -95.36573, 29.64616 ], [ -95.36668, 29.64554 ], [ -95.36681, 29.64539 ], [ -95.36701, 29.64408 ], [ -95.36821, 29.64401 ], [ -95.369, 29.64389 ], [ -95.36972, 29.64354 ], [ -95.37028, 29.64303 ], [ -95.37044, 29.6424 ], [ -95.37076, 29.64207 ], [ -95.37128, 29.64177 ], [ -95.37215, 29.6416 ], [ -95.37215, 29.64171 ], [ -95.37231, 29.64169 ], [ -95.37272, 29.64146 ], [ -95.37326, 29.6405 ], [ -95.3737, 29.64006 ], [ -95.37457, 29.63994 ], [ -95.37513, 29.64012 ], [ -95.37533, 29.64005 ], [ -95.3755, 29.63945 ], [ -95.37507, 29.6381 ], [ -95.37502, 29.63764 ], [ -95.37527, 29.63721 ], [ -95.37624, 29.63614 ], [ -95.37726, 29.63597 ], [ -95.37757, 29.63562 ], [ -95.37744, 29.63478 ], [ -95.37776, 29.63231 ], [ -95.37938, 29.63151 ], [ -95.37952, 29.63127 ], [ -95.37949, 29.62982 ], [ -95.38032, 29.62951 ], [ -95.38031, 29.62887 ], [ -95.38705, 29.62873 ], [ -95.38697, 29.61402 ], [ -95.38662, 29.5996 ], [ -95.38023, 29.59965 ], [ -95.38035, 29.61233 ], [ -95.35532, 29.61227 ], [ -95.35533, 29.61662 ], [ -95.35408, 29.61666 ], [ -95.34851, 29.61929 ], [ -95.34566, 29.62032 ], [ -95.34359, 29.62075 ], [ -95.3416, 29.62097 ], [ -95.33157, 29.62096 ], [ -95.33156, 29.62852 ], [ -95.33133, 29.62925 ], [ -95.3313, 29.6296 ], [ -95.33137, 29.6376 ], [ -95.32907, 29.63758 ], [ -95.32909, 29.64901 ] ] ] } },
{ "type": "Feature", "properties": { "name": "BRAYS OAKS" }, "geometry": { "type": "Polygon", "coordinates": [ [ [ -95.49862, 29.66678 ], [ -95.50287, 29.66668 ], [ -95.50305, 29.6774 ], [ -95.50635, 29.6763 ], [ -95.51045, 29.67614 ], [ -95.51117, 29.67601 ], [ -95.51268, 29.67531 ], [ -95.51438, 29.67417 ], [ -95.51565, 29.67368 ], [ -95.51917, 29.67263 ], [ -95.52107, 29.67218 ], [ -95.52463, 29.67187 ], [ -95.52601, 29.67196 ], [ -95.52801, 29.67255 ], [ -95.52988, 29.67333 ], [ -95.53154, 29.6732 ], [ -95.53321, 29.67264 ], [ -95.53509, 29.67188 ], [ -95.5363, 29.67093 ], [ -95.53741, 29.66992 ], [ -95.5379, 29.66911 ], [ -95.53818, 29.6689 ], [ -95.53938, 29.66875 ], [ -95.53991, 29.66852 ], [ -95.54032, 29.66846 ], [ -95.54077, 29.66862 ], [ -95.54144, 29.66869 ], [ -95.5421, 29.6684 ], [ -95.5432, 29.66814 ], [ -95.54393, 29.66763 ], [ -95.54469, 29.66675 ], [ -95.54515, 29.66664 ], [ -95.54636, 29.66518 ], [ -95.5469, 29.66512 ], [ -95.54736, 29.66485 ], [ -95.54748, 29.66412 ], [ -95.54783, 29.66389 ], [ -95.54812, 29.66381 ], [ -95.54812, 29.66401 ], [ -95.54982, 29.66303 ], [ -95.5502, 29.66227 ], [ -95.55055, 29.66196 ], [ -95.55165, 29.66155 ], [ -95.55269, 29.66086 ], [ -95.55376, 29.66031 ], [ -95.55432, 29.65967 ], [ -95.5554, 29.65901 ], [ -95.55589, 29.65859 ], [ -95.55785, 29.66072 ], [ -95.56054, 29.65878 ], [ -95.57025, 29.64953 ], [ -95.56596, 29.64825 ], [ -95.56522, 29.64812 ], [ -95.55275, 29.64836 ], [ -95.5526, 29.64075 ], [ -95.53818, 29.64095 ], [ -95.53646, 29.64249 ], [ -95.52861, 29.6359 ], [ -95.52864, 29.63786 ], [ -95.52109, 29.63794 ], [ -95.52113, 29.64138 ], [ -95.50828, 29.64153 ], [ -95.5082, 29.63031 ], [ -95.49741, 29.63449 ], [ -95.49753, 29.64165 ], [ -95.49807, 29.64165 ], [ -95.49809, 29.64349 ], [ -95.49796, 29.64349 ], [ -95.49823, 29.6565 ], [ -95.49739, 29.6565 ], [ -95.49739, 29.65714 ], [ -95.49809, 29.65715 ], [ -95.49821, 29.66645 ], [ -95.49829, 29.66663 ], [ -95.49862, 29.66678 ] ] ] } },
{ "type": "Feature", "properties": { "name": "CENTRAL SOUTHWEST" }, "geometry": { "type": "Polygon", "coordinates": [ [ [ -95.38697, 29.61402 ], [ -95.38715, 29.64357 ], [ -95.38748, 29.65774 ], [ -95.38629, 29.66137 ], [ -95.38201, 29.67042 ], [ -95.38167, 29.6723 ], [ -95.38153, 29.67502 ], [ -95.39721, 29.67027 ], [ -95.39972, 29.66959 ], [ -95.42369, 29.66239 ], [ -95.43073, 29.66025 ], [ -95.43336, 29.65936 ], [ -95.43884, 29.65724 ], [ -95.44164, 29.65606 ], [ -95.44259, 29.65498 ], [ -95.45101, 29.65238 ], [ -95.4931, 29.63617 ], [ -95.49323, 29.63478 ], [ -95.49319, 29.63178 ], [ -95.49325, 29.63147 ], [ -95.4936, 29.63049 ], [ -95.49483, 29.62824 ], [ -95.49509, 29.62739 ], [ -95.49522, 29.62593 ], [ -95.49513, 29.62289 ], [ -95.49491, 29.62176 ], [ -95.49464, 29.62114 ], [ -95.49414, 29.6204 ], [ -95.49288, 29.61893 ], [ -95.49281, 29.61654 ], [ -95.49297, 29.61621 ], [ -95.49469, 29.61393 ], [ -95.48977, 29.61185 ], [ -95.48814, 29.61088 ], [ -95.48157, 29.60789 ], [ -95.47622, 29.60528 ], [ -95.46852, 29.60178 ], [ -95.46798, 29.60173 ], [ -95.4633, 29.59945 ], [ -95.46007, 29.59803 ], [ -95.45854, 29.59746 ], [ -95.45683, 29.59697 ], [ -95.45531, 29.59673 ], [ -95.45356, 29.59651 ], [ -95.45216, 29.59648 ], [ -95.44641, 29.5966 ], [ -95.44654, 29.60608 ], [ -95.42267, 29.60635 ], [ -95.42553, 29.59914 ], [ -95.38662, 29.5996 ], [ -95.38697, 29.61402 ] ] ] } },
{ "type": "Feature", "properties": { "name": "SUNNYSIDE" }, "geometry": { "type": "Polygon", "coordinates": [ [ [ -95.34189, 29.64666 ], [ -95.34241, 29.65145 ], [ -95.33881, 29.65174 ], [ -95.33891, 29.6573 ], [ -95.34356, 29.65726 ], [ -95.34366, 29.66305 ], [ -95.34897, 29.66298 ], [ -95.34898, 29.66484 ], [ -95.34851, 29.66684 ], [ -95.34896, 29.66686 ], [ -95.34754, 29.67072 ], [ -95.34913, 29.67119 ], [ -95.34727, 29.67597 ], [ -95.35262, 29.67753 ], [ -95.352, 29.67922 ], [ -95.35695, 29.68066 ], [ -95.35938, 29.68049 ], [ -95.36109, 29.68046 ], [ -95.36609, 29.68088 ], [ -95.36724, 29.68091 ], [ -95.38124, 29.68071 ], [ -95.38161, 29.67876 ], [ -95.38153, 29.67502 ], [ -95.38167, 29.6723 ], [ -95.38201, 29.67042 ], [ -95.38629, 29.66137 ], [ -95.38748, 29.65774 ], [ -95.38715, 29.64357 ], [ -95.38705, 29.62873 ], [ -95.38031, 29.62887 ], [ -95.38032, 29.62951 ], [ -95.37949, 29.62982 ], [ -95.37952, 29.63127 ], [ -95.37938, 29.63151 ], [ -95.37776, 29.63231 ], [ -95.37744, 29.63478 ], [ -95.37757, 29.63562 ], [ -95.37726, 29.63597 ], [ -95.37624, 29.63614 ], [ -95.37527, 29.63721 ], [ -95.37502, 29.63764 ], [ -95.37507, 29.6381 ], [ -95.3755, 29.63945 ], [ -95.37533, 29.64005 ], [ -95.37513, 29.64012 ], [ -95.37457, 29.63994 ], [ -95.3737, 29.64006 ], [ -95.37326, 29.6405 ], [ -95.37272, 29.64146 ], [ -95.37231, 29.64169 ], [ -95.37215, 29.64171 ], [ -95.37215, 29.6416 ], [ -95.37128, 29.64177 ], [ -95.37076, 29.64207 ], [ -95.37044, 29.6424 ], [ -95.37028, 29.64303 ], [ -95.36972, 29.64354 ], [ -95.369, 29.64389 ], [ -95.36821, 29.64401 ], [ -95.36701, 29.64408 ], [ -95.36681, 29.64539 ], [ -95.36668, 29.64554 ], [ -95.36573, 29.64616 ], [ -95.36533, 29.64625 ], [ -95.36419, 29.64613 ], [ -95.35976, 29.64702 ], [ -95.35932, 29.64758 ], [ -95.359, 29.64776 ], [ -95.35784, 29.64758 ], [ -95.35698, 29.64768 ], [ -95.35631, 29.64766 ], [ -95.35626, 29.64915 ], [ -95.35608, 29.64917 ], [ -95.35483, 29.64969 ], [ -95.35297, 29.6497 ], [ -95.35161, 29.64906 ], [ -95.35156, 29.64851 ], [ -95.34858, 29.64747 ], [ -95.34754, 29.64756 ], [ -95.34608, 29.64808 ], [ -95.34482, 29.64818 ], [ -95.34408, 29.64684 ], [ -95.34189, 29.64666 ] ] ] } },
{ "type": "Feature", "properties": { "name": "ALIEF" }, "geometry": { "type": "Polygon", "coordinates": [ [ [ -95.55699, 29.69232 ], [ -95.55704, 29.70052 ], [ -95.55728, 29.70451 ], [ -95.5572, 29.70687 ], [ -95.55734, 29.71795 ], [ -95.57148, 29.71685 ], [ -95.57238, 29.71677 ], [ -95.57238, 29.71665 ], [ -95.5858, 29.71558 ], [ -95.58661, 29.71542 ], [ -95.58775, 29.71498 ], [ -95.58808, 29.71493 ], [ -95.59219, 29.71488 ], [ -95.59227, 29.71497 ], [ -95.61997, 29.71272 ], [ -95.61979, 29.69224 ], [ -95.60846, 29.69228 ], [ -95.60832, 29.67951 ], [ -95.60985, 29.67541 ], [ -95.61435, 29.67539 ], [ -95.61455, 29.67454 ], [ -95.61565, 29.67144 ], [ -95.61656, 29.6717 ], [ -95.61712, 29.67208 ], [ -95.62057, 29.67203 ], [ -95.62051, 29.67056 ], [ -95.62316, 29.67052 ], [ -95.6229, 29.66238 ], [ -95.62301, 29.66209 ], [ -95.623, 29.66144 ], [ -95.62398, 29.66143 ], [ -95.62398, 29.66201 ], [ -95.62483, 29.662 ], [ -95.62485, 29.66264 ], [ -95.62579, 29.66263 ], [ -95.62576, 29.66107 ], [ -95.62498, 29.66107 ], [ -95.62498, 29.6612 ], [ -95.62406, 29.66125 ], [ -95.62403, 29.66001 ], [ -95.62299, 29.66003 ], [ -95.623, 29.66081 ], [ -95.61935, 29.66084 ], [ -95.61932, 29.66177 ], [ -95.59629, 29.66025 ], [ -95.57848, 29.652 ], [ -95.57025, 29.64953 ], [ -95.56054, 29.65878 ], [ -95.55785, 29.66072 ], [ -95.55777, 29.66206 ], [ -95.55856, 29.66293 ], [ -95.55951, 29.6646 ], [ -95.55984, 29.66591 ], [ -95.5602, 29.66853 ], [ -95.56047, 29.67323 ], [ -95.56045, 29.67445 ], [ -95.56025, 29.67582 ], [ -95.55734, 29.68945 ], [ -95.55699, 29.69232 ] ] ] } },
{ "type": "Feature", "properties": { "name": "PECAN PARK" }, "geometry": { "type": "Polygon", "coordinates": [ [ [ -95.26882, 29.70955 ], [ -95.27391, 29.71168 ], [ -95.27822, 29.71333 ], [ -95.2805, 29.71514 ], [ -95.28345, 29.71662 ], [ -95.28403, 29.71679 ], [ -95.29017, 29.71671 ], [ -95.2903, 29.71682 ], [ -95.29065, 29.71676 ], [ -95.30539, 29.70851 ], [ -95.30252, 29.70634 ], [ -95.30171, 29.70599 ], [ -95.29729, 29.70323 ], [ -95.29291, 29.70024 ], [ -95.29049, 29.69699 ], [ -95.28884, 29.69724 ], [ -95.28746, 29.69697 ], [ -95.28195, 29.69987 ], [ -95.2807, 29.7006 ], [ -95.27911, 29.70182 ], [ -95.27756, 29.70285 ], [ -95.2758, 29.70425 ], [ -95.27412, 29.70538 ], [ -95.27169, 29.70686 ], [ -95.26882, 29.70955 ] ] ] } },
{ "type": "Feature", "properties": { "name": "CLEAR LAKE" }, "geometry": { "type": "Polygon", "coordinates": [ [ [ -95.16203, 29.54227 ], [ -95.16493, 29.53961 ], [ -95.15413, 29.53058 ], [ -95.15396, 29.52365 ], [ -95.15359, 29.52338 ], [ -95.14301, 29.52447 ], [ -95.14291, 29.52453 ], [ -95.14421, 29.52593 ], [ -95.14092, 29.52829 ], [ -95.14221, 29.52966 ], [ -95.14288, 29.5307 ], [ -95.14363, 29.53232 ], [ -95.14406, 29.53402 ], [ -95.14414, 29.5346 ], [ -95.1441, 29.53509 ], [ -95.14375, 29.53654 ], [ -95.1431, 29.5378 ], [ -95.14239, 29.53872 ], [ -95.14301, 29.53884 ], [ -95.14353, 29.53915 ], [ -95.14499, 29.5388 ], [ -95.14508, 29.53918 ], [ -95.14422, 29.53942 ], [ -95.14408, 29.53957 ], [ -95.14423, 29.5401 ], [ -95.14425, 29.5405 ], [ -95.14387, 29.54144 ], [ -95.14385, 29.54188 ], [ -95.14409, 29.54235 ], [ -95.14606, 29.54439 ], [ -95.14531, 29.54492 ], [ -95.14276, 29.54229 ], [ -95.1424, 29.54206 ], [ -95.14186, 29.54197 ], [ -95.1408, 29.54215 ], [ -95.14017, 29.54201 ], [ -95.13867, 29.54503 ], [ -95.13345, 29.55481 ], [ -95.12829, 29.54928 ], [ -95.12786, 29.54959 ], [ -95.12629, 29.5502 ], [ -95.12409, 29.55054 ], [ -95.1222, 29.55049 ], [ -95.12028, 29.55122 ], [ -95.11888, 29.5515 ], [ -95.11812, 29.55148 ], [ -95.11713, 29.55214 ], [ -95.11592, 29.55264 ], [ -95.11509, 29.55283 ], [ -95.11385, 29.55301 ], [ -95.11204, 29.55299 ], [ -95.11021, 29.55262 ], [ -95.10875, 29.55196 ], [ -95.10724, 29.55181 ], [ -95.1059, 29.55149 ], [ -95.10517, 29.55121 ], [ -95.10388, 29.55053 ], [ -95.10288, 29.54975 ], [ -95.10229, 29.54912 ], [ -95.10133, 29.54778 ], [ -95.07812, 29.55537 ], [ -95.0773, 29.55581 ], [ -95.07658, 29.55644 ], [ -95.07621, 29.55694 ], [ -95.07527, 29.55857 ], [ -95.07553, 29.5587 ], [ -95.07545, 29.55884 ], [ -95.07647, 29.55924 ], [ -95.07689, 29.55952 ], [ -95.07758, 29.5602 ], [ -95.07801, 29.56077 ], [ -95.07979, 29.56715 ], [ -95.08077, 29.5713 ], [ -95.09768, 29.57822 ], [ -95.09688, 29.57972 ], [ -95.09819, 29.58026 ], [ -95.09838, 29.58016 ], [ -95.10058, 29.58024 ], [ -95.10099, 29.58037 ], [ -95.10132, 29.58077 ], [ -95.1014, 29.58174 ], [ -95.10171, 29.58242 ], [ -95.10217, 29.58292 ], [ -95.10319, 29.58364 ], [ -95.10245, 29.58502 ], [ -95.10213, 29.58608 ], [ -95.10206, 29.58704 ], [ -95.10223, 29.58865 ], [ -95.10218, 29.58967 ], [ -95.10304, 29.59041 ], [ -95.10361, 29.59104 ], [ -95.10507, 29.59297 ], [ -95.10613, 29.59487 ], [ -95.10687, 29.59682 ], [ -95.10724, 29.59823 ], [ -95.10744, 29.59977 ], [ -95.10796, 29.60797 ], [ -95.11327, 29.60776 ], [ -95.11383, 29.62211 ], [ -95.11605, 29.62254 ], [ -95.11727, 29.623 ], [ -95.11811, 29.6235 ], [ -95.11903, 29.6242 ], [ -95.11983, 29.62498 ], [ -95.12081, 29.62616 ], [ -95.12143, 29.62722 ], [ -95.12199, 29.6286 ], [ -95.12218, 29.63004 ], [ -95.12217, 29.63355 ], [ -95.13918, 29.63329 ], [ -95.13964, 29.63314 ], [ -95.14016, 29.63284 ], [ -95.14155, 29.63164 ], [ -95.14238, 29.63134 ], [ -95.15447, 29.63105 ], [ -95.15395, 29.62102 ], [ -95.15379, 29.61259 ], [ -95.14456, 29.61822 ], [ -95.14071, 29.61495 ], [ -95.15358, 29.60355 ], [ -95.15342, 29.59149 ], [ -95.16763, 29.59129 ], [ -95.16798, 29.59106 ], [ -95.16765, 29.59074 ], [ -95.18292, 29.57928 ], [ -95.18271, 29.5788 ], [ -95.18237, 29.57832 ], [ -95.182, 29.57732 ], [ -95.18162, 29.57707 ], [ -95.18167, 29.57627 ], [ -95.18148, 29.57596 ], [ -95.18106, 29.57565 ], [ -95.18119, 29.57461 ], [ -95.18157, 29.5742 ], [ -95.18193, 29.574 ], [ -95.18295, 29.57387 ], [ -95.18328, 29.57318 ], [ -95.18421, 29.57351 ], [ -95.18491, 29.57304 ], [ -95.18482, 29.57283 ], [ -95.18529, 29.57248 ], [ -95.18583, 29.5722 ], [ -95.1861, 29.57151 ], [ -95.18641, 29.57178 ], [ -95.18658, 29.57124 ], [ -95.18657, 29.5704 ], [ -95.18639, 29.56971 ], [ -95.18676, 29.56899 ], [ -95.18672, 29.56857 ], [ -95.18712, 29.56727 ], [ -95.18719, 29.56656 ], [ -95.18707, 29.5659 ], [ -95.1873, 29.56543 ], [ -95.18707, 29.56522 ], [ -95.18682, 29.56479 ], [ -95.1868, 29.56432 ], [ -95.188, 29.56387 ], [ -95.16384, 29.54378 ], [ -95.16379, 29.54389 ], [ -95.16381, 29.54375 ], [ -95.16203, 29.54227 ] ], [ [ -95.15516, 29.53715 ], [ -95.15433, 29.53737 ], [ -95.1543, 29.53577 ], [ -95.15516, 29.53715 ] ], [ [ -95.15524, 29.53742 ], [ -95.15579, 29.53908 ], [ -95.15911, 29.54178 ], [ -95.15801, 29.5428 ], [ -95.15436, 29.53979 ], [ -95.15434, 29.53765 ], [ -95.15524, 29.53742 ] ] ] } },
{ "type": "Feature", "properties": { "name": "WESTBURY" }, "geometry": { "type": "Polygon", "coordinates": [ [ [ -95.46375, 29.64746 ], [ -95.46408, 29.66344 ], [ -95.46402, 29.6643 ], [ -95.46378, 29.66532 ], [ -95.46309, 29.66729 ], [ -95.49866, 29.66687 ], [ -95.49829, 29.66663 ], [ -95.49821, 29.66645 ], [ -95.49809, 29.65715 ], [ -95.49739, 29.65714 ], [ -95.49739, 29.6565 ], [ -95.49823, 29.6565 ], [ -95.49796, 29.64349 ], [ -95.49809, 29.64349 ], [ -95.49807, 29.64165 ], [ -95.49753, 29.64165 ], [ -95.49741, 29.63449 ], [ -95.46375, 29.64746 ] ] ] } },
{ "type": "Feature", "properties": { "name": "NEAR SOUTHWEST" }, "geometry": { "type": "Polygon", "coordinates": [ [ [ -95.42771, 29.67758 ], [ -95.43373, 29.67896 ], [ -95.4352, 29.67922 ], [ -95.43748, 29.67945 ], [ -95.44702, 29.67937 ], [ -95.44718, 29.68739 ], [ -95.44785, 29.68732 ], [ -95.4488, 29.68694 ], [ -95.44963, 29.68614 ], [ -95.45022, 29.68513 ], [ -95.45082, 29.68443 ], [ -95.45221, 29.6834 ], [ -95.45459, 29.6819 ], [ -95.45574, 29.68139 ], [ -95.45674, 29.68121 ], [ -95.45773, 29.68124 ], [ -95.45863, 29.68138 ], [ -95.45824, 29.67976 ], [ -95.46188, 29.6707 ], [ -95.46378, 29.66532 ], [ -95.46402, 29.6643 ], [ -95.46408, 29.66344 ], [ -95.46375, 29.64746 ], [ -95.45101, 29.65238 ], [ -95.44259, 29.65498 ], [ -95.44164, 29.65606 ], [ -95.44157, 29.65955 ], [ -95.44119, 29.66031 ], [ -95.44066, 29.66109 ], [ -95.43776, 29.66485 ], [ -95.42771, 29.67758 ] ] ] } },
{ "type": "Feature", "properties": { "name": "BRAEBURN" }, "geometry": { "type": "Polygon", "coordinates": [ [ [ -95.49293, 29.69091 ], [ -95.49302, 29.69481 ], [ -95.52174, 29.68021 ], [ -95.52191, 29.69158 ], [ -95.52485, 29.6916 ], [ -95.52577, 29.69172 ], [ -95.52714, 29.69205 ], [ -95.52839, 29.69086 ], [ -95.52924, 29.68987 ], [ -95.53441, 29.68319 ], [ -95.53524, 29.68224 ], [ -95.53593, 29.6815 ], [ -95.5416, 29.67627 ], [ -95.54144, 29.67601 ], [ -95.5409, 29.67593 ], [ -95.53941, 29.67604 ], [ -95.53828, 29.67602 ], [ -95.53743, 29.67588 ], [ -95.53732, 29.67093 ], [ -95.5363, 29.67093 ], [ -95.53509, 29.67188 ], [ -95.53321, 29.67264 ], [ -95.53154, 29.6732 ], [ -95.52988, 29.67333 ], [ -95.52801, 29.67255 ], [ -95.52601, 29.67196 ], [ -95.52463, 29.67187 ], [ -95.52107, 29.67218 ], [ -95.51917, 29.67263 ], [ -95.51565, 29.67368 ], [ -95.51438, 29.67417 ], [ -95.51268, 29.67531 ], [ -95.51168, 29.67583 ], [ -95.51079, 29.6761 ], [ -95.50635, 29.6763 ], [ -95.50522, 29.67663 ], [ -95.50322, 29.67737 ], [ -95.49592, 29.67857 ], [ -95.49482, 29.67857 ], [ -95.49316, 29.67823 ], [ -95.49293, 29.67882 ], [ -95.49282, 29.67948 ], [ -95.49278, 29.68516 ], [ -95.49255, 29.68598 ], [ -95.49241, 29.68696 ], [ -95.49251, 29.68924 ], [ -95.49293, 29.69091 ] ] ] } },
{ "type": "Feature", "properties": { "name": "SOUTH MAIN" }, "geometry": { "type": "Polygon", "coordinates": [ [ [ -95.39721, 29.67027 ], [ -95.39315, 29.6804 ], [ -95.39622, 29.68035 ], [ -95.40711, 29.67816 ], [ -95.41231, 29.67795 ], [ -95.4126, 29.69072 ], [ -95.4127, 29.69165 ], [ -95.41309, 29.69278 ], [ -95.41494, 29.69225 ], [ -95.41665, 29.69141 ], [ -95.41787, 29.68998 ], [ -95.44066, 29.66109 ], [ -95.44119, 29.66031 ], [ -95.44157, 29.65955 ], [ -95.44164, 29.65606 ], [ -95.43884, 29.65724 ], [ -95.43336, 29.65936 ], [ -95.43073, 29.66025 ], [ -95.39972, 29.66959 ], [ -95.39721, 29.67027 ] ] ] } },
{ "type": "Feature", "properties": { "name": "SOUTH PARK" }, "geometry": { "type": "Polygon", "coordinates": [ [ [ -95.31492, 29.65501 ], [ -95.32593, 29.69183 ], [ -95.32759, 29.69097 ], [ -95.33532, 29.68733 ], [ -95.34919, 29.68319 ], [ -95.35059, 29.68263 ], [ -95.35253, 29.68166 ], [ -95.35363, 29.68126 ], [ -95.35577, 29.68079 ], [ -95.35695, 29.68066 ], [ -95.352, 29.67922 ], [ -95.35262, 29.67753 ], [ -95.34727, 29.67597 ], [ -95.34913, 29.67119 ], [ -95.34754, 29.67072 ], [ -95.34896, 29.66686 ], [ -95.34851, 29.66684 ], [ -95.34898, 29.66484 ], [ -95.34897, 29.66298 ], [ -95.34366, 29.66305 ], [ -95.34356, 29.65726 ], [ -95.33891, 29.6573 ], [ -95.33881, 29.65174 ], [ -95.34241, 29.65145 ], [ -95.34189, 29.64666 ], [ -95.3408, 29.64629 ], [ -95.34074, 29.64578 ], [ -95.33846, 29.64478 ], [ -95.338, 29.64482 ], [ -95.33724, 29.64554 ], [ -95.33638, 29.64613 ], [ -95.33514, 29.6458 ], [ -95.33415, 29.64669 ], [ -95.33343, 29.64683 ], [ -95.3323, 29.64675 ], [ -95.33172, 29.64708 ], [ -95.32969, 29.64947 ], [ -95.32969, 29.64845 ], [ -95.32937, 29.64868 ], [ -95.32903, 29.64908 ], [ -95.32905, 29.64994 ], [ -95.32874, 29.65009 ], [ -95.3273, 29.64982 ], [ -95.32697, 29.64986 ], [ -95.32644, 29.65023 ], [ -95.32507, 29.65086 ], [ -95.32408, 29.65092 ], [ -95.32407, 29.65052 ], [ -95.32358, 29.65037 ], [ -95.32312, 29.65047 ], [ -95.32076, 29.65054 ], [ -95.32007, 29.65066 ], [ -95.31883, 29.6513 ], [ -95.31752, 29.65236 ], [ -95.31727, 29.65263 ], [ -95.3171, 29.65298 ], [ -95.31694, 29.65375 ], [ -95.31664, 29.65416 ], [ -95.31631, 29.65445 ], [ -95.31544, 29.6549 ], [ -95.31492, 29.65501 ] ] ] } },
{ "type": "Feature", "properties": { "name": "ASTRODOME AREA" }, "geometry": { "type": "Polygon", "coordinates": [ [ [ -95.38206, 29.69982 ], [ -95.39306, 29.6976 ], [ -95.40082, 29.6957 ], [ -95.40233, 29.70245 ], [ -95.40287, 29.70227 ], [ -95.40456, 29.70225 ], [ -95.40532, 29.70204 ], [ -95.40734, 29.70079 ], [ -95.4077, 29.70047 ], [ -95.40812, 29.69998 ], [ -95.40878, 29.69867 ], [ -95.40908, 29.69833 ], [ -95.41007, 29.69762 ], [ -95.41064, 29.69736 ], [ -95.41099, 29.69728 ], [ -95.41161, 29.69726 ], [ -95.41209, 29.69736 ], [ -95.41632, 29.69206 ], [ -95.41665, 29.69141 ], [ -95.41494, 29.69225 ], [ -95.41309, 29.69278 ], [ -95.41282, 29.69213 ], [ -95.4126, 29.69072 ], [ -95.41231, 29.67795 ], [ -95.40711, 29.67816 ], [ -95.39622, 29.68035 ], [ -95.39315, 29.6804 ], [ -95.39721, 29.67027 ], [ -95.38153, 29.67502 ], [ -95.38161, 29.67876 ], [ -95.38124, 29.68071 ], [ -95.38042, 29.68293 ], [ -95.37745, 29.69259 ], [ -95.37709, 29.69449 ], [ -95.37499, 29.70111 ], [ -95.38206, 29.69982 ] ] ] } },
{ "type": "Feature", "properties": { "name": "GREATER OST / SOUTH UNION" }, "geometry": { "type": "Polygon", "coordinates": [ [ [ -95.32581, 29.69189 ], [ -95.32743, 29.6972 ], [ -95.3317, 29.71012 ], [ -95.33521, 29.70932 ], [ -95.33574, 29.70914 ], [ -95.34964, 29.70372 ], [ -95.35221, 29.70288 ], [ -95.35346, 29.70268 ], [ -95.35493, 29.70258 ], [ -95.37247, 29.70153 ], [ -95.37499, 29.70111 ], [ -95.37709, 29.69449 ], [ -95.37745, 29.69259 ], [ -95.38042, 29.68293 ], [ -95.38124, 29.68071 ], [ -95.36724, 29.68091 ], [ -95.36609, 29.68088 ], [ -95.36109, 29.68046 ], [ -95.35938, 29.68049 ], [ -95.35577, 29.68079 ], [ -95.35363, 29.68126 ], [ -95.35253, 29.68166 ], [ -95.35059, 29.68263 ], [ -95.34919, 29.68319 ], [ -95.33532, 29.68733 ], [ -95.32759, 29.69097 ], [ -95.32581, 29.69189 ] ] ] } },
{ "type": "Feature", "properties": { "name": "PARK PLACE" }, "geometry": { "type": "Polygon", "coordinates": [ [ [ -95.25636, 29.70769 ], [ -95.26172, 29.70844 ], [ -95.26703, 29.7095 ], [ -95.26882, 29.70955 ], [ -95.27169, 29.70686 ], [ -95.27412, 29.70538 ], [ -95.2758, 29.70425 ], [ -95.27756, 29.70285 ], [ -95.27911, 29.70182 ], [ -95.2807, 29.7006 ], [ -95.28195, 29.69987 ], [ -95.28746, 29.69697 ], [ -95.28551, 29.69372 ], [ -95.28406, 29.69197 ], [ -95.27261, 29.68054 ], [ -95.27209, 29.68096 ], [ -95.2713, 29.68055 ], [ -95.27093, 29.68063 ], [ -95.27075, 29.68053 ], [ -95.27058, 29.6806 ], [ -95.2703, 29.68057 ], [ -95.27004, 29.68067 ], [ -95.26903, 29.68263 ], [ -95.26854, 29.68304 ], [ -95.26806, 29.68329 ], [ -95.26799, 29.68345 ], [ -95.26803, 29.6837 ], [ -95.26843, 29.68435 ], [ -95.26849, 29.68528 ], [ -95.26917, 29.68544 ], [ -95.26944, 29.68559 ], [ -95.26983, 29.68607 ], [ -95.27013, 29.6861 ], [ -95.27056, 29.68594 ], [ -95.27091, 29.68613 ], [ -95.27104, 29.6863 ], [ -95.27136, 29.68733 ], [ -95.27149, 29.68745 ], [ -95.27212, 29.68766 ], [ -95.2723, 29.68783 ], [ -95.27232, 29.68822 ], [ -95.27217, 29.68847 ], [ -95.27184, 29.68865 ], [ -95.27128, 29.68872 ], [ -95.27088, 29.68888 ], [ -95.26939, 29.6902 ], [ -95.26893, 29.69038 ], [ -95.26877, 29.69038 ], [ -95.26878, 29.69031 ], [ -95.26848, 29.6901 ], [ -95.26799, 29.68876 ], [ -95.26781, 29.68862 ], [ -95.26754, 29.68862 ], [ -95.26729, 29.68874 ], [ -95.26716, 29.68891 ], [ -95.26689, 29.68988 ], [ -95.26675, 29.69008 ], [ -95.26608, 29.69066 ], [ -95.26565, 29.6908 ], [ -95.26506, 29.69076 ], [ -95.2646, 29.69051 ], [ -95.26452, 29.69027 ], [ -95.26454, 29.69011 ], [ -95.26494, 29.68965 ], [ -95.26488, 29.68947 ], [ -95.26461, 29.68927 ], [ -95.26415, 29.68904 ], [ -95.2636, 29.68889 ], [ -95.26254, 29.6889 ], [ -95.26219, 29.68916 ], [ -95.26195, 29.68971 ], [ -95.26146, 29.69008 ], [ -95.26094, 29.69022 ], [ -95.25967, 29.69033 ], [ -95.25938, 29.69049 ], [ -95.25846, 29.69136 ], [ -95.25763, 29.69171 ], [ -95.25685, 29.69184 ], [ -95.25607, 29.69247 ], [ -95.2555, 29.69318 ], [ -95.25567, 29.6938 ], [ -95.25609, 29.69408 ], [ -95.25731, 29.69395 ], [ -95.25762, 29.69402 ], [ -95.25807, 29.69442 ], [ -95.25866, 29.69443 ], [ -95.25932, 29.69419 ], [ -95.25974, 29.69419 ], [ -95.26008, 29.69441 ], [ -95.26099, 29.69548 ], [ -95.26138, 29.69569 ], [ -95.2622, 29.69591 ], [ -95.26282, 29.69621 ], [ -95.26302, 29.69654 ], [ -95.26296, 29.69702 ], [ -95.26269, 29.69735 ], [ -95.26192, 29.69787 ], [ -95.26181, 29.69807 ], [ -95.26182, 29.69829 ], [ -95.26199, 29.69857 ], [ -95.26224, 29.69874 ], [ -95.26204, 29.69891 ], [ -95.26235, 29.69919 ], [ -95.26313, 29.70027 ], [ -95.26422, 29.70128 ], [ -95.26444, 29.70161 ], [ -95.26458, 29.70204 ], [ -95.26451, 29.70264 ], [ -95.26423, 29.70331 ], [ -95.26304, 29.70425 ], [ -95.25985, 29.70541 ], [ -95.25909, 29.7058 ], [ -95.25786, 29.70666 ], [ -95.2577, 29.70648 ], [ -95.25759, 29.70658 ], [ -95.25707, 29.70659 ], [ -95.2571, 29.70697 ], [ -95.25666, 29.70728 ], [ -95.25636, 29.70769 ] ] ] } },
{ "type": "Feature", "properties": { "name": "MEADOWBROOK / ALLENDALE" }, "geometry": { "type": "Polygon", "coordinates": [ [ [ -95.2571, 29.66114 ], [ -95.25133, 29.65257 ], [ -95.24992, 29.65296 ], [ -95.24932, 29.65324 ], [ -95.2496, 29.66544 ], [ -95.24958, 29.67047 ], [ -95.24781, 29.67025 ], [ -95.23599, 29.67044 ], [ -95.23494, 29.67006 ], [ -95.23279, 29.67009 ], [ -95.23279, 29.66983 ], [ -95.22826, 29.66988 ], [ -95.22839, 29.67588 ], [ -95.22424, 29.67595 ], [ -95.22783, 29.68077 ], [ -95.2348, 29.69059 ], [ -95.22809, 29.69067 ], [ -95.22829, 29.70993 ], [ -95.22622, 29.71013 ], [ -95.22634, 29.71874 ], [ -95.22839, 29.71769 ], [ -95.22966, 29.71737 ], [ -95.2324, 29.71565 ], [ -95.2353, 29.71412 ], [ -95.23648, 29.71359 ], [ -95.23653, 29.71565 ], [ -95.23756, 29.715 ], [ -95.23855, 29.71388 ], [ -95.23923, 29.71333 ], [ -95.24008, 29.71286 ], [ -95.24102, 29.71257 ], [ -95.2507, 29.71142 ], [ -95.25192, 29.71155 ], [ -95.25501, 29.71256 ], [ -95.25486, 29.71123 ], [ -95.25497, 29.71075 ], [ -95.25526, 29.71026 ], [ -95.25535, 29.70995 ], [ -95.25534, 29.70932 ], [ -95.25545, 29.70896 ], [ -95.25573, 29.70837 ], [ -95.25666, 29.70728 ], [ -95.2571, 29.70697 ], [ -95.25707, 29.70659 ], [ -95.25759, 29.70658 ], [ -95.2577, 29.70648 ], [ -95.25786, 29.70666 ], [ -95.25909, 29.7058 ], [ -95.25985, 29.70541 ], [ -95.26304, 29.70425 ], [ -95.26423, 29.70331 ], [ -95.26449, 29.70272 ], [ -95.26458, 29.70212 ], [ -95.2645, 29.70177 ], [ -95.26431, 29.70141 ], [ -95.26287, 29.69997 ], [ -95.26235, 29.69919 ], [ -95.26204, 29.69891 ], [ -95.26224, 29.69874 ], [ -95.26199, 29.69857 ], [ -95.26182, 29.69829 ], [ -95.26181, 29.69807 ], [ -95.26192, 29.69787 ], [ -95.26269, 29.69735 ], [ -95.26296, 29.69702 ], [ -95.26302, 29.69654 ], [ -95.26282, 29.69621 ], [ -95.2622, 29.69591 ], [ -95.26138, 29.69569 ], [ -95.26099, 29.69548 ], [ -95.26008, 29.69441 ], [ -95.25974, 29.69419 ], [ -95.25932, 29.69419 ], [ -95.25866, 29.69443 ], [ -95.25807, 29.69442 ], [ -95.25762, 29.69402 ], [ -95.25731, 29.69395 ], [ -95.25609, 29.69408 ], [ -95.25567, 29.6938 ], [ -95.2555, 29.69318 ], [ -95.25607, 29.69247 ], [ -95.25685, 29.69184 ], [ -95.25763, 29.69171 ], [ -95.25846, 29.69136 ], [ -95.25938, 29.69049 ], [ -95.25967, 29.69033 ], [ -95.26094, 29.69022 ], [ -95.26146, 29.69008 ], [ -95.26195, 29.68971 ], [ -95.26219, 29.68916 ], [ -95.26254, 29.6889 ], [ -95.2636, 29.68889 ], [ -95.26415, 29.68904 ], [ -95.26461, 29.68927 ], [ -95.26488, 29.68947 ], [ -95.26494, 29.68965 ], [ -95.26454, 29.69011 ], [ -95.26452, 29.69027 ], [ -95.2646, 29.69051 ], [ -95.26506, 29.69076 ], [ -95.26565, 29.6908 ], [ -95.26608, 29.69066 ], [ -95.26675, 29.69008 ], [ -95.26689, 29.68988 ], [ -95.26716, 29.68891 ], [ -95.26729, 29.68874 ], [ -95.26754, 29.68862 ], [ -95.26781, 29.68862 ], [ -95.26799, 29.68876 ], [ -95.26848, 29.6901 ], [ -95.26878, 29.69031 ], [ -95.26877, 29.69038 ], [ -95.26893, 29.69038 ], [ -95.26939, 29.6902 ], [ -95.27088, 29.68888 ], [ -95.27128, 29.68872 ], [ -95.27192, 29.68862 ], [ -95.27225, 29.68837 ], [ -95.27232, 29.68822 ], [ -95.2723, 29.68783 ], [ -95.27212, 29.68766 ], [ -95.27149, 29.68745 ], [ -95.27136, 29.68733 ], [ -95.27104, 29.6863 ], [ -95.27091, 29.68613 ], [ -95.27056, 29.68594 ], [ -95.27013, 29.6861 ], [ -95.26983, 29.68607 ], [ -95.26944, 29.68559 ], [ -95.26917, 29.68544 ], [ -95.26849, 29.68528 ], [ -95.26843, 29.68435 ], [ -95.26803, 29.6837 ], [ -95.26799, 29.68345 ], [ -95.26813, 29.68323 ], [ -95.26854, 29.68304 ], [ -95.26903, 29.68263 ], [ -95.27004, 29.68067 ], [ -95.2703, 29.68057 ], [ -95.27058, 29.6806 ], [ -95.27075, 29.68053 ], [ -95.27093, 29.68063 ], [ -95.2713, 29.68055 ], [ -95.27209, 29.68096 ], [ -95.27261, 29.68054 ], [ -95.26815, 29.67585 ], [ -95.26626, 29.6741 ], [ -95.26431, 29.67193 ], [ -95.26277, 29.66986 ], [ -95.26039, 29.66633 ], [ -95.2571, 29.66114 ] ] ] } },
{ "type": "Feature", "properties": { "name": "MEDICAL CENTER AREA" }, "geometry": { "type": "Polygon", "coordinates": [ [ [ -95.38094, 29.71653 ], [ -95.38202, 29.71691 ], [ -95.38239, 29.71711 ], [ -95.38328, 29.71787 ], [ -95.38371, 29.71848 ], [ -95.38466, 29.72033 ], [ -95.39093, 29.72411 ], [ -95.41209, 29.69736 ], [ -95.41161, 29.69726 ], [ -95.41099, 29.69728 ], [ -95.41064, 29.69736 ], [ -95.41007, 29.69762 ], [ -95.40908, 29.69833 ], [ -95.40878, 29.69867 ], [ -95.40812, 29.69998 ], [ -95.4077, 29.70047 ], [ -95.40734, 29.70079 ], [ -95.40532, 29.70204 ], [ -95.40456, 29.70225 ], [ -95.40287, 29.70227 ], [ -95.40233, 29.70245 ], [ -95.40082, 29.6957 ], [ -95.39306, 29.6976 ], [ -95.38701, 29.69883 ], [ -95.38461, 29.70552 ], [ -95.38232, 29.71257 ], [ -95.38094, 29.71653 ] ] ] } },
{ "type": "Feature", "properties": { "name": "GULFTON" }, "geometry": { "type": "Polygon", "coordinates": [ [ [ -95.4603, 29.72601 ], [ -95.4603, 29.72856 ], [ -95.46655, 29.7266 ], [ -95.47281, 29.72587 ], [ -95.47636, 29.72592 ], [ -95.48784, 29.72574 ], [ -95.4891, 29.72525 ], [ -95.49143, 29.72378 ], [ -95.49188, 29.72323 ], [ -95.49914, 29.71676 ], [ -95.49421, 29.71241 ], [ -95.49388, 29.71198 ], [ -95.49322, 29.71077 ], [ -95.49312, 29.70928 ], [ -95.49295, 29.69502 ], [ -95.49301, 29.69453 ], [ -95.48453, 29.69466 ], [ -95.48459, 29.6992 ], [ -95.48042, 29.70128 ], [ -95.48038, 29.69835 ], [ -95.47408, 29.69839 ], [ -95.47414, 29.70446 ], [ -95.47625, 29.70339 ], [ -95.4763, 29.70743 ], [ -95.47253, 29.70746 ], [ -95.4726, 29.71291 ], [ -95.46803, 29.71297 ], [ -95.46812, 29.72023 ], [ -95.46399, 29.72027 ], [ -95.46403, 29.72565 ], [ -95.4603, 29.72601 ] ] ] } },
{ "type": "Feature", "properties": { "name": "MACGREGOR" }, "geometry": { "type": "Polygon", "coordinates": [ [ [ -95.33287, 29.71368 ], [ -95.33325, 29.71329 ], [ -95.33333, 29.71355 ], [ -95.33344, 29.71331 ], [ -95.33363, 29.71315 ], [ -95.33507, 29.71363 ], [ -95.33551, 29.71369 ], [ -95.33651, 29.71363 ], [ -95.33721, 29.71382 ], [ -95.33732, 29.714 ], [ -95.33739, 29.71462 ], [ -95.33799, 29.71479 ], [ -95.3382, 29.71494 ], [ -95.33856, 29.7149 ], [ -95.33909, 29.7143 ], [ -95.33959, 29.71479 ], [ -95.33989, 29.71528 ], [ -95.34012, 29.71588 ], [ -95.35259, 29.71965 ], [ -95.35347, 29.71742 ], [ -95.36382, 29.72057 ], [ -95.36405, 29.72 ], [ -95.37705, 29.72783 ], [ -95.38232, 29.71257 ], [ -95.38461, 29.70552 ], [ -95.38701, 29.69883 ], [ -95.38206, 29.69982 ], [ -95.37247, 29.70153 ], [ -95.35493, 29.70258 ], [ -95.35346, 29.70268 ], [ -95.35221, 29.70288 ], [ -95.34964, 29.70372 ], [ -95.33574, 29.70914 ], [ -95.33521, 29.70932 ], [ -95.3317, 29.71012 ], [ -95.33287, 29.71368 ] ] ] } },
{ "type": "Feature", "properties": { "name": "GULFGATE RIVERVIEW / PINE VALLEY" }, "geometry": { "type": "Polygon", "coordinates": [ [ [ -95.32845, 29.72263 ], [ -95.33771, 29.72857 ], [ -95.33691, 29.72584 ], [ -95.33365, 29.71603 ], [ -95.33379, 29.71588 ], [ -95.33334, 29.71461 ], [ -95.33312, 29.71443 ], [ -95.32743, 29.6972 ], [ -95.32581, 29.69189 ], [ -95.31616, 29.69629 ], [ -95.31506, 29.69669 ], [ -95.31405, 29.69692 ], [ -95.31238, 29.69716 ], [ -95.31096, 29.69709 ], [ -95.29801, 29.69549 ], [ -95.29628, 29.6954 ], [ -95.29531, 29.69545 ], [ -95.29404, 29.6958 ], [ -95.29049, 29.69699 ], [ -95.29291, 29.70024 ], [ -95.29729, 29.70323 ], [ -95.30171, 29.70599 ], [ -95.30252, 29.70634 ], [ -95.30539, 29.70851 ], [ -95.31319, 29.71377 ], [ -95.31915, 29.71757 ], [ -95.32546, 29.72079 ], [ -95.32845, 29.72263 ] ] ] } },
{ "type": "Feature", "properties": { "name": "HARRISBURG / MANCHESTER / SMITH ADDITION" }, "geometry": { "type": "Polygon", "coordinates": [ [ [ -95.25349, 29.72725 ], [ -95.25408, 29.72738 ], [ -95.25419, 29.72754 ], [ -95.25615, 29.72804 ], [ -95.25654, 29.72833 ], [ -95.25653, 29.72817 ], [ -95.25703, 29.7284 ], [ -95.25747, 29.7285 ], [ -95.25838, 29.72846 ], [ -95.25966, 29.72814 ], [ -95.26368, 29.72668 ], [ -95.26368, 29.72612 ], [ -95.26431, 29.72576 ], [ -95.2658, 29.72519 ], [ -95.26734, 29.72484 ], [ -95.26867, 29.72492 ], [ -95.27018, 29.7252 ], [ -95.27113, 29.72572 ], [ -95.27203, 29.72604 ], [ -95.27249, 29.72636 ], [ -95.27297, 29.72688 ], [ -95.27358, 29.72794 ], [ -95.27694, 29.72712 ], [ -95.27735, 29.72718 ], [ -95.27772, 29.72761 ], [ -95.27794, 29.72769 ], [ -95.27799, 29.72778 ], [ -95.27854, 29.72782 ], [ -95.27955, 29.72816 ], [ -95.28083, 29.7279 ], [ -95.28094, 29.72773 ], [ -95.28132, 29.72784 ], [ -95.28134, 29.72776 ], [ -95.28183, 29.72773 ], [ -95.28217, 29.72742 ], [ -95.28232, 29.72712 ], [ -95.28259, 29.7261 ], [ -95.28259, 29.72567 ], [ -95.28236, 29.72487 ], [ -95.28273, 29.72443 ], [ -95.28335, 29.72317 ], [ -95.28362, 29.72284 ], [ -95.28402, 29.72269 ], [ -95.28543, 29.72301 ], [ -95.28542, 29.72316 ], [ -95.28596, 29.7229 ], [ -95.28638, 29.72301 ], [ -95.28626, 29.72267 ], [ -95.28641, 29.72265 ], [ -95.28693, 29.72342 ], [ -95.2871, 29.72351 ], [ -95.28799, 29.72375 ], [ -95.28857, 29.72366 ], [ -95.28586, 29.71927 ], [ -95.2903, 29.71682 ], [ -95.29017, 29.71671 ], [ -95.28403, 29.71679 ], [ -95.28345, 29.71662 ], [ -95.2805, 29.71514 ], [ -95.27822, 29.71333 ], [ -95.27391, 29.71168 ], [ -95.26882, 29.70955 ], [ -95.26703, 29.7095 ], [ -95.26172, 29.70844 ], [ -95.25636, 29.70769 ], [ -95.25573, 29.70837 ], [ -95.25545, 29.70896 ], [ -95.25534, 29.70932 ], [ -95.25535, 29.70995 ], [ -95.25487, 29.71112 ], [ -95.25487, 29.71162 ], [ -95.25504, 29.71257 ], [ -95.25492, 29.71283 ], [ -95.25559, 29.71303 ], [ -95.25541, 29.71343 ], [ -95.25482, 29.71353 ], [ -95.25157, 29.71367 ], [ -95.25098, 29.71363 ], [ -95.24968, 29.71305 ], [ -95.24872, 29.71326 ], [ -95.24762, 29.71475 ], [ -95.24675, 29.71567 ], [ -95.24444, 29.71738 ], [ -95.24395, 29.71789 ], [ -95.24382, 29.71783 ], [ -95.2437, 29.71794 ], [ -95.24411, 29.72009 ], [ -95.24558, 29.72034 ], [ -95.24638, 29.72062 ], [ -95.24806, 29.72149 ], [ -95.24868, 29.72195 ], [ -95.24889, 29.72364 ], [ -95.24762, 29.72564 ], [ -95.24767, 29.72597 ], [ -95.24981, 29.72597 ], [ -95.24978, 29.72355 ], [ -95.24985, 29.72347 ], [ -95.25008, 29.72348 ], [ -95.25116, 29.72461 ], [ -95.25116, 29.72603 ], [ -95.25137, 29.72603 ], [ -95.25135, 29.7247 ], [ -95.25164, 29.72528 ], [ -95.25281, 29.7265 ], [ -95.25298, 29.72645 ], [ -95.25315, 29.72678 ], [ -95.25334, 29.72677 ], [ -95.25333, 29.72733 ], [ -95.25349, 29.72725 ] ] ] } },
{ "type": "Feature", "properties": { "name": "UNIVERSITY PLACE" }, "geometry": { "type": "Polygon", "coordinates": [ [ [ -95.38452, 29.73221 ], [ -95.38561, 29.73228 ], [ -95.3873, 29.73224 ], [ -95.39949, 29.73128 ], [ -95.40702, 29.73084 ], [ -95.41289, 29.73087 ], [ -95.41416, 29.73072 ], [ -95.41868, 29.73058 ], [ -95.41829, 29.70719 ], [ -95.41824, 29.69825 ], [ -95.41801, 29.69781 ], [ -95.41747, 29.69769 ], [ -95.4169, 29.69783 ], [ -95.41486, 29.69786 ], [ -95.4134, 29.69767 ], [ -95.41209, 29.69736 ], [ -95.38452, 29.73221 ] ] ] } },
{ "type": "Feature", "properties": { "name": "WESTCHASE" }, "geometry": { "type": "Polygon", "coordinates": [ [ [ -95.53908, 29.71944 ], [ -95.53928, 29.73524 ], [ -95.53942, 29.73524 ], [ -95.53944, 29.73718 ], [ -95.58861, 29.73652 ], [ -95.59259, 29.73633 ], [ -95.59227, 29.71497 ], [ -95.59219, 29.71488 ], [ -95.58808, 29.71493 ], [ -95.58775, 29.71498 ], [ -95.58661, 29.71542 ], [ -95.5858, 29.71558 ], [ -95.57238, 29.71665 ], [ -95.57238, 29.71677 ], [ -95.57148, 29.71685 ], [ -95.55811, 29.71787 ], [ -95.53908, 29.71944 ] ] ] } },
{ "type": "Feature", "properties": { "name": "MUSEUM PARK" }, "geometry": { "type": "Polygon", "coordinates": [ [ [ -95.37705, 29.72783 ], [ -95.37542, 29.73287 ], [ -95.38452, 29.73221 ], [ -95.39093, 29.72411 ], [ -95.38466, 29.72033 ], [ -95.38371, 29.71848 ], [ -95.38328, 29.71787 ], [ -95.38239, 29.71711 ], [ -95.38202, 29.71691 ], [ -95.38094, 29.71653 ], [ -95.37705, 29.72783 ] ] ] } },
{ "type": "Feature", "properties": { "name": "LAWNDALE / WAYSIDE" }, "geometry": { "type": "Polygon", "coordinates": [ [ [ -95.28586, 29.71927 ], [ -95.29155, 29.72848 ], [ -95.29228, 29.72932 ], [ -95.29318, 29.7301 ], [ -95.29328, 29.72999 ], [ -95.29447, 29.73076 ], [ -95.29585, 29.73137 ], [ -95.31252, 29.73662 ], [ -95.3125, 29.73668 ], [ -95.31446, 29.7373 ], [ -95.31561, 29.73579 ], [ -95.31772, 29.73366 ], [ -95.31818, 29.73299 ], [ -95.31933, 29.73186 ], [ -95.32046, 29.7305 ], [ -95.32268, 29.72825 ], [ -95.32293, 29.72814 ], [ -95.32476, 29.72634 ], [ -95.32845, 29.72263 ], [ -95.32546, 29.72079 ], [ -95.31915, 29.71757 ], [ -95.31319, 29.71377 ], [ -95.30539, 29.70851 ], [ -95.29065, 29.71676 ], [ -95.29012, 29.71689 ], [ -95.28586, 29.71927 ] ] ] } },
{ "type": "Feature", "properties": { "name": "GREENWAY / UPPER KIRBY AREA" }, "geometry": { "type": "Polygon", "coordinates": [ [ [ -95.4106, 29.73087 ], [ -95.41074, 29.7426 ], [ -95.42116, 29.74219 ], [ -95.43129, 29.74208 ], [ -95.43299, 29.74184 ], [ -95.43406, 29.74158 ], [ -95.43528, 29.7415 ], [ -95.44169, 29.74175 ], [ -95.44808, 29.74164 ], [ -95.44788, 29.72989 ], [ -95.44968, 29.73006 ], [ -95.45669, 29.73008 ], [ -95.46028, 29.72884 ], [ -95.46022, 29.72028 ], [ -95.45149, 29.7204 ], [ -95.45152, 29.72268 ], [ -95.44761, 29.72272 ], [ -95.44765, 29.72457 ], [ -95.44314, 29.7246 ], [ -95.44304, 29.72035 ], [ -95.43332, 29.72529 ], [ -95.41855, 29.72546 ], [ -95.41862, 29.72594 ], [ -95.41868, 29.73058 ], [ -95.41416, 29.73072 ], [ -95.41289, 29.73087 ], [ -95.4106, 29.73087 ] ] ] } },
{ "type": "Feature", "properties": { "name": "GREATER THIRD WARD" }, "geometry": { "type": "Polygon", "coordinates": [ [ [ -95.34463, 29.73371 ], [ -95.35539, 29.74072 ], [ -95.35807, 29.74265 ], [ -95.36145, 29.74421 ], [ -95.36278, 29.74444 ], [ -95.36436, 29.74207 ], [ -95.37154, 29.73325 ], [ -95.37542, 29.73287 ], [ -95.37705, 29.72783 ], [ -95.36405, 29.72 ], [ -95.36382, 29.72057 ], [ -95.35347, 29.71742 ], [ -95.35259, 29.71965 ], [ -95.34012, 29.71588 ], [ -95.33989, 29.71528 ], [ -95.33959, 29.71479 ], [ -95.33909, 29.7143 ], [ -95.33856, 29.7149 ], [ -95.3382, 29.71494 ], [ -95.33799, 29.71479 ], [ -95.33739, 29.71462 ], [ -95.33732, 29.714 ], [ -95.33721, 29.71382 ], [ -95.33651, 29.71363 ], [ -95.33551, 29.71369 ], [ -95.33507, 29.71363 ], [ -95.33363, 29.71315 ], [ -95.33344, 29.71331 ], [ -95.33333, 29.71355 ], [ -95.33325, 29.71329 ], [ -95.33287, 29.71368 ], [ -95.33312, 29.71443 ], [ -95.33334, 29.71461 ], [ -95.33379, 29.71588 ], [ -95.33365, 29.71603 ], [ -95.33691, 29.72584 ], [ -95.33771, 29.72857 ], [ -95.3409, 29.73075 ], [ -95.34463, 29.73371 ] ] ] } },
{ "type": "Feature", "properties": { "name": "MID WEST" }, "geometry": { "type": "Polygon", "coordinates": [ [ [ -95.53917, 29.75266 ], [ -95.53955, 29.75244 ], [ -95.53984, 29.75177 ], [ -95.53969, 29.75155 ], [ -95.53957, 29.74773 ], [ -95.53942, 29.73524 ], [ -95.53928, 29.73524 ], [ -95.53908, 29.71944 ], [ -95.52001, 29.72094 ], [ -95.49353, 29.72315 ], [ -95.49188, 29.72323 ], [ -95.49143, 29.72378 ], [ -95.4891, 29.72525 ], [ -95.48784, 29.72574 ], [ -95.47636, 29.72592 ], [ -95.47659, 29.73793 ], [ -95.50091, 29.73762 ], [ -95.50114, 29.75045 ], [ -95.50275, 29.75043 ], [ -95.50328, 29.75052 ], [ -95.50731, 29.75151 ], [ -95.50736, 29.75126 ], [ -95.50714, 29.75099 ], [ -95.50659, 29.75075 ], [ -95.50571, 29.75055 ], [ -95.50528, 29.75029 ], [ -95.50564, 29.74984 ], [ -95.50597, 29.74884 ], [ -95.50637, 29.74839 ], [ -95.50658, 29.74835 ], [ -95.50758, 29.74876 ], [ -95.50778, 29.74876 ], [ -95.50802, 29.74869 ], [ -95.50843, 29.74832 ], [ -95.50842, 29.74811 ], [ -95.50834, 29.74807 ], [ -95.50745, 29.74783 ], [ -95.507, 29.74778 ], [ -95.50683, 29.74752 ], [ -95.50674, 29.74723 ], [ -95.50681, 29.74706 ], [ -95.5077, 29.74621 ], [ -95.5081, 29.74608 ], [ -95.50921, 29.74634 ], [ -95.5102, 29.74575 ], [ -95.5113, 29.74568 ], [ -95.51174, 29.74546 ], [ -95.51213, 29.74539 ], [ -95.5123, 29.74522 ], [ -95.51243, 29.74483 ], [ -95.51237, 29.74453 ], [ -95.5122, 29.74421 ], [ -95.5122, 29.74401 ], [ -95.51239, 29.74379 ], [ -95.51271, 29.74365 ], [ -95.51293, 29.74366 ], [ -95.51319, 29.74382 ], [ -95.51367, 29.74449 ], [ -95.51397, 29.74477 ], [ -95.51433, 29.74487 ], [ -95.51505, 29.74452 ], [ -95.51585, 29.7439 ], [ -95.51643, 29.74329 ], [ -95.51723, 29.74357 ], [ -95.51731, 29.74378 ], [ -95.5176, 29.74371 ], [ -95.51814, 29.74271 ], [ -95.51835, 29.74257 ], [ -95.51859, 29.74263 ], [ -95.51906, 29.74326 ], [ -95.51979, 29.74324 ], [ -95.52069, 29.74218 ], [ -95.52321, 29.74217 ], [ -95.52322, 29.74298 ], [ -95.52676, 29.74295 ], [ -95.52675, 29.74323 ], [ -95.52708, 29.7433 ], [ -95.52711, 29.74352 ], [ -95.52741, 29.74363 ], [ -95.52731, 29.74372 ], [ -95.52734, 29.74378 ], [ -95.52761, 29.7438 ], [ -95.52761, 29.74398 ], [ -95.52782, 29.7441 ], [ -95.52822, 29.74461 ], [ -95.52852, 29.74484 ], [ -95.52853, 29.74538 ], [ -95.52815, 29.74541 ], [ -95.52817, 29.74556 ], [ -95.52826, 29.74557 ], [ -95.5286, 29.74593 ], [ -95.52938, 29.74577 ], [ -95.52989, 29.74614 ], [ -95.52997, 29.74637 ], [ -95.52986, 29.74698 ], [ -95.53022, 29.74706 ], [ -95.53092, 29.74705 ], [ -95.53118, 29.74719 ], [ -95.53158, 29.74691 ], [ -95.53187, 29.74714 ], [ -95.53221, 29.74755 ], [ -95.53238, 29.74805 ], [ -95.53229, 29.74852 ], [ -95.53179, 29.74939 ], [ -95.53182, 29.7496 ], [ -95.53198, 29.74979 ], [ -95.53216, 29.74986 ], [ -95.53244, 29.74984 ], [ -95.53349, 29.74936 ], [ -95.53397, 29.74962 ], [ -95.5347, 29.7503 ], [ -95.53603, 29.75124 ], [ -95.53638, 29.7514 ], [ -95.53689, 29.75148 ], [ -95.5374, 29.75143 ], [ -95.5378, 29.75155 ], [ -95.53802, 29.75218 ], [ -95.53829, 29.75247 ], [ -95.53879, 29.75276 ], [ -95.53917, 29.75266 ] ] ] } },
{ "type": "Feature", "properties": { "name": "GREATER EASTWOOD" }, "geometry": { "type": "Polygon", "coordinates": [ [ [ -95.31446, 29.7373 ], [ -95.34159, 29.74577 ], [ -95.34154, 29.74583 ], [ -95.34219, 29.7459 ], [ -95.34313, 29.7463 ], [ -95.34322, 29.74619 ], [ -95.3444, 29.7468 ], [ -95.34449, 29.74669 ], [ -95.34462, 29.74677 ], [ -95.34453, 29.74687 ], [ -95.34548, 29.7475 ], [ -95.34643, 29.74845 ], [ -95.34631, 29.74808 ], [ -95.3464, 29.74786 ], [ -95.3462, 29.74725 ], [ -95.34653, 29.74684 ], [ -95.34632, 29.74671 ], [ -95.34643, 29.74658 ], [ -95.34637, 29.74626 ], [ -95.34641, 29.74592 ], [ -95.34686, 29.74482 ], [ -95.34842, 29.74284 ], [ -95.3485, 29.74286 ], [ -95.34869, 29.74262 ], [ -95.3487, 29.74248 ], [ -95.34966, 29.74127 ], [ -95.35197, 29.7385 ], [ -95.34463, 29.73371 ], [ -95.3409, 29.73075 ], [ -95.33724, 29.72825 ], [ -95.32845, 29.72263 ], [ -95.32476, 29.72634 ], [ -95.32293, 29.72814 ], [ -95.32268, 29.72825 ], [ -95.32046, 29.7305 ], [ -95.31933, 29.73186 ], [ -95.31818, 29.73299 ], [ -95.31772, 29.73366 ], [ -95.31561, 29.73579 ], [ -95.31446, 29.7373 ] ] ] } },
{ "type": "Feature", "properties": { "name": "MIDTOWN" }, "geometry": { "type": "Polygon", "coordinates": [ [ [ -95.36278, 29.74444 ], [ -95.37338, 29.7508 ], [ -95.37415, 29.75167 ], [ -95.37453, 29.7526 ], [ -95.37466, 29.75338 ], [ -95.37463, 29.75404 ], [ -95.37862, 29.75395 ], [ -95.37866, 29.75207 ], [ -95.38129, 29.75205 ], [ -95.38129, 29.75142 ], [ -95.38217, 29.75142 ], [ -95.38216, 29.75026 ], [ -95.384, 29.75032 ], [ -95.38394, 29.74685 ], [ -95.3817, 29.7469 ], [ -95.38169, 29.74566 ], [ -95.38151, 29.74548 ], [ -95.38172, 29.74463 ], [ -95.38171, 29.74396 ], [ -95.38187, 29.74298 ], [ -95.38188, 29.73905 ], [ -95.38675, 29.73273 ], [ -95.3873, 29.73224 ], [ -95.38561, 29.73228 ], [ -95.38452, 29.73221 ], [ -95.37623, 29.73279 ], [ -95.37154, 29.73325 ], [ -95.36436, 29.74207 ], [ -95.36278, 29.74444 ] ] ] } },
{ "type": "Feature", "properties": { "name": "BRAESWOOD" }, "geometry": { "type": "Polygon", "coordinates": [ [ [ -95.44758, 29.7061 ], [ -95.44702, 29.67937 ], [ -95.43748, 29.67945 ], [ -95.4352, 29.67922 ], [ -95.43373, 29.67896 ], [ -95.42771, 29.67758 ], [ -95.41787, 29.68998 ], [ -95.41665, 29.69141 ], [ -95.41632, 29.69206 ], [ -95.41209, 29.69736 ], [ -95.4134, 29.69767 ], [ -95.41486, 29.69786 ], [ -95.4169, 29.69783 ], [ -95.41747, 29.69769 ], [ -95.41801, 29.69781 ], [ -95.41824, 29.69825 ], [ -95.41832, 29.70633 ], [ -95.43314, 29.70622 ], [ -95.43313, 29.70477 ], [ -95.44618, 29.70457 ], [ -95.44621, 29.7061 ], [ -95.44758, 29.7061 ] ] ] } },
{ "type": "Feature", "properties": { "name": "MEYERLAND AREA" }, "geometry": { "type": "Polygon", "coordinates": [ [ [ -95.50305, 29.6774 ], [ -95.50287, 29.66668 ], [ -95.49862, 29.66678 ], [ -95.49866, 29.66687 ], [ -95.46309, 29.66729 ], [ -95.46188, 29.6707 ], [ -95.45824, 29.67976 ], [ -95.45863, 29.68138 ], [ -95.45773, 29.68124 ], [ -95.45674, 29.68121 ], [ -95.45574, 29.68139 ], [ -95.45459, 29.6819 ], [ -95.45221, 29.6834 ], [ -95.45082, 29.68443 ], [ -95.45022, 29.68513 ], [ -95.44963, 29.68614 ], [ -95.4488, 29.68694 ], [ -95.44785, 29.68732 ], [ -95.44718, 29.68739 ], [ -95.44724, 29.69012 ], [ -95.44909, 29.69009 ], [ -95.45003, 29.68971 ], [ -95.45123, 29.68941 ], [ -95.45123, 29.69 ], [ -95.45177, 29.69015 ], [ -95.47592, 29.68992 ], [ -95.47594, 29.69111 ], [ -95.48449, 29.69104 ], [ -95.48453, 29.69466 ], [ -95.49301, 29.69453 ], [ -95.49293, 29.69091 ], [ -95.49251, 29.68924 ], [ -95.49241, 29.68696 ], [ -95.49255, 29.68598 ], [ -95.49278, 29.68516 ], [ -95.49282, 29.67948 ], [ -95.49293, 29.67882 ], [ -95.49316, 29.67823 ], [ -95.49482, 29.67857 ], [ -95.49592, 29.67857 ], [ -95.50305, 29.6774 ] ] ] } },
{ "type": "Feature", "properties": { "name": "EDGEBROOK AREA" }, "geometry": { "type": "Polygon", "coordinates": [ [ [ -95.25133, 29.65257 ], [ -95.24517, 29.64312 ], [ -95.24433, 29.64204 ], [ -95.24328, 29.64097 ], [ -95.22886, 29.62781 ], [ -95.22535, 29.62777 ], [ -95.2244, 29.62795 ], [ -95.22362, 29.62823 ], [ -95.22282, 29.62864 ], [ -95.21021, 29.63756 ], [ -95.20934, 29.63828 ], [ -95.20874, 29.63896 ], [ -95.20838, 29.6395 ], [ -95.20802, 29.64027 ], [ -95.20777, 29.64149 ], [ -95.20776, 29.64248 ], [ -95.20781, 29.64389 ], [ -95.20799, 29.64388 ], [ -95.20816, 29.65108 ], [ -95.21658, 29.65101 ], [ -95.21661, 29.65224 ], [ -95.21651, 29.6524 ], [ -95.21652, 29.65278 ], [ -95.2493, 29.65229 ], [ -95.24932, 29.65324 ], [ -95.24992, 29.65296 ], [ -95.25133, 29.65257 ] ] ] } },
{ "type": "Feature", "properties": { "name": "MAGNOLIA PARK" }, "geometry": { "type": "Polygon", "coordinates": [ [ [ -95.27532, 29.72752 ], [ -95.27588, 29.72895 ], [ -95.27692, 29.73307 ], [ -95.28008, 29.73953 ], [ -95.28332, 29.74348 ], [ -95.28461, 29.74475 ], [ -95.28646, 29.74805 ], [ -95.28824, 29.74959 ], [ -95.28875, 29.74991 ], [ -95.2894, 29.74982 ], [ -95.2911, 29.74848 ], [ -95.29233, 29.74787 ], [ -95.29302, 29.74741 ], [ -95.2946, 29.74728 ], [ -95.29591, 29.74735 ], [ -95.29655, 29.74758 ], [ -95.29669, 29.74813 ], [ -95.29655, 29.74876 ], [ -95.29621, 29.74924 ], [ -95.29516, 29.75029 ], [ -95.29491, 29.75069 ], [ -95.29483, 29.7513 ], [ -95.29505, 29.75171 ], [ -95.29736, 29.75412 ], [ -95.29783, 29.75428 ], [ -95.29828, 29.75428 ], [ -95.29876, 29.75406 ], [ -95.30016, 29.75284 ], [ -95.30091, 29.75279 ], [ -95.30166, 29.75302 ], [ -95.30212, 29.75334 ], [ -95.30287, 29.75403 ], [ -95.30959, 29.74408 ], [ -95.30958, 29.74389 ], [ -95.31152, 29.74105 ], [ -95.31171, 29.74088 ], [ -95.31217, 29.73977 ], [ -95.31266, 29.73972 ], [ -95.31446, 29.7373 ], [ -95.3125, 29.73668 ], [ -95.31252, 29.73662 ], [ -95.29585, 29.73137 ], [ -95.29447, 29.73076 ], [ -95.29328, 29.72999 ], [ -95.29318, 29.7301 ], [ -95.29228, 29.72932 ], [ -95.29155, 29.72848 ], [ -95.28857, 29.72366 ], [ -95.28799, 29.72375 ], [ -95.2871, 29.72351 ], [ -95.28693, 29.72342 ], [ -95.28641, 29.72265 ], [ -95.28626, 29.72267 ], [ -95.28638, 29.72301 ], [ -95.28596, 29.7229 ], [ -95.28542, 29.72316 ], [ -95.28543, 29.72301 ], [ -95.28402, 29.72269 ], [ -95.28362, 29.72284 ], [ -95.28335, 29.72317 ], [ -95.28273, 29.72443 ], [ -95.28236, 29.72487 ], [ -95.28259, 29.72567 ], [ -95.28259, 29.7261 ], [ -95.28232, 29.72712 ], [ -95.28217, 29.72742 ], [ -95.28183, 29.72773 ], [ -95.28134, 29.72776 ], [ -95.28132, 29.72784 ], [ -95.28094, 29.72773 ], [ -95.28083, 29.7279 ], [ -95.27955, 29.72816 ], [ -95.27854, 29.72782 ], [ -95.27799, 29.72778 ], [ -95.27794, 29.72769 ], [ -95.27772, 29.72761 ], [ -95.27735, 29.72718 ], [ -95.27694, 29.72712 ], [ -95.27532, 29.72752 ] ] ] } },
{ "type": "Feature", "properties": { "name": "AFTON OAKS / RIVER OAKS AREA" }, "geometry": { "type": "Polygon", "coordinates": [ [ [ -95.41638, 29.75971 ], [ -95.41629, 29.75961 ], [ -95.41631, 29.75949 ], [ -95.41692, 29.75855 ], [ -95.41745, 29.75839 ], [ -95.41818, 29.75757 ], [ -95.41856, 29.75761 ], [ -95.41887, 29.75805 ], [ -95.41951, 29.75819 ], [ -95.41955, 29.75824 ], [ -95.41931, 29.75862 ], [ -95.4195, 29.75882 ], [ -95.42024, 29.7593 ], [ -95.42043, 29.75932 ], [ -95.42084, 29.75875 ], [ -95.42136, 29.75825 ], [ -95.42165, 29.75771 ], [ -95.42179, 29.75757 ], [ -95.42239, 29.75736 ], [ -95.42275, 29.75749 ], [ -95.42316, 29.75821 ], [ -95.42362, 29.75839 ], [ -95.42394, 29.75844 ], [ -95.42415, 29.75837 ], [ -95.42449, 29.75803 ], [ -95.42456, 29.75729 ], [ -95.42474, 29.7568 ], [ -95.42521, 29.75657 ], [ -95.42543, 29.75668 ], [ -95.42577, 29.75745 ], [ -95.42578, 29.75771 ], [ -95.42649, 29.75824 ], [ -95.42686, 29.75863 ], [ -95.42712, 29.75873 ], [ -95.42728, 29.75897 ], [ -95.42719, 29.75923 ], [ -95.42721, 29.75985 ], [ -95.42761, 29.76044 ], [ -95.42787, 29.76059 ], [ -95.42888, 29.76074 ], [ -95.42915, 29.76067 ], [ -95.42935, 29.76049 ], [ -95.42938, 29.7602 ], [ -95.42868, 29.75964 ], [ -95.42852, 29.75915 ], [ -95.42854, 29.75894 ], [ -95.42886, 29.7585 ], [ -95.4294, 29.75829 ], [ -95.43006, 29.75837 ], [ -95.43086, 29.75863 ], [ -95.43125, 29.75892 ], [ -95.4321, 29.75986 ], [ -95.43234, 29.76 ], [ -95.43297, 29.76018 ], [ -95.43345, 29.76015 ], [ -95.43363, 29.75996 ], [ -95.43363, 29.75976 ], [ -95.43336, 29.75943 ], [ -95.43308, 29.75845 ], [ -95.43343, 29.75789 ], [ -95.43361, 29.75772 ], [ -95.43409, 29.75748 ], [ -95.43429, 29.75763 ], [ -95.43449, 29.75764 ], [ -95.43448, 29.75784 ], [ -95.43582, 29.75813 ], [ -95.43669, 29.75864 ], [ -95.43736, 29.75893 ], [ -95.43818, 29.75948 ], [ -95.43858, 29.75955 ], [ -95.43894, 29.75933 ], [ -95.43912, 29.7588 ], [ -95.43878, 29.75828 ], [ -95.43866, 29.75823 ], [ -95.43799, 29.75746 ], [ -95.43801, 29.75702 ], [ -95.43832, 29.75689 ], [ -95.43864, 29.75692 ], [ -95.43902, 29.75707 ], [ -95.43958, 29.75709 ], [ -95.44004, 29.75687 ], [ -95.44012, 29.75676 ], [ -95.44017, 29.75592 ], [ -95.44042, 29.75566 ], [ -95.44104, 29.75529 ], [ -95.44118, 29.75502 ], [ -95.44138, 29.75426 ], [ -95.44176, 29.75388 ], [ -95.44276, 29.7535 ], [ -95.4435, 29.75394 ], [ -95.4439, 29.75407 ], [ -95.44488, 29.75408 ], [ -95.44616, 29.75387 ], [ -95.4464, 29.75428 ], [ -95.44651, 29.75505 ], [ -95.44674, 29.75529 ], [ -95.44765, 29.75569 ], [ -95.44826, 29.7561 ], [ -95.44862, 29.75613 ], [ -95.44862, 29.75619 ], [ -95.45007, 29.75619 ], [ -95.45047, 29.75627 ], [ -95.45085, 29.75646 ], [ -95.45143, 29.757 ], [ -95.45282, 29.75732 ], [ -95.45308, 29.75745 ], [ -95.4531, 29.75766 ], [ -95.45273, 29.75833 ], [ -95.45275, 29.75853 ], [ -95.45294, 29.75888 ], [ -95.45469, 29.75981 ], [ -95.45557, 29.75999 ], [ -95.4556, 29.75454 ], [ -95.45553, 29.75257 ], [ -95.45572, 29.75119 ], [ -95.45595, 29.75005 ], [ -95.4582, 29.74107 ], [ -95.45846, 29.73976 ], [ -95.45869, 29.73798 ], [ -95.45932, 29.73529 ], [ -95.46007, 29.7313 ], [ -95.46028, 29.72884 ], [ -95.45669, 29.73008 ], [ -95.44968, 29.73006 ], [ -95.44788, 29.72989 ], [ -95.44808, 29.74164 ], [ -95.44169, 29.74175 ], [ -95.43528, 29.7415 ], [ -95.43406, 29.74158 ], [ -95.43299, 29.74184 ], [ -95.43129, 29.74208 ], [ -95.42116, 29.74219 ], [ -95.41074, 29.7426 ], [ -95.41076, 29.7438 ], [ -95.41065, 29.74435 ], [ -95.41074, 29.75456 ], [ -95.41055, 29.75502 ], [ -95.40914, 29.75559 ], [ -95.40884, 29.75577 ], [ -95.40846, 29.75623 ], [ -95.40851, 29.75923 ], [ -95.40869, 29.76056 ], [ -95.40912, 29.76068 ], [ -95.4116, 29.76193 ], [ -95.41299, 29.76238 ], [ -95.41331, 29.76236 ], [ -95.41318, 29.76085 ], [ -95.41327, 29.76 ], [ -95.4136, 29.76007 ], [ -95.41394, 29.75987 ], [ -95.41432, 29.75986 ], [ -95.41475, 29.7599 ], [ -95.41543, 29.76014 ], [ -95.41587, 29.7602 ], [ -95.41611, 29.76009 ], [ -95.41638, 29.75971 ] ] ] } },
{ "type": "Feature", "properties": { "name": "BRIAR FOREST" }, "geometry": { "type": "Polygon", "coordinates": [ [ [ -95.56115, 29.76177 ], [ -95.56308, 29.762 ], [ -95.56872, 29.76196 ], [ -95.56941, 29.76201 ], [ -95.56993, 29.76215 ], [ -95.57139, 29.76296 ], [ -95.57707, 29.76651 ], [ -95.57777, 29.76689 ], [ -95.57851, 29.76702 ], [ -95.57962, 29.76664 ], [ -95.58053, 29.76594 ], [ -95.58085, 29.76581 ], [ -95.58182, 29.76577 ], [ -95.58252, 29.76588 ], [ -95.58383, 29.76592 ], [ -95.5844, 29.76585 ], [ -95.58543, 29.76539 ], [ -95.58592, 29.76501 ], [ -95.5862, 29.76468 ], [ -95.58824, 29.76081 ], [ -95.58886, 29.76018 ], [ -95.58955, 29.7598 ], [ -95.59021, 29.75959 ], [ -95.59427, 29.75927 ], [ -95.59504, 29.75935 ], [ -95.60212, 29.76193 ], [ -95.60618, 29.7619 ], [ -95.6062, 29.75812 ], [ -95.60586, 29.73617 ], [ -95.59259, 29.73633 ], [ -95.58861, 29.73652 ], [ -95.53944, 29.73718 ], [ -95.53957, 29.74773 ], [ -95.53969, 29.75155 ], [ -95.53984, 29.75177 ], [ -95.54012, 29.75163 ], [ -95.54073, 29.75182 ], [ -95.54199, 29.75173 ], [ -95.54224, 29.75208 ], [ -95.54225, 29.75226 ], [ -95.54214, 29.75245 ], [ -95.54215, 29.75285 ], [ -95.54292, 29.75322 ], [ -95.5433, 29.75328 ], [ -95.54422, 29.75317 ], [ -95.54585, 29.75316 ], [ -95.54601, 29.75337 ], [ -95.54505, 29.75455 ], [ -95.54501, 29.75469 ], [ -95.54509, 29.75492 ], [ -95.54547, 29.75542 ], [ -95.54598, 29.75577 ], [ -95.54661, 29.75643 ], [ -95.54731, 29.75697 ], [ -95.54814, 29.75729 ], [ -95.54835, 29.75745 ], [ -95.54834, 29.7576 ], [ -95.54784, 29.75854 ], [ -95.54781, 29.75894 ], [ -95.54789, 29.75908 ], [ -95.54832, 29.75918 ], [ -95.54909, 29.75917 ], [ -95.54932, 29.75928 ], [ -95.55015, 29.76024 ], [ -95.55083, 29.76075 ], [ -95.55146, 29.76085 ], [ -95.55261, 29.76061 ], [ -95.55265, 29.76051 ], [ -95.55238, 29.76004 ], [ -95.55257, 29.75978 ], [ -95.55435, 29.75925 ], [ -95.55457, 29.75931 ], [ -95.55474, 29.75949 ], [ -95.55442, 29.76095 ], [ -95.55465, 29.76115 ], [ -95.55573, 29.7614 ], [ -95.55585, 29.76158 ], [ -95.55583, 29.76217 ], [ -95.5559, 29.7623 ], [ -95.55691, 29.7625 ], [ -95.55747, 29.76231 ], [ -95.55833, 29.76226 ], [ -95.559, 29.76165 ], [ -95.55908, 29.76106 ], [ -95.55924, 29.76093 ], [ -95.55978, 29.76075 ], [ -95.55998, 29.7608 ], [ -95.56023, 29.76124 ], [ -95.56115, 29.76177 ] ] ] } },
{ "type": "Feature", "properties": { "name": "NEARTOWN - MONTROSE" }, "geometry": { "type": "Polygon", "coordinates": [ [ [ -95.40869, 29.76056 ], [ -95.40851, 29.75923 ], [ -95.40846, 29.75623 ], [ -95.40884, 29.75577 ], [ -95.40914, 29.75559 ], [ -95.41055, 29.75502 ], [ -95.41074, 29.75456 ], [ -95.41065, 29.74435 ], [ -95.41076, 29.74352 ], [ -95.4106, 29.73087 ], [ -95.40702, 29.73084 ], [ -95.40355, 29.73104 ], [ -95.39251, 29.73179 ], [ -95.3873, 29.73224 ], [ -95.38675, 29.73273 ], [ -95.38188, 29.73905 ], [ -95.38187, 29.74298 ], [ -95.38171, 29.74396 ], [ -95.38172, 29.74463 ], [ -95.38151, 29.74548 ], [ -95.38169, 29.74566 ], [ -95.3817, 29.7469 ], [ -95.38394, 29.74685 ], [ -95.384, 29.75032 ], [ -95.38572, 29.75028 ], [ -95.38576, 29.75344 ], [ -95.38567, 29.75357 ], [ -95.38572, 29.75763 ], [ -95.38581, 29.75809 ], [ -95.38575, 29.7591 ], [ -95.38581, 29.76158 ], [ -95.38791, 29.7616 ], [ -95.39094, 29.76248 ], [ -95.39191, 29.76259 ], [ -95.39319, 29.76255 ], [ -95.39457, 29.76288 ], [ -95.39566, 29.76294 ], [ -95.39629, 29.76277 ], [ -95.3968, 29.76245 ], [ -95.39748, 29.76219 ], [ -95.39838, 29.76209 ], [ -95.39866, 29.76188 ], [ -95.39912, 29.76178 ], [ -95.40017, 29.76199 ], [ -95.40098, 29.76199 ], [ -95.40188, 29.7618 ], [ -95.40328, 29.7611 ], [ -95.40406, 29.76088 ], [ -95.40545, 29.76091 ], [ -95.40665, 29.76083 ], [ -95.40737, 29.76071 ], [ -95.40806, 29.76043 ], [ -95.40869, 29.76056 ] ] ] } },
{ "type": "Feature", "properties": { "name": "MEMORIAL" }, "geometry": { "type": "Polygon", "coordinates": [ [ [ -95.66648, 29.78489 ], [ -95.66648, 29.78286 ], [ -95.64818, 29.78291 ], [ -95.64584, 29.78086 ], [ -95.64551, 29.77158 ], [ -95.64515, 29.77082 ], [ -95.64416, 29.76958 ], [ -95.64038, 29.76893 ], [ -95.63462, 29.77063 ], [ -95.63408, 29.77107 ], [ -95.63349, 29.7732 ], [ -95.63312, 29.77362 ], [ -95.63277, 29.77384 ], [ -95.63203, 29.77393 ], [ -95.62568, 29.77369 ], [ -95.62479, 29.77343 ], [ -95.61881, 29.76995 ], [ -95.61846, 29.76943 ], [ -95.61854, 29.76865 ], [ -95.61923, 29.76492 ], [ -95.61907, 29.76434 ], [ -95.61853, 29.7637 ], [ -95.61236, 29.7607 ], [ -95.61163, 29.76065 ], [ -95.60804, 29.76168 ], [ -95.60618, 29.7619 ], [ -95.60212, 29.76193 ], [ -95.59504, 29.75935 ], [ -95.59427, 29.75927 ], [ -95.59021, 29.75959 ], [ -95.58955, 29.7598 ], [ -95.58886, 29.76018 ], [ -95.58824, 29.76081 ], [ -95.5862, 29.76468 ], [ -95.58592, 29.76501 ], [ -95.58543, 29.76539 ], [ -95.5844, 29.76585 ], [ -95.58383, 29.76592 ], [ -95.58252, 29.76588 ], [ -95.58182, 29.76577 ], [ -95.58085, 29.76581 ], [ -95.58053, 29.76594 ], [ -95.57962, 29.76664 ], [ -95.57851, 29.76702 ], [ -95.57777, 29.76689 ], [ -95.57707, 29.76651 ], [ -95.57058, 29.76249 ], [ -95.56993, 29.76215 ], [ -95.56941, 29.76201 ], [ -95.56727, 29.76195 ], [ -95.56308, 29.762 ], [ -95.56241, 29.76194 ], [ -95.56115, 29.76177 ], [ -95.56023, 29.76124 ], [ -95.55998, 29.7608 ], [ -95.55978, 29.76075 ], [ -95.55924, 29.76093 ], [ -95.55908, 29.76106 ], [ -95.559, 29.76165 ], [ -95.55833, 29.76226 ], [ -95.55747, 29.76231 ], [ -95.55691, 29.7625 ], [ -95.5559, 29.7623 ], [ -95.55583, 29.76217 ], [ -95.55585, 29.76158 ], [ -95.55573, 29.7614 ], [ -95.55465, 29.76115 ], [ -95.55442, 29.76095 ], [ -95.55474, 29.75949 ], [ -95.55457, 29.75931 ], [ -95.55435, 29.75925 ], [ -95.55257, 29.75978 ], [ -95.55238, 29.76004 ], [ -95.55265, 29.76051 ], [ -95.55261, 29.76061 ], [ -95.55146, 29.76085 ], [ -95.55083, 29.76075 ], [ -95.55015, 29.76024 ], [ -95.54932, 29.75928 ], [ -95.54909, 29.75917 ], [ -95.54832, 29.75918 ], [ -95.54789, 29.75908 ], [ -95.54781, 29.75894 ], [ -95.54784, 29.75854 ], [ -95.54834, 29.7576 ], [ -95.54835, 29.75745 ], [ -95.54814, 29.75729 ], [ -95.54731, 29.75697 ], [ -95.54661, 29.75643 ], [ -95.54598, 29.75577 ], [ -95.54547, 29.75542 ], [ -95.54509, 29.75492 ], [ -95.54501, 29.75469 ], [ -95.54505, 29.75455 ], [ -95.54601, 29.75337 ], [ -95.54585, 29.75316 ], [ -95.54422, 29.75317 ], [ -95.5433, 29.75328 ], [ -95.54292, 29.75322 ], [ -95.54215, 29.75285 ], [ -95.54214, 29.75245 ], [ -95.54225, 29.75226 ], [ -95.54224, 29.75208 ], [ -95.54199, 29.75173 ], [ -95.54073, 29.75182 ], [ -95.54012, 29.75163 ], [ -95.53984, 29.75177 ], [ -95.53968, 29.75226 ], [ -95.53945, 29.75254 ], [ -95.53879, 29.75276 ], [ -95.53809, 29.75229 ], [ -95.5378, 29.75155 ], [ -95.5374, 29.75143 ], [ -95.53689, 29.75148 ], [ -95.53638, 29.7514 ], [ -95.53603, 29.75124 ], [ -95.5347, 29.7503 ], [ -95.53397, 29.74962 ], [ -95.53349, 29.74936 ], [ -95.53244, 29.74984 ], [ -95.53207, 29.74983 ], [ -95.53186, 29.74968 ], [ -95.53179, 29.74946 ], [ -95.53235, 29.7483 ], [ -95.53235, 29.74792 ], [ -95.53216, 29.74747 ], [ -95.53158, 29.74691 ], [ -95.53118, 29.74719 ], [ -95.53092, 29.74705 ], [ -95.53022, 29.74706 ], [ -95.52986, 29.74698 ], [ -95.52997, 29.74637 ], [ -95.52989, 29.74614 ], [ -95.52938, 29.74577 ], [ -95.5286, 29.74593 ], [ -95.52796, 29.74645 ], [ -95.52689, 29.74661 ], [ -95.52647, 29.74674 ], [ -95.526, 29.74701 ], [ -95.52592, 29.74713 ], [ -95.52598, 29.75409 ], [ -95.52964, 29.75411 ], [ -95.52973, 29.75879 ], [ -95.53005, 29.75906 ], [ -95.5379, 29.75898 ], [ -95.54642, 29.75903 ], [ -95.54642, 29.76516 ], [ -95.54052, 29.76523 ], [ -95.54045, 29.76514 ], [ -95.53986, 29.76541 ], [ -95.53994, 29.77575 ], [ -95.5379, 29.77576 ], [ -95.53787, 29.77321 ], [ -95.53147, 29.77329 ], [ -95.53168, 29.78407 ], [ -95.54403, 29.78421 ], [ -95.62383, 29.78468 ], [ -95.63811, 29.78463 ], [ -95.66648, 29.78489 ] ] ] } },
{ "type": "Feature", "properties": { "name": "SPRING BRANCH WEST" }, "geometry": { "type": "Polygon", "coordinates": [ [ [ -95.53959, 29.81265 ], [ -95.54055, 29.81273 ], [ -95.56367, 29.81268 ], [ -95.56382, 29.83194 ], [ -95.57544, 29.83183 ], [ -95.5756, 29.817 ], [ -95.57526, 29.81701 ], [ -95.57522, 29.81008 ], [ -95.57598, 29.8073 ], [ -95.58112, 29.79897 ], [ -95.58112, 29.79854 ], [ -95.58553, 29.79146 ], [ -95.58883, 29.79005 ], [ -95.59432, 29.79009 ], [ -95.59432, 29.78994 ], [ -95.5949, 29.78994 ], [ -95.61709, 29.79007 ], [ -95.6171, 29.79029 ], [ -95.61882, 29.79031 ], [ -95.61882, 29.79007 ], [ -95.62384, 29.79007 ], [ -95.62383, 29.78468 ], [ -95.54403, 29.78421 ], [ -95.53168, 29.78407 ], [ -95.53168, 29.78375 ], [ -95.52135, 29.78369 ], [ -95.52129, 29.78514 ], [ -95.52178, 29.78751 ], [ -95.52177, 29.79204 ], [ -95.52184, 29.79247 ], [ -95.52204, 29.79298 ], [ -95.52321, 29.79504 ], [ -95.52336, 29.79651 ], [ -95.52412, 29.79845 ], [ -95.52421, 29.79898 ], [ -95.52438, 29.80659 ], [ -95.53954, 29.80638 ], [ -95.53959, 29.81265 ] ] ] } },
{ "type": "Feature", "properties": { "name": "ADDICKS PARK TEN" }, "geometry": { "type": "Polygon", "coordinates": [ [ [ -95.70509, 29.79187 ], [ -95.70512, 29.79064 ], [ -95.69497, 29.79057 ], [ -95.6949, 29.78537 ], [ -95.66678, 29.78522 ], [ -95.66646, 29.78522 ], [ -95.66648, 29.78489 ], [ -95.63811, 29.78463 ], [ -95.62383, 29.78468 ], [ -95.62384, 29.79007 ], [ -95.61882, 29.79007 ], [ -95.61882, 29.79031 ], [ -95.6171, 29.79029 ], [ -95.61709, 29.79008 ], [ -95.5949, 29.78994 ], [ -95.59432, 29.78994 ], [ -95.59432, 29.7901 ], [ -95.58884, 29.79005 ], [ -95.58553, 29.79146 ], [ -95.58112, 29.79854 ], [ -95.58112, 29.79897 ], [ -95.57598, 29.8073 ], [ -95.57522, 29.81008 ], [ -95.57526, 29.81701 ], [ -95.5756, 29.817 ], [ -95.57545, 29.83595 ], [ -95.57729, 29.84008 ], [ -95.58884, 29.85018 ], [ -95.59008, 29.84908 ], [ -95.58997, 29.84314 ], [ -95.59771, 29.84312 ], [ -95.59763, 29.8414 ], [ -95.60498, 29.84139 ], [ -95.60513, 29.84241 ], [ -95.61711, 29.84894 ], [ -95.61716, 29.85322 ], [ -95.61575, 29.85323 ], [ -95.61579, 29.85515 ], [ -95.61877, 29.85512 ], [ -95.61879, 29.8567 ], [ -95.63015, 29.85662 ], [ -95.63004, 29.84427 ], [ -95.63123, 29.84426 ], [ -95.63121, 29.84057 ], [ -95.63173, 29.84056 ], [ -95.63169, 29.83875 ], [ -95.63432, 29.83874 ], [ -95.63432, 29.83846 ], [ -95.63651, 29.83848 ], [ -95.6365, 29.83801 ], [ -95.6378, 29.83801 ], [ -95.6378, 29.83719 ], [ -95.64001, 29.8372 ], [ -95.64, 29.83586 ], [ -95.64435, 29.83587 ], [ -95.64435, 29.8357 ], [ -95.64458, 29.83551 ], [ -95.64455, 29.83427 ], [ -95.64545, 29.8327 ], [ -95.64543, 29.83053 ], [ -95.64796, 29.83052 ], [ -95.64795, 29.82935 ], [ -95.64971, 29.82934 ], [ -95.64973, 29.8305 ], [ -95.66161, 29.83048 ], [ -95.66166, 29.83081 ], [ -95.66175, 29.83091 ], [ -95.66247, 29.83093 ], [ -95.66242, 29.83379 ], [ -95.66635, 29.83381 ], [ -95.66637, 29.83095 ], [ -95.66971, 29.83097 ], [ -95.66971, 29.82893 ], [ -95.67328, 29.82894 ], [ -95.67327, 29.82556 ], [ -95.6697, 29.82555 ], [ -95.66816, 29.82439 ], [ -95.66516, 29.82186 ], [ -95.66375, 29.81674 ], [ -95.66376, 29.8132 ], [ -95.67305, 29.81315 ], [ -95.67308, 29.81467 ], [ -95.67623, 29.81463 ], [ -95.67619, 29.81205 ], [ -95.68201, 29.81201 ], [ -95.682, 29.8082 ], [ -95.68478, 29.80818 ], [ -95.68471, 29.80635 ], [ -95.69308, 29.80633 ], [ -95.69305, 29.805 ], [ -95.70401, 29.80494 ], [ -95.70402, 29.80035 ], [ -95.70162, 29.80033 ], [ -95.7016, 29.79185 ], [ -95.70509, 29.79187 ] ] ] } }
]
}
