{
"type": "FeatureCollection",
"name": "houston-jurisdiction-overlay",
"crs": { "type": "name", "properties": { "name": "urn:ogc:def:crs:OGC:1.3:CRS84" } },
"xy_coordinate_resolution": 1e-05,
"features": [
{ "type": "Feature", "properties": { "name": "League City" }, "geometry": { "type": "Polygon", "coordinates": [ [ [ -95.13478, 29.52053 ], [ -95.13796, 29.52388 ], [ -95.13834, 29.52461 ], [ -95.15276, 29.52316 ], [ -95.15274, 29.52221 ], [ -95.1536, 29.5222 ], [ -95.15358, 29.52127 ], [ -95.15679, 29.51825 ], [ -95.15235, 29.51454 ], [ -95.16182, 29.50274 ], [ -95.16118, 29.50099 ], [ -95.16299, 29.50028 ], [ -95.1631, 29.49995 ], [ -95.16329, 29.49969 ], [ -95.16425, 29.4988 ], [ -95.16425, 29.49853 ], [ -95.16412, 29.49827 ], [ -95.16369, 29.49794 ], [ -95.16286, 29.49757 ], [ -95.16193, 29.49733 ], [ -95.1613, 29.49733 ], [ -95.15956, 29.49812 ], [ -95.15912, 29.49824 ], [ -95.15826, 29.49828 ], [ -95.15716, 29.49812 ], [ -95.15654, 29.49821 ], [ -95.15591, 29.49853 ], [ -95.155, 29.49927 ], [ -95.15345, 29.50016 ], [ -95.15263, 29.5004 ], [ -95.1518, 29.50049 ], [ -95.15147, 29.50042 ], [ -95.15098, 29.49998 ], [ -95.15056, 29.49887 ], [ -95.15035, 29.49859 ], [ -95.15012, 29.4985 ], [ -95.1496, 29.49847 ], [ -95.14905, 29.49864 ], [ -95.14859, 29.49896 ], [ -95.14827, 29.49934 ], [ -95.14797, 29.49996 ], [ -95.1475, 29.50146 ], [ -95.14733, 29.50175 ], [ -95.14679, 29.50216 ], [ -95.14542, 29.50241 ], [ -95.14483, 29.50274 ], [ -95.14457, 29.50312 ], [ -95.1441, 29.50413 ], [ -95.14329, 29.50534 ], [ -95.14296, 29.50599 ], [ -95.14274, 29.50615 ], [ -95.14164, 29.50661 ], [ -95.1388, 29.50668 ], [ -95.13858, 29.50685 ], [ -95.13803, 29.50665 ], [ -95.13562, 29.50639 ], [ -95.13415, 29.50643 ], [ -95.13338, 29.50635 ], [ -95.13172, 29.50536 ], [ -95.131, 29.50514 ], [ -95.13021, 29.50523 ], [ -95.12964, 29.50557 ], [ -95.12937, 29.5059 ], [ -95.12919, 29.50638 ], [ -95.12881, 29.50699 ], [ -95.12879, 29.50776 ], [ -95.1286, 29.50828 ], [ -95.12819, 29.50886 ], [ -95.12753, 29.50937 ], [ -95.1283, 29.51082 ], [ -95.12845, 29.51908 ], [ -95.129, 29.51902 ], [ -95.12925, 29.51881 ], [ -95.12934, 29.51855 ], [ -95.1297, 29.51854 ], [ -95.12991, 29.51894 ], [ -95.13156, 29.51905 ], [ -95.13313, 29.51952 ], [ -95.13399, 29.51995 ], [ -95.13478, 29.52053 ] ] ] } },
{ "type": "Feature", "properties": { "name": "Webster" }, "geometry": { "type": "Polygon", "coordinates": [ [ [ -95.12824, 29.5492 ], [ -95.13347, 29.55478 ], [ -95.14027, 29.542 ], [ -95.14122, 29.53998 ], [ -95.14109, 29.53984 ], [ -95.14289, 29.53814 ], [ -95.14332, 29.5375 ], [ -95.14369, 29.53676 ], [ -95.14396, 29.53567 ], [ -95.14415, 29.53373 ], [ -95.14385, 29.53225 ], [ -95.14317, 29.53081 ], [ -95.14238, 29.52977 ], [ -95.13768, 29.52467 ], [ -95.13834, 29.52461 ], [ -95.13802, 29.52396 ], [ -95.13472, 29.52047 ], [ -95.13389, 29.5199 ], [ -95.13285, 29.51941 ], [ -95.13144, 29.51903 ], [ -95.12991, 29.51894 ], [ -95.1297, 29.51854 ], [ -95.12934, 29.51855 ], [ -95.12925, 29.51881 ], [ -95.129, 29.51902 ], [ -95.12845, 29.51908 ], [ -95.1283, 29.51082 ], [ -95.12755, 29.50943 ], [ -95.12627, 29.51 ], [ -95.1256, 29.51021 ], [ -95.12415, 29.5105 ], [ -95.12237, 29.51057 ], [ -95.12162, 29.51032 ], [ -95.12095, 29.50988 ], [ -95.11935, 29.50743 ], [ -95.11904, 29.5071 ], [ -95.11864, 29.507 ], [ -95.11743, 29.50773 ], [ -95.11672, 29.5083 ], [ -95.11609, 29.50862 ], [ -95.1155, 29.50879 ], [ -95.11431, 29.51019 ], [ -95.11373, 29.51058 ], [ -95.11306, 29.51083 ], [ -95.11235, 29.51092 ], [ -95.11156, 29.51076 ], [ -95.11063, 29.51043 ], [ -95.10941, 29.50982 ], [ -95.10843, 29.50965 ], [ -95.10747, 29.50976 ], [ -95.10606, 29.51024 ], [ -95.10441, 29.51067 ], [ -95.10411, 29.51091 ], [ -95.10387, 29.5113 ], [ -95.10382, 29.51174 ], [ -95.10394, 29.51221 ], [ -95.10461, 29.51377 ], [ -95.10495, 29.51434 ], [ -95.10564, 29.51519 ], [ -95.10611, 29.51595 ], [ -95.10621, 29.51651 ], [ -95.10606, 29.51689 ], [ -95.10574, 29.51718 ], [ -95.1037, 29.51787 ], [ -95.10333, 29.51806 ], [ -95.1031, 29.51831 ], [ -95.10297, 29.51861 ], [ -95.10297, 29.51894 ], [ -95.10328, 29.51962 ], [ -95.10336, 29.5201 ], [ -95.1033, 29.52052 ], [ -95.10308, 29.52092 ], [ -95.10271, 29.52124 ], [ -95.10221, 29.52144 ], [ -95.10175, 29.52147 ], [ -95.10132, 29.52133 ], [ -95.10066, 29.52079 ], [ -95.10006, 29.52006 ], [ -95.09929, 29.51837 ], [ -95.09895, 29.51817 ], [ -95.09856, 29.51807 ], [ -95.09815, 29.51808 ], [ -95.09773, 29.5182 ], [ -95.09755, 29.51835 ], [ -95.09736, 29.5187 ], [ -95.09721, 29.51979 ], [ -95.09699, 29.52048 ], [ -95.09652, 29.52107 ], [ -95.09466, 29.52274 ], [ -95.0943, 29.52335 ], [ -95.0938, 29.52465 ], [ -95.0936, 29.52543 ], [ -95.09374, 29.52619 ], [ -95.09411, 29.52686 ], [ -95.09475, 29.52767 ], [ -95.09502, 29.5282 ], [ -95.09522, 29.52886 ], [ -95.09538, 29.53015 ], [ -95.09559, 29.53096 ], [ -95.09673, 29.53282 ], [ -95.09695, 29.53371 ], [ -95.09695, 29.53412 ], [ -95.09684, 29.53447 ], [ -95.09666, 29.53475 ], [ -95.09634, 29.53505 ], [ -95.09599, 29.53525 ], [ -95.09541, 29.53535 ], [ -95.09466, 29.5353 ], [ -95.0947, 29.53685 ], [ -95.09518, 29.53807 ], [ -95.09609, 29.53919 ], [ -95.09781, 29.54087 ], [ -95.09861, 29.54135 ], [ -95.09971, 29.54167 ], [ -95.1001, 29.54187 ], [ -95.1005, 29.54223 ], [ -95.1017, 29.54378 ], [ -95.10312, 29.5444 ], [ -95.10407, 29.54508 ], [ -95.10481, 29.54613 ], [ -95.10224, 29.547 ], [ -95.10315, 29.54818 ], [ -95.10418, 29.5491 ], [ -95.10413, 29.54928 ], [ -95.10581, 29.54949 ], [ -95.10576, 29.54981 ], [ -95.10587, 29.55011 ], [ -95.10623, 29.55052 ], [ -95.10663, 29.55073 ], [ -95.10738, 29.55076 ], [ -95.10907, 29.5502 ], [ -95.10945, 29.55112 ], [ -95.10858, 29.55167 ], [ -95.11014, 29.5524 ], [ -95.11116, 29.55269 ], [ -95.11234, 29.55288 ], [ -95.11358, 29.55292 ], [ -95.11481, 29.55279 ], [ -95.1165, 29.55234 ], [ -95.11807, 29.55157 ], [ -95.11906, 29.5515 ], [ -95.12013, 29.5513 ], [ -95.12121, 29.55097 ], [ -95.12205, 29.5506 ], [ -95.12369, 29.55066 ], [ -95.12536, 29.55043 ], [ -95.1268, 29.54997 ], [ -95.12824, 29.5492 ] ] ] } },
{ "type": "Feature", "properties": { "name": "Deer Park" }, "geometry": { "type": "MultiPolygon", "coordinates": [ [ [ [ -95.11262, 29.71038 ], [ -95.10581, 29.70839 ], [ -95.09323, 29.70458 ], [ -95.09346, 29.70402 ], [ -95.08855, 29.70251 ], [ -95.08786, 29.67318 ], [ -95.08773, 29.67225 ], [ -95.08745, 29.67142 ], [ -95.08728, 29.67036 ], [ -95.08703, 29.66429 ], [ -95.11681, 29.66381 ], [ -95.11683, 29.66524 ], [ -95.12278, 29.66514 ], [ -95.12278, 29.66499 ], [ -95.13304, 29.66477 ], [ -95.13642, 29.67259 ], [ -95.13691, 29.67333 ], [ -95.13731, 29.67374 ], [ -95.1378, 29.67408 ], [ -95.14427, 29.67785 ], [ -95.14427, 29.67808 ], [ -95.14259, 29.6781 ], [ -95.14279, 29.68918 ], [ -95.14289, 29.69071 ], [ -95.14289, 29.69465 ], [ -95.14369, 29.69465 ], [ -95.14376, 29.70015 ], [ -95.14407, 29.71159 ], [ -95.13341, 29.7113 ], [ -95.13069, 29.71154 ], [ -95.11852, 29.71124 ], [ -95.11611, 29.71106 ], [ -95.11414, 29.71074 ], [ -95.11262, 29.71038 ] ] ], [ [ [ -95.08982, 29.71355 ], [ -95.08983, 29.71345 ], [ -95.09188, 29.71342 ], [ -95.09185, 29.71162 ], [ -95.09579, 29.71156 ], [ -95.09583, 29.71383 ], [ -95.09342, 29.71385 ], [ -95.09344, 29.71486 ], [ -95.09192, 29.71489 ], [ -95.09193, 29.71544 ], [ -95.09111, 29.71545 ], [ -95.0911, 29.7149 ], [ -95.08983, 29.71492 ], [ -95.08982, 29.71355 ] ] ], [ [ [ -95.09034, 29.71686 ], [ -95.09033, 29.71653 ], [ -95.09135, 29.71652 ], [ -95.09136, 29.71709 ], [ -95.0917, 29.71737 ], [ -95.09172, 29.719 ], [ -95.09156, 29.7192 ], [ -95.08988, 29.71921 ], [ -95.08986, 29.71687 ], [ -95.09034, 29.71686 ] ] ], [ [ [ -95.08983, 29.71345 ], [ -95.08984, 29.71331 ], [ -95.08988, 29.71304 ], [ -95.09001, 29.71265 ], [ -95.08983, 29.71345 ] ] ], [ [ [ -95.09211, 29.70736 ], [ -95.09234, 29.70682 ], [ -95.09248, 29.70673 ], [ -95.09308, 29.70678 ], [ -95.09347, 29.70657 ], [ -95.09348, 29.70719 ], [ -95.0937, 29.70715 ], [ -95.0939, 29.70696 ], [ -95.09393, 29.70667 ], [ -95.09377, 29.70644 ], [ -95.0936, 29.70644 ], [ -95.09382, 29.70622 ], [ -95.09415, 29.70647 ], [ -95.09414, 29.7069 ], [ -95.09391, 29.70726 ], [ -95.09347, 29.70741 ], [ -95.09348, 29.70758 ], [ -95.09366, 29.7075 ], [ -95.09367, 29.70808 ], [ -95.09348, 29.70815 ], [ -95.09348, 29.70917 ], [ -95.0914, 29.70914 ], [ -95.09211, 29.70736 ] ] ] ] } },
{ "type": "Feature", "properties": { "name": "Seabrook" }, "geometry": { "type": "Polygon", "coordinates": [ [ [ -94.9876, 29.59283 ], [ -94.98702, 29.59368 ], [ -94.98731, 29.59373 ], [ -94.98711, 29.59402 ], [ -94.98708, 29.5945 ], [ -94.98713, 29.59461 ], [ -94.98765, 29.59468 ], [ -94.9977, 29.59465 ], [ -95.02981, 29.59399 ], [ -95.02953, 29.59211 ], [ -95.02999, 29.59014 ], [ -95.03033, 29.59016 ], [ -95.03099, 29.59398 ], [ -95.03689, 29.59391 ], [ -95.04217, 29.59103 ], [ -95.04264, 29.59029 ], [ -95.04277, 29.58973 ], [ -95.0426, 29.58871 ], [ -95.04211, 29.58737 ], [ -95.04229, 29.58684 ], [ -95.04267, 29.58623 ], [ -95.04326, 29.58571 ], [ -95.04389, 29.58546 ], [ -95.0448, 29.58544 ], [ -95.04523, 29.58532 ], [ -95.04551, 29.58513 ], [ -95.04616, 29.5844 ], [ -95.04664, 29.58365 ], [ -95.0471, 29.58245 ], [ -95.04727, 29.58152 ], [ -95.04723, 29.58039 ], [ -95.04705, 29.57966 ], [ -95.0369, 29.58215 ], [ -95.03591, 29.58215 ], [ -95.0355, 29.58018 ], [ -95.03542, 29.58018 ], [ -95.03544, 29.57947 ], [ -95.03537, 29.57931 ], [ -95.0337, 29.57934 ], [ -95.03365, 29.57827 ], [ -95.03456, 29.57826 ], [ -95.03416, 29.57579 ], [ -95.03479, 29.57575 ], [ -95.03477, 29.57564 ], [ -95.03674, 29.57571 ], [ -95.03823, 29.5735 ], [ -95.04045, 29.57337 ], [ -95.04122, 29.5722 ], [ -95.03903, 29.57229 ], [ -95.04397, 29.56494 ], [ -95.04765, 29.56584 ], [ -95.04876, 29.56399 ], [ -95.05012, 29.56394 ], [ -95.0499, 29.56289 ], [ -95.04915, 29.56298 ], [ -95.04765, 29.56288 ], [ -95.04766, 29.5631 ], [ -95.04678, 29.56312 ], [ -95.04535, 29.56287 ], [ -95.04527, 29.56299 ], [ -95.04513, 29.56296 ], [ -95.04419, 29.56254 ], [ -95.04397, 29.56238 ], [ -95.04401, 29.56228 ], [ -95.04375, 29.56185 ], [ -95.04199, 29.55963 ], [ -95.04178, 29.559 ], [ -95.04137, 29.55827 ], [ -95.04115, 29.55798 ], [ -95.0409, 29.55789 ], [ -95.03975, 29.5578 ], [ -95.03971, 29.55804 ], [ -95.0385, 29.55791 ], [ -95.03853, 29.55762 ], [ -95.03802, 29.55757 ], [ -95.038, 29.55769 ], [ -95.03676, 29.55765 ], [ -95.03617, 29.55788 ], [ -95.03525, 29.558 ], [ -95.03507, 29.55814 ], [ -95.03496, 29.55804 ], [ -95.03475, 29.55807 ], [ -95.03475, 29.55818 ], [ -95.03454, 29.55828 ], [ -95.03453, 29.55843 ], [ -95.03438, 29.55851 ], [ -95.03436, 29.55843 ], [ -95.03311, 29.55857 ], [ -95.03221, 29.55834 ], [ -95.03159, 29.55831 ], [ -95.03141, 29.55813 ], [ -95.03106, 29.55592 ], [ -95.03111, 29.55563 ], [ -95.03103, 29.55483 ], [ -95.03095, 29.55475 ], [ -95.03098, 29.55398 ], [ -95.03124, 29.55364 ], [ -95.03113, 29.55324 ], [ -95.03121, 29.553 ], [ -95.03148, 29.55281 ], [ -95.03121, 29.55275 ], [ -95.03014, 29.55288 ], [ -95.02956, 29.55278 ], [ -95.02915, 29.5526 ], [ -95.02872, 29.55224 ], [ -95.02818, 29.55134 ], [ -95.02808, 29.55093 ], [ -95.02824, 29.54957 ], [ -95.0284, 29.5493 ], [ -95.02869, 29.54842 ], [ -95.02878, 29.54767 ], [ -95.02867, 29.54758 ], [ -95.02568, 29.54933 ], [ -95.0252, 29.54945 ], [ -95.02505, 29.54957 ], [ -95.02397, 29.54981 ], [ -95.02325, 29.54983 ], [ -95.02324, 29.54974 ], [ -95.01848, 29.54863 ], [ -95.01779, 29.5488 ], [ -95.01761, 29.54953 ], [ -95.01836, 29.5502 ], [ -95.02064, 29.55167 ], [ -95.0211, 29.55239 ], [ -95.02114, 29.55298 ], [ -95.02108, 29.55319 ], [ -95.02101, 29.55314 ], [ -95.02105, 29.55339 ], [ -95.02054, 29.55378 ], [ -95.02064, 29.55384 ], [ -95.02041, 29.55403 ], [ -95.01913, 29.55449 ], [ -95.01725, 29.55592 ], [ -95.01699, 29.55604 ], [ -95.01761, 29.5565 ], [ -95.01742, 29.55671 ], [ -95.0172, 29.55655 ], [ -95.01669, 29.55696 ], [ -95.01656, 29.55722 ], [ -95.01631, 29.55746 ], [ -95.01625, 29.55763 ], [ -95.01641, 29.55779 ], [ -95.01623, 29.55798 ], [ -95.01628, 29.55801 ], [ -95.01516, 29.56088 ], [ -95.01379, 29.56425 ], [ -95.01306, 29.56577 ], [ -95.01313, 29.56579 ], [ -95.01231, 29.56773 ], [ -95.01199, 29.56803 ], [ -95.01183, 29.56801 ], [ -95.01153, 29.5685 ], [ -95.01193, 29.56863 ], [ -95.01168, 29.56924 ], [ -95.01153, 29.56915 ], [ -95.01006, 29.57127 ], [ -95.01001, 29.57123 ], [ -95.00987, 29.57134 ], [ -95.00974, 29.57161 ], [ -95.00955, 29.57166 ], [ -95.00951, 29.57195 ], [ -95.00937, 29.57191 ], [ -95.00941, 29.57209 ], [ -95.00928, 29.57202 ], [ -95.00919, 29.57222 ], [ -95.00894, 29.57223 ], [ -95.00903, 29.57245 ], [ -95.00878, 29.57273 ], [ -95.00791, 29.57416 ], [ -95.00729, 29.57503 ], [ -95.00713, 29.57503 ], [ -95.00672, 29.57568 ], [ -95.00542, 29.57713 ], [ -95.0053, 29.57713 ], [ -95.00374, 29.57861 ], [ -95.00333, 29.57854 ], [ -95.00241, 29.57991 ], [ -95.00161, 29.58054 ], [ -95.00207, 29.58062 ], [ -95.00232, 29.58086 ], [ -95.002, 29.58111 ], [ -95.0015, 29.58181 ], [ -94.99998, 29.58182 ], [ -94.99983, 29.58203 ], [ -95.00163, 29.58203 ], [ -95.00169, 29.58226 ], [ -95.00141, 29.58269 ], [ -95.00112, 29.58286 ], [ -95.00059, 29.5829 ], [ -95.00011, 29.58317 ], [ -94.99964, 29.58382 ], [ -94.99944, 29.58392 ], [ -94.99913, 29.5843 ], [ -94.99869, 29.58456 ], [ -94.9973, 29.58458 ], [ -94.99286, 29.58837 ], [ -94.99183, 29.58833 ], [ -94.99153, 29.58849 ], [ -94.99128, 29.58873 ], [ -94.99126, 29.58888 ], [ -94.99082, 29.58909 ], [ -94.99058, 29.58935 ], [ -94.99025, 29.5907 ], [ -94.98962, 29.59166 ], [ -94.9884, 29.59282 ], [ -94.9876, 29.59283 ] ] ] } },
{ "type": "Feature", "properties": { "name": "Houston" }, "geometry": { "type": "MultiPolygon", "coordinates": [ [ [ [ -95.69948, 29.78564 ], [ -95.69981, 29.78604 ], [ -95.69983, 29.78883 ], [ -95.70165, 29.78889 ], [ -95.70166, 29.7906 ], [ -95.70518, 29.79061 ], [ -95.70517, 29.79184 ], [ -95.70169, 29.79182 ], [ -95.70169, 29.80033 ], [ -95.70405, 29.80033 ], [ -95.70405, 29.80501 ], [ -95.69306, 29.80508 ], [ -95.69309, 29.80627 ], [ -95.68756, 29.8063 ], [ -95.68704, 29.8062 ], [ -95.68484, 29.80623 ], [ -95.68486, 29.80816 ], [ -95.68206, 29.80816 ], [ -95.68209, 29.81197 ], [ -95.67622, 29.81201 ], [ -95.67624, 29.81463 ], [ -95.67307, 29.81466 ], [ -95.67304, 29.81315 ], [ -95.66963, 29.81315 ], [ -95.66947, 29.81308 ], [ -95.66388, 29.81315 ], [ -95.66381, 29.81674 ], [ -95.66522, 29.82184 ], [ -95.66723, 29.82355 ], [ -95.66849, 29.82474 ], [ -95.6697, 29.82545 ], [ -95.67328, 29.82545 ], [ -95.67334, 29.82891 ], [ -95.66977, 29.82892 ], [ -95.66985, 29.83099 ], [ -95.67345, 29.83099 ], [ -95.6796, 29.83107 ], [ -95.6796, 29.83102 ], [ -95.69663, 29.831 ], [ -95.72722, 29.83108 ], [ -95.73501, 29.83119 ], [ -95.73735, 29.83115 ], [ -95.7384, 29.83124 ], [ -95.74054, 29.83172 ], [ -95.74128, 29.83172 ], [ -95.7568, 29.83155 ], [ -95.75707, 29.83161 ], [ -95.76543, 29.83152 ], [ -95.75992, 29.83162 ], [ -95.75706, 29.83164 ], [ -95.7568, 29.83158 ], [ -95.74069, 29.83175 ], [ -95.74031, 29.8317 ], [ -95.7384, 29.83127 ], [ -95.73735, 29.83118 ], [ -95.73499, 29.83121 ], [ -95.72722, 29.83111 ], [ -95.69663, 29.83102 ], [ -95.67964, 29.83105 ], [ -95.67963, 29.8311 ], [ -95.6665, 29.83102 ], [ -95.66651, 29.83383 ], [ -95.66257, 29.83382 ], [ -95.66256, 29.83098 ], [ -95.66176, 29.83089 ], [ -95.66166, 29.83074 ], [ -95.66166, 29.83045 ], [ -95.64984, 29.83045 ], [ -95.64982, 29.82929 ], [ -95.64804, 29.82929 ], [ -95.64806, 29.83046 ], [ -95.64552, 29.83051 ], [ -95.64554, 29.83258 ], [ -95.64464, 29.83427 ], [ -95.64468, 29.83558 ], [ -95.64448, 29.83571 ], [ -95.64448, 29.83581 ], [ -95.64013, 29.83582 ], [ -95.64012, 29.83717 ], [ -95.63792, 29.83716 ], [ -95.6379, 29.83799 ], [ -95.63661, 29.83799 ], [ -95.63661, 29.83847 ], [ -95.63443, 29.83844 ], [ -95.63443, 29.83873 ], [ -95.63181, 29.83873 ], [ -95.63182, 29.84056 ], [ -95.6313, 29.84056 ], [ -95.63132, 29.84425 ], [ -95.63014, 29.84427 ], [ -95.63027, 29.85662 ], [ -95.61886, 29.85668 ], [ -95.61882, 29.8551 ], [ -95.61587, 29.85511 ], [ -95.61585, 29.85319 ], [ -95.61724, 29.85319 ], [ -95.61718, 29.84892 ], [ -95.60509, 29.84236 ], [ -95.60496, 29.84136 ], [ -95.59773, 29.84138 ], [ -95.59778, 29.84308 ], [ -95.59007, 29.84308 ], [ -95.59014, 29.84906 ], [ -95.58892, 29.85015 ], [ -95.57733, 29.84002 ], [ -95.57555, 29.83597 ], [ -95.57555, 29.83416 ], [ -95.57508, 29.83417 ], [ -95.57506, 29.84241 ], [ -95.57023, 29.84243 ], [ -95.57021, 29.83724 ], [ -95.56629, 29.83727 ], [ -95.56626, 29.84509 ], [ -95.56433, 29.84511 ], [ -95.56433, 29.84737 ], [ -95.5645, 29.84902 ], [ -95.56454, 29.85045 ], [ -95.56454, 29.85386 ], [ -95.56493, 29.85582 ], [ -95.56499, 29.85651 ], [ -95.56493, 29.85901 ], [ -95.56452, 29.86058 ], [ -95.56443, 29.86128 ], [ -95.56439, 29.86666 ], [ -95.565, 29.86664 ], [ -95.56501, 29.86704 ], [ -95.56512, 29.86703 ], [ -95.56512, 29.86711 ], [ -95.56941, 29.8671 ], [ -95.56946, 29.87528 ], [ -95.56925, 29.87598 ], [ -95.56895, 29.87651 ], [ -95.56783, 29.87775 ], [ -95.57059, 29.87971 ], [ -95.57229, 29.87964 ], [ -95.57342, 29.8797 ], [ -95.57441, 29.87984 ], [ -95.57632, 29.88034 ], [ -95.57776, 29.88035 ], [ -95.59178, 29.88016 ], [ -95.59177, 29.88011 ], [ -95.59257, 29.88009 ], [ -95.59317, 29.88014 ], [ -95.59817, 29.88004 ], [ -95.59956, 29.88008 ], [ -95.60548, 29.87969 ], [ -95.61481, 29.87961 ], [ -95.61481, 29.87969 ], [ -95.61582, 29.87967 ], [ -95.61582, 29.87959 ], [ -95.62062, 29.87956 ], [ -95.62067, 29.8796 ], [ -95.62068, 29.88104 ], [ -95.62074, 29.89508 ], [ -95.62063, 29.89968 ], [ -95.62003, 29.9145 ], [ -95.61976, 29.91466 ], [ -95.61957, 29.91452 ], [ -95.61933, 29.91469 ], [ -95.62843, 29.92106 ], [ -95.63074, 29.92277 ], [ -95.63078, 29.92273 ], [ -95.63161, 29.92331 ], [ -95.63301, 29.92517 ], [ -95.64275, 29.93194 ], [ -95.64379, 29.93268 ], [ -95.64379, 29.93276 ], [ -95.6439, 29.93276 ], [ -95.64571, 29.93402 ], [ -95.64776, 29.93565 ], [ -95.64982, 29.93714 ], [ -95.65142, 29.93824 ], [ -95.65252, 29.93882 ], [ -95.6672, 29.94899 ], [ -95.67097, 29.95196 ], [ -95.6779, 29.95661 ], [ -95.6878, 29.96357 ], [ -95.68985, 29.96387 ], [ -95.70412, 29.97374 ], [ -95.70553, 29.97443 ], [ -95.70865, 29.97641 ], [ -95.73014, 29.98449 ], [ -95.73378, 29.98591 ], [ -95.73685, 29.98724 ], [ -95.74446, 29.99015 ], [ -95.75024, 29.99209 ], [ -95.77145, 30.00016 ], [ -95.77668, 30.00237 ], [ -95.77714, 30.00278 ], [ -95.77784, 30.004 ], [ -95.77814, 30.00435 ], [ -95.77862, 30.00469 ], [ -95.77954, 30.00505 ], [ -95.78023, 30.00528 ], [ -95.78082, 30.00534 ], [ -95.78124, 30.00527 ], [ -95.78251, 30.00488 ], [ -95.78323, 30.00487 ], [ -95.7872, 30.00612 ], [ -95.78927, 30.00689 ], [ -95.78719, 30.00614 ], [ -95.78345, 30.00495 ], [ -95.78261, 30.00491 ], [ -95.78121, 30.00531 ], [ -95.78072, 30.00537 ], [ -95.78012, 30.00528 ], [ -95.77918, 30.00494 ], [ -95.77851, 30.00466 ], [ -95.77807, 30.00433 ], [ -95.77779, 30.00398 ], [ -95.77711, 30.00279 ], [ -95.77666, 30.00239 ], [ -95.77144, 30.00019 ], [ -95.75023, 29.99212 ], [ -95.74445, 29.99017 ], [ -95.73683, 29.98727 ], [ -95.73178, 29.98515 ], [ -95.71673, 29.97951 ], [ -95.71669, 29.97981 ], [ -95.71749, 29.98154 ], [ -95.71742, 29.98155 ], [ -95.71874, 29.98444 ], [ -95.71902, 29.98479 ], [ -95.72167, 29.99042 ], [ -95.72471, 29.99711 ], [ -95.72483, 30.0128 ], [ -95.72498, 30.01612 ], [ -95.72499, 30.02108 ], [ -95.72492, 30.02129 ], [ -95.72486, 30.02254 ], [ -95.72495, 30.02278 ], [ -95.72484, 30.02515 ], [ -95.72487, 30.02952 ], [ -95.72787, 30.04469 ], [ -95.72484, 30.02952 ], [ -95.72481, 30.02515 ], [ -95.72492, 30.02279 ], [ -95.72484, 30.02255 ], [ -95.72484, 30.02227 ], [ -95.7249, 30.02128 ], [ -95.72498, 30.02108 ], [ -95.72497, 30.02028 ], [ -95.72494, 30.0157 ], [ -95.7248, 30.0128 ], [ -95.72468, 29.99712 ], [ -95.72164, 29.99043 ], [ -95.72021, 29.98748 ], [ -95.71899, 29.9848 ], [ -95.71871, 29.98445 ], [ -95.71737, 29.98152 ], [ -95.71744, 29.98152 ], [ -95.71666, 29.97982 ], [ -95.71664, 29.97969 ], [ -95.7167, 29.9795 ], [ -95.70863, 29.97643 ], [ -95.70551, 29.97445 ], [ -95.70402, 29.97371 ], [ -95.68984, 29.9639 ], [ -95.68778, 29.9636 ], [ -95.67788, 29.95663 ], [ -95.67639, 29.95566 ], [ -95.67095, 29.95198 ], [ -95.66738, 29.94921 ], [ -95.66726, 29.94907 ], [ -95.66536, 29.94773 ], [ -95.66203, 29.94547 ], [ -95.65248, 29.93884 ], [ -95.6514, 29.93826 ], [ -95.6498, 29.93716 ], [ -95.64772, 29.93565 ], [ -95.64569, 29.93404 ], [ -95.64389, 29.93279 ], [ -95.64376, 29.93278 ], [ -95.64376, 29.93269 ], [ -95.64273, 29.93196 ], [ -95.63299, 29.92518 ], [ -95.63159, 29.92333 ], [ -95.63079, 29.92276 ], [ -95.63075, 29.92281 ], [ -95.62841, 29.92108 ], [ -95.62579, 29.9193 ], [ -95.61928, 29.91469 ], [ -95.61957, 29.91449 ], [ -95.61976, 29.91462 ], [ -95.62, 29.91449 ], [ -95.62033, 29.90551 ], [ -95.6206, 29.89968 ], [ -95.62071, 29.89508 ], [ -95.62064, 29.87962 ], [ -95.61586, 29.87962 ], [ -95.61586, 29.87971 ], [ -95.61477, 29.87972 ], [ -95.61477, 29.87964 ], [ -95.60548, 29.87972 ], [ -95.59951, 29.8801 ], [ -95.59814, 29.88011 ], [ -95.59814, 29.88006 ], [ -95.59317, 29.88017 ], [ -95.59253, 29.88017 ], [ -95.59254, 29.88012 ], [ -95.59181, 29.88014 ], [ -95.59181, 29.88019 ], [ -95.57776, 29.88038 ], [ -95.57631, 29.88036 ], [ -95.57441, 29.87987 ], [ -95.57342, 29.87973 ], [ -95.57229, 29.87967 ], [ -95.57059, 29.87975 ], [ -95.56781, 29.87777 ], [ -95.56747, 29.87816 ], [ -95.55974, 29.87276 ], [ -95.5588, 29.87197 ], [ -95.55102, 29.86643 ], [ -95.54535, 29.86718 ], [ -95.54354, 29.86776 ], [ -95.5427, 29.86819 ], [ -95.54223, 29.86798 ], [ -95.541, 29.868 ], [ -95.53999, 29.86783 ], [ -95.53866, 29.86801 ], [ -95.53843, 29.86794 ], [ -95.53788, 29.86737 ], [ -95.53775, 29.86733 ], [ -95.53731, 29.86732 ], [ -95.5351, 29.86691 ], [ -95.53416, 29.86629 ], [ -95.53411, 29.8661 ], [ -95.53325, 29.86579 ], [ -95.53016, 29.86383 ], [ -95.53016, 29.86371 ], [ -95.52854, 29.86271 ], [ -95.52678, 29.8623 ], [ -95.52608, 29.86154 ], [ -95.52515, 29.86095 ], [ -95.52449, 29.86094 ], [ -95.52459, 29.86547 ], [ -95.50226, 29.86563 ], [ -95.5024, 29.87376 ], [ -95.50714, 29.87444 ], [ -95.50713, 29.8901 ], [ -95.49575, 29.89025 ], [ -95.50954, 29.91461 ], [ -95.49578, 29.91471 ], [ -95.49577, 29.91628 ], [ -95.49546, 29.91745 ], [ -95.49507, 29.9182 ], [ -95.49379, 29.92003 ], [ -95.49509, 29.92095 ], [ -95.508, 29.93076 ], [ -95.51132, 29.93386 ], [ -95.51437, 29.93622 ], [ -95.51645, 29.93751 ], [ -95.51643, 29.93791 ], [ -95.51666, 29.93791 ], [ -95.51969, 29.94021 ], [ -95.5216, 29.94148 ], [ -95.52404, 29.94331 ], [ -95.52483, 29.94408 ], [ -95.52534, 29.94439 ], [ -95.52577, 29.94451 ], [ -95.52743, 29.94607 ], [ -95.52252, 29.93752 ], [ -95.5254, 29.93722 ], [ -95.5254, 29.93753 ], [ -95.54698, 29.93755 ], [ -95.54704, 29.94875 ], [ -95.5499, 29.9487 ], [ -95.54989, 29.94985 ], [ -95.55153, 29.94984 ], [ -95.55158, 29.95476 ], [ -95.55306, 29.95522 ], [ -95.55303, 29.95288 ], [ -95.55697, 29.95281 ], [ -95.55398, 29.95549 ], [ -95.55719, 29.95643 ], [ -95.5572, 29.95668 ], [ -95.55436, 29.95584 ], [ -95.55437, 29.95851 ], [ -95.56303, 29.95834 ], [ -95.56371, 29.95853 ], [ -95.56382, 29.96681 ], [ -95.55512, 29.96683 ], [ -95.5587, 29.96912 ], [ -95.5599, 29.97009 ], [ -95.5612, 29.97129 ], [ -95.56261, 29.97323 ], [ -95.56369, 29.97504 ], [ -95.56632, 29.97988 ], [ -95.56791, 29.98263 ], [ -95.56876, 29.98383 ], [ -95.56885, 29.98383 ], [ -95.56982, 29.98555 ], [ -95.56991, 29.98551 ], [ -95.57069, 29.98677 ], [ -95.57111, 29.98754 ], [ -95.57115, 29.98775 ], [ -95.57129, 29.98776 ], [ -95.5717, 29.98842 ], [ -95.57164, 29.98852 ], [ -95.57186, 29.98872 ], [ -95.5732, 29.9908 ], [ -95.57335, 29.99076 ], [ -95.57404, 29.99165 ], [ -95.57397, 29.99177 ], [ -95.57433, 29.99206 ], [ -95.5751, 29.99296 ], [ -95.57516, 29.99313 ], [ -95.5753, 29.99314 ], [ -95.57553, 29.9934 ], [ -95.57551, 29.99352 ], [ -95.57567, 29.99361 ], [ -95.57658, 29.99458 ], [ -95.57847, 29.99682 ], [ -95.57871, 29.99693 ], [ -95.58108, 29.99963 ], [ -95.58425, 30.00356 ], [ -95.5853, 30.00502 ], [ -95.58603, 30.00618 ], [ -95.58963, 30.01254 ], [ -95.59814, 30.02601 ], [ -95.60441, 30.03746 ], [ -95.60609, 30.04038 ], [ -95.6071, 30.0417 ], [ -95.60937, 30.04406 ], [ -95.61137, 30.0466 ], [ -95.61359, 30.05028 ], [ -95.61449, 30.05155 ], [ -95.61506, 30.05281 ], [ -95.61551, 30.05411 ], [ -95.62063, 30.05404 ], [ -95.62042, 30.04612 ], [ -95.62051, 30.04596 ], [ -95.63716, 30.04564 ], [ -95.63738, 30.0456 ], [ -95.65975, 30.04509 ], [ -95.65394, 30.04526 ], [ -95.63739, 30.04564 ], [ -95.63716, 30.04568 ], [ -95.62053, 30.04599 ], [ -95.62045, 30.04614 ], [ -95.62066, 30.05407 ], [ -95.59666, 30.05451 ], [ -95.59666, 30.05445 ], [ -95.59436, 30.05446 ], [ -95.59436, 30.05451 ], [ -95.57867, 30.05465 ], [ -95.57569, 30.05767 ], [ -95.55614, 30.07507 ], [ -95.55681, 30.07545 ], [ -95.55771, 30.07614 ], [ -95.56317, 30.08076 ], [ -95.56416, 30.08173 ], [ -95.55475, 30.08673 ], [ -95.55407, 30.08717 ], [ -95.55367, 30.08746 ], [ -95.55234, 30.08877 ], [ -95.55241, 30.08883 ], [ -95.55231, 30.08892 ], [ -95.55025, 30.09074 ], [ -95.54883, 30.09177 ], [ -95.54821, 30.09202 ], [ -95.54668, 30.09341 ], [ -95.54561, 30.09343 ], [ -95.53989, 30.09847 ], [ -95.54559, 30.09342 ], [ -95.54666, 30.09339 ], [ -95.54818, 30.092 ], [ -95.54882, 30.09175 ], [ -95.55023, 30.09072 ], [ -95.55229, 30.0889 ], [ -95.55237, 30.08883 ], [ -95.5523, 30.08877 ], [ -95.5524, 30.08867 ], [ -95.55365, 30.08744 ], [ -95.55404, 30.08715 ], [ -95.55473, 30.08671 ], [ -95.56408, 30.08174 ], [ -95.56314, 30.08081 ], [ -95.55767, 30.07615 ], [ -95.55665, 30.07538 ], [ -95.55608, 30.07508 ], [ -95.5627, 30.06915 ], [ -95.57567, 30.05765 ], [ -95.57866, 30.05463 ], [ -95.59017, 30.05449 ], [ -95.59433, 30.05448 ], [ -95.59433, 30.05443 ], [ -95.59669, 30.05443 ], [ -95.59669, 30.05448 ], [ -95.61547, 30.05411 ], [ -95.61503, 30.05282 ], [ -95.61446, 30.05156 ], [ -95.61361, 30.05036 ], [ -95.61121, 30.04643 ], [ -95.60934, 30.04408 ], [ -95.60707, 30.04172 ], [ -95.60648, 30.041 ], [ -95.60606, 30.04039 ], [ -95.60439, 30.03749 ], [ -95.59811, 30.02603 ], [ -95.59263, 30.01743 ], [ -95.5896, 30.01255 ], [ -95.58553, 30.00541 ], [ -95.58439, 30.00378 ], [ -95.58393, 30.00328 ], [ -95.58105, 29.99964 ], [ -95.57893, 29.99731 ], [ -95.57893, 29.99722 ], [ -95.57869, 29.99695 ], [ -95.57846, 29.99685 ], [ -95.57656, 29.9946 ], [ -95.57565, 29.99363 ], [ -95.57548, 29.99354 ], [ -95.57549, 29.9934 ], [ -95.57528, 29.99317 ], [ -95.57513, 29.99315 ], [ -95.57508, 29.993 ], [ -95.57431, 29.99208 ], [ -95.57392, 29.99178 ], [ -95.574, 29.99165 ], [ -95.57333, 29.99079 ], [ -95.57318, 29.99083 ], [ -95.57184, 29.98873 ], [ -95.5716, 29.98853 ], [ -95.57167, 29.98842 ], [ -95.57127, 29.98779 ], [ -95.57112, 29.98778 ], [ -95.57107, 29.98754 ], [ -95.57066, 29.98678 ], [ -95.5699, 29.98555 ], [ -95.5698, 29.98558 ], [ -95.56883, 29.98386 ], [ -95.56874, 29.98386 ], [ -95.56788, 29.98264 ], [ -95.56629, 29.97989 ], [ -95.56367, 29.97506 ], [ -95.56258, 29.97324 ], [ -95.56115, 29.97128 ], [ -95.55988, 29.97011 ], [ -95.55868, 29.96914 ], [ -95.55465, 29.96656 ], [ -95.55303, 29.96564 ], [ -95.55302, 29.96728 ], [ -95.55279, 29.96781 ], [ -95.55239, 29.96826 ], [ -95.54959, 29.96831 ], [ -95.54966, 29.97007 ], [ -95.54714, 29.97008 ], [ -95.54718, 29.97144 ], [ -95.54561, 29.97143 ], [ -95.5457, 29.97345 ], [ -95.54291, 29.97342 ], [ -95.53476, 29.95919 ], [ -95.52996, 29.95059 ], [ -95.52823, 29.94762 ], [ -95.52748, 29.94616 ], [ -95.52576, 29.94454 ], [ -95.52533, 29.94441 ], [ -95.52482, 29.94412 ], [ -95.52403, 29.94335 ], [ -95.52158, 29.9415 ], [ -95.51967, 29.94024 ], [ -95.51665, 29.93794 ], [ -95.5164, 29.93794 ], [ -95.51642, 29.93753 ], [ -95.51435, 29.93624 ], [ -95.5113, 29.93388 ], [ -95.50798, 29.93078 ], [ -95.49505, 29.92095 ], [ -95.49375, 29.92004 ], [ -95.49504, 29.91818 ], [ -95.49543, 29.91744 ], [ -95.49573, 29.91628 ], [ -95.49575, 29.91467 ], [ -95.49594, 29.91469 ], [ -95.49569, 29.8913 ], [ -95.49288, 29.8913 ], [ -95.49287, 29.89067 ], [ -95.49091, 29.89067 ], [ -95.49094, 29.89425 ], [ -95.48531, 29.89347 ], [ -95.48518, 29.88482 ], [ -95.4944, 29.88476 ], [ -95.49436, 29.87665 ], [ -95.49224, 29.87666 ], [ -95.49163, 29.87653 ], [ -95.49038, 29.87564 ], [ -95.48986, 29.87547 ], [ -95.48876, 29.8754 ], [ -95.48836, 29.87527 ], [ -95.48796, 29.87497 ], [ -95.48716, 29.87398 ], [ -95.48673, 29.8738 ], [ -95.48645, 29.87384 ], [ -95.48836, 29.87719 ], [ -95.48512, 29.87891 ], [ -95.48057, 29.87435 ], [ -95.48072, 29.88477 ], [ -95.46807, 29.88487 ], [ -95.46767, 29.88591 ], [ -95.4674, 29.88638 ], [ -95.467, 29.88681 ], [ -95.46691, 29.88713 ], [ -95.46717, 29.88843 ], [ -95.46728, 29.89016 ], [ -95.46772, 29.89121 ], [ -95.46765, 29.89184 ], [ -95.46359, 29.89193 ], [ -95.46358, 29.89008 ], [ -95.46112, 29.89011 ], [ -95.46116, 29.89128 ], [ -95.45794, 29.89126 ], [ -95.45618, 29.88997 ], [ -95.45112, 29.88485 ], [ -95.44565, 29.88502 ], [ -95.44565, 29.88508 ], [ -95.43134, 29.88542 ], [ -95.4315, 29.89793 ], [ -95.41702, 29.89814 ], [ -95.41706, 29.8993 ], [ -95.41672, 29.8993 ], [ -95.41676, 29.90015 ], [ -95.41507, 29.9002 ], [ -95.41512, 29.90446 ], [ -95.41412, 29.9046 ], [ -95.41295, 29.90508 ], [ -95.41317, 29.91799 ], [ -95.41249, 29.92858 ], [ -95.4178, 29.9285 ], [ -95.4178, 29.9318 ], [ -95.41795, 29.93873 ], [ -95.42689, 29.9386 ], [ -95.43196, 29.93727 ], [ -95.4321, 29.93709 ], [ -95.43208, 29.93697 ], [ -95.43251, 29.93691 ], [ -95.43274, 29.93713 ], [ -95.43442, 29.93708 ], [ -95.43448, 29.94012 ], [ -95.44672, 29.9401 ], [ -95.44907, 29.93993 ], [ -95.44913, 29.94322 ], [ -95.45013, 29.94322 ], [ -95.45013, 29.94378 ], [ -95.44913, 29.94379 ], [ -95.44915, 29.94586 ], [ -95.43389, 29.94597 ], [ -95.43371, 29.94623 ], [ -95.43265, 29.94694 ], [ -95.43265, 29.94766 ], [ -95.43163, 29.94862 ], [ -95.43108, 29.94947 ], [ -95.43088, 29.9496 ], [ -95.43087, 29.94885 ], [ -95.42767, 29.94898 ], [ -95.42769, 29.95097 ], [ -95.42931, 29.95095 ], [ -95.42931, 29.95252 ], [ -95.42922, 29.95271 ], [ -95.42793, 29.95379 ], [ -95.42692, 29.95373 ], [ -95.42692, 29.9536 ], [ -95.42663, 29.95366 ], [ -95.42613, 29.95409 ], [ -95.42606, 29.94908 ], [ -95.42449, 29.94908 ], [ -95.42462, 29.95846 ], [ -95.42927, 29.95841 ], [ -95.42937, 29.95738 ], [ -95.42965, 29.95647 ], [ -95.43012, 29.9556 ], [ -95.43094, 29.95455 ], [ -95.43098, 29.95686 ], [ -95.43474, 29.9568 ], [ -95.43476, 29.95795 ], [ -95.4364, 29.95793 ], [ -95.43641, 29.96002 ], [ -95.43656, 29.96001 ], [ -95.43666, 29.968 ], [ -95.43006, 29.96799 ], [ -95.43007, 29.97009 ], [ -95.42833, 29.97005 ], [ -95.42829, 29.96788 ], [ -95.42346, 29.96796 ], [ -95.42404, 29.96911 ], [ -95.42478, 29.97003 ], [ -95.42717, 29.97194 ], [ -95.4285, 29.97313 ], [ -95.42849, 29.97392 ], [ -95.42115, 29.97405 ], [ -95.41988, 29.96803 ], [ -95.41923, 29.96804 ], [ -95.42094, 29.97549 ], [ -95.42216, 29.9824 ], [ -95.42352, 29.98947 ], [ -95.42495, 29.99752 ], [ -95.42517, 29.99868 ], [ -95.42537, 29.99895 ], [ -95.42521, 29.99904 ], [ -95.42532, 29.99964 ], [ -95.42705, 30.00874 ], [ -95.42719, 30.00874 ], [ -95.42738, 30.0098 ], [ -95.42763, 30.01192 ], [ -95.42744, 30.01191 ], [ -95.42812, 30.01897 ], [ -95.42825, 30.02104 ], [ -95.42858, 30.02372 ], [ -95.42865, 30.02806 ], [ -95.42862, 30.02806 ], [ -95.42855, 30.02372 ], [ -95.42821, 30.02104 ], [ -95.42809, 30.01897 ], [ -95.4274, 30.01189 ], [ -95.42759, 30.01189 ], [ -95.42735, 30.00981 ], [ -95.42716, 30.00877 ], [ -95.42703, 30.00876 ], [ -95.42528, 29.99965 ], [ -95.42518, 29.99903 ], [ -95.42533, 29.99894 ], [ -95.42514, 29.99869 ], [ -95.42489, 29.99745 ], [ -95.42395, 29.99225 ], [ -95.42356, 29.98986 ], [ -95.42302, 29.98724 ], [ -95.42091, 29.97549 ], [ -95.41894, 29.96694 ], [ -95.4187, 29.96616 ], [ -95.4186, 29.96616 ], [ -95.41859, 29.9659 ], [ -95.41839, 29.96595 ], [ -95.41839, 29.96584 ], [ -95.41919, 29.96584 ], [ -95.41865, 29.96328 ], [ -95.41843, 29.95651 ], [ -95.41811, 29.95281 ], [ -95.41795, 29.95171 ], [ -95.4178, 29.95127 ], [ -95.40144, 29.95151 ], [ -95.4015, 29.95566 ], [ -95.39521, 29.95573 ], [ -95.39517, 29.95393 ], [ -95.38594, 29.95404 ], [ -95.38534, 29.95173 ], [ -95.38543, 29.95173 ], [ -95.38459, 29.94863 ], [ -95.3816, 29.93675 ], [ -95.38155, 29.93655 ], [ -95.38164, 29.93655 ], [ -95.38064, 29.93246 ], [ -95.38427, 29.93185 ], [ -95.38695, 29.93172 ], [ -95.38693, 29.9292 ], [ -95.38896, 29.92917 ], [ -95.389, 29.93173 ], [ -95.39114, 29.93173 ], [ -95.39114, 29.93133 ], [ -95.39314, 29.93132 ], [ -95.39293, 29.91547 ], [ -95.40435, 29.91535 ], [ -95.40556, 29.91517 ], [ -95.40881, 29.91502 ], [ -95.40893, 29.91349 ], [ -95.40861, 29.89983 ], [ -95.40882, 29.89888 ], [ -95.40885, 29.89816 ], [ -95.40865, 29.87536 ], [ -95.38683, 29.87557 ], [ -95.38646, 29.87566 ], [ -95.3879, 29.87795 ], [ -95.37464, 29.87809 ], [ -95.37463, 29.87928 ], [ -95.37537, 29.87928 ], [ -95.37535, 29.88075 ], [ -95.37607, 29.88075 ], [ -95.37608, 29.88584 ], [ -95.37319, 29.88586 ], [ -95.37319, 29.88592 ], [ -95.37329, 29.88593 ], [ -95.3733, 29.88955 ], [ -95.37347, 29.88955 ], [ -95.37121, 29.89204 ], [ -95.37131, 29.89244 ], [ -95.3699, 29.89266 ], [ -95.36953, 29.89069 ], [ -95.36883, 29.88778 ], [ -95.36708, 29.88077 ], [ -95.36613, 29.87732 ], [ -95.36129, 29.87739 ], [ -95.36128, 29.8758 ], [ -95.36574, 29.87574 ], [ -95.36526, 29.87349 ], [ -95.3649, 29.87254 ], [ -95.35303, 29.87272 ], [ -95.355, 29.87634 ], [ -95.35538, 29.87712 ], [ -95.35544, 29.87749 ], [ -95.35495, 29.89266 ], [ -95.35494, 29.895 ], [ -95.35527, 29.90243 ], [ -95.35613, 29.92949 ], [ -95.35646, 29.93679 ], [ -95.35634, 29.93979 ], [ -95.35614, 29.94003 ], [ -95.35627, 29.94075 ], [ -95.35849, 29.95084 ], [ -95.36088, 29.9605 ], [ -95.36176, 29.96221 ], [ -95.3633, 29.96441 ], [ -95.3638, 29.96524 ], [ -95.36408, 29.96604 ], [ -95.36479, 29.98095 ], [ -95.36749, 29.98897 ], [ -95.36876, 29.99324 ], [ -95.37056, 29.99882 ], [ -95.37356, 29.99566 ], [ -95.37585, 29.99884 ], [ -95.37349, 30.00011 ], [ -95.37395, 30.00075 ], [ -95.37175, 30.00194 ], [ -95.3715, 30.00119 ], [ -95.37131, 30.00129 ], [ -95.37202, 30.00337 ], [ -95.37403, 30.00228 ], [ -95.37436, 30.00274 ], [ -95.3722, 30.00391 ], [ -95.37378, 30.00865 ], [ -95.37414, 30.00956 ], [ -95.37557, 30.01204 ], [ -95.37943, 30.01842 ], [ -95.38022, 30.0202 ], [ -95.35237, 30.01525 ], [ -95.3301, 30.01143 ], [ -95.32572, 30.00978 ], [ -95.31719, 30.00636 ], [ -95.31252, 30.00468 ], [ -95.31122, 30.00435 ], [ -95.304, 30.00141 ], [ -95.30344, 30.00127 ], [ -95.2959, 30.00134 ], [ -95.29588, 30.00459 ], [ -95.29536, 30.00458 ], [ -95.29536, 30.00471 ], [ -95.29588, 30.0047 ], [ -95.29587, 30.00513 ], [ -95.29535, 30.00516 ], [ -95.29535, 30.00538 ], [ -95.29589, 30.00537 ], [ -95.2959, 30.00607 ], [ -95.29389, 30.00608 ], [ -95.29388, 30.00564 ], [ -95.29334, 30.00564 ], [ -95.29335, 30.00472 ], [ -95.28694, 30.00472 ], [ -95.28694, 30.00681 ], [ -95.28459, 30.00683 ], [ -95.28449, 30.0016 ], [ -95.27722, 30.00168 ], [ -95.27717, 29.99753 ], [ -95.27788, 29.99704 ], [ -95.27826, 29.99631 ], [ -95.27828, 29.98803 ], [ -95.2772, 29.98807 ], [ -95.27581, 29.98761 ], [ -95.27714, 29.98449 ], [ -95.27611, 29.98254 ], [ -95.27685, 29.97992 ], [ -95.27724, 29.97918 ], [ -95.27852, 29.97731 ], [ -95.27902, 29.97638 ], [ -95.28694, 29.95853 ], [ -95.28603, 29.95814 ], [ -95.28552, 29.95819 ], [ -95.28552, 29.95781 ], [ -95.28369, 29.95778 ], [ -95.28132, 29.95653 ], [ -95.27816, 29.95556 ], [ -95.27767, 29.95524 ], [ -95.27657, 29.95408 ], [ -95.27596, 29.95382 ], [ -95.27548, 29.95379 ], [ -95.27423, 29.95405 ], [ -95.27341, 29.95412 ], [ -95.27065, 29.95385 ], [ -95.26995, 29.95406 ], [ -95.2691, 29.95473 ], [ -95.26868, 29.95474 ], [ -95.2683, 29.95454 ], [ -95.27202, 29.95114 ], [ -95.27252, 29.95074 ], [ -95.27296, 29.95055 ], [ -95.27292, 29.95043 ], [ -95.27303, 29.9503 ], [ -95.27286, 29.9503 ], [ -95.27303, 29.95015 ], [ -95.27316, 29.95015 ], [ -95.27428, 29.9492 ], [ -95.27453, 29.94908 ], [ -95.27483, 29.94866 ], [ -95.27589, 29.94757 ], [ -95.27599, 29.94757 ], [ -95.27717, 29.94639 ], [ -95.27723, 29.94641 ], [ -95.27976, 29.94404 ], [ -95.27985, 29.94404 ], [ -95.28036, 29.94356 ], [ -95.28028, 29.94356 ], [ -95.28226, 29.94186 ], [ -95.28221, 29.94181 ], [ -95.28288, 29.94116 ], [ -95.28043, 29.94131 ], [ -95.27941, 29.9413 ], [ -95.27698, 29.94108 ], [ -95.27698, 29.941 ], [ -95.27421, 29.94059 ], [ -95.27414, 29.93867 ], [ -95.27306, 29.93869 ], [ -95.27303, 29.93475 ], [ -95.28756, 29.9346 ], [ -95.28769, 29.93655 ], [ -95.29414, 29.93059 ], [ -95.30296, 29.93056 ], [ -95.30316, 29.9306 ], [ -95.30347, 29.94039 ], [ -95.3036, 29.94123 ], [ -95.31112, 29.94136 ], [ -95.31843, 29.94092 ], [ -95.31842, 29.93972 ], [ -95.31208, 29.9397 ], [ -95.31211, 29.93813 ], [ -95.31272, 29.93811 ], [ -95.31254, 29.93062 ], [ -95.31348, 29.9306 ], [ -95.31356, 29.93422 ], [ -95.31503, 29.9342 ], [ -95.3151, 29.93754 ], [ -95.3169, 29.93751 ], [ -95.31693, 29.9389 ], [ -95.31799, 29.93889 ], [ -95.31797, 29.93753 ], [ -95.31779, 29.93753 ], [ -95.31762, 29.93051 ], [ -95.31735, 29.93052 ], [ -95.31735, 29.93021 ], [ -95.31553, 29.93026 ], [ -95.3154, 29.92127 ], [ -95.31733, 29.92125 ], [ -95.31737, 29.9243 ], [ -95.31858, 29.92429 ], [ -95.31861, 29.92619 ], [ -95.32631, 29.92612 ], [ -95.32628, 29.92303 ], [ -95.33092, 29.92299 ], [ -95.33129, 29.92582 ], [ -95.33131, 29.92853 ], [ -95.33116, 29.93002 ], [ -95.33178, 29.93001 ], [ -95.33188, 29.93879 ], [ -95.33346, 29.93874 ], [ -95.33345, 29.93799 ], [ -95.33374, 29.93798 ], [ -95.33365, 29.93338 ], [ -95.34229, 29.93324 ], [ -95.34239, 29.93587 ], [ -95.34554, 29.93586 ], [ -95.34562, 29.9399 ], [ -95.35602, 29.93978 ], [ -95.35616, 29.93854 ], [ -95.35621, 29.93693 ], [ -95.35553, 29.91578 ], [ -95.3548, 29.89769 ], [ -95.34862, 29.89775 ], [ -95.34866, 29.89871 ], [ -95.34063, 29.89881 ], [ -95.34056, 29.89395 ], [ -95.33315, 29.89402 ], [ -95.33304, 29.88842 ], [ -95.33304, 29.88817 ], [ -95.33316, 29.88817 ], [ -95.35493, 29.88806 ], [ -95.35505, 29.88389 ], [ -95.35499, 29.88389 ], [ -95.355, 29.88348 ], [ -95.35506, 29.88348 ], [ -95.35522, 29.8777 ], [ -95.35516, 29.87715 ], [ -95.3518, 29.87084 ], [ -95.34134, 29.87092 ], [ -95.34124, 29.87123 ], [ -95.341, 29.87304 ], [ -95.34152, 29.87387 ], [ -95.34172, 29.87469 ], [ -95.33503, 29.87474 ], [ -95.33496, 29.87099 ], [ -95.33052, 29.87094 ], [ -95.33304, 29.8665 ], [ -95.33156, 29.86644 ], [ -95.31647, 29.86657 ], [ -95.3065, 29.89123 ], [ -95.30121, 29.89133 ], [ -95.30129, 29.89312 ], [ -95.30118, 29.89511 ], [ -95.30111, 29.89529 ], [ -95.30117, 29.89939 ], [ -95.3009, 29.89938 ], [ -95.30092, 29.90063 ], [ -95.29987, 29.90064 ], [ -95.29986, 29.9035 ], [ -95.29596, 29.90356 ], [ -95.29604, 29.90795 ], [ -95.29157, 29.908 ], [ -95.29166, 29.91409 ], [ -95.29056, 29.91387 ], [ -95.29054, 29.91324 ], [ -95.29119, 29.91323 ], [ -95.29119, 29.91242 ], [ -95.28746, 29.91246 ], [ -95.28725, 29.89937 ], [ -95.2899, 29.8993 ], [ -95.28985, 29.89737 ], [ -95.29738, 29.89728 ], [ -95.2973, 29.89109 ], [ -95.29036, 29.89117 ], [ -95.29017, 29.89118 ], [ -95.29017, 29.89124 ], [ -95.28779, 29.89118 ], [ -95.28771, 29.88537 ], [ -95.28763, 29.88526 ], [ -95.28213, 29.88526 ], [ -95.2821, 29.88307 ], [ -95.28058, 29.88307 ], [ -95.28044, 29.87466 ], [ -95.24798, 29.875 ], [ -95.24784, 29.85751 ], [ -95.24164, 29.8576 ], [ -95.24164, 29.85752 ], [ -95.22947, 29.85772 ], [ -95.2287, 29.85724 ], [ -95.22853, 29.85703 ], [ -95.22843, 29.85627 ], [ -95.22861, 29.85508 ], [ -95.22863, 29.85408 ], [ -95.22859, 29.853 ], [ -95.22843, 29.85257 ], [ -95.22847, 29.85154 ], [ -95.22836, 29.851 ], [ -95.22864, 29.85003 ], [ -95.22848, 29.84937 ], [ -95.22851, 29.84874 ], [ -95.22866, 29.84833 ], [ -95.22852, 29.84735 ], [ -95.22433, 29.84744 ], [ -95.22729, 29.84277 ], [ -95.22751, 29.84215 ], [ -95.22757, 29.84131 ], [ -95.22918, 29.84141 ], [ -95.22931, 29.84122 ], [ -95.23038, 29.84085 ], [ -95.23156, 29.841 ], [ -95.23192, 29.84006 ], [ -95.23237, 29.83969 ], [ -95.23281, 29.83967 ], [ -95.23344, 29.83941 ], [ -95.23398, 29.83906 ], [ -95.23412, 29.83876 ], [ -95.2342, 29.83806 ], [ -95.23369, 29.83738 ], [ -95.23305, 29.83689 ], [ -95.23269, 29.83649 ], [ -95.2304, 29.83449 ], [ -95.23024, 29.83425 ], [ -95.23021, 29.83392 ], [ -95.23034, 29.83335 ], [ -95.23033, 29.83237 ], [ -95.23086, 29.83111 ], [ -95.23166, 29.83018 ], [ -95.23167, 29.82992 ], [ -95.23057, 29.82811 ], [ -95.23057, 29.82585 ], [ -95.22974, 29.82413 ], [ -95.22851, 29.82201 ], [ -95.22756, 29.82229 ], [ -95.22757, 29.82185 ], [ -95.2285, 29.82109 ], [ -95.22884, 29.82144 ], [ -95.22904, 29.82135 ], [ -95.2292, 29.82108 ], [ -95.22983, 29.82079 ], [ -95.23005, 29.82052 ], [ -95.23023, 29.81918 ], [ -95.23048, 29.8187 ], [ -95.23102, 29.81838 ], [ -95.23118, 29.818 ], [ -95.23123, 29.81774 ], [ -95.23105, 29.81711 ], [ -95.23091, 29.81687 ], [ -95.23061, 29.8166 ], [ -95.23023, 29.81652 ], [ -95.22947, 29.81659 ], [ -95.22879, 29.81649 ], [ -95.22861, 29.81622 ], [ -95.2289, 29.81573 ], [ -95.22529, 29.81889 ], [ -95.22326, 29.81888 ], [ -95.22337, 29.82292 ], [ -95.22513, 29.82576 ], [ -95.21948, 29.82585 ], [ -95.21948, 29.82625 ], [ -95.21285, 29.82636 ], [ -95.21283, 29.82271 ], [ -95.20279, 29.82289 ], [ -95.20254, 29.81192 ], [ -95.2107, 29.81179 ], [ -95.21184, 29.81064 ], [ -95.21277, 29.80957 ], [ -95.21315, 29.8086 ], [ -95.21334, 29.80782 ], [ -95.21369, 29.80736 ], [ -95.21411, 29.80701 ], [ -95.21433, 29.80666 ], [ -95.21415, 29.80612 ], [ -95.21347, 29.80545 ], [ -95.21254, 29.80507 ], [ -95.21119, 29.80488 ], [ -95.21071, 29.80447 ], [ -95.2104, 29.80378 ], [ -95.21005, 29.80345 ], [ -95.20931, 29.80318 ], [ -95.2088, 29.80273 ], [ -95.20851, 29.80233 ], [ -95.20829, 29.80182 ], [ -95.208, 29.80077 ], [ -95.20785, 29.80048 ], [ -95.20415, 29.79714 ], [ -95.20376, 29.79634 ], [ -95.2039, 29.79595 ], [ -95.20408, 29.7957 ], [ -95.20429, 29.79557 ], [ -95.20462, 29.79547 ], [ -95.20495, 29.79548 ], [ -95.20617, 29.79573 ], [ -95.20671, 29.79563 ], [ -95.20688, 29.79553 ], [ -95.20693, 29.79532 ], [ -95.20686, 29.79492 ], [ -95.20644, 29.79419 ], [ -95.20633, 29.79383 ], [ -95.2066, 29.7938 ], [ -95.20664, 29.79266 ], [ -95.20613, 29.79138 ], [ -95.20532, 29.79037 ], [ -95.20519, 29.78999 ], [ -95.20526, 29.78915 ], [ -95.20541, 29.78894 ], [ -95.20563, 29.78895 ], [ -95.20642, 29.78941 ], [ -95.20695, 29.7896 ], [ -95.20879, 29.78977 ], [ -95.20962, 29.78972 ], [ -95.21044, 29.78931 ], [ -95.21197, 29.78808 ], [ -95.21236, 29.78788 ], [ -95.2137, 29.78766 ], [ -95.21419, 29.7875 ], [ -95.2146, 29.78716 ], [ -95.2149, 29.7867 ], [ -95.21513, 29.78603 ], [ -95.21505, 29.78558 ], [ -95.21447, 29.78461 ], [ -95.2141, 29.78326 ], [ -95.21392, 29.78327 ], [ -95.21332, 29.7826 ], [ -95.21307, 29.78219 ], [ -95.21296, 29.78175 ], [ -95.21296, 29.78058 ], [ -95.21251, 29.77988 ], [ -95.21161, 29.77923 ], [ -95.21096, 29.77896 ], [ -95.21031, 29.77886 ], [ -95.20904, 29.77912 ], [ -95.20864, 29.77903 ], [ -95.20836, 29.77875 ], [ -95.2082, 29.77842 ], [ -95.20821, 29.77655 ], [ -95.2081, 29.77617 ], [ -95.20791, 29.77592 ], [ -95.20719, 29.77547 ], [ -95.2057, 29.7756 ], [ -95.20508, 29.77539 ], [ -95.20502, 29.77599 ], [ -95.20533, 29.77661 ], [ -95.20536, 29.77701 ], [ -95.20512, 29.77737 ], [ -95.20473, 29.77846 ], [ -95.20412, 29.77919 ], [ -95.20301, 29.78107 ], [ -95.20315, 29.78145 ], [ -95.20367, 29.78194 ], [ -95.20324, 29.78204 ], [ -95.20262, 29.78261 ], [ -95.20251, 29.7831 ], [ -95.20266, 29.78352 ], [ -95.20256, 29.78361 ], [ -95.20259, 29.7837 ], [ -95.20274, 29.78373 ], [ -95.20275, 29.78384 ], [ -95.20301, 29.78388 ], [ -95.20255, 29.7842 ], [ -95.20244, 29.78433 ], [ -95.20246, 29.78448 ], [ -95.20229, 29.78451 ], [ -95.20217, 29.78471 ], [ -95.20193, 29.78461 ], [ -95.20186, 29.78467 ], [ -95.20201, 29.78488 ], [ -95.202, 29.78543 ], [ -95.20183, 29.78538 ], [ -95.20166, 29.7856 ], [ -95.20109, 29.78586 ], [ -95.20094, 29.78581 ], [ -95.20058, 29.78615 ], [ -95.20029, 29.78599 ], [ -95.20006, 29.78609 ], [ -95.19988, 29.78601 ], [ -95.19959, 29.78615 ], [ -95.19957, 29.78635 ], [ -95.19921, 29.78644 ], [ -95.1992, 29.78605 ], [ -95.19907, 29.78602 ], [ -95.1984, 29.78619 ], [ -95.19827, 29.78613 ], [ -95.19803, 29.7863 ], [ -95.19804, 29.78643 ], [ -95.19779, 29.7869 ], [ -95.19754, 29.78691 ], [ -95.19719, 29.78707 ], [ -95.1966, 29.78779 ], [ -95.19641, 29.7878 ], [ -95.19633, 29.78789 ], [ -95.19638, 29.78803 ], [ -95.19625, 29.78824 ], [ -95.19456, 29.7883 ], [ -95.19451, 29.78836 ], [ -95.19437, 29.78829 ], [ -95.19347, 29.78938 ], [ -95.19328, 29.7894 ], [ -95.19098, 29.7922 ], [ -95.17979, 29.80582 ], [ -95.17951, 29.80638 ], [ -95.17863, 29.80871 ], [ -95.17876, 29.80877 ], [ -95.17828, 29.81001 ], [ -95.17817, 29.80998 ], [ -95.17105, 29.82869 ], [ -95.16733, 29.83874 ], [ -95.16732, 29.84825 ], [ -95.16645, 29.8541 ], [ -95.16153, 29.87688 ], [ -95.16138, 29.87844 ], [ -95.16138, 29.88446 ], [ -95.16108, 29.88498 ], [ -95.15995, 29.88569 ], [ -95.15973, 29.88595 ], [ -95.1529, 29.90142 ], [ -95.15387, 29.90106 ], [ -95.15462, 29.90103 ], [ -95.15537, 29.90132 ], [ -95.15589, 29.90186 ], [ -95.15605, 29.90228 ], [ -95.15607, 29.90271 ], [ -95.1556, 29.90441 ], [ -95.15547, 29.90575 ], [ -95.15555, 29.90687 ], [ -95.15581, 29.908 ], [ -95.15633, 29.90924 ], [ -95.15705, 29.91039 ], [ -95.15787, 29.91132 ], [ -95.15927, 29.91258 ], [ -95.15578, 29.91707 ], [ -95.15601, 29.91743 ], [ -95.16156, 29.92372 ], [ -95.16159, 29.92576 ], [ -95.17059, 29.93052 ], [ -95.16806, 29.9352 ], [ -95.16574, 29.93526 ], [ -95.16584, 29.93545 ], [ -95.16849, 29.93537 ], [ -95.17276, 29.93478 ], [ -95.17661, 29.93474 ], [ -95.17681, 29.93644 ], [ -95.17706, 29.94209 ], [ -95.17711, 29.94406 ], [ -95.17704, 29.94445 ], [ -95.1772, 29.94891 ], [ -95.17721, 29.95398 ], [ -95.17381, 29.954 ], [ -95.1732, 29.95497 ], [ -95.16965, 29.95969 ], [ -95.1702, 29.95994 ], [ -95.17002, 29.96037 ], [ -95.16939, 29.96011 ], [ -95.16906, 29.96082 ], [ -95.16874, 29.96222 ], [ -95.16874, 29.96296 ], [ -95.16884, 29.96366 ], [ -95.17353, 29.96362 ], [ -95.15946, 29.97725 ], [ -95.15912, 29.97698 ], [ -95.15933, 29.97677 ], [ -95.15945, 29.97686 ], [ -95.16049, 29.97585 ], [ -95.15968, 29.97586 ], [ -95.15944, 29.97614 ], [ -95.15518, 29.97615 ], [ -95.1552, 29.97763 ], [ -95.14945, 29.97763 ], [ -95.14326, 29.97801 ], [ -95.14236, 29.97834 ], [ -95.14166, 29.97916 ], [ -95.14166, 29.97991 ], [ -95.14136, 29.98055 ], [ -95.13896, 29.98059 ], [ -95.13681, 29.98264 ], [ -95.13617, 29.98307 ], [ -95.13517, 29.98323 ], [ -95.13449, 29.98409 ], [ -95.13481, 29.9851 ], [ -95.13526, 29.98564 ], [ -95.13589, 29.98534 ], [ -95.13658, 29.98629 ], [ -95.13741, 29.98695 ], [ -95.14041, 29.98784 ], [ -95.14162, 29.98889 ], [ -95.14225, 29.98974 ], [ -95.14556, 29.98963 ], [ -95.14619, 29.9907 ], [ -95.14618, 29.99129 ], [ -95.14129, 29.99292 ], [ -95.14073, 29.99349 ], [ -95.14062, 29.99413 ], [ -95.14178, 29.99731 ], [ -95.14264, 29.99738 ], [ -95.14318, 29.99763 ], [ -95.14311, 29.99831 ], [ -95.14176, 29.9991 ], [ -95.14197, 29.9994 ], [ -95.14199, 29.99993 ], [ -95.1458, 29.99988 ], [ -95.14582, 30.00217 ], [ -95.14172, 30.00221 ], [ -95.14099, 30.00264 ], [ -95.14224, 30.00423 ], [ -95.14187, 30.00442 ], [ -95.14158, 30.00527 ], [ -95.14118, 30.00426 ], [ -95.14026, 30.00308 ], [ -95.13975, 30.00338 ], [ -95.13927, 30.00437 ], [ -95.13846, 30.005 ], [ -95.13836, 30.00528 ], [ -95.13848, 30.00579 ], [ -95.13911, 30.00627 ], [ -95.14004, 30.00666 ], [ -95.14081, 30.00732 ], [ -95.1421, 30.00908 ], [ -95.14292, 30.00967 ], [ -95.14397, 30.01217 ], [ -95.14455, 30.01308 ], [ -95.14571, 30.01437 ], [ -95.14624, 30.01471 ], [ -95.14837, 30.01696 ], [ -95.14911, 30.01743 ], [ -95.14843, 30.01748 ], [ -95.14883, 30.01799 ], [ -95.15106, 30.01913 ], [ -95.15154, 30.01864 ], [ -95.15263, 30.01848 ], [ -95.15312, 30.01875 ], [ -95.15387, 30.01872 ], [ -95.15503, 30.01939 ], [ -95.1576, 30.02007 ], [ -95.1589, 30.01986 ], [ -95.15919, 30.02002 ], [ -95.15921, 30.02049 ], [ -95.15636, 30.02216 ], [ -95.15592, 30.02311 ], [ -95.1566, 30.02405 ], [ -95.15639, 30.02535 ], [ -95.15389, 30.02722 ], [ -95.15332, 30.02803 ], [ -95.15309, 30.02896 ], [ -95.15316, 30.02945 ], [ -95.1537, 30.02971 ], [ -95.15476, 30.0293 ], [ -95.15596, 30.02929 ], [ -95.15708, 30.02885 ], [ -95.15744, 30.02832 ], [ -95.15867, 30.02764 ], [ -95.15898, 30.02684 ], [ -95.1602, 30.0263 ], [ -95.16069, 30.02566 ], [ -95.16042, 30.02522 ], [ -95.16071, 30.02403 ], [ -95.16256, 30.02324 ], [ -95.16574, 30.02171 ], [ -95.1672, 30.02156 ], [ -95.16816, 30.02188 ], [ -95.16873, 30.02164 ], [ -95.17068, 30.02002 ], [ -95.17226, 30.01954 ], [ -95.1729, 30.01964 ], [ -95.17464, 30.01881 ], [ -95.17616, 30.01863 ], [ -95.17934, 30.01976 ], [ -95.1804, 30.02069 ], [ -95.18231, 30.02033 ], [ -95.18375, 30.0199 ], [ -95.18522, 30.01892 ], [ -95.18635, 30.01847 ], [ -95.18985, 30.01795 ], [ -95.19137, 30.01803 ], [ -95.19312, 30.0179 ], [ -95.19423, 30.01712 ], [ -95.19542, 30.01568 ], [ -95.19764, 30.01422 ], [ -95.19764, 30.01314 ], [ -95.19834, 30.0138 ], [ -95.19937, 30.01349 ], [ -95.20049, 30.0135 ], [ -95.2019, 30.01435 ], [ -95.20253, 30.01543 ], [ -95.20286, 30.01736 ], [ -95.20386, 30.01907 ], [ -95.20372, 30.01238 ], [ -95.20373, 30.00806 ], [ -95.21931, 30.00638 ], [ -95.23198, 30.00526 ], [ -95.2319, 29.99926 ], [ -95.23192, 29.98818 ], [ -95.23178, 29.9754 ], [ -95.23609, 29.97533 ], [ -95.2361, 29.97789 ], [ -95.2367, 29.9779 ], [ -95.23673, 29.99755 ], [ -95.23664, 29.9991 ], [ -95.23675, 30.0 ], [ -95.23706, 30.00119 ], [ -95.23749, 30.00219 ], [ -95.23806, 30.00305 ], [ -95.23879, 30.00387 ], [ -95.23995, 30.00485 ], [ -95.24076, 30.00538 ], [ -95.24184, 30.00584 ], [ -95.24295, 30.00608 ], [ -95.24296, 30.00884 ], [ -95.24275, 30.01605 ], [ -95.24279, 30.01694 ], [ -95.24293, 30.01776 ], [ -95.24326, 30.01877 ], [ -95.24379, 30.01978 ], [ -95.24435, 30.02054 ], [ -95.24553, 30.02165 ], [ -95.2469, 30.02249 ], [ -95.24864, 30.02312 ], [ -95.2503, 30.02338 ], [ -95.2503, 30.02708 ], [ -95.25081, 30.02691 ], [ -95.25101, 30.02663 ], [ -95.25348, 30.02648 ], [ -95.25396, 30.02629 ], [ -95.25431, 30.02604 ], [ -95.25493, 30.02625 ], [ -95.25613, 30.02325 ], [ -95.25636, 30.02447 ], [ -95.25691, 30.02451 ], [ -95.25716, 30.02472 ], [ -95.25804, 30.02471 ], [ -95.25839, 30.02388 ], [ -95.25842, 30.02593 ], [ -95.26025, 30.02633 ], [ -95.2609, 30.02657 ], [ -95.26137, 30.02692 ], [ -95.26229, 30.02828 ], [ -95.26306, 30.03073 ], [ -95.2639, 30.03201 ], [ -95.26518, 30.03215 ], [ -95.26611, 30.03204 ], [ -95.2676, 30.0317 ], [ -95.26837, 30.03166 ], [ -95.27108, 30.03238 ], [ -95.27255, 30.03234 ], [ -95.27401, 30.03205 ], [ -95.27459, 30.03181 ], [ -95.27491, 30.03179 ], [ -95.27604, 30.03133 ], [ -95.27831, 30.03078 ], [ -95.27943, 30.03061 ], [ -95.28265, 30.03042 ], [ -95.28337, 30.03025 ], [ -95.28483, 30.02961 ], [ -95.28479, 30.02129 ], [ -95.29345, 30.02123 ], [ -95.29344, 30.01999 ], [ -95.29313, 30.02 ], [ -95.29313, 30.01969 ], [ -95.29344, 30.01967 ], [ -95.29341, 30.01631 ], [ -95.29136, 30.01636 ], [ -95.29134, 30.01451 ], [ -95.29343, 30.01449 ], [ -95.29355, 30.0289 ], [ -95.294, 30.04289 ], [ -95.27142, 30.04292 ], [ -95.2626, 30.04283 ], [ -95.26269, 30.04306 ], [ -95.2628, 30.05181 ], [ -95.26402, 30.05172 ], [ -95.26409, 30.05879 ], [ -95.26535, 30.05987 ], [ -95.26284, 30.06042 ], [ -95.2628, 30.05767 ], [ -95.26142, 30.05767 ], [ -95.26145, 30.0604 ], [ -95.26266, 30.06041 ], [ -95.26276, 30.06843 ], [ -95.26287, 30.06929 ], [ -95.26291, 30.07138 ], [ -95.25005, 30.07145 ], [ -95.25006, 30.07162 ], [ -95.2458, 30.07157 ], [ -95.24496, 30.07031 ], [ -95.24112, 30.07033 ], [ -95.24176, 30.06827 ], [ -95.2442, 30.06132 ], [ -95.24431, 30.06106 ], [ -95.24446, 30.06107 ], [ -95.24499, 30.05978 ], [ -95.24517, 30.05899 ], [ -95.24545, 30.05826 ], [ -95.24602, 30.05825 ], [ -95.24622, 30.0577 ], [ -95.24989, 30.05765 ], [ -95.24984, 30.05568 ], [ -95.24637, 30.05574 ], [ -95.24697, 30.0541 ], [ -95.24793, 30.05408 ], [ -95.24793, 30.05308 ], [ -95.24731, 30.05307 ], [ -95.24765, 30.05202 ], [ -95.24684, 30.05185 ], [ -95.24588, 30.05453 ], [ -95.23954, 30.05462 ], [ -95.23925, 30.05462 ], [ -95.23923, 30.05205 ], [ -95.23584, 30.05211 ], [ -95.23584, 30.05202 ], [ -95.23341, 30.05205 ], [ -95.23337, 30.05223 ], [ -95.22736, 30.05226 ], [ -95.22735, 30.06173 ], [ -95.22211, 30.06599 ], [ -95.22211, 30.06837 ], [ -95.21916, 30.06839 ], [ -95.21495, 30.07177 ], [ -95.21539, 30.07216 ], [ -95.21601, 30.07241 ], [ -95.21651, 30.07247 ], [ -95.21771, 30.07242 ], [ -95.21771, 30.07291 ], [ -95.2178, 30.0733 ], [ -95.21844, 30.07443 ], [ -95.21849, 30.0753 ], [ -95.21843, 30.07609 ], [ -95.21835, 30.07635 ], [ -95.2162, 30.07691 ], [ -95.21446, 30.0768 ], [ -95.21414, 30.07522 ], [ -95.21279, 30.07521 ], [ -95.21249, 30.0753 ], [ -95.21199, 30.07411 ], [ -95.18311, 30.09752 ], [ -95.18114, 30.09874 ], [ -95.16701, 30.11034 ], [ -95.16573, 30.1068 ], [ -95.16302, 30.10087 ], [ -95.15867, 30.09493 ], [ -95.15003, 30.08418 ], [ -95.14955, 30.0845 ], [ -95.14888, 30.08467 ], [ -95.14874, 30.08448 ], [ -95.14838, 30.08468 ], [ -95.14809, 30.08422 ], [ -95.14702, 30.08353 ], [ -95.14687, 30.0832 ], [ -95.14699, 30.0829 ], [ -95.14743, 30.08266 ], [ -95.14721, 30.08235 ], [ -95.14456, 30.08381 ], [ -95.14161, 30.0797 ], [ -95.14338, 30.0786 ], [ -95.1404, 30.07523 ], [ -95.14067, 30.07387 ], [ -95.13985, 30.07396 ], [ -95.13958, 30.07388 ], [ -95.13878, 30.07404 ], [ -95.13774, 30.0741 ], [ -95.13514, 30.07411 ], [ -95.13504, 30.07401 ], [ -95.1353, 30.07369 ], [ -95.13572, 30.0736 ], [ -95.13655, 30.073 ], [ -95.13684, 30.07289 ], [ -95.13714, 30.07295 ], [ -95.13753, 30.07248 ], [ -95.13774, 30.07191 ], [ -95.13794, 30.07163 ], [ -95.13855, 30.07139 ], [ -95.13867, 30.07103 ], [ -95.13906, 30.07115 ], [ -95.1392, 30.07082 ], [ -95.13857, 30.07003 ], [ -95.13088, 30.06743 ], [ -95.12787, 30.0665 ], [ -95.12768, 30.0675 ], [ -95.12137, 30.06687 ], [ -95.12168, 30.06452 ], [ -95.11972, 30.06422 ], [ -95.11341, 30.06244 ], [ -95.11259, 30.06212 ], [ -95.11045, 30.06149 ], [ -95.11043, 30.0602 ], [ -95.10735, 30.06025 ], [ -95.11029, 30.06678 ], [ -95.10468, 30.06663 ], [ -95.10467, 30.06674 ], [ -95.10197, 30.06677 ], [ -95.10184, 30.06028 ], [ -95.09655, 30.06038 ], [ -95.09594, 30.05771 ], [ -95.09338, 30.04787 ], [ -95.09822, 30.04778 ], [ -95.0982, 30.04599 ], [ -95.11708, 30.04586 ], [ -95.11728, 30.04541 ], [ -95.11712, 30.04473 ], [ -95.11731, 30.04435 ], [ -95.11735, 30.04351 ], [ -95.11708, 30.04335 ], [ -95.11686, 30.043 ], [ -95.11663, 30.04327 ], [ -95.11457, 30.04316 ], [ -95.11302, 30.04154 ], [ -95.11221, 30.04104 ], [ -95.10806, 30.0411 ], [ -95.10811, 30.04345 ], [ -95.10266, 30.04351 ], [ -95.10264, 30.0429 ], [ -95.10169, 30.04292 ], [ -95.10171, 30.0435 ], [ -95.09755, 30.04359 ], [ -95.09862, 30.03825 ], [ -95.101, 30.02824 ], [ -95.10203, 30.02825 ], [ -95.10197, 30.02562 ], [ -95.10189, 30.02545 ], [ -95.10184, 30.02417 ], [ -95.09955, 30.02421 ], [ -95.09947, 30.01935 ], [ -95.10303, 30.01929 ], [ -95.10831, 29.99543 ], [ -95.10929, 29.99113 ], [ -95.11007, 29.98813 ], [ -95.1104, 29.98654 ], [ -95.11034, 29.98651 ], [ -95.11063, 29.98618 ], [ -95.1106, 29.98601 ], [ -95.11079, 29.98585 ], [ -95.12242, 29.98554 ], [ -95.12245, 29.98316 ], [ -95.12192, 29.98206 ], [ -95.1208, 29.98126 ], [ -95.11951, 29.98164 ], [ -95.11872, 29.98233 ], [ -95.11868, 29.98127 ], [ -95.1179, 29.98101 ], [ -95.11747, 29.98045 ], [ -95.11665, 29.98068 ], [ -95.11716, 29.98011 ], [ -95.11726, 29.98009 ], [ -95.1177, 29.98008 ], [ -95.11814, 29.98068 ], [ -95.11879, 29.98061 ], [ -95.11939, 29.98092 ], [ -95.11987, 29.98044 ], [ -95.1195, 29.97961 ], [ -95.11964, 29.97946 ], [ -95.12021, 29.97964 ], [ -95.12045, 29.97666 ], [ -95.12157, 29.97477 ], [ -95.12108, 29.97431 ], [ -95.12048, 29.97417 ], [ -95.11812, 29.97433 ], [ -95.11978, 29.9739 ], [ -95.12153, 29.97414 ], [ -95.12182, 29.97386 ], [ -95.12232, 29.97264 ], [ -95.12265, 29.97091 ], [ -95.12133, 29.97044 ], [ -95.12266, 29.97076 ], [ -95.12358, 29.96871 ], [ -95.1236, 29.96783 ], [ -95.12297, 29.96732 ], [ -95.12308, 29.96721 ], [ -95.124, 29.96712 ], [ -95.12536, 29.9657 ], [ -95.11441, 29.96581 ], [ -95.1181, 29.95614 ], [ -95.13632, 29.9559 ], [ -95.13615, 29.9556 ], [ -95.1356, 29.95535 ], [ -95.13504, 29.95534 ], [ -95.13424, 29.95493 ], [ -95.13373, 29.95425 ], [ -95.13389, 29.95406 ], [ -95.13428, 29.95473 ], [ -95.13499, 29.95508 ], [ -95.13615, 29.95523 ], [ -95.1368, 29.95489 ], [ -95.13732, 29.95203 ], [ -95.13835, 29.95082 ], [ -95.13942, 29.95021 ], [ -95.14174, 29.94968 ], [ -95.14244, 29.94803 ], [ -95.14278, 29.94801 ], [ -95.1428, 29.94868 ], [ -95.14308, 29.94922 ], [ -95.14526, 29.9487 ], [ -95.14709, 29.9488 ], [ -95.1472, 29.94642 ], [ -95.1455, 29.94472 ], [ -95.1441, 29.94445 ], [ -95.14296, 29.94373 ], [ -95.13965, 29.94492 ], [ -95.13942, 29.9447 ], [ -95.14137, 29.94288 ], [ -95.14037, 29.94138 ], [ -95.13973, 29.94112 ], [ -95.11498, 29.94167 ], [ -95.11482, 29.92031 ], [ -95.12114, 29.92034 ], [ -95.12066, 29.92015 ], [ -95.11956, 29.91949 ], [ -95.1216, 29.91577 ], [ -95.12407, 29.91463 ], [ -95.12347, 29.91208 ], [ -95.12345, 29.91128 ], [ -95.12464, 29.90808 ], [ -95.12468, 29.9073 ], [ -95.1246, 29.90657 ], [ -95.12392, 29.90541 ], [ -95.12064, 29.9021 ], [ -95.122, 29.90216 ], [ -95.13186, 29.90201 ], [ -95.13407, 29.90295 ], [ -95.15179, 29.90272 ], [ -95.15221, 29.90176 ], [ -95.15211, 29.90176 ], [ -95.15206, 29.90045 ], [ -95.15299, 29.89984 ], [ -95.15314, 29.89964 ], [ -95.15673, 29.89147 ], [ -95.15859, 29.88747 ], [ -95.15926, 29.8858 ], [ -95.15957, 29.88542 ], [ -95.1607, 29.88468 ], [ -95.1609, 29.8844 ], [ -95.16098, 29.88195 ], [ -95.16097, 29.87722 ], [ -95.16104, 29.87636 ], [ -95.16592, 29.85444 ], [ -95.16652, 29.85126 ], [ -95.16694, 29.8485 ], [ -95.16694, 29.83881 ], [ -95.1668, 29.83852 ], [ -95.17062, 29.82833 ], [ -95.17286, 29.82292 ], [ -95.1793, 29.80585 ], [ -95.19363, 29.78839 ], [ -95.18281, 29.78862 ], [ -95.18237, 29.77095 ], [ -95.17578, 29.77113 ], [ -95.17371, 29.77107 ], [ -95.16539, 29.77124 ], [ -95.16313, 29.77161 ], [ -95.16195, 29.77163 ], [ -95.16178, 29.77164 ], [ -95.16177, 29.77131 ], [ -95.15974, 29.77133 ], [ -95.15955, 29.77144 ], [ -95.15884, 29.77146 ], [ -95.15884, 29.77162 ], [ -95.15762, 29.7716 ], [ -95.15286, 29.7722 ], [ -95.15239, 29.77219 ], [ -95.1524, 29.77225 ], [ -95.15206, 29.77232 ], [ -95.14655, 29.77319 ], [ -95.13842, 29.7752 ], [ -95.127, 29.77789 ], [ -95.12348, 29.77878 ], [ -95.12097, 29.77959 ], [ -95.11655, 29.78144 ], [ -95.11653, 29.78157 ], [ -95.11632, 29.78166 ], [ -95.11614, 29.78163 ], [ -95.1076, 29.78523 ], [ -95.10691, 29.78548 ], [ -95.10562, 29.78583 ], [ -95.09533, 29.78926 ], [ -95.09224, 29.79025 ], [ -95.0895, 29.79101 ], [ -95.08831, 29.79121 ], [ -95.0883, 29.79105 ], [ -95.08531, 29.79141 ], [ -95.08267, 29.79185 ], [ -95.0805, 29.7925 ], [ -95.07596, 29.79413 ], [ -95.07165, 29.79561 ], [ -95.07098, 29.79579 ], [ -95.07018, 29.79591 ], [ -95.06936, 29.79593 ], [ -95.06854, 29.79586 ], [ -95.0678, 29.79569 ], [ -95.06648, 29.79522 ], [ -95.06369, 29.79399 ], [ -95.06121, 29.79279 ], [ -95.06649, 29.7952 ], [ -95.06772, 29.79563 ], [ -95.06844, 29.79581 ], [ -95.06926, 29.7959 ], [ -95.07077, 29.7958 ], [ -95.07154, 29.79561 ], [ -95.07575, 29.79418 ], [ -95.08049, 29.79248 ], [ -95.08267, 29.79182 ], [ -95.08531, 29.79139 ], [ -95.08833, 29.79102 ], [ -95.08834, 29.79117 ], [ -95.08949, 29.79098 ], [ -95.09002, 29.7908 ], [ -95.09223, 29.79022 ], [ -95.09531, 29.78923 ], [ -95.10561, 29.7858 ], [ -95.10758, 29.7852 ], [ -95.11613, 29.7816 ], [ -95.11632, 29.78163 ], [ -95.11652, 29.78155 ], [ -95.11652, 29.78142 ], [ -95.12095, 29.77957 ], [ -95.12284, 29.77893 ], [ -95.12699, 29.77786 ], [ -95.13744, 29.77536 ], [ -95.13841, 29.77517 ], [ -95.13925, 29.77491 ], [ -95.1462, 29.77324 ], [ -95.15205, 29.7723 ], [ -95.15236, 29.77223 ], [ -95.15236, 29.77216 ], [ -95.15286, 29.77217 ], [ -95.15762, 29.77158 ], [ -95.15881, 29.77159 ], [ -95.15881, 29.77143 ], [ -95.15954, 29.77141 ], [ -95.15973, 29.7713 ], [ -95.1618, 29.77128 ], [ -95.16181, 29.77161 ], [ -95.16195, 29.77161 ], [ -95.16312, 29.77158 ], [ -95.16539, 29.77121 ], [ -95.17369, 29.77104 ], [ -95.17578, 29.7711 ], [ -95.17597, 29.77106 ], [ -95.18237, 29.77092 ], [ -95.18232, 29.76718 ], [ -95.18913, 29.76706 ], [ -95.18861, 29.76538 ], [ -95.18855, 29.76491 ], [ -95.18914, 29.76345 ], [ -95.19034, 29.76241 ], [ -95.19113, 29.7619 ], [ -95.19198, 29.76039 ], [ -95.19278, 29.75959 ], [ -95.19276, 29.75948 ], [ -95.19219, 29.75979 ], [ -95.19229, 29.75925 ], [ -95.19221, 29.75873 ], [ -95.19195, 29.75815 ], [ -95.19148, 29.75791 ], [ -95.19148, 29.75719 ], [ -95.19302, 29.75762 ], [ -95.19515, 29.75791 ], [ -95.21026, 29.75769 ], [ -95.20973, 29.74216 ], [ -95.20822, 29.74362 ], [ -95.20594, 29.74554 ], [ -95.20469, 29.74643 ], [ -95.20355, 29.74709 ], [ -95.20141, 29.74801 ], [ -95.20011, 29.74839 ], [ -95.19883, 29.74866 ], [ -95.19686, 29.74933 ], [ -95.19498, 29.75012 ], [ -95.19361, 29.75087 ], [ -95.19264, 29.75127 ], [ -95.18756, 29.75244 ], [ -95.18646, 29.75254 ], [ -95.18175, 29.75265 ], [ -95.1756, 29.7536 ], [ -95.17301, 29.75376 ], [ -95.16968, 29.75352 ], [ -95.16703, 29.75306 ], [ -95.16405, 29.75223 ], [ -95.16142, 29.75119 ], [ -95.15339, 29.74602 ], [ -95.15237, 29.74529 ], [ -95.15031, 29.74318 ], [ -95.149, 29.74332 ], [ -95.14734, 29.74335 ], [ -95.14356, 29.74298 ], [ -95.14085, 29.74286 ], [ -95.13904, 29.74257 ], [ -95.13581, 29.74165 ], [ -95.13314, 29.74113 ], [ -95.13033, 29.74076 ], [ -95.12836, 29.74098 ], [ -95.12741, 29.74122 ], [ -95.1263, 29.74162 ], [ -95.12267, 29.74344 ], [ -95.11833, 29.74533 ], [ -95.11593, 29.74599 ], [ -95.11335, 29.74648 ], [ -95.1117, 29.74667 ], [ -95.1111, 29.74689 ], [ -95.11057, 29.74721 ], [ -95.10993, 29.74783 ], [ -95.10897, 29.74949 ], [ -95.10787, 29.75102 ], [ -95.10687, 29.75219 ], [ -95.10551, 29.75354 ], [ -95.10434, 29.75453 ], [ -95.10316, 29.75528 ], [ -95.10128, 29.75633 ], [ -95.0997, 29.75707 ], [ -95.09907, 29.75894 ], [ -95.09825, 29.76079 ], [ -95.09723, 29.76262 ], [ -95.09615, 29.76423 ], [ -95.0944, 29.76587 ], [ -95.09329, 29.76671 ], [ -95.09211, 29.76746 ], [ -95.09066, 29.76822 ], [ -95.08895, 29.76893 ], [ -95.08724, 29.76946 ], [ -95.08571, 29.7698 ], [ -95.0839, 29.77004 ], [ -95.08208, 29.77012 ], [ -95.08043, 29.77006 ], [ -95.07873, 29.76985 ], [ -95.07699, 29.76949 ], [ -95.07548, 29.76903 ], [ -95.07389, 29.76841 ], [ -95.07252, 29.76773 ], [ -95.07092, 29.76675 ], [ -95.06804, 29.76519 ], [ -95.0656, 29.76367 ], [ -95.06455, 29.76287 ], [ -95.06298, 29.76142 ], [ -95.06148, 29.75986 ], [ -95.0602, 29.75833 ], [ -95.059, 29.75672 ], [ -95.05807, 29.75523 ], [ -95.05722, 29.75329 ], [ -95.05645, 29.75038 ], [ -95.05596, 29.74896 ], [ -95.05518, 29.74725 ], [ -95.05422, 29.7456 ], [ -95.05309, 29.74404 ], [ -95.05233, 29.74322 ], [ -95.05094, 29.742 ], [ -95.04942, 29.74091 ], [ -95.04778, 29.73996 ], [ -95.04605, 29.73915 ], [ -95.04422, 29.7385 ], [ -95.04234, 29.73801 ], [ -95.04001, 29.73764 ], [ -95.03545, 29.73735 ], [ -95.0307, 29.73684 ], [ -95.0284, 29.73651 ], [ -95.02664, 29.73605 ], [ -95.02426, 29.73517 ], [ -95.02213, 29.73411 ], [ -95.02014, 29.73282 ], [ -95.01837, 29.73137 ], [ -95.01657, 29.72946 ], [ -95.01507, 29.72736 ], [ -95.01391, 29.72511 ], [ -95.01305, 29.72251 ], [ -95.01377, 29.71254 ], [ -95.01358, 29.71072 ], [ -95.01214, 29.70857 ], [ -95.01393, 29.70722 ], [ -95.01566, 29.70559 ], [ -95.01581, 29.70574 ], [ -95.01595, 29.70564 ], [ -95.01622, 29.70534 ], [ -95.0235, 29.69954 ], [ -95.0253, 29.70145 ], [ -95.02666, 29.70331 ], [ -95.02787, 29.70551 ], [ -95.02874, 29.70785 ], [ -95.02935, 29.7107 ], [ -95.0296, 29.71347 ], [ -95.02952, 29.71625 ], [ -95.0293, 29.71796 ], [ -95.02911, 29.71875 ], [ -95.0291, 29.71955 ], [ -95.02922, 29.72018 ], [ -95.02946, 29.7208 ], [ -95.02982, 29.72139 ], [ -95.0303, 29.72193 ], [ -95.03136, 29.72267 ], [ -95.03201, 29.72295 ], [ -95.03271, 29.72314 ], [ -95.04311, 29.72416 ], [ -95.04527, 29.72452 ], [ -95.04739, 29.72505 ], [ -95.05162, 29.7265 ], [ -95.05399, 29.72747 ], [ -95.05673, 29.72886 ], [ -95.05902, 29.73027 ], [ -95.06135, 29.732 ], [ -95.06347, 29.7339 ], [ -95.06528, 29.73583 ], [ -95.06685, 29.73785 ], [ -95.06774, 29.73918 ], [ -95.06866, 29.74074 ], [ -95.06955, 29.74255 ], [ -95.07016, 29.74403 ], [ -95.0708, 29.7448 ], [ -95.07219, 29.74907 ], [ -95.07278, 29.75003 ], [ -95.07454, 29.75229 ], [ -95.07502, 29.75274 ], [ -95.07558, 29.75311 ], [ -95.08054, 29.75579 ], [ -95.08181, 29.75641 ], [ -95.08205, 29.75645 ], [ -95.08257, 29.75644 ], [ -95.08305, 29.7563 ], [ -95.08346, 29.75606 ], [ -95.08378, 29.75573 ], [ -95.08406, 29.75509 ], [ -95.08425, 29.7543 ], [ -95.08461, 29.75326 ], [ -95.08519, 29.75199 ], [ -95.08602, 29.75058 ], [ -95.08748, 29.7487 ], [ -95.08877, 29.74742 ], [ -95.09049, 29.74608 ], [ -95.09245, 29.74486 ], [ -95.09468, 29.74374 ], [ -95.09548, 29.74206 ], [ -95.09665, 29.74032 ], [ -95.09801, 29.73886 ], [ -95.09944, 29.73769 ], [ -95.10155, 29.73643 ], [ -95.10454, 29.73518 ], [ -95.10817, 29.73385 ], [ -95.11313, 29.73232 ], [ -95.11569, 29.7308 ], [ -95.11887, 29.72914 ], [ -95.12051, 29.72837 ], [ -95.12246, 29.72778 ], [ -95.12438, 29.72736 ], [ -95.12647, 29.72708 ], [ -95.12913, 29.72692 ], [ -95.13111, 29.72696 ], [ -95.1335, 29.72723 ], [ -95.13601, 29.72776 ], [ -95.13819, 29.72846 ], [ -95.14033, 29.72938 ], [ -95.14213, 29.72927 ], [ -95.14392, 29.72935 ], [ -95.1472, 29.72899 ], [ -95.15047, 29.72891 ], [ -95.15279, 29.72916 ], [ -95.15544, 29.7297 ], [ -95.1562, 29.72994 ], [ -95.15776, 29.73064 ], [ -95.16031, 29.73213 ], [ -95.16112, 29.73272 ], [ -95.1636, 29.73512 ], [ -95.16516, 29.73638 ], [ -95.17238, 29.74005 ], [ -95.17285, 29.7402 ], [ -95.17336, 29.74022 ], [ -95.17595, 29.73954 ], [ -95.17822, 29.73913 ], [ -95.18009, 29.73895 ], [ -95.18144, 29.73904 ], [ -95.18278, 29.73901 ], [ -95.18513, 29.73866 ], [ -95.19521, 29.73552 ], [ -95.19672, 29.73485 ], [ -95.1972, 29.73456 ], [ -95.19805, 29.73369 ], [ -95.19881, 29.73277 ], [ -95.19949, 29.73177 ], [ -95.20027, 29.73028 ], [ -95.20114, 29.72788 ], [ -95.20174, 29.72652 ], [ -95.20268, 29.72491 ], [ -95.2036, 29.72364 ], [ -95.2071, 29.72084 ], [ -95.20908, 29.71972 ], [ -95.21083, 29.71892 ], [ -95.21282, 29.71824 ], [ -95.21475, 29.71779 ], [ -95.21641, 29.71757 ], [ -95.21865, 29.7175 ], [ -95.2205, 29.71761 ], [ -95.22243, 29.71791 ], [ -95.22436, 29.7184 ], [ -95.22631, 29.71911 ], [ -95.2264, 29.71819 ], [ -95.22628, 29.71011 ], [ -95.22834, 29.70991 ], [ -95.2283, 29.69042 ], [ -95.23474, 29.69038 ], [ -95.22447, 29.67583 ], [ -95.22849, 29.67575 ], [ -95.22832, 29.66974 ], [ -95.23285, 29.66967 ], [ -95.2342, 29.66972 ], [ -95.23594, 29.67041 ], [ -95.23916, 29.67034 ], [ -95.24072, 29.67005 ], [ -95.24799, 29.66994 ], [ -95.24895, 29.67007 ], [ -95.24957, 29.67006 ], [ -95.24922, 29.65356 ], [ -95.24913, 29.65327 ], [ -95.24911, 29.65226 ], [ -95.21652, 29.65276 ], [ -95.21646, 29.65098 ], [ -95.2083, 29.65105 ], [ -95.20815, 29.64388 ], [ -95.20808, 29.64389 ], [ -95.20807, 29.64382 ], [ -95.20001, 29.64399 ], [ -95.19259, 29.63411 ], [ -95.19285, 29.63142 ], [ -95.19277, 29.63142 ], [ -95.19278, 29.63134 ], [ -95.1909, 29.63137 ], [ -95.19083, 29.63023 ], [ -95.17817, 29.63039 ], [ -95.14282, 29.63119 ], [ -95.1422, 29.63129 ], [ -95.14166, 29.63151 ], [ -95.14125, 29.63178 ], [ -95.14012, 29.6328 ], [ -95.13924, 29.63318 ], [ -95.12254, 29.63344 ], [ -95.12271, 29.63115 ], [ -95.12249, 29.62965 ], [ -95.12189, 29.62796 ], [ -95.12145, 29.62716 ], [ -95.12089, 29.62635 ], [ -95.1202, 29.62557 ], [ -95.11943, 29.62485 ], [ -95.11788, 29.62376 ], [ -95.11689, 29.62326 ], [ -95.11585, 29.62285 ], [ -95.11394, 29.62238 ], [ -95.11346, 29.60775 ], [ -95.11339, 29.60775 ], [ -95.11339, 29.60768 ], [ -95.10811, 29.60793 ], [ -95.10764, 29.59985 ], [ -95.1073, 29.59787 ], [ -95.10653, 29.59537 ], [ -95.10561, 29.59355 ], [ -95.10414, 29.59148 ], [ -95.10233, 29.58966 ], [ -95.10233, 29.58862 ], [ -95.10221, 29.5873 ], [ -95.10227, 29.58622 ], [ -95.10265, 29.58498 ], [ -95.10338, 29.58361 ], [ -95.10239, 29.58291 ], [ -95.10202, 29.58244 ], [ -95.1018, 29.58189 ], [ -95.10171, 29.58079 ], [ -95.10162, 29.58061 ], [ -95.10129, 29.58025 ], [ -95.10078, 29.58005 ], [ -95.09746, 29.57991 ], [ -95.0971, 29.57975 ], [ -95.09654, 29.5793 ], [ -95.0962, 29.57923 ], [ -95.09587, 29.57927 ], [ -95.09343, 29.57811 ], [ -95.09415, 29.57673 ], [ -95.09407, 29.57666 ], [ -95.08126, 29.5714 ], [ -95.08028, 29.56732 ], [ -95.07854, 29.56096 ], [ -95.07784, 29.5601 ], [ -95.07693, 29.55931 ], [ -95.076, 29.55904 ], [ -95.07605, 29.5589 ], [ -95.07598, 29.55883 ], [ -95.07486, 29.55838 ], [ -95.07572, 29.55678 ], [ -95.07612, 29.55621 ], [ -95.07686, 29.55548 ], [ -95.07787, 29.55489 ], [ -95.10231, 29.54698 ], [ -95.10322, 29.54816 ], [ -95.10425, 29.54908 ], [ -95.10421, 29.54926 ], [ -95.10588, 29.54947 ], [ -95.10583, 29.54974 ], [ -95.1059, 29.55002 ], [ -95.10619, 29.5504 ], [ -95.10644, 29.5506 ], [ -95.10699, 29.55076 ], [ -95.10737, 29.55075 ], [ -95.10914, 29.55018 ], [ -95.10952, 29.55107 ], [ -95.10865, 29.55165 ], [ -95.10958, 29.55213 ], [ -95.11043, 29.55245 ], [ -95.11147, 29.55272 ], [ -95.11241, 29.55286 ], [ -95.11388, 29.55289 ], [ -95.11539, 29.55267 ], [ -95.11681, 29.55223 ], [ -95.11814, 29.55155 ], [ -95.11913, 29.55148 ], [ -95.12021, 29.55128 ], [ -95.12128, 29.55095 ], [ -95.12213, 29.55058 ], [ -95.12376, 29.55064 ], [ -95.12543, 29.55041 ], [ -95.12687, 29.54995 ], [ -95.12831, 29.54918 ], [ -95.13354, 29.55477 ], [ -95.13909, 29.54432 ], [ -95.14237, 29.54766 ], [ -95.14245, 29.54765 ], [ -95.15023, 29.55563 ], [ -95.15143, 29.55509 ], [ -95.15215, 29.55466 ], [ -95.15189, 29.55417 ], [ -95.15181, 29.55368 ], [ -95.15189, 29.55329 ], [ -95.15218, 29.5527 ], [ -95.15216, 29.55209 ], [ -95.15195, 29.55175 ], [ -95.14534, 29.54479 ], [ -95.14606, 29.5443 ], [ -95.14414, 29.5423 ], [ -95.14395, 29.54201 ], [ -95.1439, 29.54146 ], [ -95.14424, 29.54076 ], [ -95.14432, 29.54042 ], [ -95.14429, 29.54002 ], [ -95.14411, 29.53953 ], [ -95.14427, 29.53938 ], [ -95.14518, 29.53918 ], [ -95.14507, 29.53884 ], [ -95.15392, 29.53742 ], [ -95.15516, 29.53713 ], [ -95.15529, 29.53741 ], [ -95.15442, 29.53764 ], [ -95.15461, 29.54569 ], [ -95.16227, 29.54912 ], [ -95.15667, 29.54469 ], [ -95.16063, 29.54102 ], [ -95.16825, 29.54731 ], [ -95.17994, 29.55715 ], [ -95.18026, 29.55734 ], [ -95.19908, 29.57298 ], [ -95.19931, 29.57334 ], [ -95.19922, 29.57335 ], [ -95.19604, 29.57625 ], [ -95.19431, 29.57766 ], [ -95.19245, 29.57938 ], [ -95.19086, 29.58105 ], [ -95.19491, 29.58442 ], [ -95.19592, 29.5844 ], [ -95.20386, 29.57708 ], [ -95.20705, 29.57973 ], [ -95.20819, 29.58058 ], [ -95.21029, 29.58247 ], [ -95.21112, 29.58311 ], [ -95.20814, 29.58587 ], [ -95.20732, 29.58522 ], [ -95.20674, 29.58569 ], [ -95.20597, 29.58602 ], [ -95.20578, 29.58603 ], [ -95.20422, 29.58561 ], [ -95.20334, 29.58557 ], [ -95.20373, 29.59883 ], [ -95.20028, 29.59889 ], [ -95.20033, 29.60084 ], [ -95.20139, 29.60172 ], [ -95.20293, 29.60053 ], [ -95.20749, 29.60044 ], [ -95.2078, 29.60011 ], [ -95.20589, 29.59854 ], [ -95.20808, 29.59652 ], [ -95.2095, 29.59702 ], [ -95.21069, 29.59728 ], [ -95.21343, 29.59476 ], [ -95.21378, 29.59504 ], [ -95.22466, 29.58503 ], [ -95.22345, 29.58402 ], [ -95.22552, 29.58213 ], [ -95.23501, 29.58997 ], [ -95.22804, 29.59635 ], [ -95.22776, 29.59655 ], [ -95.22672, 29.59566 ], [ -95.22347, 29.59869 ], [ -95.22514, 29.60007 ], [ -95.2271, 29.60004 ], [ -95.22942, 29.59795 ], [ -95.23502, 29.60255 ], [ -95.23796, 29.59985 ], [ -95.24376, 29.59974 ], [ -95.24637, 29.60197 ], [ -95.24923, 29.59939 ], [ -95.24818, 29.59856 ], [ -95.24946, 29.59738 ], [ -95.2448, 29.59362 ], [ -95.25433, 29.58486 ], [ -95.26049, 29.58994 ], [ -95.26048, 29.59024 ], [ -95.26103, 29.59063 ], [ -95.26112, 29.5908 ], [ -95.26097, 29.59172 ], [ -95.26125, 29.59252 ], [ -95.26155, 29.59302 ], [ -95.262, 29.59333 ], [ -95.26366, 29.59384 ], [ -95.26549, 29.59409 ], [ -95.26598, 29.5945 ], [ -95.26645, 29.59464 ], [ -95.26676, 29.59463 ], [ -95.2672, 29.59442 ], [ -95.26737, 29.594 ], [ -95.2675, 29.59388 ], [ -95.26842, 29.59383 ], [ -95.26892, 29.59389 ], [ -95.26967, 29.59452 ], [ -95.2703, 29.5947 ], [ -95.2708, 29.59459 ], [ -95.27153, 29.59426 ], [ -95.27195, 29.59427 ], [ -95.27216, 29.59434 ], [ -95.27236, 29.59454 ], [ -95.27266, 29.59501 ], [ -95.27294, 29.59506 ], [ -95.27326, 29.59494 ], [ -95.27353, 29.59447 ], [ -95.27374, 29.59437 ], [ -95.27408, 29.5945 ], [ -95.27445, 29.59497 ], [ -95.275, 29.59519 ], [ -95.27557, 29.59491 ], [ -95.2765, 29.59483 ], [ -95.2765, 29.59538 ], [ -95.27663, 29.59587 ], [ -95.27694, 29.59642 ], [ -95.27763, 29.59667 ], [ -95.27824, 29.59645 ], [ -95.27823, 29.59611 ], [ -95.27874, 29.59578 ], [ -95.27939, 29.59565 ], [ -95.27988, 29.59566 ], [ -95.2803, 29.59592 ], [ -95.28083, 29.59653 ], [ -95.28115, 29.59674 ], [ -95.2814, 29.597 ], [ -95.28153, 29.59729 ], [ -95.28278, 29.59801 ], [ -95.28384, 29.59795 ], [ -95.28409, 29.59779 ], [ -95.28475, 29.59816 ], [ -95.28545, 29.59814 ], [ -95.28561, 29.59811 ], [ -95.28602, 29.59778 ], [ -95.28686, 29.59791 ], [ -95.28774, 29.59828 ], [ -95.28811, 29.59831 ], [ -95.28883, 29.598 ], [ -95.28968, 29.59793 ], [ -95.28997, 29.59783 ], [ -95.29004, 29.59767 ], [ -95.29092, 29.5975 ], [ -95.29238, 29.59777 ], [ -95.29254, 29.5979 ], [ -95.29265, 29.5979 ], [ -95.29297, 29.59772 ], [ -95.29312, 29.59732 ], [ -95.29356, 29.59667 ], [ -95.29381, 29.59652 ], [ -95.29468, 29.59662 ], [ -95.29615, 29.59615 ], [ -95.29695, 29.59662 ], [ -95.29763, 29.5965 ], [ -95.29859, 29.59701 ], [ -95.29893, 29.59706 ], [ -95.29912, 29.597 ], [ -95.29947, 29.59669 ], [ -95.2998, 29.59609 ], [ -95.30014, 29.59597 ], [ -95.30041, 29.5961 ], [ -95.30215, 29.59548 ], [ -95.30403, 29.59515 ], [ -95.30583, 29.59522 ], [ -95.30873, 29.59489 ], [ -95.30983, 29.59502 ], [ -95.31228, 29.59635 ], [ -95.31478, 29.59799 ], [ -95.3164, 29.59822 ], [ -95.31803, 29.59786 ], [ -95.31833, 29.59793 ], [ -95.31901, 29.5983 ], [ -95.31936, 29.59834 ], [ -95.31996, 29.59811 ], [ -95.32224, 29.59669 ], [ -95.32313, 29.59691 ], [ -95.32339, 29.59712 ], [ -95.32356, 29.59744 ], [ -95.32378, 29.59754 ], [ -95.32547, 29.59805 ], [ -95.32674, 29.59795 ], [ -95.32842, 29.59807 ], [ -95.3288, 29.59818 ], [ -95.32942, 29.59851 ], [ -95.32957, 29.59877 ], [ -95.32986, 29.59899 ], [ -95.33111, 29.59913 ], [ -95.33178, 29.59908 ], [ -95.33237, 29.59891 ], [ -95.33297, 29.59837 ], [ -95.33375, 29.59807 ], [ -95.33465, 29.59703 ], [ -95.33503, 29.59633 ], [ -95.33526, 29.59616 ], [ -95.33629, 29.59577 ], [ -95.33735, 29.59509 ], [ -95.33745, 29.59492 ], [ -95.33733, 29.59437 ], [ -95.33736, 29.59405 ], [ -95.33747, 29.59387 ], [ -95.33778, 29.59367 ], [ -95.33834, 29.59343 ], [ -95.3403, 29.59356 ], [ -95.34059, 29.59351 ], [ -95.34067, 29.59343 ], [ -95.34065, 29.59268 ], [ -95.34081, 29.59242 ], [ -95.34114, 29.5924 ], [ -95.34176, 29.5921 ], [ -95.34195, 29.59191 ], [ -95.3424, 29.59106 ], [ -95.3436, 29.59015 ], [ -95.3445, 29.58906 ], [ -95.34463, 29.58863 ], [ -95.34462, 29.58835 ], [ -95.34455, 29.58802 ], [ -95.34432, 29.58764 ], [ -95.34434, 29.58726 ], [ -95.3445, 29.58709 ], [ -95.34491, 29.58693 ], [ -95.34529, 29.5865 ], [ -95.34596, 29.58631 ], [ -95.34636, 29.58556 ], [ -95.34654, 29.58553 ], [ -95.34759, 29.58571 ], [ -95.34816, 29.5857 ], [ -95.34841, 29.58582 ], [ -95.34892, 29.58636 ], [ -95.34929, 29.58639 ], [ -95.35034, 29.58621 ], [ -95.35088, 29.58599 ], [ -95.35187, 29.58526 ], [ -95.35213, 29.59478 ], [ -95.35242, 29.59618 ], [ -95.35502, 29.6045 ], [ -95.35527, 29.60553 ], [ -95.35543, 29.60699 ], [ -95.35543, 29.6122 ], [ -95.38039, 29.61223 ], [ -95.38032, 29.59956 ], [ -95.38801, 29.59951 ], [ -95.38941, 29.59956 ], [ -95.42529, 29.59911 ], [ -95.42238, 29.60642 ], [ -95.4466, 29.60614 ], [ -95.4463, 29.58138 ], [ -95.47099, 29.581 ], [ -95.49249, 29.58049 ], [ -95.51326, 29.5802 ], [ -95.51311, 29.57426 ], [ -95.50563, 29.5744 ], [ -95.50555, 29.5723 ], [ -95.52008, 29.57197 ], [ -95.5205, 29.59142 ], [ -95.50882, 29.59159 ], [ -95.50924, 29.61267 ], [ -95.50989, 29.61472 ], [ -95.50997, 29.6203 ], [ -95.51571, 29.62296 ], [ -95.51961, 29.6262 ], [ -95.51782, 29.6269 ], [ -95.51804, 29.6271 ], [ -95.50834, 29.63085 ], [ -95.50836, 29.63263 ], [ -95.50844, 29.63263 ], [ -95.50853, 29.64151 ], [ -95.52121, 29.64135 ], [ -95.52116, 29.63793 ], [ -95.52871, 29.63783 ], [ -95.52868, 29.63587 ], [ -95.5289, 29.63491 ], [ -95.53115, 29.63658 ], [ -95.53241, 29.63767 ], [ -95.53375, 29.639 ], [ -95.53708, 29.6418 ], [ -95.5373, 29.64179 ], [ -95.53825, 29.64092 ], [ -95.53865, 29.64097 ], [ -95.55268, 29.64074 ], [ -95.55266, 29.64259 ], [ -95.55282, 29.64835 ], [ -95.56526, 29.64809 ], [ -95.56602, 29.64819 ], [ -95.57849, 29.65195 ], [ -95.59637, 29.66022 ], [ -95.61937, 29.66178 ], [ -95.61945, 29.66081 ], [ -95.62307, 29.66076 ], [ -95.62307, 29.65998 ], [ -95.62414, 29.65996 ], [ -95.62413, 29.66119 ], [ -95.62507, 29.66115 ], [ -95.62506, 29.66103 ], [ -95.62585, 29.66103 ], [ -95.62587, 29.66256 ], [ -95.62493, 29.66258 ], [ -95.62491, 29.66194 ], [ -95.62406, 29.66195 ], [ -95.62406, 29.66137 ], [ -95.62307, 29.66141 ], [ -95.62309, 29.66207 ], [ -95.62298, 29.66239 ], [ -95.62325, 29.67048 ], [ -95.6206, 29.67053 ], [ -95.62065, 29.67201 ], [ -95.61722, 29.67203 ], [ -95.61665, 29.67166 ], [ -95.61573, 29.67139 ], [ -95.61452, 29.67481 ], [ -95.61442, 29.67535 ], [ -95.60997, 29.67537 ], [ -95.60839, 29.67961 ], [ -95.60855, 29.69227 ], [ -95.61987, 29.69222 ], [ -95.62009, 29.71315 ], [ -95.62865, 29.71236 ], [ -95.62884, 29.72222 ], [ -95.62225, 29.72225 ], [ -95.62235, 29.73587 ], [ -95.63148, 29.73573 ], [ -95.63117, 29.72219 ], [ -95.63168, 29.72219 ], [ -95.63167, 29.7202 ], [ -95.63423, 29.72016 ], [ -95.63427, 29.72217 ], [ -95.63512, 29.72216 ], [ -95.63508, 29.72021 ], [ -95.64406, 29.72012 ], [ -95.64405, 29.72208 ], [ -95.64382, 29.72538 ], [ -95.65248, 29.72528 ], [ -95.6525, 29.72807 ], [ -95.65929, 29.72796 ], [ -95.67088, 29.72062 ], [ -95.68364, 29.71242 ], [ -95.68824, 29.70952 ], [ -95.69156, 29.70762 ], [ -95.70128, 29.70676 ], [ -95.7029, 29.70655 ], [ -95.7155, 29.70554 ], [ -95.7155, 29.70679 ], [ -95.72723, 29.70661 ], [ -95.72723, 29.70639 ], [ -95.7301, 29.70635 ], [ -95.77119, 29.70285 ], [ -95.77126, 29.70427 ], [ -95.73275, 29.70751 ], [ -95.72882, 29.70805 ], [ -95.72736, 29.70856 ], [ -95.72756, 29.71415 ], [ -95.73841, 29.71406 ], [ -95.73838, 29.71551 ], [ -95.73961, 29.7153 ], [ -95.74151, 29.71685 ], [ -95.74159, 29.71826 ], [ -95.74209, 29.71815 ], [ -95.74298, 29.71975 ], [ -95.74257, 29.72095 ], [ -95.74093, 29.72095 ], [ -95.74025, 29.72297 ], [ -95.74102, 29.72398 ], [ -95.74282, 29.72385 ], [ -95.74397, 29.72331 ], [ -95.74325, 29.72245 ], [ -95.744, 29.72164 ], [ -95.74504, 29.72162 ], [ -95.74698, 29.72431 ], [ -95.74592, 29.72619 ], [ -95.74566, 29.72397 ], [ -95.74209, 29.72581 ], [ -95.74045, 29.72787 ], [ -95.73836, 29.7259 ], [ -95.73725, 29.72594 ], [ -95.73618, 29.7275 ], [ -95.73459, 29.72945 ], [ -95.7322, 29.73334 ], [ -95.73084, 29.73587 ], [ -95.72945, 29.73504 ], [ -95.72784, 29.73802 ], [ -95.72671, 29.73921 ], [ -95.72704, 29.7409 ], [ -95.72742, 29.74203 ], [ -95.72655, 29.74236 ], [ -95.72609, 29.74274 ], [ -95.72542, 29.74365 ], [ -95.72564, 29.74415 ], [ -95.72647, 29.7451 ], [ -95.7223, 29.74506 ], [ -95.72136, 29.74566 ], [ -95.71823, 29.74797 ], [ -95.71542, 29.74884 ], [ -95.71322, 29.75042 ], [ -95.71124, 29.75214 ], [ -95.71083, 29.75323 ], [ -95.70948, 29.75394 ], [ -95.7097, 29.75504 ], [ -95.70968, 29.7558 ], [ -95.71034, 29.75892 ], [ -95.70943, 29.75832 ], [ -95.70906, 29.75746 ], [ -95.70906, 29.75614 ], [ -95.70895, 29.75614 ], [ -95.70893, 29.75642 ], [ -95.7077, 29.75673 ], [ -95.70717, 29.75775 ], [ -95.70425, 29.75857 ], [ -95.70279, 29.76093 ], [ -95.70289, 29.76097 ], [ -95.7026, 29.76149 ], [ -95.70192, 29.7615 ], [ -95.70193, 29.76266 ], [ -95.69965, 29.76268 ], [ -95.69848, 29.76348 ], [ -95.69769, 29.76507 ], [ -95.69646, 29.76611 ], [ -95.69517, 29.76764 ], [ -95.69479, 29.76939 ], [ -95.69582, 29.77243 ], [ -95.69814, 29.77267 ], [ -95.69786, 29.77429 ], [ -95.69318, 29.77418 ], [ -95.68976, 29.77303 ], [ -95.68769, 29.77353 ], [ -95.68682, 29.77491 ], [ -95.6857, 29.77563 ], [ -95.6857, 29.77558 ], [ -95.68554, 29.77558 ], [ -95.68357, 29.77753 ], [ -95.68369, 29.77753 ], [ -95.6829, 29.78046 ], [ -95.68261, 29.78126 ], [ -95.69136, 29.78126 ], [ -95.69136, 29.78285 ], [ -95.66657, 29.78282 ], [ -95.66659, 29.78482 ], [ -95.695, 29.78495 ], [ -95.695, 29.78557 ], [ -95.73236, 29.78578 ], [ -95.69948, 29.78564 ] ], [ [ -95.29517, 30.00549 ], [ -95.29516, 30.00516 ], [ -95.29463, 30.00519 ], [ -95.29463, 30.00549 ], [ -95.29517, 30.00549 ] ], [ [ -95.25113, 29.71488 ], [ -95.25219, 29.71486 ], [ -95.25048, 29.714 ], [ -95.24916, 29.71348 ], [ -95.25113, 29.71488 ] ], [ [ -95.08041, 29.76075 ], [ -95.07917, 29.75993 ], [ -95.07799, 29.76127 ], [ -95.07921, 29.76202 ], [ -95.08041, 29.76075 ] ], [ [ -95.08665, 29.75561 ], [ -95.08935, 29.75756 ], [ -95.08942, 29.75737 ], [ -95.08926, 29.7562 ], [ -95.08742, 29.75487 ], [ -95.08665, 29.75561 ] ], [ [ -95.07672, 29.76314 ], [ -95.07668, 29.76302 ], [ -95.07598, 29.76313 ], [ -95.07618, 29.76398 ], [ -95.07536, 29.76409 ], [ -95.07564, 29.76549 ], [ -95.07726, 29.76519 ], [ -95.07712, 29.76453 ], [ -95.07763, 29.76445 ], [ -95.07753, 29.76403 ], [ -95.07832, 29.76387 ], [ -95.07758, 29.76298 ], [ -95.07672, 29.76314 ] ], [ [ -95.20673, 29.76197 ], [ -95.21293, 29.76189 ], [ -95.21292, 29.76163 ], [ -95.21198, 29.76164 ], [ -95.21191, 29.75951 ], [ -95.21175, 29.75952 ], [ -95.2117, 29.75776 ], [ -95.2109, 29.75778 ], [ -95.21085, 29.75826 ], [ -95.2106, 29.75865 ], [ -95.20673, 29.76197 ] ], [ [ -95.15374, 29.55536 ], [ -95.15326, 29.55533 ], [ -95.15281, 29.55517 ], [ -95.15237, 29.55485 ], [ -95.15183, 29.5552 ], [ -95.15087, 29.55559 ], [ -95.15045, 29.55585 ], [ -95.15502, 29.56048 ], [ -95.15487, 29.55573 ], [ -95.15425, 29.55527 ], [ -95.15374, 29.55536 ] ], [ [ -95.14827, 29.54662 ], [ -95.15269, 29.55123 ], [ -95.15316, 29.55149 ], [ -95.15304, 29.54594 ], [ -95.14827, 29.54662 ] ], [ [ -95.21023, 29.75834 ], [ -95.21036, 29.75812 ], [ -95.21038, 29.75779 ], [ -95.20758, 29.75784 ], [ -95.20453, 29.76054 ], [ -95.20407, 29.76002 ], [ -95.2037, 29.76032 ], [ -95.20322, 29.76044 ], [ -95.20273, 29.76033 ], [ -95.20224, 29.75999 ], [ -95.20193, 29.75963 ], [ -95.20171, 29.7591 ], [ -95.20169, 29.75855 ], [ -95.20187, 29.75801 ], [ -95.20075, 29.759 ], [ -95.20325, 29.76117 ], [ -95.20374, 29.76151 ], [ -95.20476, 29.76191 ], [ -95.20539, 29.762 ], [ -95.20601, 29.76199 ], [ -95.21023, 29.75834 ] ], [ [ -95.16168, 29.95714 ], [ -95.16505, 29.95822 ], [ -95.16614, 29.95796 ], [ -95.16707, 29.95727 ], [ -95.16739, 29.95721 ], [ -95.16772, 29.95726 ], [ -95.16802, 29.95741 ], [ -95.16822, 29.95764 ], [ -95.16872, 29.95895 ], [ -95.16936, 29.95946 ], [ -95.17289, 29.95477 ], [ -95.17338, 29.954 ], [ -95.16305, 29.95405 ], [ -95.16282, 29.95432 ], [ -95.16253, 29.95532 ], [ -95.16191, 29.95598 ], [ -95.16168, 29.95714 ] ], [ [ -95.16721, 29.95773 ], [ -95.16636, 29.95838 ], [ -95.16505, 29.95868 ], [ -95.16191, 29.95768 ], [ -95.16163, 29.95839 ], [ -95.16092, 29.95878 ], [ -95.15868, 29.96141 ], [ -95.15738, 29.96237 ], [ -95.1562, 29.96373 ], [ -95.16848, 29.96365 ], [ -95.16836, 29.96269 ], [ -95.16842, 29.96179 ], [ -95.16866, 29.96081 ], [ -95.1691, 29.95987 ], [ -95.16828, 29.9592 ], [ -95.16775, 29.95785 ], [ -95.16744, 29.95767 ], [ -95.16721, 29.95773 ] ], [ [ -95.26152, 29.72302 ], [ -95.26043, 29.72305 ], [ -95.26043, 29.72278 ], [ -95.26021, 29.72279 ], [ -95.26017, 29.72141 ], [ -95.25811, 29.72146 ], [ -95.25805, 29.72006 ], [ -95.256, 29.72009 ], [ -95.25595, 29.7187 ], [ -95.25394, 29.71876 ], [ -95.25347, 29.71848 ], [ -95.25355, 29.71707 ], [ -95.25373, 29.7165 ], [ -95.25399, 29.71605 ], [ -95.25267, 29.71519 ], [ -95.25208, 29.71556 ], [ -95.25082, 29.71686 ], [ -95.25115, 29.71706 ], [ -95.24851, 29.71981 ], [ -95.25001, 29.72093 ], [ -95.25038, 29.72151 ], [ -95.25105, 29.72209 ], [ -95.25209, 29.72332 ], [ -95.25298, 29.72404 ], [ -95.25496, 29.72509 ], [ -95.25624, 29.7256 ], [ -95.25735, 29.72587 ], [ -95.25862, 29.72594 ], [ -95.25875, 29.7249 ], [ -95.26158, 29.72438 ], [ -95.26152, 29.72302 ] ], [ [ -95.54895, 29.85027 ], [ -95.55965, 29.85028 ], [ -95.55966, 29.85197 ], [ -95.56173, 29.852 ], [ -95.56172, 29.85032 ], [ -95.56298, 29.85037 ], [ -95.56326, 29.85056 ], [ -95.56325, 29.84901 ], [ -95.56339, 29.84736 ], [ -95.56338, 29.84508 ], [ -95.54894, 29.8452 ], [ -95.54895, 29.85027 ] ], [ [ -95.43352, 29.72524 ], [ -95.44321, 29.72027 ], [ -95.44331, 29.72448 ], [ -95.44736, 29.72442 ], [ -95.44736, 29.72452 ], [ -95.44773, 29.72452 ], [ -95.44733, 29.70588 ], [ -95.4458, 29.7059 ], [ -95.44578, 29.70456 ], [ -95.43382, 29.70474 ], [ -95.4332, 29.70467 ], [ -95.43322, 29.70619 ], [ -95.41835, 29.7063 ], [ -95.41864, 29.72544 ], [ -95.43352, 29.72524 ] ], [ [ -95.4516, 29.72265 ], [ -95.45157, 29.72036 ], [ -95.45975, 29.7203 ], [ -95.45978, 29.72454 ], [ -95.45957, 29.72587 ], [ -95.46412, 29.72551 ], [ -95.46404, 29.72024 ], [ -95.4682, 29.72019 ], [ -95.46811, 29.71294 ], [ -95.47269, 29.71288 ], [ -95.47262, 29.70733 ], [ -95.47626, 29.70732 ], [ -95.4762, 29.7035 ], [ -95.47424, 29.70443 ], [ -95.47417, 29.69836 ], [ -95.48053, 29.69831 ], [ -95.48057, 29.701 ], [ -95.48066, 29.70104 ], [ -95.48453, 29.69907 ], [ -95.4844, 29.69101 ], [ -95.47601, 29.69106 ], [ -95.47599, 29.68987 ], [ -95.45131, 29.69013 ], [ -95.4513, 29.68938 ], [ -95.45015, 29.68969 ], [ -95.44934, 29.68997 ], [ -95.44918, 29.6901 ], [ -95.44731, 29.69011 ], [ -95.448, 29.72269 ], [ -95.4516, 29.72265 ] ], [ [ -95.23824, 29.77339 ], [ -95.24001, 29.77339 ], [ -95.24021, 29.77347 ], [ -95.24108, 29.77347 ], [ -95.24117, 29.77356 ], [ -95.24125, 29.77345 ], [ -95.24223, 29.77347 ], [ -95.24223, 29.77332 ], [ -95.25156, 29.77313 ], [ -95.25537, 29.77369 ], [ -95.25625, 29.77366 ], [ -95.25916, 29.77327 ], [ -95.25905, 29.76879 ], [ -95.25603, 29.76832 ], [ -95.25581, 29.75987 ], [ -95.25176, 29.75988 ], [ -95.25171, 29.75759 ], [ -95.25436, 29.75758 ], [ -95.25367, 29.73186 ], [ -95.25106, 29.73206 ], [ -95.24968, 29.73141 ], [ -95.24798, 29.73038 ], [ -95.24662, 29.72934 ], [ -95.24536, 29.72816 ], [ -95.24402, 29.72663 ], [ -95.24364, 29.7264 ], [ -95.2431, 29.72627 ], [ -95.24258, 29.7263 ], [ -95.24211, 29.72646 ], [ -95.23912, 29.72835 ], [ -95.23646, 29.72965 ], [ -95.23235, 29.73132 ], [ -95.22971, 29.73206 ], [ -95.22696, 29.73242 ], [ -95.22427, 29.7324 ], [ -95.22273, 29.73222 ], [ -95.22148, 29.73199 ], [ -95.21867, 29.73117 ], [ -95.21825, 29.73111 ], [ -95.21771, 29.73118 ], [ -95.21668, 29.73161 ], [ -95.21614, 29.73194 ], [ -95.21573, 29.73242 ], [ -95.21327, 29.73745 ], [ -95.2122, 29.73915 ], [ -95.21109, 29.74062 ], [ -95.21191, 29.75944 ], [ -95.21415, 29.75944 ], [ -95.21476, 29.75927 ], [ -95.21489, 29.75957 ], [ -95.21554, 29.75933 ], [ -95.21567, 29.7596 ], [ -95.21601, 29.75949 ], [ -95.21599, 29.75944 ], [ -95.21764, 29.75939 ], [ -95.21793, 29.75948 ], [ -95.22402, 29.75946 ], [ -95.22406, 29.76116 ], [ -95.22389, 29.76124 ], [ -95.22384, 29.76139 ], [ -95.22421, 29.76201 ], [ -95.22384, 29.76243 ], [ -95.22377, 29.76267 ], [ -95.22398, 29.76324 ], [ -95.22404, 29.76401 ], [ -95.22455, 29.76483 ], [ -95.22448, 29.76529 ], [ -95.22422, 29.76553 ], [ -95.22164, 29.76452 ], [ -95.22096, 29.76589 ], [ -95.22052, 29.76589 ], [ -95.22052, 29.766 ], [ -95.22127, 29.76603 ], [ -95.22207, 29.76618 ], [ -95.22408, 29.76696 ], [ -95.22379, 29.76764 ], [ -95.22366, 29.76833 ], [ -95.22393, 29.76853 ], [ -95.22401, 29.76869 ], [ -95.22448, 29.76853 ], [ -95.22493, 29.76856 ], [ -95.22518, 29.76868 ], [ -95.22534, 29.76948 ], [ -95.22565, 29.76952 ], [ -95.22659, 29.76891 ], [ -95.22696, 29.76893 ], [ -95.22724, 29.76915 ], [ -95.22741, 29.76953 ], [ -95.22715, 29.77038 ], [ -95.22755, 29.77115 ], [ -95.22757, 29.77154 ], [ -95.23061, 29.77221 ], [ -95.23061, 29.77208 ], [ -95.23533, 29.77314 ], [ -95.2365, 29.77332 ], [ -95.23726, 29.77335 ], [ -95.23727, 29.7734 ], [ -95.23761, 29.7734 ], [ -95.23761, 29.77349 ], [ -95.23807, 29.77349 ], [ -95.23824, 29.77339 ] ], [ [ -95.514, 29.7944 ], [ -95.51402, 29.78967 ], [ -95.51568, 29.78951 ], [ -95.5168, 29.78891 ], [ -95.52032, 29.78889 ], [ -95.51999, 29.78789 ], [ -95.52015, 29.78435 ], [ -95.51268, 29.7844 ], [ -95.50202, 29.78435 ], [ -95.50207, 29.78381 ], [ -95.51148, 29.78386 ], [ -95.51387, 29.7836 ], [ -95.51586, 29.7836 ], [ -95.51585, 29.78415 ], [ -95.51835, 29.78417 ], [ -95.51836, 29.78362 ], [ -95.52119, 29.78365 ], [ -95.52119, 29.78379 ], [ -95.52047, 29.78379 ], [ -95.52047, 29.7842 ], [ -95.52748, 29.78427 ], [ -95.52748, 29.78372 ], [ -95.53174, 29.78374 ], [ -95.53155, 29.77328 ], [ -95.53763, 29.77319 ], [ -95.53767, 29.77575 ], [ -95.54031, 29.77573 ], [ -95.5403, 29.77312 ], [ -95.53998, 29.77311 ], [ -95.53994, 29.76528 ], [ -95.54055, 29.76513 ], [ -95.5406, 29.76519 ], [ -95.54641, 29.76519 ], [ -95.54649, 29.75888 ], [ -95.53051, 29.75904 ], [ -95.53015, 29.75895 ], [ -95.52992, 29.75878 ], [ -95.52977, 29.75841 ], [ -95.52969, 29.75458 ], [ -95.52957, 29.75427 ], [ -95.52929, 29.75406 ], [ -95.529, 29.75399 ], [ -95.52659, 29.75398 ], [ -95.52626, 29.75382 ], [ -95.52604, 29.75346 ], [ -95.52601, 29.74708 ], [ -95.52625, 29.74674 ], [ -95.52736, 29.7464 ], [ -95.52803, 29.74643 ], [ -95.52866, 29.74591 ], [ -95.52833, 29.74557 ], [ -95.52824, 29.74556 ], [ -95.52822, 29.74541 ], [ -95.5286, 29.74539 ], [ -95.52858, 29.74485 ], [ -95.52827, 29.74477 ], [ -95.52828, 29.74447 ], [ -95.5279, 29.74402 ], [ -95.52771, 29.74386 ], [ -95.52744, 29.74389 ], [ -95.52742, 29.74366 ], [ -95.52716, 29.74355 ], [ -95.52709, 29.74321 ], [ -95.52676, 29.74326 ], [ -95.52682, 29.74306 ], [ -95.52672, 29.74293 ], [ -95.52309, 29.74297 ], [ -95.5231, 29.74216 ], [ -95.5208, 29.74217 ], [ -95.51986, 29.74323 ], [ -95.51914, 29.74326 ], [ -95.51865, 29.74263 ], [ -95.51844, 29.74257 ], [ -95.51823, 29.74271 ], [ -95.51769, 29.74371 ], [ -95.5174, 29.74378 ], [ -95.51733, 29.74357 ], [ -95.51664, 29.7433 ], [ -95.51649, 29.74333 ], [ -95.51559, 29.74426 ], [ -95.51469, 29.74483 ], [ -95.5144, 29.74493 ], [ -95.51403, 29.74484 ], [ -95.51305, 29.74376 ], [ -95.51301, 29.74386 ], [ -95.51255, 29.74377 ], [ -95.51213, 29.74404 ], [ -95.5124, 29.74468 ], [ -95.51246, 29.74503 ], [ -95.51215, 29.74561 ], [ -95.51171, 29.74571 ], [ -95.51072, 29.74568 ], [ -95.51039, 29.74574 ], [ -95.50928, 29.74613 ], [ -95.50913, 29.7463 ], [ -95.50826, 29.74605 ], [ -95.50801, 29.74606 ], [ -95.50779, 29.74617 ], [ -95.50687, 29.74703 ], [ -95.5068, 29.74721 ], [ -95.50689, 29.7475 ], [ -95.50705, 29.74777 ], [ -95.5084, 29.74804 ], [ -95.5085, 29.74809 ], [ -95.50851, 29.74829 ], [ -95.50809, 29.74867 ], [ -95.50767, 29.74873 ], [ -95.50705, 29.74844 ], [ -95.50664, 29.74832 ], [ -95.50642, 29.74837 ], [ -95.506, 29.74882 ], [ -95.50564, 29.74991 ], [ -95.50531, 29.75029 ], [ -95.50572, 29.75054 ], [ -95.50668, 29.75075 ], [ -95.50723, 29.751 ], [ -95.50743, 29.75125 ], [ -95.50725, 29.75179 ], [ -95.50685, 29.75195 ], [ -95.50652, 29.75199 ], [ -95.50516, 29.75187 ], [ -95.50478, 29.7523 ], [ -95.5047, 29.75291 ], [ -95.50136, 29.75295 ], [ -95.50138, 29.75539 ], [ -95.5013, 29.75633 ], [ -95.50098, 29.75778 ], [ -95.50092, 29.75857 ], [ -95.50107, 29.76037 ], [ -95.50076, 29.7603 ], [ -95.50051, 29.7601 ], [ -95.50032, 29.76005 ], [ -95.50008, 29.76007 ], [ -95.49969, 29.76026 ], [ -95.4995, 29.76016 ], [ -95.49925, 29.76022 ], [ -95.49914, 29.76037 ], [ -95.49869, 29.76161 ], [ -95.4987, 29.76203 ], [ -95.49856, 29.76213 ], [ -95.49811, 29.76211 ], [ -95.49742, 29.76166 ], [ -95.49721, 29.7616 ], [ -95.49698, 29.76162 ], [ -95.49622, 29.76214 ], [ -95.49607, 29.76234 ], [ -95.49607, 29.76284 ], [ -95.49592, 29.76321 ], [ -95.49564, 29.76353 ], [ -95.49504, 29.7639 ], [ -95.49495, 29.76411 ], [ -95.49501, 29.76447 ], [ -95.49495, 29.76473 ], [ -95.49478, 29.76496 ], [ -95.4945, 29.76511 ], [ -95.49323, 29.76496 ], [ -95.49241, 29.76422 ], [ -95.49239, 29.76391 ], [ -95.49251, 29.76354 ], [ -95.49246, 29.76332 ], [ -95.4919, 29.76306 ], [ -95.49151, 29.76312 ], [ -95.49094, 29.7635 ], [ -95.49084, 29.76378 ], [ -95.49089, 29.76407 ], [ -95.49114, 29.76438 ], [ -95.49233, 29.76505 ], [ -95.49243, 29.7652 ], [ -95.49241, 29.76536 ], [ -95.49198, 29.76559 ], [ -95.49135, 29.76555 ], [ -95.49082, 29.76536 ], [ -95.49025, 29.76483 ], [ -95.48987, 29.76477 ], [ -95.48973, 29.76493 ], [ -95.48982, 29.76556 ], [ -95.49052, 29.76611 ], [ -95.4911, 29.7664 ], [ -95.49117, 29.76653 ], [ -95.49113, 29.76668 ], [ -95.49075, 29.7668 ], [ -95.48947, 29.76662 ], [ -95.48886, 29.76672 ], [ -95.48799, 29.76739 ], [ -95.48761, 29.76775 ], [ -95.48747, 29.76802 ], [ -95.48743, 29.7684 ], [ -95.48752, 29.76862 ], [ -95.48838, 29.76931 ], [ -95.4883, 29.76947 ], [ -95.48811, 29.76955 ], [ -95.48706, 29.7696 ], [ -95.48713, 29.77756 ], [ -95.48771, 29.7775 ], [ -95.48834, 29.77723 ], [ -95.48826, 29.78345 ], [ -95.48649, 29.78338 ], [ -95.48644, 29.78424 ], [ -95.4865, 29.78444 ], [ -95.48508, 29.78442 ], [ -95.48513, 29.79478 ], [ -95.49016, 29.79478 ], [ -95.49549, 29.79467 ], [ -95.4955, 29.79376 ], [ -95.49555, 29.79396 ], [ -95.49666, 29.79453 ], [ -95.49699, 29.79502 ], [ -95.49767, 29.79555 ], [ -95.49845, 29.79566 ], [ -95.4998, 29.796 ], [ -95.50016, 29.79599 ], [ -95.5006, 29.79617 ], [ -95.5007, 29.79632 ], [ -95.50186, 29.79666 ], [ -95.50304, 29.79675 ], [ -95.50385, 29.79643 ], [ -95.5045, 29.79637 ], [ -95.50546, 29.79595 ], [ -95.5057, 29.79595 ], [ -95.50589, 29.79609 ], [ -95.50617, 29.79702 ], [ -95.50672, 29.79723 ], [ -95.5074, 29.79728 ], [ -95.50905, 29.79798 ], [ -95.50974, 29.79841 ], [ -95.51021, 29.79882 ], [ -95.51019, 29.79722 ], [ -95.51289, 29.79726 ], [ -95.51289, 29.7944 ], [ -95.514, 29.7944 ] ] ], [ [ [ -95.73299, 29.78585 ], [ -95.73236, 29.78585 ], [ -95.73236, 29.78578 ], [ -95.73299, 29.78578 ], [ -95.73299, 29.78585 ] ] ], [ [ [ -95.79921, 30.01061 ], [ -95.79969, 30.01069 ], [ -95.81013, 30.01474 ], [ -95.81273, 30.01593 ], [ -95.81302, 30.0161 ], [ -95.81339, 30.01647 ], [ -95.81405, 30.01759 ], [ -95.81435, 30.01786 ], [ -95.81472, 30.01804 ], [ -95.81601, 30.01851 ], [ -95.81648, 30.0186 ], [ -95.81708, 30.01857 ], [ -95.81837, 30.01825 ], [ -95.81913, 30.01829 ], [ -95.82247, 30.01936 ], [ -95.82453, 30.02015 ], [ -95.83086, 30.02281 ], [ -95.83545, 30.02453 ], [ -95.83762, 30.02435 ], [ -95.84549, 30.02738 ], [ -95.85506, 30.03094 ], [ -95.855, 30.03108 ], [ -95.85539, 30.03123 ], [ -95.8554, 30.03091 ], [ -95.8572, 30.03159 ], [ -95.85739, 30.03175 ], [ -95.86, 30.03274 ], [ -95.87398, 30.03802 ], [ -95.87416, 30.04564 ], [ -95.87416, 30.04972 ], [ -95.8743, 30.05517 ], [ -95.87441, 30.0655 ], [ -95.87454, 30.07037 ], [ -95.87448, 30.07037 ], [ -95.87456, 30.0711 ], [ -95.87459, 30.07663 ], [ -95.87789, 30.0766 ], [ -95.87796, 30.08079 ], [ -95.89176, 30.08059 ], [ -95.89211, 30.09521 ], [ -95.902, 30.09508 ], [ -95.902, 30.09516 ], [ -95.90953, 30.09506 ], [ -95.90983, 30.10943 ], [ -95.9095, 30.09508 ], [ -95.90197, 30.09519 ], [ -95.90197, 30.0951 ], [ -95.89208, 30.09524 ], [ -95.89173, 30.08062 ], [ -95.87793, 30.08081 ], [ -95.87786, 30.07663 ], [ -95.87456, 30.07665 ], [ -95.87453, 30.0711 ], [ -95.87453, 30.07091 ], [ -95.87447, 30.07091 ], [ -95.87445, 30.07035 ], [ -95.87451, 30.07035 ], [ -95.87438, 30.0655 ], [ -95.87427, 30.05517 ], [ -95.87413, 30.04972 ], [ -95.87413, 30.04564 ], [ -95.87395, 30.03804 ], [ -95.85998, 30.03277 ], [ -95.85738, 30.03177 ], [ -95.85718, 30.03161 ], [ -95.85543, 30.03096 ], [ -95.85542, 30.03128 ], [ -95.85496, 30.03109 ], [ -95.85502, 30.03095 ], [ -95.84548, 30.02741 ], [ -95.8376, 30.02438 ], [ -95.83545, 30.02456 ], [ -95.83085, 30.02283 ], [ -95.82451, 30.02017 ], [ -95.82246, 30.01939 ], [ -95.81912, 30.01831 ], [ -95.81844, 30.01827 ], [ -95.8171, 30.01859 ], [ -95.81656, 30.01864 ], [ -95.81599, 30.01854 ], [ -95.81471, 30.01807 ], [ -95.81436, 30.01789 ], [ -95.81406, 30.01765 ], [ -95.8138, 30.0173 ], [ -95.8133, 30.0164 ], [ -95.81275, 30.01597 ], [ -95.81012, 30.01477 ], [ -95.79968, 30.01072 ], [ -95.79923, 30.01065 ], [ -95.79925, 30.01243 ], [ -95.79933, 30.01243 ], [ -95.79955, 30.02644 ], [ -95.79936, 30.02698 ], [ -95.79914, 30.0274 ], [ -95.79801, 30.0356 ], [ -95.79833, 30.03683 ], [ -95.79798, 30.03561 ], [ -95.79911, 30.02739 ], [ -95.79929, 30.0271 ], [ -95.79952, 30.02643 ], [ -95.7993, 30.01245 ], [ -95.79922, 30.01245 ], [ -95.7992, 30.01064 ], [ -95.78927, 30.00689 ], [ -95.79921, 30.01061 ] ] ], [ [ [ -95.25249, 29.96199 ], [ -95.25373, 29.96185 ], [ -95.25682, 29.96054 ], [ -95.25405, 29.96179 ], [ -95.2534, 29.96193 ], [ -95.25249, 29.96202 ], [ -95.24642, 29.96211 ], [ -95.25249, 29.96199 ] ] ], [ [ [ -95.24541, 29.96229 ], [ -95.24557, 29.96924 ], [ -95.24432, 29.96925 ], [ -95.24426, 29.96661 ], [ -95.2422, 29.9643 ], [ -95.24382, 29.96316 ], [ -95.24496, 29.96239 ], [ -95.24608, 29.96211 ], [ -95.24642, 29.96211 ], [ -95.24541, 29.96229 ] ] ], [ [ [ -95.24151, 29.96626 ], [ -95.241, 29.96662 ], [ -95.24231, 29.96803 ], [ -95.23662, 29.96813 ], [ -95.23791, 29.96727 ], [ -95.24066, 29.96534 ], [ -95.24151, 29.96626 ] ] ], [ [ [ -95.77358, 29.83143 ], [ -95.77358, 29.83154 ], [ -95.80697, 29.83139 ], [ -95.80707, 29.84581 ], [ -95.80698, 29.8459 ], [ -95.80718, 29.86037 ], [ -95.80719, 29.86766 ], [ -95.80728, 29.86766 ], [ -95.80736, 29.87451 ], [ -95.80727, 29.87492 ], [ -95.80779, 29.92131 ], [ -95.8079, 29.92544 ], [ -95.80798, 29.92544 ], [ -95.80806, 29.92817 ], [ -95.80852, 29.94897 ], [ -95.80859, 29.94897 ], [ -95.80868, 29.95716 ], [ -95.80854, 29.95135 ], [ -95.8086, 29.95135 ], [ -95.80856, 29.949 ], [ -95.80849, 29.949 ], [ -95.80803, 29.92817 ], [ -95.80795, 29.92547 ], [ -95.80786, 29.92547 ], [ -95.80776, 29.92131 ], [ -95.80724, 29.87492 ], [ -95.80733, 29.87451 ], [ -95.80725, 29.86769 ], [ -95.80716, 29.86769 ], [ -95.80715, 29.86037 ], [ -95.80695, 29.84589 ], [ -95.80704, 29.84579 ], [ -95.80693, 29.83142 ], [ -95.77354, 29.83158 ], [ -95.77353, 29.83147 ], [ -95.76543, 29.83152 ], [ -95.77358, 29.83143 ] ] ], [ [ [ -95.43225, 30.05631 ], [ -95.43209, 30.05634 ], [ -95.43189, 30.05531 ], [ -95.43131, 30.05328 ], [ -95.43064, 30.05006 ], [ -95.43049, 30.04972 ], [ -95.43038, 30.04829 ], [ -95.42999, 30.0458 ], [ -95.4301, 30.04574 ], [ -95.43011, 30.04549 ], [ -95.42996, 30.04403 ], [ -95.42963, 30.04195 ], [ -95.42934, 30.04172 ], [ -95.42886, 30.03932 ], [ -95.42857, 30.03649 ], [ -95.42871, 30.03649 ], [ -95.42867, 30.0296 ], [ -95.42873, 30.02879 ], [ -95.42862, 30.02807 ], [ -95.42876, 30.02879 ], [ -95.42869, 30.03032 ], [ -95.42874, 30.03651 ], [ -95.4286, 30.03651 ], [ -95.42889, 30.03931 ], [ -95.429, 30.03964 ], [ -95.42937, 30.04171 ], [ -95.42966, 30.04194 ], [ -95.43, 30.04403 ], [ -95.43014, 30.04549 ], [ -95.43014, 30.04576 ], [ -95.43002, 30.04582 ], [ -95.43041, 30.04829 ], [ -95.43052, 30.04972 ], [ -95.43067, 30.05006 ], [ -95.43134, 30.05327 ], [ -95.43193, 30.0553 ], [ -95.43211, 30.05631 ], [ -95.43227, 30.05628 ], [ -95.43245, 30.05685 ], [ -95.43225, 30.05687 ], [ -95.43392, 30.06596 ], [ -95.43452, 30.06968 ], [ -95.4353, 30.07313 ], [ -95.43556, 30.07504 ], [ -95.43527, 30.07313 ], [ -95.43449, 30.06968 ], [ -95.43389, 30.06596 ], [ -95.43222, 30.05685 ], [ -95.43241, 30.05683 ], [ -95.43225, 30.05631 ] ] ], [ [ [ -95.49569, 29.90556 ], [ -95.49569, 29.90631 ], [ -95.49521, 29.90631 ], [ -95.49527, 29.90556 ], [ -95.49569, 29.90556 ] ] ], [ [ [ -95.26667, 29.95607 ], [ -95.2654, 29.95655 ], [ -95.26048, 29.95885 ], [ -95.26047, 29.95881 ], [ -95.26538, 29.95653 ], [ -95.26665, 29.95605 ], [ -95.2683, 29.95454 ], [ -95.26667, 29.95607 ] ] ] ] } },
{ "type": "Feature", "properties": { "name": "Pearland" }, "geometry": { "type": "MultiPolygon", "coordinates": [ [ [ [ -95.23855, 29.57185 ], [ -95.26041, 29.58997 ], [ -95.26044, 29.58962 ], [ -95.26059, 29.5895 ], [ -95.26111, 29.58942 ], [ -95.2613, 29.58932 ], [ -95.26141, 29.58911 ], [ -95.26157, 29.58811 ], [ -95.2622, 29.58717 ], [ -95.26219, 29.58659 ], [ -95.26111, 29.58578 ], [ -95.26099, 29.58538 ], [ -95.26108, 29.58509 ], [ -95.26098, 29.58466 ], [ -95.26083, 29.58443 ], [ -95.26025, 29.58413 ], [ -95.26005, 29.58395 ], [ -95.26, 29.58365 ], [ -95.26009, 29.58315 ], [ -95.26049, 29.58227 ], [ -95.26076, 29.58185 ], [ -95.26121, 29.58144 ], [ -95.26126, 29.5812 ], [ -95.26053, 29.58043 ], [ -95.26026, 29.5797 ], [ -95.25969, 29.57875 ], [ -95.259, 29.5782 ], [ -95.25881, 29.57778 ], [ -95.25884, 29.57683 ], [ -95.25939, 29.5764 ], [ -95.2597, 29.57585 ], [ -95.25978, 29.57456 ], [ -95.25965, 29.57432 ], [ -95.25923, 29.57396 ], [ -95.25887, 29.57332 ], [ -95.25843, 29.57286 ], [ -95.25833, 29.57192 ], [ -95.25858, 29.57132 ], [ -95.25852, 29.57097 ], [ -95.25792, 29.57032 ], [ -95.25745, 29.56996 ], [ -95.25678, 29.56918 ], [ -95.25669, 29.56856 ], [ -95.25607, 29.56824 ], [ -95.25549, 29.56726 ], [ -95.25544, 29.56709 ], [ -95.25576, 29.56613 ], [ -95.25578, 29.5658 ], [ -95.2557, 29.5655 ], [ -95.2555, 29.56515 ], [ -95.25505, 29.56556 ], [ -95.25479, 29.56508 ], [ -95.25452, 29.56417 ], [ -95.25406, 29.56389 ], [ -95.25447, 29.56348 ], [ -95.25391, 29.56272 ], [ -95.25361, 29.56186 ], [ -95.25285, 29.56126 ], [ -95.25245, 29.56083 ], [ -95.25234, 29.56059 ], [ -95.25234, 29.56038 ], [ -95.25258, 29.55986 ], [ -95.25255, 29.55913 ], [ -95.25273, 29.5586 ], [ -95.25249, 29.55822 ], [ -95.25248, 29.55797 ], [ -95.25305, 29.55746 ], [ -95.25486, 29.55745 ], [ -95.25508, 29.55728 ], [ -95.25524, 29.55699 ], [ -95.25481, 29.55499 ], [ -95.25409, 29.55456 ], [ -95.25385, 29.55377 ], [ -95.25359, 29.55365 ], [ -95.25196, 29.5552 ], [ -95.25116, 29.55552 ], [ -95.25056, 29.55554 ], [ -95.2508, 29.55512 ], [ -95.24893, 29.55528 ], [ -95.24839, 29.55572 ], [ -95.24763, 29.55492 ], [ -95.24814, 29.55387 ], [ -95.2479, 29.55349 ], [ -95.24813, 29.55328 ], [ -95.24765, 29.55288 ], [ -95.24704, 29.55313 ], [ -95.24619, 29.55378 ], [ -95.24568, 29.55441 ], [ -95.24522, 29.55458 ], [ -95.2443, 29.55446 ], [ -95.24383, 29.55455 ], [ -95.24392, 29.55463 ], [ -95.24352, 29.5549 ], [ -95.24306, 29.55492 ], [ -95.24267, 29.55518 ], [ -95.24207, 29.55589 ], [ -95.24207, 29.55598 ], [ -95.24201, 29.55592 ], [ -95.24198, 29.55624 ], [ -95.24218, 29.55683 ], [ -95.24212, 29.55678 ], [ -95.24218, 29.55771 ], [ -95.24184, 29.55902 ], [ -95.2419, 29.55896 ], [ -95.24197, 29.55909 ], [ -95.24211, 29.55908 ], [ -95.24265, 29.55877 ], [ -95.24352, 29.55885 ], [ -95.24362, 29.55905 ], [ -95.24343, 29.55931 ], [ -95.24279, 29.55971 ], [ -95.24215, 29.55991 ], [ -95.24209, 29.56008 ], [ -95.24171, 29.56046 ], [ -95.24127, 29.56009 ], [ -95.241, 29.56006 ], [ -95.24044, 29.56027 ], [ -95.24024, 29.56046 ], [ -95.24039, 29.56108 ], [ -95.24062, 29.56157 ], [ -95.24053, 29.56175 ], [ -95.24054, 29.56219 ], [ -95.24042, 29.56247 ], [ -95.24017, 29.56262 ], [ -95.24006, 29.56262 ], [ -95.24006, 29.56246 ], [ -95.23979, 29.56201 ], [ -95.23927, 29.5618 ], [ -95.23902, 29.56155 ], [ -95.23967, 29.56085 ], [ -95.23788, 29.56133 ], [ -95.23757, 29.5612 ], [ -95.23726, 29.56066 ], [ -95.23648, 29.56014 ], [ -95.23623, 29.55975 ], [ -95.23633, 29.55966 ], [ -95.23619, 29.5594 ], [ -95.2359, 29.55917 ], [ -95.23493, 29.55875 ], [ -95.23476, 29.55812 ], [ -95.23372, 29.55716 ], [ -95.23324, 29.55709 ], [ -95.23119, 29.55768 ], [ -95.23093, 29.55782 ], [ -95.22939, 29.55919 ], [ -95.22898, 29.5598 ], [ -95.22864, 29.56001 ], [ -95.22817, 29.56007 ], [ -95.22688, 29.5598 ], [ -95.22618, 29.55973 ], [ -95.22547, 29.55945 ], [ -95.22458, 29.55921 ], [ -95.22366, 29.55914 ], [ -95.21811, 29.56411 ], [ -95.21969, 29.56536 ], [ -95.22021, 29.5656 ], [ -95.22126, 29.56591 ], [ -95.22194, 29.56625 ], [ -95.22339, 29.56747 ], [ -95.22406, 29.56685 ], [ -95.22879, 29.57082 ], [ -95.22702, 29.57244 ], [ -95.23177, 29.57638 ], [ -95.23575, 29.57271 ], [ -95.23671, 29.5735 ], [ -95.23855, 29.57185 ] ] ], [ [ [ -95.21596, 29.55779 ], [ -95.21154, 29.5618 ], [ -95.2139, 29.56371 ], [ -95.21473, 29.56297 ], [ -95.21356, 29.562 ], [ -95.21689, 29.55894 ], [ -95.21763, 29.55942 ], [ -95.21812, 29.55949 ], [ -95.21832, 29.55944 ], [ -95.2171, 29.55874 ], [ -95.21596, 29.55779 ] ] ], [ [ [ -95.36847, 29.59737 ], [ -95.37109, 29.59743 ], [ -95.37752, 29.59728 ], [ -95.38332, 29.59653 ], [ -95.3902, 29.59636 ], [ -95.39525, 29.59653 ], [ -95.39541, 29.59652 ], [ -95.39541, 29.59646 ], [ -95.3962, 29.59658 ], [ -95.40124, 29.59641 ], [ -95.41715, 29.59623 ], [ -95.41723, 29.59616 ], [ -95.41708, 29.58457 ], [ -95.41724, 29.58462 ], [ -95.43036, 29.5845 ], [ -95.43078, 29.5835 ], [ -95.42966, 29.58295 ], [ -95.42966, 29.58318 ], [ -95.42427, 29.58071 ], [ -95.41733, 29.58317 ], [ -95.41722, 29.5834 ], [ -95.41622, 29.5829 ], [ -95.41526, 29.5828 ], [ -95.41459, 29.58285 ], [ -95.41424, 29.58304 ], [ -95.41394, 29.58334 ], [ -95.41171, 29.58315 ], [ -95.40969, 29.58273 ], [ -95.40921, 29.5829 ], [ -95.4087, 29.58288 ], [ -95.40656, 29.58232 ], [ -95.40555, 29.58237 ], [ -95.40516, 29.58226 ], [ -95.40481, 29.58199 ], [ -95.40456, 29.58191 ], [ -95.40355, 29.58182 ], [ -95.40257, 29.58199 ], [ -95.40025, 29.58198 ], [ -95.3996, 29.58208 ], [ -95.39905, 29.582 ], [ -95.39849, 29.58229 ], [ -95.39751, 29.58239 ], [ -95.39751, 29.58251 ], [ -95.39608, 29.58272 ], [ -95.39559, 29.58262 ], [ -95.39499, 29.58237 ], [ -95.39422, 29.58228 ], [ -95.39389, 29.58194 ], [ -95.39367, 29.58182 ], [ -95.39316, 29.58169 ], [ -95.39287, 29.5817 ], [ -95.39177, 29.58282 ], [ -95.39136, 29.58298 ], [ -95.39107, 29.58325 ], [ -95.39051, 29.58391 ], [ -95.39008, 29.58411 ], [ -95.39002, 29.58455 ], [ -95.38922, 29.58507 ], [ -95.38881, 29.58553 ], [ -95.38793, 29.58578 ], [ -95.38653, 29.58563 ], [ -95.38555, 29.58564 ], [ -95.38522, 29.58593 ], [ -95.38459, 29.58673 ], [ -95.38424, 29.58688 ], [ -95.38388, 29.58689 ], [ -95.38396, 29.59312 ], [ -95.37981, 29.59325 ], [ -95.37984, 29.59418 ], [ -95.37121, 29.59433 ], [ -95.37119, 29.59447 ], [ -95.36811, 29.59453 ], [ -95.36814, 29.59686 ], [ -95.36829, 29.59722 ], [ -95.36847, 29.59737 ] ] ] ] } },
{ "type": "Feature", "properties": { "name": "Southside Place" }, "geometry": { "type": "Polygon", "coordinates": [ [ [ -95.43312, 29.7047 ], [ -95.43326, 29.71489 ], [ -95.4376, 29.71485 ], [ -95.43793, 29.71465 ], [ -95.43794, 29.71448 ], [ -95.4378, 29.70602 ], [ -95.44572, 29.70593 ], [ -95.4457, 29.70459 ], [ -95.43374, 29.70476 ], [ -95.43312, 29.7047 ] ] ] } },
{ "type": "Feature", "properties": { "name": "Humble" }, "geometry": { "type": "Polygon", "coordinates": [ [ [ -95.26832, 30.03169 ], [ -95.271, 30.0324 ], [ -95.27247, 30.03237 ], [ -95.27393, 30.03207 ], [ -95.27451, 30.03184 ], [ -95.27483, 30.03181 ], [ -95.27596, 30.03135 ], [ -95.27882, 30.03064 ], [ -95.28212, 30.0305 ], [ -95.28362, 30.03007 ], [ -95.28475, 30.02964 ], [ -95.28466, 30.01626 ], [ -95.28441, 30.00163 ], [ -95.27714, 30.00171 ], [ -95.27709, 29.99755 ], [ -95.2778, 29.99707 ], [ -95.27818, 29.99633 ], [ -95.2782, 29.98805 ], [ -95.27712, 29.98809 ], [ -95.27573, 29.98763 ], [ -95.27707, 29.98451 ], [ -95.27603, 29.98256 ], [ -95.27677, 29.97994 ], [ -95.27712, 29.97927 ], [ -95.27845, 29.97733 ], [ -95.27895, 29.9764 ], [ -95.28686, 29.95855 ], [ -95.28595, 29.95816 ], [ -95.28545, 29.95821 ], [ -95.28545, 29.95783 ], [ -95.28362, 29.9578 ], [ -95.28124, 29.95656 ], [ -95.27809, 29.95558 ], [ -95.2776, 29.95526 ], [ -95.27648, 29.95409 ], [ -95.2757, 29.95382 ], [ -95.27333, 29.95414 ], [ -95.27055, 29.95388 ], [ -95.26986, 29.95409 ], [ -95.26903, 29.95475 ], [ -95.26861, 29.95476 ], [ -95.26822, 29.95457 ], [ -95.26659, 29.9561 ], [ -95.26532, 29.95658 ], [ -95.25397, 29.96182 ], [ -95.25241, 29.96204 ], [ -95.24635, 29.96213 ], [ -95.24534, 29.96231 ], [ -95.24549, 29.96927 ], [ -95.24424, 29.96928 ], [ -95.24429, 29.9735 ], [ -95.24597, 29.97349 ], [ -95.24596, 29.97525 ], [ -95.24489, 29.97526 ], [ -95.24495, 29.97931 ], [ -95.24351, 29.97931 ], [ -95.24224, 29.97921 ], [ -95.24231, 29.97928 ], [ -95.24228, 29.98001 ], [ -95.24252, 29.98115 ], [ -95.24112, 29.98117 ], [ -95.24087, 29.98242 ], [ -95.24146, 29.9824 ], [ -95.24147, 29.98272 ], [ -95.24241, 29.98269 ], [ -95.24241, 29.98279 ], [ -95.24118, 29.98283 ], [ -95.24119, 29.98315 ], [ -95.23997, 29.98309 ], [ -95.23957, 29.98514 ], [ -95.24014, 29.98513 ], [ -95.2403, 29.98552 ], [ -95.23961, 29.98553 ], [ -95.23962, 29.98572 ], [ -95.23952, 29.98572 ], [ -95.23955, 29.98531 ], [ -95.23783, 29.98534 ], [ -95.23786, 29.98657 ], [ -95.24008, 29.98654 ], [ -95.24009, 29.98732 ], [ -95.24397, 29.9873 ], [ -95.24397, 29.98813 ], [ -95.24314, 29.98813 ], [ -95.24313, 29.98822 ], [ -95.24279, 29.98822 ], [ -95.24282, 29.99357 ], [ -95.24389, 29.99357 ], [ -95.24389, 29.99371 ], [ -95.24282, 29.99371 ], [ -95.24284, 29.99914 ], [ -95.24841, 29.99908 ], [ -95.2484, 30.00085 ], [ -95.24848, 30.00085 ], [ -95.24849, 30.0013 ], [ -95.25028, 30.00237 ], [ -95.25026, 30.00373 ], [ -95.25041, 30.00416 ], [ -95.25079, 30.00485 ], [ -95.25087, 30.00526 ], [ -95.25088, 30.00842 ], [ -95.2508, 30.00851 ], [ -95.25087, 30.00857 ], [ -95.2508, 30.00907 ], [ -95.2508, 30.01023 ], [ -95.2508, 30.01069 ], [ -95.25088, 30.01069 ], [ -95.25091, 30.01552 ], [ -95.25123, 30.01614 ], [ -95.25123, 30.01644 ], [ -95.2515, 30.01644 ], [ -95.25206, 30.01681 ], [ -95.2528, 30.01703 ], [ -95.2552, 30.01706 ], [ -95.2552, 30.01798 ], [ -95.25577, 30.01717 ], [ -95.25852, 30.01722 ], [ -95.25807, 30.0183 ], [ -95.25817, 30.02139 ], [ -95.25829, 30.02215 ], [ -95.25835, 30.02596 ], [ -95.26017, 30.02636 ], [ -95.26082, 30.0266 ], [ -95.26129, 30.02695 ], [ -95.26221, 30.02831 ], [ -95.26298, 30.03076 ], [ -95.26382, 30.03204 ], [ -95.26511, 30.03218 ], [ -95.26603, 30.03206 ], [ -95.26752, 30.03173 ], [ -95.26832, 30.03169 ] ] ] } },
{ "type": "Feature", "properties": { "name": "Friendswood" }, "geometry": { "type": "Polygon", "coordinates": [ [ [ -95.18018, 29.55736 ], [ -95.19913, 29.57311 ], [ -95.21596, 29.55779 ], [ -95.2153, 29.55723 ], [ -95.21455, 29.5571 ], [ -95.21454, 29.55693 ], [ -95.21467, 29.55679 ], [ -95.21498, 29.5567 ], [ -95.21557, 29.5569 ], [ -95.21628, 29.55667 ], [ -95.21643, 29.55647 ], [ -95.2165, 29.55591 ], [ -95.21644, 29.55556 ], [ -95.21624, 29.55538 ], [ -95.21591, 29.55528 ], [ -95.21591, 29.55515 ], [ -95.21611, 29.55499 ], [ -95.21601, 29.55482 ], [ -95.21568, 29.55487 ], [ -95.21538, 29.55522 ], [ -95.21487, 29.55564 ], [ -95.21471, 29.55567 ], [ -95.21445, 29.55519 ], [ -95.21423, 29.55507 ], [ -95.21412, 29.55512 ], [ -95.21384, 29.55545 ], [ -95.21407, 29.55593 ], [ -95.21436, 29.55622 ], [ -95.21383, 29.55629 ], [ -95.21322, 29.55563 ], [ -95.2131, 29.55569 ], [ -95.21276, 29.55625 ], [ -95.21285, 29.55679 ], [ -95.21283, 29.55717 ], [ -95.21294, 29.55725 ], [ -95.21348, 29.55686 ], [ -95.21378, 29.55688 ], [ -95.21381, 29.55698 ], [ -95.2137, 29.5572 ], [ -95.21289, 29.55778 ], [ -95.21281, 29.55806 ], [ -95.21286, 29.55812 ], [ -95.21368, 29.55852 ], [ -95.21323, 29.55892 ], [ -95.21253, 29.5586 ], [ -95.2122, 29.5586 ], [ -95.21206, 29.55865 ], [ -95.21159, 29.55923 ], [ -95.2112, 29.55907 ], [ -95.21089, 29.5585 ], [ -95.21071, 29.55838 ], [ -95.21023, 29.5584 ], [ -95.20991, 29.55864 ], [ -95.20974, 29.55895 ], [ -95.20956, 29.55903 ], [ -95.20898, 29.55903 ], [ -95.20882, 29.55914 ], [ -95.20868, 29.55927 ], [ -95.20889, 29.55978 ], [ -95.20866, 29.55992 ], [ -95.20805, 29.55962 ], [ -95.20743, 29.55908 ], [ -95.20718, 29.55918 ], [ -95.20681, 29.55873 ], [ -95.20776, 29.55804 ], [ -95.20777, 29.55791 ], [ -95.20725, 29.55781 ], [ -95.20656, 29.55794 ], [ -95.20629, 29.55767 ], [ -95.20567, 29.55775 ], [ -95.20579, 29.55878 ], [ -95.20602, 29.5588 ], [ -95.2055, 29.55918 ], [ -95.20432, 29.55889 ], [ -95.20466, 29.55825 ], [ -95.20402, 29.55826 ], [ -95.20387, 29.55896 ], [ -95.20362, 29.55931 ], [ -95.2036, 29.55979 ], [ -95.20311, 29.55972 ], [ -95.20293, 29.55985 ], [ -95.20322, 29.56015 ], [ -95.20245, 29.56065 ], [ -95.20293, 29.56086 ], [ -95.20304, 29.56101 ], [ -95.20295, 29.56119 ], [ -95.20253, 29.5614 ], [ -95.20156, 29.56122 ], [ -95.20123, 29.5614 ], [ -95.20104, 29.56199 ], [ -95.20118, 29.56289 ], [ -95.20105, 29.56314 ], [ -95.20093, 29.56315 ], [ -95.20068, 29.5629 ], [ -95.20001, 29.56262 ], [ -95.20015, 29.56201 ], [ -95.20058, 29.56156 ], [ -95.19991, 29.56129 ], [ -95.19908, 29.56118 ], [ -95.19911, 29.56107 ], [ -95.20014, 29.56054 ], [ -95.1993, 29.56009 ], [ -95.199, 29.55958 ], [ -95.19912, 29.55874 ], [ -95.19866, 29.55866 ], [ -95.1981, 29.55891 ], [ -95.19778, 29.55825 ], [ -95.19759, 29.55815 ], [ -95.19705, 29.55825 ], [ -95.19671, 29.5587 ], [ -95.19644, 29.55875 ], [ -95.1962, 29.55862 ], [ -95.19599, 29.55863 ], [ -95.19598, 29.55879 ], [ -95.19701, 29.56002 ], [ -95.19686, 29.56013 ], [ -95.1957, 29.56016 ], [ -95.19558, 29.56008 ], [ -95.1953, 29.55943 ], [ -95.19504, 29.55932 ], [ -95.1949, 29.55935 ], [ -95.19405, 29.56005 ], [ -95.19379, 29.55998 ], [ -95.19331, 29.55963 ], [ -95.1932, 29.55937 ], [ -95.19343, 29.55872 ], [ -95.19345, 29.55817 ], [ -95.19366, 29.5575 ], [ -95.19396, 29.55729 ], [ -95.19459, 29.55737 ], [ -95.19488, 29.55731 ], [ -95.19493, 29.55722 ], [ -95.19449, 29.55683 ], [ -95.19431, 29.55656 ], [ -95.19449, 29.55594 ], [ -95.19464, 29.55577 ], [ -95.19483, 29.55585 ], [ -95.19506, 29.55647 ], [ -95.19545, 29.55692 ], [ -95.19564, 29.55764 ], [ -95.19585, 29.55764 ], [ -95.19611, 29.55731 ], [ -95.19688, 29.55674 ], [ -95.1971, 29.55696 ], [ -95.19725, 29.55729 ], [ -95.19741, 29.55735 ], [ -95.1976, 29.5573 ], [ -95.19768, 29.55716 ], [ -95.1977, 29.55693 ], [ -95.19805, 29.55606 ], [ -95.197, 29.55565 ], [ -95.19623, 29.55579 ], [ -95.19615, 29.55564 ], [ -95.19649, 29.55517 ], [ -95.19552, 29.55488 ], [ -95.19552, 29.55462 ], [ -95.19598, 29.55433 ], [ -95.1961, 29.55417 ], [ -95.19602, 29.55394 ], [ -95.1958, 29.55371 ], [ -95.19571, 29.55342 ], [ -95.19567, 29.55322 ], [ -95.19578, 29.55294 ], [ -95.19632, 29.55295 ], [ -95.19664, 29.55314 ], [ -95.1967, 29.55367 ], [ -95.19684, 29.55377 ], [ -95.19704, 29.5538 ], [ -95.19741, 29.55351 ], [ -95.19774, 29.55353 ], [ -95.19802, 29.55385 ], [ -95.19811, 29.55409 ], [ -95.19872, 29.55447 ], [ -95.19918, 29.55393 ], [ -95.19985, 29.55405 ], [ -95.19985, 29.5534 ], [ -95.19951, 29.55329 ], [ -95.19962, 29.55286 ], [ -95.19994, 29.55258 ], [ -95.19989, 29.5523 ], [ -95.19932, 29.55186 ], [ -95.19916, 29.55148 ], [ -95.19884, 29.55121 ], [ -95.19807, 29.55093 ], [ -95.19826, 29.55066 ], [ -95.1983, 29.55034 ], [ -95.19781, 29.54981 ], [ -95.19727, 29.54949 ], [ -95.19719, 29.54791 ], [ -95.19757, 29.5471 ], [ -95.19908, 29.54599 ], [ -95.1991, 29.5449 ], [ -95.19934, 29.54465 ], [ -95.19938, 29.54449 ], [ -95.19829, 29.54309 ], [ -95.198, 29.54254 ], [ -95.19745, 29.54211 ], [ -95.19725, 29.54216 ], [ -95.1972, 29.54224 ], [ -95.19605, 29.54231 ], [ -95.19567, 29.54256 ], [ -95.19563, 29.54269 ], [ -95.19594, 29.5433 ], [ -95.19583, 29.54357 ], [ -95.19566, 29.54371 ], [ -95.19516, 29.54372 ], [ -95.19501, 29.54364 ], [ -95.195, 29.5431 ], [ -95.1949, 29.54297 ], [ -95.19466, 29.54301 ], [ -95.1944, 29.54339 ], [ -95.19416, 29.54329 ], [ -95.19398, 29.54296 ], [ -95.19403, 29.54271 ], [ -95.19456, 29.54242 ], [ -95.19461, 29.5423 ], [ -95.19419, 29.54189 ], [ -95.19413, 29.54173 ], [ -95.19452, 29.54148 ], [ -95.19461, 29.54129 ], [ -95.19456, 29.54102 ], [ -95.19441, 29.54094 ], [ -95.19376, 29.54139 ], [ -95.19349, 29.54126 ], [ -95.19326, 29.54101 ], [ -95.19327, 29.54153 ], [ -95.19314, 29.54166 ], [ -95.19275, 29.54144 ], [ -95.19214, 29.54041 ], [ -95.19226, 29.54031 ], [ -95.19291, 29.54016 ], [ -95.19287, 29.54 ], [ -95.19268, 29.53985 ], [ -95.19265, 29.53966 ], [ -95.19298, 29.53955 ], [ -95.19304, 29.53945 ], [ -95.19224, 29.53933 ], [ -95.19202, 29.53881 ], [ -95.19217, 29.53856 ], [ -95.19335, 29.53737 ], [ -95.19341, 29.53708 ], [ -95.19325, 29.5367 ], [ -95.19292, 29.5364 ], [ -95.19252, 29.53626 ], [ -95.19231, 29.53604 ], [ -95.19154, 29.53602 ], [ -95.19108, 29.53574 ], [ -95.19092, 29.53581 ], [ -95.19094, 29.53613 ], [ -95.19073, 29.53619 ], [ -95.19042, 29.53585 ], [ -95.19015, 29.53573 ], [ -95.18985, 29.53573 ], [ -95.18947, 29.53593 ], [ -95.18928, 29.53592 ], [ -95.18865, 29.53534 ], [ -95.18835, 29.53489 ], [ -95.18834, 29.5346 ], [ -95.18848, 29.53441 ], [ -95.18765, 29.5342 ], [ -95.1874, 29.53401 ], [ -95.18739, 29.53386 ], [ -95.18752, 29.53369 ], [ -95.18847, 29.53326 ], [ -95.18885, 29.53267 ], [ -95.18941, 29.53234 ], [ -95.18944, 29.53218 ], [ -95.18926, 29.53163 ], [ -95.18943, 29.53112 ], [ -95.19016, 29.5308 ], [ -95.19052, 29.53057 ], [ -95.19055, 29.53047 ], [ -95.19041, 29.53019 ], [ -95.18948, 29.52936 ], [ -95.18815, 29.52885 ], [ -95.18753, 29.52848 ], [ -95.18743, 29.52828 ], [ -95.18742, 29.52815 ], [ -95.18755, 29.52794 ], [ -95.18802, 29.52772 ], [ -95.18911, 29.52775 ], [ -95.18975, 29.52757 ], [ -95.18989, 29.52749 ], [ -95.18993, 29.52733 ], [ -95.18966, 29.52702 ], [ -95.18837, 29.52724 ], [ -95.18781, 29.52721 ], [ -95.1871, 29.52739 ], [ -95.18689, 29.5273 ], [ -95.18695, 29.52635 ], [ -95.18672, 29.52571 ], [ -95.18674, 29.52549 ], [ -95.18711, 29.52491 ], [ -95.18783, 29.52444 ], [ -95.18787, 29.52436 ], [ -95.18775, 29.52417 ], [ -95.18718, 29.52388 ], [ -95.18708, 29.52374 ], [ -95.18599, 29.52322 ], [ -95.1851, 29.52324 ], [ -95.18463, 29.52309 ], [ -95.18456, 29.52298 ], [ -95.18442, 29.52311 ], [ -95.18418, 29.52292 ], [ -95.18337, 29.52367 ], [ -95.18272, 29.52316 ], [ -95.18229, 29.52293 ], [ -95.1831, 29.52191 ], [ -95.18317, 29.52143 ], [ -95.18252, 29.52137 ], [ -95.18317, 29.52138 ], [ -95.18322, 29.52107 ], [ -95.18297, 29.52078 ], [ -95.18305, 29.52047 ], [ -95.18273, 29.52037 ], [ -95.18259, 29.52014 ], [ -95.18275, 29.51982 ], [ -95.18306, 29.5195 ], [ -95.18299, 29.51917 ], [ -95.18286, 29.51905 ], [ -95.18224, 29.51878 ], [ -95.18159, 29.51862 ], [ -95.18009, 29.51855 ], [ -95.17996, 29.51871 ], [ -95.18035, 29.51945 ], [ -95.18029, 29.51986 ], [ -95.18001, 29.52 ], [ -95.17925, 29.51981 ], [ -95.17907, 29.51964 ], [ -95.1789, 29.51929 ], [ -95.17885, 29.51884 ], [ -95.17893, 29.51821 ], [ -95.17865, 29.51767 ], [ -95.1782, 29.51725 ], [ -95.17773, 29.5171 ], [ -95.17683, 29.51698 ], [ -95.17629, 29.51698 ], [ -95.17591, 29.51715 ], [ -95.17586, 29.51733 ], [ -95.17567, 29.51753 ], [ -95.17555, 29.51805 ], [ -95.17531, 29.5183 ], [ -95.17502, 29.51842 ], [ -95.17465, 29.5184 ], [ -95.17426, 29.51814 ], [ -95.17337, 29.51679 ], [ -95.1738, 29.51581 ], [ -95.17405, 29.5158 ], [ -95.17423, 29.51555 ], [ -95.17414, 29.51512 ], [ -95.17353, 29.51465 ], [ -95.17254, 29.51438 ], [ -95.17166, 29.51434 ], [ -95.17157, 29.51452 ], [ -95.17142, 29.51454 ], [ -95.17122, 29.51487 ], [ -95.17089, 29.51515 ], [ -95.17077, 29.51511 ], [ -95.17055, 29.51527 ], [ -95.17041, 29.51523 ], [ -95.1703, 29.51531 ], [ -95.16981, 29.51517 ], [ -95.16943, 29.51488 ], [ -95.16913, 29.51445 ], [ -95.1691, 29.51385 ], [ -95.1689, 29.51335 ], [ -95.16822, 29.51291 ], [ -95.16755, 29.51272 ], [ -95.16735, 29.5125 ], [ -95.16721, 29.51216 ], [ -95.16731, 29.51176 ], [ -95.16764, 29.51119 ], [ -95.16806, 29.51077 ], [ -95.16881, 29.51054 ], [ -95.16992, 29.51046 ], [ -95.17084, 29.51003 ], [ -95.17115, 29.50947 ], [ -95.17116, 29.50932 ], [ -95.17073, 29.50748 ], [ -95.17033, 29.50706 ], [ -95.16982, 29.50686 ], [ -95.16925, 29.50685 ], [ -95.16826, 29.50654 ], [ -95.1674, 29.50581 ], [ -95.16726, 29.50549 ], [ -95.16723, 29.50515 ], [ -95.16733, 29.5048 ], [ -95.16753, 29.50448 ], [ -95.1671, 29.50432 ], [ -95.16686, 29.50402 ], [ -95.16685, 29.50357 ], [ -95.16707, 29.50289 ], [ -95.16708, 29.50271 ], [ -95.16695, 29.50251 ], [ -95.16644, 29.50229 ], [ -95.16597, 29.50229 ], [ -95.16464, 29.5026 ], [ -95.16397, 29.50247 ], [ -95.16339, 29.50224 ], [ -95.16295, 29.50184 ], [ -95.16279, 29.50154 ], [ -95.16298, 29.50092 ], [ -95.16299, 29.50028 ], [ -95.16118, 29.50099 ], [ -95.16182, 29.50274 ], [ -95.15235, 29.51454 ], [ -95.15679, 29.51825 ], [ -95.15358, 29.52127 ], [ -95.1536, 29.5222 ], [ -95.15274, 29.52221 ], [ -95.15276, 29.52316 ], [ -95.16466, 29.52181 ], [ -95.19004, 29.54292 ], [ -95.18721, 29.54553 ], [ -95.19002, 29.54792 ], [ -95.17986, 29.55717 ], [ -95.18018, 29.55736 ] ] ] } },
{ "type": "Feature", "properties": { "name": "Hunters Creek Village" }, "geometry": { "type": "Polygon", "coordinates": [ [ [ -95.49326, 29.7841 ], [ -95.49548, 29.78434 ], [ -95.50194, 29.78438 ], [ -95.50205, 29.78307 ], [ -95.50293, 29.78275 ], [ -95.50362, 29.78272 ], [ -95.50376, 29.7828 ], [ -95.50417, 29.78282 ], [ -95.50416, 29.78267 ], [ -95.50492, 29.78245 ], [ -95.50544, 29.7822 ], [ -95.50607, 29.78208 ], [ -95.50575, 29.78166 ], [ -95.5057, 29.77769 ], [ -95.50894, 29.77767 ], [ -95.50876, 29.76258 ], [ -95.50649, 29.76258 ], [ -95.50641, 29.75643 ], [ -95.50669, 29.75635 ], [ -95.50688, 29.75583 ], [ -95.50682, 29.75519 ], [ -95.50663, 29.75488 ], [ -95.50608, 29.75459 ], [ -95.50558, 29.75455 ], [ -95.50468, 29.75421 ], [ -95.50451, 29.75397 ], [ -95.50446, 29.75369 ], [ -95.50462, 29.75293 ], [ -95.50129, 29.75297 ], [ -95.5013, 29.75541 ], [ -95.50122, 29.75636 ], [ -95.5009, 29.7578 ], [ -95.50084, 29.7586 ], [ -95.50099, 29.76039 ], [ -95.50068, 29.76033 ], [ -95.50043, 29.76012 ], [ -95.50024, 29.76007 ], [ -95.5, 29.76009 ], [ -95.49961, 29.76029 ], [ -95.49942, 29.76019 ], [ -95.49918, 29.76025 ], [ -95.49906, 29.76039 ], [ -95.49861, 29.76164 ], [ -95.49862, 29.76206 ], [ -95.49848, 29.76216 ], [ -95.49804, 29.76214 ], [ -95.49734, 29.76168 ], [ -95.49713, 29.76162 ], [ -95.49691, 29.76165 ], [ -95.49614, 29.76217 ], [ -95.496, 29.76236 ], [ -95.49599, 29.76286 ], [ -95.49584, 29.76323 ], [ -95.49556, 29.76356 ], [ -95.49496, 29.76393 ], [ -95.49488, 29.76413 ], [ -95.49493, 29.7645 ], [ -95.49487, 29.76476 ], [ -95.4947, 29.76499 ], [ -95.49442, 29.76514 ], [ -95.49316, 29.76498 ], [ -95.49233, 29.76424 ], [ -95.49231, 29.76394 ], [ -95.49243, 29.76356 ], [ -95.49238, 29.76334 ], [ -95.49182, 29.76309 ], [ -95.49143, 29.76315 ], [ -95.49086, 29.76352 ], [ -95.49077, 29.76381 ], [ -95.49081, 29.76409 ], [ -95.49106, 29.76441 ], [ -95.49225, 29.76508 ], [ -95.49235, 29.76523 ], [ -95.49233, 29.76539 ], [ -95.4919, 29.76562 ], [ -95.49127, 29.76558 ], [ -95.49075, 29.76538 ], [ -95.49017, 29.76486 ], [ -95.48979, 29.7648 ], [ -95.48965, 29.76495 ], [ -95.48975, 29.76558 ], [ -95.49044, 29.76614 ], [ -95.49102, 29.76642 ], [ -95.49109, 29.76656 ], [ -95.49105, 29.7667 ], [ -95.49067, 29.76683 ], [ -95.48939, 29.76665 ], [ -95.4888, 29.76674 ], [ -95.48791, 29.76741 ], [ -95.48753, 29.76778 ], [ -95.48741, 29.76799 ], [ -95.48735, 29.76843 ], [ -95.48743, 29.76862 ], [ -95.48831, 29.76934 ], [ -95.48822, 29.7695 ], [ -95.48803, 29.76957 ], [ -95.48698, 29.76962 ], [ -95.48706, 29.77759 ], [ -95.48763, 29.77753 ], [ -95.48826, 29.77725 ], [ -95.48818, 29.78394 ], [ -95.49326, 29.7841 ] ] ] } },
{ "type": "Feature", "properties": { "name": "La Porte" }, "geometry": { "type": "MultiPolygon", "coordinates": [ [ [ [ -95.08583, 29.70275 ], [ -95.08593, 29.70936 ], [ -95.08794, 29.70934 ], [ -95.08786, 29.70337 ], [ -95.08859, 29.7036 ], [ -95.08809, 29.68509 ], [ -95.08814, 29.68487 ], [ -95.08786, 29.67318 ], [ -95.08773, 29.67225 ], [ -95.08745, 29.67142 ], [ -95.08728, 29.67036 ], [ -95.08703, 29.66429 ], [ -95.11264, 29.6639 ], [ -95.11245, 29.65563 ], [ -95.11244, 29.65028 ], [ -95.08919, 29.65069 ], [ -95.0837, 29.65124 ], [ -95.06539, 29.65159 ], [ -95.06245, 29.65162 ], [ -95.05937, 29.65131 ], [ -95.05767, 29.65125 ], [ -95.03893, 29.65157 ], [ -95.03872, 29.64505 ], [ -95.03854, 29.64505 ], [ -95.03838, 29.63926 ], [ -95.03787, 29.63563 ], [ -95.03816, 29.63563 ], [ -95.03729, 29.63019 ], [ -95.03692, 29.63019 ], [ -95.03689, 29.63008 ], [ -95.0327, 29.6302 ], [ -95.03496, 29.62531 ], [ -95.03525, 29.62407 ], [ -95.01837, 29.62424 ], [ -95.01837, 29.62396 ], [ -95.00864, 29.62405 ], [ -95.01134, 29.62729 ], [ -95.0119, 29.62844 ], [ -95.01233, 29.62866 ], [ -95.01282, 29.62906 ], [ -95.01315, 29.62905 ], [ -95.01326, 29.62935 ], [ -95.0138, 29.62991 ], [ -95.01382, 29.63006 ], [ -95.01421, 29.6306 ], [ -95.01458, 29.63134 ], [ -95.01464, 29.63161 ], [ -95.01504, 29.63188 ], [ -95.0152, 29.63212 ], [ -95.01527, 29.6326 ], [ -95.01519, 29.63302 ], [ -95.01553, 29.63439 ], [ -95.01531, 29.6345 ], [ -95.01559, 29.63551 ], [ -95.01559, 29.63591 ], [ -95.0155, 29.63607 ], [ -95.01551, 29.63646 ], [ -95.01544, 29.6366 ], [ -95.01565, 29.63685 ], [ -95.01558, 29.63731 ], [ -95.01566, 29.63751 ], [ -95.01559, 29.63786 ], [ -95.01568, 29.63794 ], [ -95.01571, 29.63816 ], [ -95.01603, 29.63817 ], [ -95.01591, 29.63861 ], [ -95.0152, 29.64009 ], [ -95.01472, 29.6401 ], [ -95.0147, 29.6407 ], [ -95.01457, 29.64128 ], [ -95.01472, 29.64128 ], [ -95.01412, 29.64244 ], [ -95.01412, 29.64262 ], [ -95.01433, 29.64283 ], [ -95.01404, 29.64355 ], [ -95.01416, 29.64375 ], [ -95.014, 29.64409 ], [ -95.01426, 29.6442 ], [ -95.01319, 29.64622 ], [ -95.01302, 29.64685 ], [ -95.01158, 29.64952 ], [ -95.01153, 29.64983 ], [ -95.01144, 29.64994 ], [ -95.01102, 29.65012 ], [ -95.01051, 29.6509 ], [ -95.01015, 29.65166 ], [ -95.00764, 29.65605 ], [ -95.00759, 29.65602 ], [ -95.00696, 29.65704 ], [ -95.00684, 29.65702 ], [ -95.00554, 29.65882 ], [ -95.00577, 29.65898 ], [ -95.00559, 29.65923 ], [ -95.0056, 29.65954 ], [ -95.00518, 29.65988 ], [ -95.0051, 29.65983 ], [ -95.00318, 29.66209 ], [ -95.00217, 29.66305 ], [ -95.00192, 29.66357 ], [ -95.00236, 29.66368 ], [ -95.00247, 29.66378 ], [ -95.00269, 29.66413 ], [ -95.00265, 29.66447 ], [ -95.00291, 29.66488 ], [ -95.00311, 29.66495 ], [ -95.0033, 29.66575 ], [ -95.00367, 29.66587 ], [ -95.00754, 29.67225 ], [ -95.00772, 29.67237 ], [ -95.00792, 29.67271 ], [ -95.00795, 29.6736 ], [ -95.01938, 29.6734 ], [ -95.01959, 29.68275 ], [ -94.99472, 29.68439 ], [ -94.99684, 29.68645 ], [ -94.99883, 29.6886 ], [ -95.00068, 29.69086 ], [ -95.00258, 29.69347 ], [ -95.00337, 29.69406 ], [ -95.00433, 29.69439 ], [ -95.00684, 29.69441 ], [ -95.00934, 29.69429 ], [ -95.01531, 29.69509 ], [ -95.02073, 29.69741 ], [ -95.02343, 29.69955 ], [ -95.02427, 29.6983 ], [ -95.02684, 29.69622 ], [ -95.02899, 29.69378 ], [ -95.03338, 29.6937 ], [ -95.03334, 29.68985 ], [ -95.03153, 29.6899 ], [ -95.03255, 29.68904 ], [ -95.03326, 29.6888 ], [ -95.03452, 29.68875 ], [ -95.03615, 29.68853 ], [ -95.03943, 29.68866 ], [ -95.04024, 29.68885 ], [ -95.04024, 29.68892 ], [ -95.04229, 29.68969 ], [ -95.04232, 29.68964 ], [ -95.04452, 29.6907 ], [ -95.04487, 29.69107 ], [ -95.04552, 29.6925 ], [ -95.04585, 29.69282 ], [ -95.0462, 29.69299 ], [ -95.04659, 29.69306 ], [ -95.04778, 29.69302 ], [ -95.04824, 29.69283 ], [ -95.04894, 29.69231 ], [ -95.04944, 29.69218 ], [ -95.05125, 29.69248 ], [ -95.05253, 29.69278 ], [ -95.06141, 29.69545 ], [ -95.06417, 29.69656 ], [ -95.06465, 29.69699 ], [ -95.06528, 29.69846 ], [ -95.06555, 29.69871 ], [ -95.06591, 29.69889 ], [ -95.06634, 29.69896 ], [ -95.06755, 29.6989 ], [ -95.06792, 29.69874 ], [ -95.06869, 29.69817 ], [ -95.06921, 29.69802 ], [ -95.07138, 29.69845 ], [ -95.08583, 29.70275 ] ] ], [ [ [ -94.99898, 29.6171 ], [ -95.00781, 29.61721 ], [ -95.00902, 29.61709 ], [ -95.01846, 29.61693 ], [ -95.01844, 29.6149 ], [ -94.99709, 29.61526 ], [ -94.99861, 29.61653 ], [ -94.99898, 29.6171 ] ] ] ] } },
{ "type": "Feature", "properties": { "name": "Shoreacres" }, "geometry": { "type": "Polygon", "coordinates": [ [ [ -94.99672, 29.62404 ], [ -95.00864, 29.62405 ], [ -95.01819, 29.62396 ], [ -95.01837, 29.62396 ], [ -95.01837, 29.62424 ], [ -95.03588, 29.62408 ], [ -95.03567, 29.62216 ], [ -95.03475, 29.61658 ], [ -95.00902, 29.61709 ], [ -95.00781, 29.61721 ], [ -94.99672, 29.61706 ], [ -94.99672, 29.62404 ] ] ] } },
{ "type": "Feature", "properties": { "name": "Jacinto City" }, "geometry": { "type": "Polygon", "coordinates": [ [ [ -95.25531, 29.77371 ], [ -95.2562, 29.77368 ], [ -95.2591, 29.77328 ], [ -95.25899, 29.7688 ], [ -95.25597, 29.76834 ], [ -95.25576, 29.75988 ], [ -95.24192, 29.75997 ], [ -95.2419, 29.75922 ], [ -95.22394, 29.75949 ], [ -95.22398, 29.76118 ], [ -95.22381, 29.76126 ], [ -95.22376, 29.76142 ], [ -95.22414, 29.76203 ], [ -95.22376, 29.76246 ], [ -95.2237, 29.76269 ], [ -95.2239, 29.76327 ], [ -95.22396, 29.76403 ], [ -95.22447, 29.76486 ], [ -95.22441, 29.76532 ], [ -95.22415, 29.76555 ], [ -95.22156, 29.76455 ], [ -95.22088, 29.76592 ], [ -95.22044, 29.76592 ], [ -95.22044, 29.76602 ], [ -95.22119, 29.76605 ], [ -95.22213, 29.76625 ], [ -95.22401, 29.76699 ], [ -95.22369, 29.76774 ], [ -95.22356, 29.76839 ], [ -95.22367, 29.76857 ], [ -95.22395, 29.76871 ], [ -95.22442, 29.76855 ], [ -95.22487, 29.76858 ], [ -95.22512, 29.7687 ], [ -95.22527, 29.7695 ], [ -95.2256, 29.76953 ], [ -95.22665, 29.76893 ], [ -95.22712, 29.76895 ], [ -95.22727, 29.76907 ], [ -95.22736, 29.76929 ], [ -95.22726, 29.76954 ], [ -95.22731, 29.76993 ], [ -95.22719, 29.77019 ], [ -95.2272, 29.77045 ], [ -95.22747, 29.77105 ], [ -95.22749, 29.77156 ], [ -95.23054, 29.77224 ], [ -95.23053, 29.7721 ], [ -95.23557, 29.77323 ], [ -95.23753, 29.77343 ], [ -95.23753, 29.77351 ], [ -95.23799, 29.77352 ], [ -95.23816, 29.77342 ], [ -95.23994, 29.77341 ], [ -95.24013, 29.7735 ], [ -95.24101, 29.7735 ], [ -95.24109, 29.77359 ], [ -95.24117, 29.77348 ], [ -95.24216, 29.7735 ], [ -95.24215, 29.77335 ], [ -95.2515, 29.77315 ], [ -95.25531, 29.77371 ] ] ] } },
{ "type": "Feature", "properties": { "name": "El Lago" }, "geometry": { "type": "Polygon", "coordinates": [ [ [ -95.0355, 29.58018 ], [ -95.03591, 29.58215 ], [ -95.0369, 29.58215 ], [ -95.04611, 29.57988 ], [ -95.04522, 29.57833 ], [ -95.04517, 29.5779 ], [ -95.04533, 29.57786 ], [ -95.04552, 29.57759 ], [ -95.04514, 29.5768 ], [ -95.04495, 29.57604 ], [ -95.04504, 29.57605 ], [ -95.04523, 29.57563 ], [ -95.04623, 29.57551 ], [ -95.04664, 29.57531 ], [ -95.04673, 29.57494 ], [ -95.04587, 29.57432 ], [ -95.04581, 29.57417 ], [ -95.04587, 29.57399 ], [ -95.04666, 29.57389 ], [ -95.04694, 29.57348 ], [ -95.0459, 29.57271 ], [ -95.04568, 29.57289 ], [ -95.0453, 29.57239 ], [ -95.04576, 29.57145 ], [ -95.04583, 29.56985 ], [ -95.04701, 29.56879 ], [ -95.04924, 29.56876 ], [ -95.04958, 29.56864 ], [ -95.05055, 29.56705 ], [ -95.05097, 29.56725 ], [ -95.05202, 29.56547 ], [ -95.05256, 29.56571 ], [ -95.05265, 29.56584 ], [ -95.05263, 29.56614 ], [ -95.05282, 29.56618 ], [ -95.05358, 29.56621 ], [ -95.05348, 29.56593 ], [ -95.05389, 29.56543 ], [ -95.05498, 29.56611 ], [ -95.05576, 29.56644 ], [ -95.0568, 29.56667 ], [ -95.05797, 29.56673 ], [ -95.05798, 29.56638 ], [ -95.05867, 29.56642 ], [ -95.05882, 29.56481 ], [ -95.05833, 29.5649 ], [ -95.05794, 29.56476 ], [ -95.0578, 29.56482 ], [ -95.05761, 29.56477 ], [ -95.05681, 29.56488 ], [ -95.0566, 29.56443 ], [ -95.0539, 29.56276 ], [ -95.05201, 29.56261 ], [ -95.05162, 29.56266 ], [ -95.05155, 29.56276 ], [ -95.05142, 29.5627 ], [ -95.0499, 29.56289 ], [ -95.05012, 29.56394 ], [ -95.04876, 29.56399 ], [ -95.04765, 29.56584 ], [ -95.04397, 29.56494 ], [ -95.03903, 29.57229 ], [ -95.04122, 29.5722 ], [ -95.04045, 29.57337 ], [ -95.03823, 29.5735 ], [ -95.03674, 29.57571 ], [ -95.03477, 29.57564 ], [ -95.03479, 29.57575 ], [ -95.03416, 29.57579 ], [ -95.03456, 29.57826 ], [ -95.03365, 29.57827 ], [ -95.0337, 29.57934 ], [ -95.03537, 29.57931 ], [ -95.03544, 29.57947 ], [ -95.03542, 29.58018 ], [ -95.0355, 29.58018 ] ] ] } },
{ "type": "Feature", "properties": { "name": "West University Place" }, "geometry": { "type": "Polygon", "coordinates": [ [ [ -95.41827, 29.70633 ], [ -95.41856, 29.72547 ], [ -95.43344, 29.72526 ], [ -95.44314, 29.7203 ], [ -95.44323, 29.72451 ], [ -95.44728, 29.72445 ], [ -95.44729, 29.72455 ], [ -95.44765, 29.72454 ], [ -95.44725, 29.70591 ], [ -95.4378, 29.70602 ], [ -95.43794, 29.71448 ], [ -95.43793, 29.71465 ], [ -95.4376, 29.71485 ], [ -95.43326, 29.71489 ], [ -95.43314, 29.70622 ], [ -95.41827, 29.70633 ] ] ] } },
{ "type": "Feature", "properties": { "name": "Taylor Lake Village" }, "geometry": { "type": "Polygon", "coordinates": [ [ [ -95.04412, 29.58542 ], [ -95.04346, 29.5856 ], [ -95.04299, 29.58591 ], [ -95.0425, 29.58646 ], [ -95.04218, 29.5871 ], [ -95.04211, 29.58737 ], [ -95.04254, 29.58848 ], [ -95.04278, 29.58962 ], [ -95.04264, 29.59029 ], [ -95.04217, 29.59103 ], [ -95.04985, 29.58656 ], [ -95.05819, 29.58195 ], [ -95.05803, 29.58442 ], [ -95.05805, 29.5846 ], [ -95.05844, 29.58464 ], [ -95.05969, 29.5846 ], [ -95.06216, 29.58437 ], [ -95.06311, 29.5844 ], [ -95.06394, 29.58452 ], [ -95.06425, 29.58309 ], [ -95.06544, 29.58326 ], [ -95.06562, 29.58306 ], [ -95.06637, 29.5827 ], [ -95.06677, 29.58233 ], [ -95.06667, 29.58225 ], [ -95.06766, 29.5815 ], [ -95.06718, 29.58098 ], [ -95.06708, 29.58074 ], [ -95.06711, 29.58061 ], [ -95.06785, 29.58011 ], [ -95.06854, 29.57938 ], [ -95.06822, 29.5789 ], [ -95.06732, 29.57799 ], [ -95.06682, 29.57823 ], [ -95.06649, 29.57748 ], [ -95.06645, 29.57722 ], [ -95.06716, 29.57684 ], [ -95.06643, 29.57301 ], [ -95.06574, 29.56872 ], [ -95.06216, 29.56966 ], [ -95.06179, 29.57247 ], [ -95.06148, 29.57246 ], [ -95.06134, 29.57426 ], [ -95.06123, 29.57426 ], [ -95.0599, 29.57408 ], [ -95.05863, 29.57404 ], [ -95.05889, 29.56945 ], [ -95.0589, 29.56785 ], [ -95.0588, 29.56719 ], [ -95.05885, 29.56643 ], [ -95.05798, 29.56638 ], [ -95.05797, 29.56673 ], [ -95.05625, 29.56657 ], [ -95.05519, 29.56621 ], [ -95.05389, 29.56543 ], [ -95.05348, 29.56593 ], [ -95.05358, 29.56621 ], [ -95.05282, 29.56618 ], [ -95.05263, 29.56614 ], [ -95.05265, 29.56584 ], [ -95.05256, 29.56571 ], [ -95.05202, 29.56547 ], [ -95.05097, 29.56725 ], [ -95.05055, 29.56705 ], [ -95.04958, 29.56864 ], [ -95.04924, 29.56876 ], [ -95.04699, 29.56881 ], [ -95.04583, 29.56985 ], [ -95.04576, 29.57145 ], [ -95.0453, 29.57239 ], [ -95.04568, 29.57289 ], [ -95.0459, 29.57271 ], [ -95.04694, 29.57348 ], [ -95.04666, 29.57389 ], [ -95.04587, 29.57399 ], [ -95.04581, 29.57417 ], [ -95.04587, 29.57432 ], [ -95.04673, 29.57494 ], [ -95.04664, 29.57531 ], [ -95.04623, 29.57551 ], [ -95.04523, 29.57563 ], [ -95.04504, 29.57605 ], [ -95.04495, 29.57604 ], [ -95.04514, 29.5768 ], [ -95.04552, 29.57759 ], [ -95.04533, 29.57786 ], [ -95.04517, 29.5779 ], [ -95.04522, 29.57833 ], [ -95.04611, 29.57988 ], [ -95.04705, 29.57966 ], [ -95.04727, 29.58077 ], [ -95.04723, 29.5819 ], [ -95.04705, 29.58263 ], [ -95.04671, 29.58349 ], [ -95.04604, 29.58454 ], [ -95.04551, 29.58513 ], [ -95.04523, 29.58532 ], [ -95.0448, 29.58544 ], [ -95.04412, 29.58542 ] ] ] } },
{ "type": "Feature", "properties": { "name": "Tomball" }, "geometry": { "type": "MultiPolygon", "coordinates": [ [ [ [ -95.62201, 30.13601 ], [ -95.62266, 30.13579 ], [ -95.62318, 30.13587 ], [ -95.62324, 30.13578 ], [ -95.62316, 30.13556 ], [ -95.6232, 30.13543 ], [ -95.6236, 30.13515 ], [ -95.62396, 30.13468 ], [ -95.62378, 30.13428 ], [ -95.62392, 30.13411 ], [ -95.62389, 30.13378 ], [ -95.62416, 30.13322 ], [ -95.62433, 30.13305 ], [ -95.62419, 30.13257 ], [ -95.62423, 30.13237 ], [ -95.62416, 30.1321 ], [ -95.62465, 30.1314 ], [ -95.62488, 30.1314 ], [ -95.62481, 30.12869 ], [ -95.62436, 30.1287 ], [ -95.62377, 30.12853 ], [ -95.62329, 30.12795 ], [ -95.62302, 30.12747 ], [ -95.62307, 30.12713 ], [ -95.62356, 30.12664 ], [ -95.62386, 30.12647 ], [ -95.62417, 30.1265 ], [ -95.62505, 30.1262 ], [ -95.62525, 30.12637 ], [ -95.62629, 30.12639 ], [ -95.62664, 30.12661 ], [ -95.62691, 30.12739 ], [ -95.62727, 30.12765 ], [ -95.62784, 30.12785 ], [ -95.62901, 30.12772 ], [ -95.62899, 30.12727 ], [ -95.62918, 30.12674 ], [ -95.62947, 30.12657 ], [ -95.62968, 30.12631 ], [ -95.63008, 30.12603 ], [ -95.63052, 30.12587 ], [ -95.63094, 30.1259 ], [ -95.63143, 30.12612 ], [ -95.63173, 30.12602 ], [ -95.63205, 30.12578 ], [ -95.63249, 30.12579 ], [ -95.63305, 30.12608 ], [ -95.63321, 30.12607 ], [ -95.63348, 30.1259 ], [ -95.63385, 30.12613 ], [ -95.6343, 30.12603 ], [ -95.63467, 30.12634 ], [ -95.63522, 30.12638 ], [ -95.63572, 30.1268 ], [ -95.63599, 30.12681 ], [ -95.63599, 30.12661 ], [ -95.63613, 30.1266 ], [ -95.63636, 30.12677 ], [ -95.63687, 30.12669 ], [ -95.63689, 30.12634 ], [ -95.63717, 30.12601 ], [ -95.63721, 30.12582 ], [ -95.63769, 30.12571 ], [ -95.63791, 30.12518 ], [ -95.63809, 30.125 ], [ -95.63804, 30.12488 ], [ -95.63762, 30.12471 ], [ -95.63757, 30.1245 ], [ -95.63785, 30.12421 ], [ -95.63832, 30.12425 ], [ -95.63854, 30.12405 ], [ -95.63866, 30.12373 ], [ -95.63879, 30.1236 ], [ -95.63866, 30.12313 ], [ -95.63856, 30.12301 ], [ -95.63911, 30.12247 ], [ -95.63974, 30.1224 ], [ -95.64017, 30.12205 ], [ -95.64095, 30.1209 ], [ -95.64128, 30.12076 ], [ -95.64147, 30.12082 ], [ -95.64172, 30.12148 ], [ -95.642, 30.12126 ], [ -95.64177, 30.12056 ], [ -95.64211, 30.12054 ], [ -95.64253, 30.12076 ], [ -95.64296, 30.1203 ], [ -95.64289, 30.12021 ], [ -95.64291, 30.11993 ], [ -95.64421, 30.1202 ], [ -95.64464, 30.12008 ], [ -95.64505, 30.11952 ], [ -95.64541, 30.11946 ], [ -95.64635, 30.11894 ], [ -95.6464, 30.11881 ], [ -95.64678, 30.11849 ], [ -95.64755, 30.11801 ], [ -95.64752, 30.10667 ], [ -95.64639, 30.1075 ], [ -95.64637, 30.1072 ], [ -95.64099, 30.10732 ], [ -95.64092, 30.10711 ], [ -95.6409, 30.10556 ], [ -95.64194, 30.10555 ], [ -95.64191, 30.10346 ], [ -95.64258, 30.10339 ], [ -95.64332, 30.10318 ], [ -95.64499, 30.10222 ], [ -95.645, 30.10292 ], [ -95.64617, 30.10292 ], [ -95.64617, 30.1019 ], [ -95.64581, 30.10193 ], [ -95.6458, 30.10114 ], [ -95.64753, 30.1011 ], [ -95.64749, 30.09559 ], [ -95.64497, 30.09562 ], [ -95.6449, 30.08949 ], [ -95.64515, 30.08949 ], [ -95.64517, 30.0907 ], [ -95.64888, 30.09064 ], [ -95.64889, 30.09087 ], [ -95.64956, 30.09087 ], [ -95.64973, 30.09553 ], [ -95.65177, 30.09548 ], [ -95.65179, 30.08965 ], [ -95.65198, 30.08954 ], [ -95.65384, 30.08948 ], [ -95.65357, 30.08849 ], [ -95.66011, 30.08412 ], [ -95.66028, 30.08914 ], [ -95.6646, 30.08908 ], [ -95.6646, 30.08871 ], [ -95.66653, 30.0885 ], [ -95.66631, 30.07985 ], [ -95.66624, 30.07985 ], [ -95.66624, 30.07972 ], [ -95.66576, 30.07972 ], [ -95.66455, 30.07989 ], [ -95.66453, 30.0815 ], [ -95.66495, 30.08149 ], [ -95.66498, 30.08257 ], [ -95.66457, 30.08258 ], [ -95.6649, 30.08342 ], [ -95.66439, 30.08343 ], [ -95.66439, 30.0815 ], [ -95.66203, 30.08129 ], [ -95.66349, 30.08033 ], [ -95.66449, 30.07991 ], [ -95.66447, 30.07949 ], [ -95.66423, 30.0795 ], [ -95.66424, 30.07805 ], [ -95.66386, 30.07808 ], [ -95.66387, 30.07866 ], [ -95.66293, 30.07901 ], [ -95.66292, 30.07806 ], [ -95.66148, 30.07815 ], [ -95.6615, 30.08115 ], [ -95.66002, 30.08217 ], [ -95.65998, 30.08069 ], [ -95.65413, 30.0846 ], [ -95.6532, 30.08463 ], [ -95.65322, 30.08521 ], [ -95.6496, 30.0876 ], [ -95.64908, 30.08779 ], [ -95.64852, 30.08789 ], [ -95.6451, 30.08794 ], [ -95.64512, 30.0886 ], [ -95.64394, 30.08862 ], [ -95.64393, 30.08813 ], [ -95.64327, 30.08814 ], [ -95.64325, 30.0863 ], [ -95.64264, 30.08652 ], [ -95.64261, 30.08505 ], [ -95.64234, 30.08506 ], [ -95.64231, 30.084 ], [ -95.64026, 30.08403 ], [ -95.6397, 30.08416 ], [ -95.63924, 30.08419 ], [ -95.63949, 30.08417 ], [ -95.63942, 30.08336 ], [ -95.63792, 30.0834 ], [ -95.63784, 30.08286 ], [ -95.6353, 30.0829 ], [ -95.63465, 30.08166 ], [ -95.63468, 30.08161 ], [ -95.63145, 30.07559 ], [ -95.63143, 30.07482 ], [ -95.63898, 30.07474 ], [ -95.63898, 30.07458 ], [ -95.64285, 30.07453 ], [ -95.64285, 30.0747 ], [ -95.64317, 30.0747 ], [ -95.64323, 30.07376 ], [ -95.64371, 30.07216 ], [ -95.6437, 30.07112 ], [ -95.64622, 30.07048 ], [ -95.64727, 30.0704 ], [ -95.64724, 30.07015 ], [ -95.64646, 30.07017 ], [ -95.64418, 30.07073 ], [ -95.64359, 30.07077 ], [ -95.64316, 30.06944 ], [ -95.64253, 30.06843 ], [ -95.64199, 30.06783 ], [ -95.6397, 30.06569 ], [ -95.63969, 30.06442 ], [ -95.64023, 30.06441 ], [ -95.64021, 30.06359 ], [ -95.63964, 30.0636 ], [ -95.63936, 30.06286 ], [ -95.63933, 30.06146 ], [ -95.64072, 30.06143 ], [ -95.64069, 30.06014 ], [ -95.63757, 30.06019 ], [ -95.63751, 30.05791 ], [ -95.63639, 30.05902 ], [ -95.63613, 30.05913 ], [ -95.63477, 30.05897 ], [ -95.6343, 30.05914 ], [ -95.63391, 30.05904 ], [ -95.63342, 30.05911 ], [ -95.63255, 30.0596 ], [ -95.63255, 30.06028 ], [ -95.63036, 30.06031 ], [ -95.63052, 30.06796 ], [ -95.63079, 30.06734 ], [ -95.63347, 30.0673 ], [ -95.63432, 30.06783 ], [ -95.63279, 30.06967 ], [ -95.6328, 30.0702 ], [ -95.62787, 30.07023 ], [ -95.62578, 30.06842 ], [ -95.62545, 30.06706 ], [ -95.62546, 30.06674 ], [ -95.62265, 30.06687 ], [ -95.60865, 30.067 ], [ -95.60863, 30.06471 ], [ -95.60692, 30.06472 ], [ -95.60694, 30.06702 ], [ -95.60565, 30.06703 ], [ -95.59869, 30.06819 ], [ -95.59837, 30.06678 ], [ -95.59782, 30.06687 ], [ -95.59815, 30.06828 ], [ -95.59656, 30.06859 ], [ -95.5921, 30.06061 ], [ -95.59142, 30.06049 ], [ -95.59051, 30.06094 ], [ -95.59043, 30.06123 ], [ -95.58995, 30.06146 ], [ -95.58955, 30.06185 ], [ -95.58946, 30.06254 ], [ -95.58943, 30.06383 ], [ -95.58919, 30.06403 ], [ -95.58909, 30.06566 ], [ -95.5893, 30.06793 ], [ -95.58925, 30.06918 ], [ -95.58931, 30.06923 ], [ -95.58995, 30.06916 ], [ -95.58997, 30.06643 ], [ -95.59254, 30.06615 ], [ -95.59329, 30.06885 ], [ -95.59468, 30.06867 ], [ -95.59521, 30.06867 ], [ -95.595, 30.06822 ], [ -95.59505, 30.06779 ], [ -95.59551, 30.06874 ], [ -95.58908, 30.06941 ], [ -95.58898, 30.0721 ], [ -95.58906, 30.07276 ], [ -95.59331, 30.08374 ], [ -95.59049, 30.08378 ], [ -95.59095, 30.08561 ], [ -95.59306, 30.08559 ], [ -95.59306, 30.08524 ], [ -95.59387, 30.08523 ], [ -95.594, 30.08571 ], [ -95.5941, 30.09028 ], [ -95.5941, 30.09288 ], [ -95.59399, 30.09507 ], [ -95.59408, 30.09877 ], [ -95.59305, 30.09878 ], [ -95.59306, 30.09959 ], [ -95.59408, 30.09958 ], [ -95.59261, 30.10643 ], [ -95.59256, 30.10814 ], [ -95.59268, 30.11339 ], [ -95.59229, 30.1164 ], [ -95.59633, 30.11632 ], [ -95.59636, 30.11789 ], [ -95.59663, 30.11786 ], [ -95.59665, 30.11808 ], [ -95.59696, 30.11804 ], [ -95.59699, 30.11837 ], [ -95.59768, 30.11825 ], [ -95.59782, 30.11815 ], [ -95.59873, 30.11627 ], [ -95.61873, 30.116 ], [ -95.61879, 30.11606 ], [ -95.6188, 30.11712 ], [ -95.61954, 30.11713 ], [ -95.61966, 30.12542 ], [ -95.61683, 30.12544 ], [ -95.61665, 30.11997 ], [ -95.61622, 30.11998 ], [ -95.61623, 30.12025 ], [ -95.61444, 30.12027 ], [ -95.61437, 30.11614 ], [ -95.61313, 30.11616 ], [ -95.61324, 30.12379 ], [ -95.61209, 30.12372 ], [ -95.61205, 30.12104 ], [ -95.6096, 30.1211 ], [ -95.60957, 30.11619 ], [ -95.60833, 30.11621 ], [ -95.60836, 30.12113 ], [ -95.60463, 30.12113 ], [ -95.60449, 30.12676 ], [ -95.60921, 30.12943 ], [ -95.60961, 30.12949 ], [ -95.60958, 30.12602 ], [ -95.61213, 30.12601 ], [ -95.61213, 30.13109 ], [ -95.61451, 30.13244 ], [ -95.61451, 30.13277 ], [ -95.61213, 30.13143 ], [ -95.61217, 30.13492 ], [ -95.61257, 30.13529 ], [ -95.61321, 30.13535 ], [ -95.61458, 30.13526 ], [ -95.61503, 30.1351 ], [ -95.61503, 30.13486 ], [ -95.61976, 30.13485 ], [ -95.61976, 30.13546 ], [ -95.62019, 30.1357 ], [ -95.62201, 30.13601 ] ], [ [ -95.61974, 30.13109 ], [ -95.61689, 30.13108 ], [ -95.61686, 30.12682 ], [ -95.61813, 30.12679 ], [ -95.61813, 30.12667 ], [ -95.61967, 30.12666 ], [ -95.61974, 30.13109 ] ], [ [ -95.64104, 30.10078 ], [ -95.64106, 30.10328 ], [ -95.64088, 30.10328 ], [ -95.64085, 30.10063 ], [ -95.64113, 30.10064 ], [ -95.64112, 30.10028 ], [ -95.64153, 30.10027 ], [ -95.64161, 30.10111 ], [ -95.6412, 30.10113 ], [ -95.64117, 30.10078 ], [ -95.64104, 30.10078 ] ], [ [ -95.64389, 30.09566 ], [ -95.64282, 30.09564 ], [ -95.64281, 30.09259 ], [ -95.64387, 30.09258 ], [ -95.64389, 30.09566 ] ], [ [ -95.63661, 30.09272 ], [ -95.63662, 30.09324 ], [ -95.63557, 30.09325 ], [ -95.63557, 30.09269 ], [ -95.63661, 30.09272 ] ], [ [ -95.64244, 30.0866 ], [ -95.64248, 30.08918 ], [ -95.6423, 30.08918 ], [ -95.64234, 30.0887 ], [ -95.64174, 30.08871 ], [ -95.64171, 30.08687 ], [ -95.64244, 30.0866 ] ], [ [ -95.63071, 30.07422 ], [ -95.63102, 30.07483 ], [ -95.63082, 30.07483 ], [ -95.63073, 30.07469 ], [ -95.63071, 30.07422 ] ], [ [ -95.6342, 30.07394 ], [ -95.63238, 30.07392 ], [ -95.63236, 30.07252 ], [ -95.63094, 30.07254 ], [ -95.63062, 30.07207 ], [ -95.6306, 30.07049 ], [ -95.63303, 30.07047 ], [ -95.63304, 30.07252 ], [ -95.63397, 30.0725 ], [ -95.63396, 30.07047 ], [ -95.63672, 30.07046 ], [ -95.63674, 30.0721 ], [ -95.63692, 30.07211 ], [ -95.63694, 30.07345 ], [ -95.63562, 30.07351 ], [ -95.63558, 30.07292 ], [ -95.63419, 30.07294 ], [ -95.6342, 30.07394 ] ] ], [ [ [ -95.61666, 30.05129 ], [ -95.62036, 30.05125 ], [ -95.62047, 30.05116 ], [ -95.62036, 30.04621 ], [ -95.61877, 30.04637 ], [ -95.61731, 30.04675 ], [ -95.61639, 30.04713 ], [ -95.614, 30.04833 ], [ -95.61397, 30.04848 ], [ -95.61485, 30.04964 ], [ -95.61537, 30.05068 ], [ -95.61601, 30.05107 ], [ -95.61666, 30.05129 ] ] ], [ [ [ -95.6208, 30.05125 ], [ -95.63402, 30.05177 ], [ -95.63703, 30.05177 ], [ -95.63687, 30.04584 ], [ -95.62058, 30.04615 ], [ -95.62069, 30.05116 ], [ -95.6208, 30.05125 ] ] ], [ [ [ -95.58888, 30.0726 ], [ -95.58593, 30.07335 ], [ -95.58541, 30.07372 ], [ -95.58447, 30.07481 ], [ -95.58592, 30.07606 ], [ -95.58412, 30.07766 ], [ -95.58646, 30.07995 ], [ -95.58961, 30.07751 ], [ -95.5905, 30.07672 ], [ -95.58888, 30.0726 ] ] ], [ [ [ -95.59318, 30.09163 ], [ -95.59321, 30.09262 ], [ -95.5939, 30.09261 ], [ -95.59396, 30.09162 ], [ -95.59318, 30.09163 ] ] ], [ [ [ -95.59244, 30.09428 ], [ -95.59246, 30.09504 ], [ -95.59387, 30.09502 ], [ -95.59388, 30.09427 ], [ -95.59244, 30.09428 ] ] ], [ [ [ -95.5901, 30.10437 ], [ -95.59012, 30.10666 ], [ -95.59241, 30.10662 ], [ -95.59255, 30.10564 ], [ -95.5935, 30.1015 ], [ -95.59373, 30.09991 ], [ -95.58699, 30.10001 ], [ -95.58702, 30.10136 ], [ -95.58599, 30.10138 ], [ -95.58605, 30.10443 ], [ -95.5901, 30.10437 ] ] ] ] } },
{ "type": "Feature", "properties": { "name": "Bellaire" }, "geometry": { "type": "Polygon", "coordinates": [ [ [ -95.45967, 29.72032 ], [ -95.45971, 29.72456 ], [ -95.45949, 29.7259 ], [ -95.46404, 29.72553 ], [ -95.46397, 29.72026 ], [ -95.46813, 29.72021 ], [ -95.46803, 29.71296 ], [ -95.47261, 29.7129 ], [ -95.47254, 29.70735 ], [ -95.47618, 29.70734 ], [ -95.47612, 29.70352 ], [ -95.47416, 29.70445 ], [ -95.47409, 29.69839 ], [ -95.48045, 29.69834 ], [ -95.48049, 29.70102 ], [ -95.48058, 29.70107 ], [ -95.48446, 29.69909 ], [ -95.48432, 29.69103 ], [ -95.47594, 29.69109 ], [ -95.47592, 29.68989 ], [ -95.45123, 29.69016 ], [ -95.45122, 29.6894 ], [ -95.45007, 29.68971 ], [ -95.44926, 29.69 ], [ -95.4491, 29.69012 ], [ -95.44723, 29.69014 ], [ -95.44792, 29.72271 ], [ -95.45152, 29.72267 ], [ -95.45149, 29.72038 ], [ -95.45967, 29.72032 ] ] ] } },
{ "type": "Feature", "properties": { "name": "Missouri City" }, "geometry": { "type": "Polygon", "coordinates": [ [ [ -95.50836, 29.63265 ], [ -95.50845, 29.64153 ], [ -95.52113, 29.64137 ], [ -95.52108, 29.63796 ], [ -95.52863, 29.63786 ], [ -95.52861, 29.63589 ], [ -95.5336, 29.64009 ], [ -95.53933, 29.63489 ], [ -95.53681, 29.63281 ], [ -95.51563, 29.62298 ], [ -95.51953, 29.62623 ], [ -95.51774, 29.62693 ], [ -95.51798, 29.62713 ], [ -95.50826, 29.63088 ], [ -95.50828, 29.63265 ], [ -95.50836, 29.63265 ] ] ] } },
{ "type": "Feature", "properties": { "name": "South Houston" }, "geometry": { "type": "Polygon", "coordinates": [ [ [ -95.20808, 29.67021 ], [ -95.22717, 29.66989 ], [ -95.22826, 29.66987 ], [ -95.22826, 29.66976 ], [ -95.23277, 29.6697 ], [ -95.23413, 29.66974 ], [ -95.23587, 29.67043 ], [ -95.23908, 29.67036 ], [ -95.24064, 29.67008 ], [ -95.24791, 29.66997 ], [ -95.24887, 29.6701 ], [ -95.24949, 29.67009 ], [ -95.24915, 29.65358 ], [ -95.24905, 29.6533 ], [ -95.24903, 29.65227 ], [ -95.21644, 29.65278 ], [ -95.21638, 29.65101 ], [ -95.20814, 29.65107 ], [ -95.20844, 29.66109 ], [ -95.20836, 29.66205 ], [ -95.20809, 29.6631 ], [ -95.208, 29.66381 ], [ -95.20808, 29.67021 ] ] ] } },
{ "type": "Feature", "properties": { "name": "Hedwig Village" }, "geometry": { "type": "Polygon", "coordinates": [ [ [ -95.50199, 29.78381 ], [ -95.5114, 29.78389 ], [ -95.51379, 29.78362 ], [ -95.51578, 29.78363 ], [ -95.51577, 29.78418 ], [ -95.51827, 29.7842 ], [ -95.51828, 29.78365 ], [ -95.52111, 29.78368 ], [ -95.52111, 29.78381 ], [ -95.52039, 29.78381 ], [ -95.52039, 29.78423 ], [ -95.52741, 29.78429 ], [ -95.5274, 29.78374 ], [ -95.53167, 29.78376 ], [ -95.53147, 29.7733 ], [ -95.52662, 29.77334 ], [ -95.52671, 29.77689 ], [ -95.52448, 29.7769 ], [ -95.52443, 29.77385 ], [ -95.52339, 29.77388 ], [ -95.52337, 29.77339 ], [ -95.51776, 29.77344 ], [ -95.51765, 29.77554 ], [ -95.51765, 29.7776 ], [ -95.5057, 29.77769 ], [ -95.50575, 29.78166 ], [ -95.50607, 29.78208 ], [ -95.50544, 29.7822 ], [ -95.50492, 29.78245 ], [ -95.50416, 29.78267 ], [ -95.50417, 29.78282 ], [ -95.50376, 29.7828 ], [ -95.50362, 29.78272 ], [ -95.50293, 29.78275 ], [ -95.50248, 29.78288 ], [ -95.502, 29.78311 ], [ -95.50199, 29.78381 ] ] ] } },
{ "type": "Feature", "properties": { "name": "Galena Park" }, "geometry": { "type": "Polygon", "coordinates": [ [ [ -95.21559, 29.75963 ], [ -95.21593, 29.75952 ], [ -95.21591, 29.75947 ], [ -95.21757, 29.75942 ], [ -95.21785, 29.7595 ], [ -95.22394, 29.75949 ], [ -95.2419, 29.75922 ], [ -95.24192, 29.75997 ], [ -95.2517, 29.75989 ], [ -95.25165, 29.7576 ], [ -95.2543, 29.7576 ], [ -95.25361, 29.73187 ], [ -95.251, 29.73208 ], [ -95.24962, 29.73142 ], [ -95.24792, 29.7304 ], [ -95.24656, 29.72936 ], [ -95.24534, 29.72822 ], [ -95.24389, 29.7266 ], [ -95.24348, 29.72638 ], [ -95.24293, 29.72627 ], [ -95.24252, 29.72631 ], [ -95.24206, 29.72648 ], [ -95.23941, 29.72816 ], [ -95.23673, 29.72952 ], [ -95.23237, 29.73131 ], [ -95.22979, 29.73204 ], [ -95.22839, 29.73229 ], [ -95.22691, 29.73243 ], [ -95.22421, 29.73242 ], [ -95.22267, 29.73224 ], [ -95.22142, 29.732 ], [ -95.21861, 29.73118 ], [ -95.21819, 29.73112 ], [ -95.21752, 29.73124 ], [ -95.21616, 29.73189 ], [ -95.21563, 29.7325 ], [ -95.21372, 29.7365 ], [ -95.21296, 29.7379 ], [ -95.2121, 29.73923 ], [ -95.21102, 29.74064 ], [ -95.21183, 29.75946 ], [ -95.21408, 29.75947 ], [ -95.21468, 29.75929 ], [ -95.21481, 29.75959 ], [ -95.21546, 29.75936 ], [ -95.21559, 29.75963 ] ] ] } },
{ "type": "Feature", "properties": { "name": "Pasadena" }, "geometry": { "type": "MultiPolygon", "coordinates": [ [ [ [ -95.10343, 29.65039 ], [ -95.11244, 29.65028 ], [ -95.11245, 29.65563 ], [ -95.11264, 29.6639 ], [ -95.11681, 29.66381 ], [ -95.11683, 29.66524 ], [ -95.12278, 29.66514 ], [ -95.12278, 29.66499 ], [ -95.13304, 29.66477 ], [ -95.13642, 29.67259 ], [ -95.13691, 29.67333 ], [ -95.13731, 29.67374 ], [ -95.1378, 29.67408 ], [ -95.14427, 29.67785 ], [ -95.14427, 29.67808 ], [ -95.14259, 29.6781 ], [ -95.14279, 29.68918 ], [ -95.14289, 29.69071 ], [ -95.14289, 29.69465 ], [ -95.14369, 29.69465 ], [ -95.14376, 29.70015 ], [ -95.14407, 29.71159 ], [ -95.14001, 29.7115 ], [ -95.14027, 29.7294 ], [ -95.14207, 29.72929 ], [ -95.14386, 29.72936 ], [ -95.14746, 29.72898 ], [ -95.15078, 29.72893 ], [ -95.15316, 29.72925 ], [ -95.15583, 29.72984 ], [ -95.15824, 29.73093 ], [ -95.16056, 29.73237 ], [ -95.16107, 29.73274 ], [ -95.16355, 29.73514 ], [ -95.1651, 29.73639 ], [ -95.17232, 29.74007 ], [ -95.17285, 29.74023 ], [ -95.17342, 29.74023 ], [ -95.17582, 29.73957 ], [ -95.17817, 29.73915 ], [ -95.18003, 29.73897 ], [ -95.18138, 29.73905 ], [ -95.18273, 29.73902 ], [ -95.18507, 29.73868 ], [ -95.19515, 29.73554 ], [ -95.19668, 29.73486 ], [ -95.19714, 29.73458 ], [ -95.198, 29.7337 ], [ -95.19875, 29.73279 ], [ -95.19943, 29.73179 ], [ -95.20021, 29.73029 ], [ -95.20108, 29.7279 ], [ -95.20169, 29.72654 ], [ -95.20262, 29.72492 ], [ -95.20354, 29.72366 ], [ -95.20704, 29.72086 ], [ -95.20903, 29.71973 ], [ -95.21077, 29.71893 ], [ -95.21276, 29.71826 ], [ -95.21469, 29.71781 ], [ -95.21635, 29.71759 ], [ -95.2186, 29.71751 ], [ -95.22044, 29.71762 ], [ -95.22237, 29.71792 ], [ -95.2243, 29.71841 ], [ -95.22625, 29.71913 ], [ -95.22634, 29.7182 ], [ -95.22622, 29.71012 ], [ -95.22828, 29.70992 ], [ -95.22824, 29.69043 ], [ -95.23469, 29.69039 ], [ -95.22441, 29.67585 ], [ -95.22843, 29.67577 ], [ -95.22826, 29.66987 ], [ -95.20808, 29.67021 ], [ -95.208, 29.66381 ], [ -95.20809, 29.6631 ], [ -95.20836, 29.66205 ], [ -95.20844, 29.66109 ], [ -95.20799, 29.64384 ], [ -95.19991, 29.64401 ], [ -95.19244, 29.63407 ], [ -95.1927, 29.63137 ], [ -95.19078, 29.63139 ], [ -95.19075, 29.63025 ], [ -95.1781, 29.63042 ], [ -95.14275, 29.63122 ], [ -95.14212, 29.63132 ], [ -95.14158, 29.63153 ], [ -95.14118, 29.63181 ], [ -95.14004, 29.63283 ], [ -95.13916, 29.6332 ], [ -95.12238, 29.63347 ], [ -95.12256, 29.63111 ], [ -95.12234, 29.62961 ], [ -95.12174, 29.62792 ], [ -95.1213, 29.62711 ], [ -95.12072, 29.6263 ], [ -95.11942, 29.62493 ], [ -95.11783, 29.6238 ], [ -95.11682, 29.62328 ], [ -95.11576, 29.62287 ], [ -95.11379, 29.62239 ], [ -95.11331, 29.60771 ], [ -95.10797, 29.60796 ], [ -95.10748, 29.5998 ], [ -95.10715, 29.59783 ], [ -95.10638, 29.59533 ], [ -95.10546, 29.59351 ], [ -95.10398, 29.59144 ], [ -95.10217, 29.58962 ], [ -95.10218, 29.58857 ], [ -95.10206, 29.58725 ], [ -95.10212, 29.58618 ], [ -95.10249, 29.58494 ], [ -95.10322, 29.58357 ], [ -95.1023, 29.58292 ], [ -95.10186, 29.58239 ], [ -95.10165, 29.58185 ], [ -95.10156, 29.58075 ], [ -95.10147, 29.58057 ], [ -95.10121, 29.58028 ], [ -95.10068, 29.58007 ], [ -95.09739, 29.57993 ], [ -95.09702, 29.57978 ], [ -95.09646, 29.57932 ], [ -95.09613, 29.57925 ], [ -95.09579, 29.57929 ], [ -95.09326, 29.57809 ], [ -95.09399, 29.57669 ], [ -95.08111, 29.57139 ], [ -95.08012, 29.56728 ], [ -95.07839, 29.56092 ], [ -95.07784, 29.56022 ], [ -95.07719, 29.5596 ], [ -95.07685, 29.55934 ], [ -95.07584, 29.55903 ], [ -95.0759, 29.55885 ], [ -95.07448, 29.5583 ], [ -95.07444, 29.55865 ], [ -95.07303, 29.56131 ], [ -95.07255, 29.56198 ], [ -95.07157, 29.56305 ], [ -95.07137, 29.56295 ], [ -95.07121, 29.56255 ], [ -95.07107, 29.56248 ], [ -95.07057, 29.56298 ], [ -95.0702, 29.56317 ], [ -95.06961, 29.56326 ], [ -95.06942, 29.5632 ], [ -95.06988, 29.56292 ], [ -95.06985, 29.56288 ], [ -95.0693, 29.56312 ], [ -95.06922, 29.56327 ], [ -95.06861, 29.56347 ], [ -95.06796, 29.56357 ], [ -95.06723, 29.56386 ], [ -95.06675, 29.56418 ], [ -95.06635, 29.56426 ], [ -95.066, 29.56443 ], [ -95.06536, 29.56443 ], [ -95.06518, 29.56433 ], [ -95.0648, 29.5644 ], [ -95.06444, 29.5646 ], [ -95.0638, 29.56461 ], [ -95.06207, 29.56483 ], [ -95.06155, 29.56477 ], [ -95.06108, 29.56493 ], [ -95.06009, 29.56486 ], [ -95.06006, 29.56472 ], [ -95.05979, 29.56471 ], [ -95.05976, 29.56485 ], [ -95.05901, 29.5648 ], [ -95.05881, 29.56683 ], [ -95.0589, 29.56785 ], [ -95.05889, 29.5692 ], [ -95.05863, 29.57404 ], [ -95.0599, 29.57408 ], [ -95.06134, 29.57426 ], [ -95.06148, 29.57246 ], [ -95.06179, 29.57247 ], [ -95.06216, 29.56966 ], [ -95.06574, 29.56872 ], [ -95.06643, 29.57301 ], [ -95.06716, 29.57684 ], [ -95.06645, 29.57722 ], [ -95.06649, 29.57748 ], [ -95.06682, 29.57823 ], [ -95.06732, 29.57799 ], [ -95.06822, 29.5789 ], [ -95.06854, 29.57938 ], [ -95.06785, 29.58011 ], [ -95.06711, 29.58061 ], [ -95.06708, 29.58074 ], [ -95.06718, 29.58098 ], [ -95.06766, 29.5815 ], [ -95.06667, 29.58225 ], [ -95.06677, 29.58233 ], [ -95.06637, 29.5827 ], [ -95.06562, 29.58306 ], [ -95.06544, 29.58326 ], [ -95.06425, 29.58309 ], [ -95.06394, 29.58452 ], [ -95.06228, 29.58436 ], [ -95.05953, 29.58461 ], [ -95.05805, 29.5846 ], [ -95.05819, 29.58195 ], [ -95.04985, 29.58656 ], [ -95.04136, 29.59152 ], [ -95.03689, 29.59391 ], [ -95.01915, 29.59418 ], [ -94.9977, 29.59465 ], [ -94.98765, 29.59468 ], [ -94.9882, 29.59495 ], [ -94.98842, 29.59518 ], [ -94.98836, 29.59528 ], [ -94.98845, 29.59535 ], [ -94.98827, 29.59556 ], [ -94.98838, 29.59566 ], [ -94.9883, 29.59578 ], [ -94.98817, 29.59576 ], [ -94.98807, 29.59599 ], [ -94.98765, 29.59639 ], [ -94.98771, 29.59653 ], [ -94.98733, 29.59666 ], [ -94.9874, 29.59676 ], [ -94.98722, 29.59683 ], [ -94.98715, 29.597 ], [ -94.98693, 29.59697 ], [ -94.98607, 29.59734 ], [ -94.9857, 29.59706 ], [ -94.98595, 29.59738 ], [ -94.98579, 29.59773 ], [ -94.98508, 29.59828 ], [ -94.98521, 29.59839 ], [ -94.98474, 29.59863 ], [ -94.98411, 29.59793 ], [ -94.98361, 29.59856 ], [ -94.98288, 29.59891 ], [ -94.98234, 29.59975 ], [ -94.9824, 29.59999 ], [ -94.9829, 29.60088 ], [ -94.98299, 29.60215 ], [ -94.98332, 29.60268 ], [ -94.98396, 29.60421 ], [ -94.98386, 29.60441 ], [ -94.9841, 29.60448 ], [ -94.98448, 29.60433 ], [ -94.98561, 29.6052 ], [ -94.9868, 29.60661 ], [ -94.98761, 29.60778 ], [ -94.98798, 29.60868 ], [ -94.98844, 29.60917 ], [ -94.98886, 29.61024 ], [ -94.99045, 29.61133 ], [ -94.9914, 29.61171 ], [ -94.99241, 29.61247 ], [ -94.99709, 29.61526 ], [ -95.01844, 29.6149 ], [ -95.01845, 29.61594 ], [ -95.03459, 29.61563 ], [ -95.03567, 29.62216 ], [ -95.03588, 29.62408 ], [ -95.03689, 29.63008 ], [ -95.03692, 29.63019 ], [ -95.03729, 29.63019 ], [ -95.03816, 29.63563 ], [ -95.03936, 29.63563 ], [ -95.03924, 29.63494 ], [ -95.03884, 29.63494 ], [ -95.0386, 29.63315 ], [ -95.04585, 29.63061 ], [ -95.04672, 29.63472 ], [ -95.0468, 29.63559 ], [ -95.07151, 29.63533 ], [ -95.07147, 29.63912 ], [ -95.0716, 29.64348 ], [ -95.0725, 29.64466 ], [ -95.08703, 29.64434 ], [ -95.08701, 29.64304 ], [ -95.11158, 29.643 ], [ -95.11056, 29.64399 ], [ -95.10991, 29.64438 ], [ -95.1061, 29.64441 ], [ -95.10538, 29.64461 ], [ -95.10499, 29.64493 ], [ -95.10202, 29.64862 ], [ -95.10339, 29.64861 ], [ -95.10343, 29.65039 ] ], [ [ -95.18277, 29.72702 ], [ -95.183, 29.73845 ], [ -95.18153, 29.73851 ], [ -95.18005, 29.73841 ], [ -95.17849, 29.73855 ], [ -95.17604, 29.73895 ], [ -95.17341, 29.73966 ], [ -95.17295, 29.73968 ], [ -95.17259, 29.73957 ], [ -95.16543, 29.73591 ], [ -95.16548, 29.72376 ], [ -95.17163, 29.72647 ], [ -95.17329, 29.72695 ], [ -95.17535, 29.72709 ], [ -95.18277, 29.72702 ] ], [ [ -95.1617, 29.72235 ], [ -95.16169, 29.73256 ], [ -95.16059, 29.73169 ], [ -95.15902, 29.73071 ], [ -95.1577, 29.73003 ], [ -95.15605, 29.72932 ], [ -95.154, 29.72884 ], [ -95.15224, 29.72855 ], [ -95.1509, 29.72839 ], [ -95.14953, 29.72837 ], [ -95.1495, 29.72238 ], [ -95.14829, 29.72203 ], [ -95.14846, 29.72131 ], [ -95.14877, 29.7206 ], [ -95.15443, 29.72056 ], [ -95.15632, 29.72069 ], [ -95.15781, 29.72092 ], [ -95.15915, 29.72123 ], [ -95.16059, 29.72167 ], [ -95.16182, 29.72215 ], [ -95.1617, 29.72235 ] ], [ [ -95.14228, 29.72873 ], [ -95.14091, 29.72879 ], [ -95.14082, 29.72237 ], [ -95.1418, 29.72237 ], [ -95.14179, 29.72126 ], [ -95.14081, 29.72126 ], [ -95.1408, 29.7208 ], [ -95.14089, 29.7208 ], [ -95.14088, 29.72066 ], [ -95.14816, 29.7206 ], [ -95.14769, 29.7219 ], [ -95.14739, 29.72422 ], [ -95.14521, 29.72396 ], [ -95.14479, 29.72684 ], [ -95.14247, 29.72803 ], [ -95.14228, 29.72873 ] ], [ [ -95.16568, 29.71278 ], [ -95.16566, 29.72356 ], [ -95.16541, 29.72346 ], [ -95.16544, 29.71939 ], [ -95.15945, 29.71945 ], [ -95.15946, 29.71282 ], [ -95.16545, 29.71299 ], [ -95.16545, 29.71275 ], [ -95.16568, 29.71278 ] ], [ [ -95.14793, 29.71958 ], [ -95.14758, 29.71958 ], [ -95.14742, 29.71919 ], [ -95.14593, 29.71765 ], [ -95.14557, 29.71698 ], [ -95.14509, 29.71533 ], [ -95.14495, 29.71421 ], [ -95.14514, 29.71345 ], [ -95.14516, 29.7125 ], [ -95.14536, 29.71207 ], [ -95.15239, 29.71245 ], [ -95.15139, 29.71625 ], [ -95.15025, 29.71748 ], [ -95.15031, 29.71782 ], [ -95.14915, 29.7192 ], [ -95.14793, 29.71921 ], [ -95.14793, 29.71958 ] ], [ [ -95.18865, 29.71335 ], [ -95.19113, 29.71334 ], [ -95.19413, 29.71311 ], [ -95.19418, 29.71544 ], [ -95.19693, 29.71541 ], [ -95.19691, 29.71337 ], [ -95.19725, 29.71334 ], [ -95.1974, 29.71353 ], [ -95.19719, 29.71357 ], [ -95.19723, 29.71676 ], [ -95.18872, 29.71683 ], [ -95.18865, 29.71335 ] ], [ [ -95.18782, 29.71336 ], [ -95.18797, 29.71349 ], [ -95.1881, 29.71931 ], [ -95.1829, 29.71938 ], [ -95.18283, 29.71599 ], [ -95.18302, 29.71535 ], [ -95.18338, 29.71478 ], [ -95.18415, 29.71384 ], [ -95.18556, 29.71386 ], [ -95.18555, 29.71331 ], [ -95.18782, 29.71336 ] ], [ [ -95.18873, 29.71731 ], [ -95.19828, 29.71717 ], [ -95.19831, 29.7191 ], [ -95.18876, 29.71918 ], [ -95.18873, 29.71731 ] ], [ [ -95.17501, 29.71928 ], [ -95.17183, 29.71932 ], [ -95.17168, 29.71308 ], [ -95.17494, 29.71315 ], [ -95.17501, 29.71928 ] ], [ [ -95.17749, 29.7163 ], [ -95.17743, 29.71452 ], [ -95.17948, 29.71446 ], [ -95.17947, 29.71405 ], [ -95.18247, 29.71412 ], [ -95.18255, 29.71782 ], [ -95.1805, 29.71785 ], [ -95.18048, 29.71676 ], [ -95.17953, 29.71677 ], [ -95.17952, 29.71625 ], [ -95.17749, 29.7163 ] ], [ [ -95.1496, 29.71955 ], [ -95.1508, 29.71814 ], [ -95.15122, 29.71805 ], [ -95.15144, 29.71787 ], [ -95.15197, 29.71718 ], [ -95.15359, 29.71553 ], [ -95.15358, 29.7195 ], [ -95.1496, 29.71955 ] ], [ [ -95.17185, 29.72024 ], [ -95.17498, 29.72021 ], [ -95.17507, 29.72686 ], [ -95.17346, 29.72669 ], [ -95.17198, 29.7263 ], [ -95.17185, 29.72024 ] ], [ [ -95.08637, 29.64055 ], [ -95.08637, 29.64375 ], [ -95.08628, 29.64377 ], [ -95.07301, 29.64408 ], [ -95.07238, 29.64325 ], [ -95.07224, 29.6391 ], [ -95.07231, 29.63465 ], [ -95.04721, 29.63489 ], [ -95.04629, 29.63041 ], [ -95.0386, 29.63312 ], [ -95.03823, 29.63034 ], [ -95.03725, 29.62468 ], [ -95.03659, 29.6203 ], [ -95.03555, 29.61469 ], [ -95.01954, 29.61496 ], [ -95.01954, 29.61393 ], [ -95.01817, 29.61394 ], [ -95.01391, 29.61033 ], [ -95.01373, 29.60389 ], [ -95.00836, 29.60396 ], [ -95.00814, 29.59499 ], [ -95.02522, 29.59463 ], [ -95.02434, 29.59684 ], [ -95.02955, 29.59675 ], [ -95.0298, 29.59734 ], [ -95.03092, 29.59731 ], [ -95.03122, 29.59806 ], [ -95.03171, 29.59809 ], [ -95.03166, 29.59781 ], [ -95.03225, 29.5978 ], [ -95.03186, 29.59539 ], [ -95.03737, 29.59531 ], [ -95.04625, 29.59053 ], [ -95.04582, 29.59007 ], [ -95.04783, 29.58979 ], [ -95.04978, 29.58976 ], [ -95.05143, 29.58995 ], [ -95.0532, 29.59039 ], [ -95.05316, 29.59141 ], [ -95.05455, 29.59199 ], [ -95.05573, 29.5927 ], [ -95.06799, 29.60177 ], [ -95.0673, 29.60247 ], [ -95.06768, 29.60276 ], [ -95.06856, 29.60239 ], [ -95.06859, 29.60221 ], [ -95.06915, 29.60268 ], [ -95.06225, 29.60558 ], [ -95.06507, 29.61072 ], [ -95.06137, 29.61227 ], [ -95.0619, 29.61322 ], [ -95.06346, 29.61257 ], [ -95.06519, 29.61586 ], [ -95.06442, 29.61617 ], [ -95.06552, 29.61816 ], [ -95.06929, 29.61658 ], [ -95.0813, 29.61179 ], [ -95.08725, 29.6163 ], [ -95.09216, 29.62071 ], [ -95.09858, 29.62564 ], [ -95.09972, 29.62671 ], [ -95.1016, 29.62885 ], [ -95.10101, 29.63017 ], [ -95.10128, 29.64157 ], [ -95.09474, 29.64163 ], [ -95.09472, 29.64054 ], [ -95.08637, 29.64055 ] ], [ [ -94.99712, 29.60418 ], [ -94.99745, 29.60495 ], [ -94.99424, 29.60502 ], [ -94.99442, 29.6121 ], [ -94.99359, 29.61211 ], [ -94.99258, 29.61157 ], [ -94.99112, 29.61048 ], [ -94.99049, 29.61029 ], [ -94.99032, 29.61013 ], [ -94.98981, 29.60911 ], [ -94.98915, 29.6083 ], [ -94.98885, 29.60832 ], [ -94.98881, 29.60788 ], [ -94.98796, 29.60704 ], [ -94.98671, 29.60527 ], [ -94.98584, 29.60436 ], [ -94.99712, 29.60418 ] ], [ [ -95.1033, 29.63801 ], [ -95.10565, 29.63613 ], [ -95.10348, 29.6338 ], [ -95.10499, 29.63276 ], [ -95.10666, 29.63457 ], [ -95.10751, 29.63531 ], [ -95.10732, 29.63536 ], [ -95.10732, 29.63544 ], [ -95.10725, 29.63538 ], [ -95.1069, 29.63547 ], [ -95.1067, 29.63563 ], [ -95.10747, 29.63614 ], [ -95.10698, 29.63654 ], [ -95.10622, 29.63606 ], [ -95.10696, 29.63655 ], [ -95.10667, 29.63688 ], [ -95.10736, 29.63734 ], [ -95.10863, 29.63631 ], [ -95.11015, 29.63776 ], [ -95.10703, 29.64161 ], [ -95.10399, 29.64157 ], [ -95.1041, 29.63963 ], [ -95.10431, 29.63858 ], [ -95.10351, 29.63822 ], [ -95.1033, 29.63801 ] ] ], [ [ [ -95.03399, 29.6035 ], [ -95.03409, 29.6035 ], [ -95.03407, 29.60337 ], [ -95.03444, 29.60303 ], [ -95.0343, 29.60303 ], [ -95.03424, 29.60268 ], [ -95.03393, 29.60269 ], [ -95.03321, 29.59859 ], [ -95.03405, 29.59848 ], [ -95.03395, 29.59793 ], [ -95.03442, 29.59787 ], [ -95.03413, 29.59624 ], [ -95.03367, 29.5963 ], [ -95.03359, 29.5959 ], [ -95.03267, 29.59602 ], [ -95.03385, 29.60276 ], [ -95.03416, 29.60276 ], [ -95.03421, 29.60304 ], [ -95.03389, 29.60304 ], [ -95.03399, 29.6035 ] ] ], [ [ [ -95.02575, 29.60185 ], [ -95.02522, 29.60347 ], [ -95.02655, 29.60345 ], [ -95.02709, 29.60183 ], [ -95.02575, 29.60185 ] ] ] ] } },
{ "type": "Feature", "properties": { "name": "Hilshire Village" }, "geometry": { "type": "Polygon", "coordinates": [ [ [ -95.485, 29.78445 ], [ -95.48505, 29.7948 ], [ -95.49541, 29.79472 ], [ -95.49542, 29.79379 ], [ -95.49534, 29.79372 ], [ -95.49484, 29.79363 ], [ -95.49447, 29.79373 ], [ -95.49373, 29.79358 ], [ -95.49316, 29.79318 ], [ -95.49285, 29.79285 ], [ -95.49256, 29.7928 ], [ -95.49252, 29.79267 ], [ -95.49235, 29.79262 ], [ -95.49241, 29.79236 ], [ -95.49234, 29.79218 ], [ -95.49206, 29.79208 ], [ -95.49225, 29.79185 ], [ -95.492, 29.79176 ], [ -95.49226, 29.7912 ], [ -95.49219, 29.79072 ], [ -95.4919, 29.79051 ], [ -95.49082, 29.78999 ], [ -95.49083, 29.7898 ], [ -95.49062, 29.78958 ], [ -95.49093, 29.7895 ], [ -95.49076, 29.78917 ], [ -95.49102, 29.78888 ], [ -95.4913, 29.78889 ], [ -95.49091, 29.78865 ], [ -95.49114, 29.78865 ], [ -95.49122, 29.78856 ], [ -95.4914, 29.78807 ], [ -95.49128, 29.78808 ], [ -95.49117, 29.78768 ], [ -95.49099, 29.7878 ], [ -95.49083, 29.78778 ], [ -95.49076, 29.78756 ], [ -95.49062, 29.78749 ], [ -95.49026, 29.78768 ], [ -95.49005, 29.78728 ], [ -95.4899, 29.78735 ], [ -95.48959, 29.78728 ], [ -95.48968, 29.78706 ], [ -95.48943, 29.78706 ], [ -95.48939, 29.787 ], [ -95.48911, 29.78706 ], [ -95.48877, 29.78671 ], [ -95.48889, 29.78665 ], [ -95.48862, 29.78627 ], [ -95.48848, 29.78618 ], [ -95.48826, 29.78622 ], [ -95.48771, 29.78561 ], [ -95.48756, 29.78582 ], [ -95.48737, 29.78565 ], [ -95.4872, 29.78575 ], [ -95.48677, 29.78551 ], [ -95.48677, 29.785 ], [ -95.48662, 29.78483 ], [ -95.48643, 29.78479 ], [ -95.48642, 29.78446 ], [ -95.485, 29.78445 ] ] ] } },
{ "type": "Feature", "properties": { "name": "Waller" }, "geometry": { "type": "MultiPolygon", "coordinates": [ [ [ [ -95.92119, 30.08975 ], [ -95.92178, 30.08921 ], [ -95.92195, 30.08872 ], [ -95.92175, 30.08005 ], [ -95.90928, 30.08025 ], [ -95.90912, 30.0734 ], [ -95.90896, 30.0734 ], [ -95.90904, 30.07762 ], [ -95.90429, 30.07769 ], [ -95.90412, 30.07226 ], [ -95.90344, 30.0657 ], [ -95.90427, 30.06569 ], [ -95.90427, 30.0654 ], [ -95.89894, 30.06545 ], [ -95.89151, 30.06532 ], [ -95.8915, 30.06478 ], [ -95.89216, 30.0648 ], [ -95.89214, 30.06422 ], [ -95.89149, 30.06421 ], [ -95.89138, 30.05956 ], [ -95.89149, 30.05855 ], [ -95.89175, 30.05841 ], [ -95.89308, 30.05883 ], [ -95.89494, 30.0592 ], [ -95.89969, 30.06078 ], [ -95.89971, 30.06193 ], [ -95.90182, 30.06193 ], [ -95.90181, 30.06148 ], [ -95.90557, 30.06275 ], [ -95.90612, 30.06313 ], [ -95.90651, 30.0637 ], [ -95.90899, 30.0616 ], [ -95.90896, 30.05983 ], [ -95.9087, 30.05982 ], [ -95.90869, 30.05925 ], [ -95.90814, 30.05925 ], [ -95.90815, 30.05975 ], [ -95.90604, 30.05976 ], [ -95.90599, 30.05776 ], [ -95.90388, 30.05777 ], [ -95.90392, 30.05974 ], [ -95.8997, 30.05975 ], [ -95.89959, 30.05467 ], [ -95.90113, 30.05465 ], [ -95.90134, 30.04969 ], [ -95.90148, 30.04882 ], [ -95.90161, 30.04883 ], [ -95.90163, 30.04872 ], [ -95.9015, 30.04871 ], [ -95.90154, 30.04849 ], [ -95.90264, 30.04891 ], [ -95.90233, 30.05464 ], [ -95.9086, 30.05457 ], [ -95.90859, 30.05329 ], [ -95.91248, 30.05324 ], [ -95.91251, 30.05259 ], [ -95.91277, 30.05269 ], [ -95.913, 30.05294 ], [ -95.91299, 30.05323 ], [ -95.91414, 30.05321 ], [ -95.91608, 30.05394 ], [ -95.91643, 30.05222 ], [ -95.91708, 30.0523 ], [ -95.91842, 30.05268 ], [ -95.91994, 30.05296 ], [ -95.91984, 30.05339 ], [ -95.92108, 30.05364 ], [ -95.92147, 30.05471 ], [ -95.92153, 30.06413 ], [ -95.92509, 30.06405 ], [ -95.92523, 30.06865 ], [ -95.92412, 30.06868 ], [ -95.9244, 30.0688 ], [ -95.92669, 30.06875 ], [ -95.92684, 30.06916 ], [ -95.92493, 30.06897 ], [ -95.92495, 30.06999 ], [ -95.92723, 30.07023 ], [ -95.92794, 30.07222 ], [ -95.92801, 30.07531 ], [ -95.9247, 30.07536 ], [ -95.92476, 30.07109 ], [ -95.92369, 30.07111 ], [ -95.9237, 30.07202 ], [ -95.92157, 30.07205 ], [ -95.92177, 30.07998 ], [ -95.92194, 30.07998 ], [ -95.92208, 30.08581 ], [ -95.9282, 30.08568 ], [ -95.9283, 30.09095 ], [ -95.9318, 30.09088 ], [ -95.93182, 30.09162 ], [ -95.93489, 30.09156 ], [ -95.93514, 30.09226 ], [ -95.92833, 30.09239 ], [ -95.92842, 30.09619 ], [ -95.92124, 30.09628 ], [ -95.92107, 30.09627 ], [ -95.92094, 30.08975 ], [ -95.92119, 30.08975 ] ], [ [ -95.91302, 30.06992 ], [ -95.91969, 30.06976 ], [ -95.92008, 30.07017 ], [ -95.92072, 30.07061 ], [ -95.9212, 30.07083 ], [ -95.92153, 30.07085 ], [ -95.92167, 30.06877 ], [ -95.92169, 30.06699 ], [ -95.92107, 30.06703 ], [ -95.91987, 30.06741 ], [ -95.91936, 30.06742 ], [ -95.91879, 30.06728 ], [ -95.9171, 30.06643 ], [ -95.91653, 30.06727 ], [ -95.91443, 30.06612 ], [ -95.91284, 30.06616 ], [ -95.91287, 30.06773 ], [ -95.90908, 30.06779 ], [ -95.90902, 30.06509 ], [ -95.90811, 30.065 ], [ -95.90725, 30.06468 ], [ -95.90586, 30.06537 ], [ -95.90466, 30.06565 ], [ -95.90883, 30.06563 ], [ -95.90893, 30.07168 ], [ -95.91306, 30.07161 ], [ -95.91302, 30.06992 ] ], [ [ -95.91352, 30.06469 ], [ -95.91215, 30.06408 ], [ -95.91175, 30.06383 ], [ -95.91144, 30.06349 ], [ -95.91103, 30.06266 ], [ -95.91069, 30.06223 ], [ -95.91072, 30.06465 ], [ -95.91148, 30.06474 ], [ -95.91304, 30.06543 ], [ -95.91352, 30.06469 ] ], [ [ -95.91628, 30.05974 ], [ -95.9144, 30.05978 ], [ -95.91442, 30.06083 ], [ -95.91631, 30.0608 ], [ -95.91628, 30.05974 ] ], [ [ -95.90866, 30.05775 ], [ -95.90811, 30.05775 ], [ -95.90812, 30.05825 ], [ -95.90867, 30.05825 ], [ -95.90866, 30.05775 ] ] ], [ [ [ -95.90561, 30.03649 ], [ -95.90563, 30.0382 ], [ -95.90511, 30.03821 ], [ -95.90513, 30.03987 ], [ -95.90832, 30.03984 ], [ -95.9084, 30.04405 ], [ -95.89937, 30.04411 ], [ -95.89921, 30.03654 ], [ -95.90561, 30.03649 ] ] ], [ [ [ -95.90848, 30.04829 ], [ -95.90853, 30.05036 ], [ -95.90753, 30.04998 ], [ -95.90749, 30.0483 ], [ -95.90848, 30.04829 ] ] ], [ [ [ -95.90392, 30.0599 ], [ -95.90395, 30.06122 ], [ -95.90183, 30.06052 ], [ -95.90181, 30.05991 ], [ -95.90392, 30.0599 ] ] ], [ [ [ -95.90872, 30.06041 ], [ -95.90874, 30.06141 ], [ -95.90818, 30.06141 ], [ -95.90816, 30.06041 ], [ -95.90872, 30.06041 ] ] ], [ [ [ -95.88494, 30.05538 ], [ -95.88671, 30.05629 ], [ -95.88818, 30.05692 ], [ -95.88945, 30.05772 ], [ -95.89097, 30.05829 ], [ -95.89119, 30.05956 ], [ -95.89132, 30.06532 ], [ -95.88509, 30.06539 ], [ -95.88494, 30.05538 ] ] ], [ [ [ -95.88293, 30.06568 ], [ -95.89132, 30.06558 ], [ -95.89145, 30.07128 ], [ -95.88307, 30.07143 ], [ -95.88293, 30.06568 ] ] ], [ [ [ -95.89694, 30.06568 ], [ -95.89696, 30.06877 ], [ -95.90031, 30.06884 ], [ -95.90032, 30.07228 ], [ -95.89169, 30.07233 ], [ -95.89153, 30.06559 ], [ -95.89694, 30.06568 ] ] ] ] } },
{ "type": "Feature", "properties": { "name": "Spring Valley" }, "geometry": { "type": "Polygon", "coordinates": [ [ [ -95.50658, 29.79723 ], [ -95.50732, 29.7973 ], [ -95.50898, 29.798 ], [ -95.50966, 29.79843 ], [ -95.51013, 29.79884 ], [ -95.51012, 29.79724 ], [ -95.51281, 29.79728 ], [ -95.51282, 29.79442 ], [ -95.51392, 29.79442 ], [ -95.51394, 29.78969 ], [ -95.51562, 29.78953 ], [ -95.51672, 29.78893 ], [ -95.52024, 29.78892 ], [ -95.51991, 29.78792 ], [ -95.52007, 29.78437 ], [ -95.5126, 29.78443 ], [ -95.49548, 29.78434 ], [ -95.49326, 29.7841 ], [ -95.48818, 29.78394 ], [ -95.48818, 29.78347 ], [ -95.48641, 29.7834 ], [ -95.48636, 29.78427 ], [ -95.48643, 29.78479 ], [ -95.48662, 29.78483 ], [ -95.48677, 29.785 ], [ -95.48677, 29.78551 ], [ -95.4872, 29.78575 ], [ -95.48737, 29.78565 ], [ -95.48756, 29.78582 ], [ -95.48771, 29.78561 ], [ -95.48826, 29.78622 ], [ -95.48848, 29.78618 ], [ -95.48862, 29.78627 ], [ -95.48889, 29.78665 ], [ -95.48877, 29.78671 ], [ -95.48911, 29.78706 ], [ -95.48939, 29.787 ], [ -95.48943, 29.78706 ], [ -95.48968, 29.78706 ], [ -95.48959, 29.78728 ], [ -95.4899, 29.78735 ], [ -95.49005, 29.78728 ], [ -95.49026, 29.78768 ], [ -95.49062, 29.78749 ], [ -95.49076, 29.78756 ], [ -95.49083, 29.78778 ], [ -95.49099, 29.7878 ], [ -95.49117, 29.78768 ], [ -95.49128, 29.78808 ], [ -95.49141, 29.78807 ], [ -95.49122, 29.78856 ], [ -95.49114, 29.78865 ], [ -95.49091, 29.78865 ], [ -95.4913, 29.78889 ], [ -95.49102, 29.78888 ], [ -95.49076, 29.78917 ], [ -95.49093, 29.7895 ], [ -95.49062, 29.78958 ], [ -95.49083, 29.7898 ], [ -95.49082, 29.78999 ], [ -95.4919, 29.79051 ], [ -95.49219, 29.79072 ], [ -95.49226, 29.7912 ], [ -95.492, 29.79177 ], [ -95.49225, 29.79185 ], [ -95.49206, 29.79208 ], [ -95.49233, 29.79217 ], [ -95.49241, 29.79236 ], [ -95.49234, 29.79261 ], [ -95.49252, 29.79267 ], [ -95.49256, 29.7928 ], [ -95.49285, 29.79285 ], [ -95.49316, 29.79318 ], [ -95.49373, 29.79358 ], [ -95.49447, 29.79373 ], [ -95.49484, 29.79363 ], [ -95.49534, 29.79372 ], [ -95.49547, 29.79398 ], [ -95.49658, 29.79455 ], [ -95.49692, 29.79504 ], [ -95.49741, 29.79546 ], [ -95.49771, 29.79562 ], [ -95.49837, 29.79568 ], [ -95.49972, 29.79602 ], [ -95.50009, 29.79601 ], [ -95.50053, 29.79621 ], [ -95.50062, 29.79634 ], [ -95.50111, 29.79651 ], [ -95.50265, 29.79678 ], [ -95.50305, 29.79675 ], [ -95.50382, 29.79643 ], [ -95.50458, 29.79635 ], [ -95.50538, 29.79597 ], [ -95.50557, 29.79596 ], [ -95.50582, 29.79611 ], [ -95.50607, 29.79702 ], [ -95.50658, 29.79723 ] ] ] } },
{ "type": "Feature", "properties": { "name": "Jersey Village" }, "geometry": { "type": "MultiPolygon", "coordinates": [ [ [ [ -95.59243, 29.90083 ], [ -95.59233, 29.90342 ], [ -95.5942, 29.90477 ], [ -95.59221, 29.90686 ], [ -95.60364, 29.90854 ], [ -95.60355, 29.90779 ], [ -95.60343, 29.90743 ], [ -95.60346, 29.9054 ], [ -95.60363, 29.90473 ], [ -95.60442, 29.90365 ], [ -95.58677, 29.89113 ], [ -95.58671, 29.88586 ], [ -95.58527, 29.88588 ], [ -95.58524, 29.88392 ], [ -95.58465, 29.88392 ], [ -95.58462, 29.8821 ], [ -95.58667, 29.88206 ], [ -95.58665, 29.88027 ], [ -95.58253, 29.88032 ], [ -95.58261, 29.88395 ], [ -95.58055, 29.88401 ], [ -95.58058, 29.88595 ], [ -95.57937, 29.88597 ], [ -95.57547, 29.88316 ], [ -95.57153, 29.88047 ], [ -95.57066, 29.88049 ], [ -95.55967, 29.87279 ], [ -95.55872, 29.872 ], [ -95.55719, 29.87251 ], [ -95.55598, 29.87269 ], [ -95.55494, 29.87261 ], [ -95.55382, 29.87211 ], [ -95.55387, 29.88051 ], [ -95.54995, 29.88053 ], [ -95.55016, 29.89579 ], [ -95.56774, 29.89566 ], [ -95.5673, 29.89833 ], [ -95.56775, 29.89907 ], [ -95.5685, 29.89927 ], [ -95.57744, 29.89914 ], [ -95.57745, 29.89927 ], [ -95.57792, 29.89925 ], [ -95.57798, 29.90349 ], [ -95.5844, 29.90341 ], [ -95.5844, 29.90286 ], [ -95.59055, 29.90283 ], [ -95.59052, 29.90085 ], [ -95.59243, 29.90083 ] ] ], [ [ [ -95.58214, 29.88035 ], [ -95.58151, 29.88036 ], [ -95.58154, 29.88208 ], [ -95.58255, 29.88207 ], [ -95.58235, 29.88118 ], [ -95.5823, 29.88043 ], [ -95.58214, 29.88035 ] ] ] ] } },
{ "type": "Feature", "properties": { "name": "Bunker Hill Village" }, "geometry": { "type": "Polygon", "coordinates": [ [ [ -95.52443, 29.7739 ], [ -95.52448, 29.7769 ], [ -95.52671, 29.77689 ], [ -95.52662, 29.77334 ], [ -95.53755, 29.77321 ], [ -95.53759, 29.77577 ], [ -95.54024, 29.77575 ], [ -95.54022, 29.77314 ], [ -95.5399, 29.77313 ], [ -95.53987, 29.7653 ], [ -95.54047, 29.76515 ], [ -95.54052, 29.76521 ], [ -95.54634, 29.76521 ], [ -95.54641, 29.75891 ], [ -95.53021, 29.75903 ], [ -95.52989, 29.75886 ], [ -95.5297, 29.7585 ], [ -95.52962, 29.7546 ], [ -95.52944, 29.75425 ], [ -95.529, 29.75402 ], [ -95.52667, 29.75403 ], [ -95.52618, 29.75385 ], [ -95.52595, 29.75342 ], [ -95.52594, 29.75162 ], [ -95.52579, 29.75132 ], [ -95.52556, 29.75115 ], [ -95.52521, 29.75107 ], [ -95.5228, 29.75109 ], [ -95.52282, 29.75475 ], [ -95.5222, 29.76393 ], [ -95.52245, 29.77339 ], [ -95.52337, 29.77339 ], [ -95.52339, 29.77388 ], [ -95.52443, 29.7739 ] ] ] } },
{ "type": "Feature", "properties": { "name": "Katy" }, "geometry": { "type": "MultiPolygon", "coordinates": [ [ [ [ -95.80668, 29.81684 ], [ -95.80676, 29.83127 ], [ -95.81673, 29.8312 ], [ -95.81678, 29.83611 ], [ -95.81914, 29.8361 ], [ -95.81911, 29.83118 ], [ -95.83183, 29.8311 ], [ -95.83174, 29.82055 ], [ -95.83298, 29.82055 ], [ -95.83295, 29.81656 ], [ -95.83602, 29.81662 ], [ -95.8288, 29.79653 ], [ -95.82618, 29.789 ], [ -95.82598, 29.78862 ], [ -95.80183, 29.77501 ], [ -95.80196, 29.78424 ], [ -95.80112, 29.7842 ], [ -95.80114, 29.78612 ], [ -95.80192, 29.78608 ], [ -95.80187, 29.79007 ], [ -95.80198, 29.79406 ], [ -95.80203, 29.80145 ], [ -95.80211, 29.80151 ], [ -95.80426, 29.80157 ], [ -95.80913, 29.80152 ], [ -95.80926, 29.81188 ], [ -95.80926, 29.81252 ], [ -95.8092, 29.81252 ], [ -95.80923, 29.81683 ], [ -95.80668, 29.81684 ] ] ], [ [ [ -95.79672, 29.77216 ], [ -95.79653, 29.77233 ], [ -95.79651, 29.77349 ], [ -95.79909, 29.77347 ], [ -95.79672, 29.77216 ] ] ] ] } },
{ "type": "Feature", "properties": { "name": "Morgans Point" }, "geometry": { "type": "Polygon", "coordinates": [ [ [ -94.99175, 29.68459 ], [ -95.01959, 29.68275 ], [ -95.01938, 29.6734 ], [ -95.00795, 29.6736 ], [ -95.00792, 29.67271 ], [ -95.00772, 29.67237 ], [ -95.00754, 29.67225 ], [ -95.00367, 29.66587 ], [ -95.0033, 29.66575 ], [ -95.00311, 29.66495 ], [ -95.00291, 29.66488 ], [ -95.00265, 29.66447 ], [ -95.00269, 29.66413 ], [ -95.00247, 29.66378 ], [ -95.00236, 29.66368 ], [ -95.00192, 29.66357 ], [ -94.99827, 29.6659 ], [ -94.99415, 29.66834 ], [ -94.98993, 29.67065 ], [ -94.98562, 29.67281 ], [ -94.98756, 29.67596 ], [ -94.98766, 29.67591 ], [ -94.98874, 29.67768 ], [ -94.9892, 29.6783 ], [ -94.98829, 29.67874 ], [ -94.98886, 29.67965 ], [ -94.98891, 29.67994 ], [ -94.99175, 29.68459 ] ] ] } },
{ "type": "Feature", "properties": { "name": "Stafford" }, "geometry": { "type": "MultiPolygon", "coordinates": [ [ [ [ -95.54639, 29.64084 ], [ -95.54983, 29.6408 ], [ -95.54981, 29.6393 ], [ -95.55093, 29.6393 ], [ -95.54629, 29.63715 ], [ -95.54639, 29.64084 ] ] ], [ [ [ -95.53681, 29.63282 ], [ -95.53933, 29.63489 ], [ -95.5394, 29.63484 ], [ -95.54248, 29.63739 ], [ -95.5439, 29.63607 ], [ -95.53681, 29.63282 ] ] ] ] } },
{ "type": "Feature", "properties": { "name": "Nassau Bay" }, "geometry": { "type": "Polygon", "coordinates": [ [ [ -95.07358, 29.54917 ], [ -95.07044, 29.5512 ], [ -95.07002, 29.55164 ], [ -95.0698, 29.55206 ], [ -95.06969, 29.55255 ], [ -95.06983, 29.55429 ], [ -95.0697, 29.5551 ], [ -95.06915, 29.5563 ], [ -95.07478, 29.5584 ], [ -95.07596, 29.55634 ], [ -95.07668, 29.55558 ], [ -95.07754, 29.55503 ], [ -95.08907, 29.55124 ], [ -95.08839, 29.54962 ], [ -95.08845, 29.5496 ], [ -95.08912, 29.55123 ], [ -95.09782, 29.54846 ], [ -95.10481, 29.54613 ], [ -95.10449, 29.54562 ], [ -95.10381, 29.54487 ], [ -95.10312, 29.5444 ], [ -95.10196, 29.54395 ], [ -95.10163, 29.54373 ], [ -95.10062, 29.54239 ], [ -95.10019, 29.54194 ], [ -95.09971, 29.54168 ], [ -95.09861, 29.54135 ], [ -95.09805, 29.54105 ], [ -95.09757, 29.54067 ], [ -95.09608, 29.53919 ], [ -95.09518, 29.53808 ], [ -95.09492, 29.53749 ], [ -95.09469, 29.53685 ], [ -95.09465, 29.5353 ], [ -95.09391, 29.53513 ], [ -95.09337, 29.53491 ], [ -95.09245, 29.53435 ], [ -95.09141, 29.53359 ], [ -95.09104, 29.53309 ], [ -95.0909, 29.53188 ], [ -95.09078, 29.53158 ], [ -95.09031, 29.53117 ], [ -95.08973, 29.53109 ], [ -95.08887, 29.53148 ], [ -95.08748, 29.53255 ], [ -95.08688, 29.53326 ], [ -95.08642, 29.53446 ], [ -95.0861, 29.53471 ], [ -95.08574, 29.5348 ], [ -95.08539, 29.53477 ], [ -95.08412, 29.53418 ], [ -95.08292, 29.53395 ], [ -95.08032, 29.53406 ], [ -95.07982, 29.53421 ], [ -95.07936, 29.53454 ], [ -95.07914, 29.53497 ], [ -95.07877, 29.53616 ], [ -95.07862, 29.53795 ], [ -95.07872, 29.53826 ], [ -95.07927, 29.53886 ], [ -95.07957, 29.53938 ], [ -95.07973, 29.53999 ], [ -95.07967, 29.54062 ], [ -95.07935, 29.54125 ], [ -95.079, 29.54222 ], [ -95.07897, 29.54291 ], [ -95.07915, 29.54374 ], [ -95.07881, 29.54502 ], [ -95.0784, 29.54558 ], [ -95.07732, 29.5465 ], [ -95.07546, 29.54786 ], [ -95.07439, 29.54852 ], [ -95.07358, 29.54917 ] ] ] } },
{ "type": "Feature", "properties": { "name": "Baytown" }, "geometry": { "type": "MultiPolygon", "coordinates": [ [ [ [ -95.05524, 29.79133 ], [ -95.05661, 29.79153 ], [ -95.05678, 29.79178 ], [ -95.0565, 29.79258 ], [ -95.05631, 29.79266 ], [ -95.05592, 29.79261 ], [ -95.05407, 29.79279 ], [ -95.04923, 29.79282 ], [ -95.04806, 29.79296 ], [ -95.0465, 29.79336 ], [ -95.04646, 29.79357 ], [ -95.04609, 29.79348 ], [ -95.04592, 29.79326 ], [ -95.04544, 29.79297 ], [ -95.04517, 29.79311 ], [ -95.04436, 29.79379 ], [ -95.04255, 29.79448 ], [ -95.04205, 29.79459 ], [ -95.04125, 29.79458 ], [ -95.04073, 29.79467 ], [ -95.03504, 29.79679 ], [ -95.03507, 29.80016 ], [ -95.0405, 29.80004 ], [ -95.03276, 29.80576 ], [ -95.03301, 29.80604 ], [ -95.03207, 29.80652 ], [ -95.03193, 29.80015 ], [ -95.03183, 29.80011 ], [ -95.03181, 29.79999 ], [ -95.03181, 29.79874 ], [ -95.03084, 29.79909 ], [ -95.03056, 29.7985 ], [ -95.03027, 29.79861 ], [ -95.03095, 29.80004 ], [ -95.02905, 29.80007 ], [ -95.02891, 29.79906 ], [ -95.02607, 29.80011 ], [ -95.02583, 29.80031 ], [ -95.02567, 29.80032 ], [ -95.0178, 29.80042 ], [ -95.01664, 29.8005 ], [ -95.01006, 29.80063 ], [ -95.00531, 29.80128 ], [ -95.00533, 29.80448 ], [ -95.00696, 29.80446 ], [ -95.00753, 29.80553 ], [ -95.00875, 29.80626 ], [ -95.01116, 29.80749 ], [ -95.01149, 29.80794 ], [ -94.99932, 29.80813 ], [ -94.99823, 29.80408 ], [ -94.99279, 29.80489 ], [ -94.99255, 29.80333 ], [ -94.98758, 29.80412 ], [ -94.99094, 29.82011 ], [ -94.98989, 29.8203 ], [ -94.99024, 29.8218 ], [ -94.99167, 29.82157 ], [ -94.9943, 29.82649 ], [ -94.99422, 29.82652 ], [ -94.99266, 29.8268 ], [ -94.98578, 29.82652 ], [ -94.98433, 29.81813 ], [ -94.98382, 29.81574 ], [ -94.98191, 29.80504 ], [ -94.9817, 29.80508 ], [ -94.98213, 29.80771 ], [ -94.97911, 29.80804 ], [ -94.97891, 29.80723 ], [ -94.97627, 29.8078 ], [ -94.97593, 29.80618 ], [ -94.97434, 29.80652 ], [ -94.97474, 29.80841 ], [ -94.97398, 29.80858 ], [ -94.97538, 29.81535 ], [ -94.97155, 29.81592 ], [ -94.9703, 29.81004 ], [ -94.9689, 29.81025 ], [ -94.96862, 29.81013 ], [ -94.96609, 29.81055 ], [ -94.9662, 29.81127 ], [ -94.96614, 29.81128 ], [ -94.96626, 29.81182 ], [ -94.96632, 29.81181 ], [ -94.96644, 29.81263 ], [ -94.96711, 29.81548 ], [ -94.96827, 29.82135 ], [ -94.96853, 29.82238 ], [ -94.96873, 29.82367 ], [ -94.97294, 29.82308 ], [ -94.97408, 29.82844 ], [ -94.96989, 29.82909 ], [ -94.96949, 29.82744 ], [ -94.96914, 29.82751 ], [ -94.96847, 29.82398 ], [ -94.96725, 29.82411 ], [ -94.95636, 29.82587 ], [ -94.96046, 29.82517 ], [ -94.95897, 29.81794 ], [ -94.96087, 29.81762 ], [ -94.95914, 29.80983 ], [ -94.94865, 29.81143 ], [ -94.94477, 29.82016 ], [ -94.94447, 29.82021 ], [ -94.94718, 29.8141 ], [ -94.94695, 29.81402 ], [ -94.9471, 29.81368 ], [ -94.94244, 29.81343 ], [ -94.94183, 29.81351 ], [ -94.93917, 29.81414 ], [ -94.93882, 29.81303 ], [ -94.93037, 29.81668 ], [ -94.92093, 29.82089 ], [ -94.91953, 29.8214 ], [ -94.91747, 29.82183 ], [ -94.91532, 29.82184 ], [ -94.90973, 29.82165 ], [ -94.90995, 29.82062 ], [ -94.90998, 29.81998 ], [ -94.90986, 29.81987 ], [ -94.90987, 29.8197 ], [ -94.90994, 29.81962 ], [ -94.9106, 29.81946 ], [ -94.91076, 29.81925 ], [ -94.91074, 29.8191 ], [ -94.91032, 29.81867 ], [ -94.9103, 29.81852 ], [ -94.91045, 29.8184 ], [ -94.91098, 29.81836 ], [ -94.91115, 29.81817 ], [ -94.91076, 29.81752 ], [ -94.91067, 29.817 ], [ -94.91018, 29.81636 ], [ -94.91027, 29.81613 ], [ -94.91065, 29.81594 ], [ -94.91071, 29.81569 ], [ -94.91063, 29.81552 ], [ -94.90967, 29.81507 ], [ -94.90848, 29.81507 ], [ -94.90845, 29.81496 ], [ -94.90902, 29.81379 ], [ -94.90942, 29.8134 ], [ -94.91035, 29.81402 ], [ -94.91068, 29.81404 ], [ -94.91093, 29.81388 ], [ -94.91098, 29.81375 ], [ -94.91035, 29.81219 ], [ -94.904, 29.81321 ], [ -94.90253, 29.81875 ], [ -94.90211, 29.82079 ], [ -94.89774, 29.82084 ], [ -94.89792, 29.82026 ], [ -94.89886, 29.82016 ], [ -94.89896, 29.81967 ], [ -94.89932, 29.81917 ], [ -94.89963, 29.81824 ], [ -94.90002, 29.81761 ], [ -94.90122, 29.81358 ], [ -94.90345, 29.80532 ], [ -94.89777, 29.80619 ], [ -94.89753, 29.80503 ], [ -94.89821, 29.80497 ], [ -94.89787, 29.80347 ], [ -94.90388, 29.80247 ], [ -94.90412, 29.80129 ], [ -94.90456, 29.80011 ], [ -94.90385, 29.79954 ], [ -94.9035, 29.79888 ], [ -94.90376, 29.79834 ], [ -94.90484, 29.79658 ], [ -94.90755, 29.79266 ], [ -94.90809, 29.79168 ], [ -94.90874, 29.7902 ], [ -94.90459, 29.79089 ], [ -94.9036, 29.78633 ], [ -94.90984, 29.78526 ], [ -94.91091, 29.78151 ], [ -94.91118, 29.78014 ], [ -94.91154, 29.7764 ], [ -94.91089, 29.7765 ], [ -94.91013, 29.77328 ], [ -94.91237, 29.77289 ], [ -94.91284, 29.77191 ], [ -94.91351, 29.77093 ], [ -94.91501, 29.76935 ], [ -94.91419, 29.76912 ], [ -94.91387, 29.76881 ], [ -94.91333, 29.76798 ], [ -94.91325, 29.76773 ], [ -94.91327, 29.7673 ], [ -94.91361, 29.76663 ], [ -94.91404, 29.76643 ], [ -94.91469, 29.76648 ], [ -94.91581, 29.76714 ], [ -94.91649, 29.76727 ], [ -94.91688, 29.76723 ], [ -94.91754, 29.76693 ], [ -94.91833, 29.76603 ], [ -94.91891, 29.76551 ], [ -94.919, 29.76506 ], [ -94.91899, 29.7646 ], [ -94.91824, 29.76227 ], [ -94.91818, 29.76095 ], [ -94.91885, 29.75992 ], [ -94.91907, 29.7594 ], [ -94.91913, 29.75901 ], [ -94.9186, 29.75687 ], [ -94.91862, 29.75631 ], [ -94.91888, 29.75586 ], [ -94.91938, 29.7555 ], [ -94.91973, 29.75546 ], [ -94.92059, 29.75555 ], [ -94.92176, 29.7558 ], [ -94.92271, 29.75573 ], [ -94.9237, 29.75637 ], [ -94.92412, 29.75646 ], [ -94.92406, 29.75712 ], [ -94.92648, 29.7576 ], [ -94.92778, 29.75564 ], [ -94.92713, 29.75563 ], [ -94.92747, 29.75515 ], [ -94.92506, 29.75515 ], [ -94.92421, 29.75447 ], [ -94.92462, 29.75407 ], [ -94.92527, 29.75325 ], [ -94.9257, 29.75286 ], [ -94.92699, 29.7523 ], [ -94.92767, 29.75212 ], [ -94.92661, 29.74668 ], [ -94.91848, 29.74798 ], [ -94.91819, 29.74652 ], [ -94.92964, 29.7447 ], [ -94.92933, 29.74301 ], [ -94.92908, 29.74216 ], [ -94.92904, 29.74141 ], [ -94.92915, 29.7413 ], [ -94.92885, 29.73868 ], [ -94.92932, 29.73732 ], [ -94.93138, 29.73577 ], [ -94.93204, 29.73482 ], [ -94.9327, 29.73405 ], [ -94.93383, 29.73361 ], [ -94.93432, 29.73335 ], [ -94.935, 29.73275 ], [ -94.93568, 29.73244 ], [ -94.9363, 29.73188 ], [ -94.93737, 29.72979 ], [ -94.93817, 29.7289 ], [ -94.93854, 29.72866 ], [ -94.93913, 29.72795 ], [ -94.9403, 29.72564 ], [ -94.9413, 29.72518 ], [ -94.94244, 29.72436 ], [ -94.94282, 29.72322 ], [ -94.94259, 29.72265 ], [ -94.9425, 29.72205 ], [ -94.94256, 29.72145 ], [ -94.94276, 29.72088 ], [ -94.94329, 29.72013 ], [ -94.94472, 29.71909 ], [ -94.94536, 29.71853 ], [ -94.94569, 29.71794 ], [ -94.94582, 29.71748 ], [ -94.94587, 29.71633 ], [ -94.94576, 29.7159 ], [ -94.94554, 29.71549 ], [ -94.94355, 29.71354 ], [ -94.94334, 29.71323 ], [ -94.94263, 29.71278 ], [ -94.94135, 29.71278 ], [ -94.93965, 29.713 ], [ -94.93804, 29.71349 ], [ -94.9355, 29.71447 ], [ -94.93468, 29.71467 ], [ -94.93371, 29.71471 ], [ -94.93316, 29.71449 ], [ -94.93303, 29.71437 ], [ -94.93283, 29.71389 ], [ -94.93299, 29.71342 ], [ -94.93402, 29.71237 ], [ -94.93456, 29.71194 ], [ -94.935, 29.71108 ], [ -94.93507, 29.71052 ], [ -94.9349, 29.70844 ], [ -94.93492, 29.70755 ], [ -94.93569, 29.70715 ], [ -94.93548, 29.70644 ], [ -94.9341, 29.70725 ], [ -94.93404, 29.7067 ], [ -94.93393, 29.70676 ], [ -94.9336, 29.70583 ], [ -94.93327, 29.70534 ], [ -94.9331, 29.70488 ], [ -94.9322, 29.70439 ], [ -94.93175, 29.70428 ], [ -94.92599, 29.70375 ], [ -94.92542, 29.70332 ], [ -94.92516, 29.70268 ], [ -94.92518, 29.70242 ], [ -94.9253, 29.70219 ], [ -94.92631, 29.70124 ], [ -94.92973, 29.7001 ], [ -94.93026, 29.69978 ], [ -94.93062, 29.69927 ], [ -94.93078, 29.69867 ], [ -94.93066, 29.69797 ], [ -94.93034, 29.69751 ], [ -94.92751, 29.69652 ], [ -94.92593, 29.69676 ], [ -94.92522, 29.69694 ], [ -94.92484, 29.69721 ], [ -94.92438, 29.69883 ], [ -94.92405, 29.69906 ], [ -94.92368, 29.69922 ], [ -94.9218, 29.69957 ], [ -94.92116, 29.69958 ], [ -94.92048, 29.69942 ], [ -94.92001, 29.69899 ], [ -94.91932, 29.69859 ], [ -94.91867, 29.69846 ], [ -94.91793, 29.69852 ], [ -94.91689, 29.69905 ], [ -94.91647, 29.69915 ], [ -94.91604, 29.69885 ], [ -94.91598, 29.69844 ], [ -94.91609, 29.69774 ], [ -94.91656, 29.69643 ], [ -94.91692, 29.69595 ], [ -94.91759, 29.69545 ], [ -94.91989, 29.69477 ], [ -94.92133, 29.69407 ], [ -94.92094, 29.69483 ], [ -94.92144, 29.69489 ], [ -94.92258, 29.69613 ], [ -94.92368, 29.69586 ], [ -94.92447, 29.6953 ], [ -94.92519, 29.69465 ], [ -94.92644, 29.69429 ], [ -94.92662, 29.69382 ], [ -94.92641, 29.6935 ], [ -94.92589, 29.69327 ], [ -94.92433, 29.69196 ], [ -94.9226, 29.69124 ], [ -94.92224, 29.69152 ], [ -94.92218, 29.69148 ], [ -94.92184, 29.69092 ], [ -94.9205, 29.68932 ], [ -94.92011, 29.68865 ], [ -94.91982, 29.68766 ], [ -94.91993, 29.68679 ], [ -94.92085, 29.68535 ], [ -94.92271, 29.68376 ], [ -94.92443, 29.68288 ], [ -94.92582, 29.68201 ], [ -94.92813, 29.68083 ], [ -94.92758, 29.68145 ], [ -94.92788, 29.68238 ], [ -94.92706, 29.68284 ], [ -94.92681, 29.68291 ], [ -94.92689, 29.6832 ], [ -94.92644, 29.68374 ], [ -94.92596, 29.68386 ], [ -94.92519, 29.68442 ], [ -94.92523, 29.68397 ], [ -94.92502, 29.68365 ], [ -94.92507, 29.68457 ], [ -94.92483, 29.68427 ], [ -94.92416, 29.68496 ], [ -94.92332, 29.68478 ], [ -94.9215, 29.68535 ], [ -94.92139, 29.68581 ], [ -94.92165, 29.68674 ], [ -94.92143, 29.6874 ], [ -94.92178, 29.68694 ], [ -94.92197, 29.6864 ], [ -94.92169, 29.68576 ], [ -94.92188, 29.68549 ], [ -94.92222, 29.68544 ], [ -94.92257, 29.68587 ], [ -94.92326, 29.68643 ], [ -94.9239, 29.68653 ], [ -94.9249, 29.68633 ], [ -94.9254, 29.68599 ], [ -94.92591, 29.68578 ], [ -94.92622, 29.68612 ], [ -94.92706, 29.68636 ], [ -94.92782, 29.68604 ], [ -94.92854, 29.68546 ], [ -94.92946, 29.68547 ], [ -94.93072, 29.6858 ], [ -94.93119, 29.68568 ], [ -94.93205, 29.68509 ], [ -94.93246, 29.68466 ], [ -94.93175, 29.68403 ], [ -94.93112, 29.68271 ], [ -94.93183, 29.68255 ], [ -94.93197, 29.68276 ], [ -94.93219, 29.68285 ], [ -94.93411, 29.68284 ], [ -94.9343, 29.68355 ], [ -94.9342, 29.68631 ], [ -94.93575, 29.68631 ], [ -94.9358, 29.68659 ], [ -94.93419, 29.68659 ], [ -94.93401, 29.69147 ], [ -94.93553, 29.6915 ], [ -94.9354, 29.69183 ], [ -94.93541, 29.69213 ], [ -94.93579, 29.69303 ], [ -94.93674, 29.69386 ], [ -94.93709, 29.69438 ], [ -94.93781, 29.69486 ], [ -94.94035, 29.69592 ], [ -94.941, 29.69642 ], [ -94.94256, 29.69806 ], [ -94.94327, 29.69849 ], [ -94.94345, 29.6986 ], [ -94.94458, 29.69869 ], [ -94.945, 29.6988 ], [ -94.94557, 29.69878 ], [ -94.94566, 29.69892 ], [ -94.94608, 29.699 ], [ -94.9465, 29.69846 ], [ -94.94664, 29.69869 ], [ -94.94683, 29.69862 ], [ -94.94708, 29.69873 ], [ -94.9475, 29.6991 ], [ -94.9477, 29.69915 ], [ -94.94862, 29.69906 ], [ -94.94991, 29.69841 ], [ -94.95048, 29.69844 ], [ -94.95108, 29.69881 ], [ -94.95593, 29.69897 ], [ -94.95744, 29.6994 ], [ -94.95808, 29.69984 ], [ -94.96159, 29.70004 ], [ -94.96231, 29.70001 ], [ -94.96289, 29.70019 ], [ -94.96402, 29.70031 ], [ -94.96426, 29.70047 ], [ -94.96476, 29.70054 ], [ -94.96573, 29.70042 ], [ -94.96661, 29.70069 ], [ -94.96765, 29.70061 ], [ -94.96791, 29.70084 ], [ -94.96838, 29.70074 ], [ -94.96862, 29.70075 ], [ -94.96909, 29.70095 ], [ -94.96965, 29.70089 ], [ -94.97069, 29.70175 ], [ -94.97214, 29.70178 ], [ -94.97318, 29.70224 ], [ -94.97366, 29.70303 ], [ -94.97365, 29.70362 ], [ -94.97376, 29.70377 ], [ -94.97373, 29.70394 ], [ -94.97382, 29.70422 ], [ -94.97466, 29.70543 ], [ -94.97463, 29.70567 ], [ -94.97481, 29.70564 ], [ -94.97495, 29.70575 ], [ -94.975, 29.70592 ], [ -94.97493, 29.70601 ], [ -94.97511, 29.70616 ], [ -94.97535, 29.70622 ], [ -94.97542, 29.70638 ], [ -94.97618, 29.70696 ], [ -94.97811, 29.70808 ], [ -94.97794, 29.70851 ], [ -94.97801, 29.70875 ], [ -94.97855, 29.70857 ], [ -94.97882, 29.70883 ], [ -94.97931, 29.70887 ], [ -94.97959, 29.70915 ], [ -94.97983, 29.70928 ], [ -94.98091, 29.70952 ], [ -94.98118, 29.70943 ], [ -94.98134, 29.70965 ], [ -94.98155, 29.70973 ], [ -94.98174, 29.70973 ], [ -94.98193, 29.7096 ], [ -94.98216, 29.70967 ], [ -94.98246, 29.70962 ], [ -94.98303, 29.70928 ], [ -94.98329, 29.70954 ], [ -94.98402, 29.70956 ], [ -94.98466, 29.70923 ], [ -94.98527, 29.70936 ], [ -94.986, 29.709 ], [ -94.98727, 29.70889 ], [ -94.98823, 29.70855 ], [ -94.98883, 29.70847 ], [ -94.98907, 29.70833 ], [ -94.98967, 29.70889 ], [ -94.99004, 29.70897 ], [ -94.99029, 29.70872 ], [ -94.9906, 29.70889 ], [ -94.99062, 29.70899 ], [ -94.99378, 29.70906 ], [ -94.99353, 29.70785 ], [ -94.99392, 29.70703 ], [ -94.99432, 29.70664 ], [ -94.99479, 29.70633 ], [ -94.99599, 29.70673 ], [ -94.99684, 29.70751 ], [ -94.99942, 29.70911 ], [ -95.00184, 29.71091 ], [ -95.00213, 29.71202 ], [ -95.00289, 29.71365 ], [ -95.00254, 29.71459 ], [ -95.00176, 29.71556 ], [ -95.00111, 29.71655 ], [ -95.00114, 29.71683 ], [ -95.00149, 29.71774 ], [ -95.00199, 29.71849 ], [ -95.00243, 29.71896 ], [ -95.00366, 29.71994 ], [ -95.00362, 29.71999 ], [ -95.00443, 29.72057 ], [ -95.00449, 29.72049 ], [ -95.00653, 29.72152 ], [ -95.0071, 29.72157 ], [ -95.0077, 29.72184 ], [ -95.00758, 29.72265 ], [ -95.00803, 29.72271 ], [ -95.008, 29.72289 ], [ -95.00755, 29.72283 ], [ -95.00746, 29.72348 ], [ -95.00755, 29.72349 ], [ -95.00701, 29.72672 ], [ -95.00996, 29.72713 ], [ -95.00965, 29.72907 ], [ -95.0123, 29.73102 ], [ -95.01565, 29.73289 ], [ -95.0157, 29.73283 ], [ -95.01767, 29.73379 ], [ -95.01882, 29.73404 ], [ -95.02172, 29.73436 ], [ -95.02257, 29.73464 ], [ -95.02331, 29.73507 ], [ -95.02519, 29.73679 ], [ -95.0257, 29.73748 ], [ -95.02594, 29.73805 ], [ -95.02683, 29.74111 ], [ -95.02717, 29.74257 ], [ -95.02788, 29.74157 ], [ -95.02849, 29.7424 ], [ -95.02877, 29.74322 ], [ -95.0292, 29.74384 ], [ -95.02936, 29.74432 ], [ -95.03005, 29.74537 ], [ -95.03055, 29.74587 ], [ -95.0306, 29.74574 ], [ -95.03067, 29.74581 ], [ -95.03155, 29.74677 ], [ -95.03167, 29.74702 ], [ -95.03378, 29.74852 ], [ -95.03372, 29.74857 ], [ -95.03392, 29.74875 ], [ -95.03463, 29.74917 ], [ -95.03461, 29.74951 ], [ -95.03553, 29.74999 ], [ -95.03585, 29.75011 ], [ -95.03745, 29.75032 ], [ -95.03922, 29.75029 ], [ -95.03922, 29.75041 ], [ -95.0396, 29.75032 ], [ -95.03981, 29.75037 ], [ -95.03981, 29.75012 ], [ -95.04117, 29.74992 ], [ -95.04143, 29.74998 ], [ -95.04198, 29.7497 ], [ -95.04223, 29.7497 ], [ -95.04273, 29.74986 ], [ -95.04466, 29.7491 ], [ -95.04526, 29.74872 ], [ -95.04584, 29.74932 ], [ -95.04581, 29.74832 ], [ -95.0471, 29.74726 ], [ -95.04759, 29.74693 ], [ -95.04769, 29.7466 ], [ -95.04821, 29.74629 ], [ -95.04838, 29.74607 ], [ -95.04861, 29.7463 ], [ -95.04899, 29.74589 ], [ -95.04923, 29.74535 ], [ -95.04945, 29.74511 ], [ -95.04947, 29.74492 ], [ -95.04989, 29.74533 ], [ -95.05176, 29.74389 ], [ -95.0528, 29.74499 ], [ -95.05426, 29.74738 ], [ -95.05375, 29.75009 ], [ -95.05179, 29.75195 ], [ -95.05099, 29.75292 ], [ -95.05074, 29.75307 ], [ -95.05023, 29.75411 ], [ -95.05025, 29.75521 ], [ -95.05054, 29.75623 ], [ -95.05093, 29.75635 ], [ -95.052, 29.75704 ], [ -95.05266, 29.75768 ], [ -95.05355, 29.75823 ], [ -95.05497, 29.75876 ], [ -95.05713, 29.75884 ], [ -95.05915, 29.7586 ], [ -95.05969, 29.75835 ], [ -95.0597, 29.75938 ], [ -95.05875, 29.76177 ], [ -95.05618, 29.76091 ], [ -95.0538, 29.76023 ], [ -95.05316, 29.75985 ], [ -95.05232, 29.75847 ], [ -95.05156, 29.75805 ], [ -95.04925, 29.75774 ], [ -95.04814, 29.75781 ], [ -95.04558, 29.75867 ], [ -95.04513, 29.75892 ], [ -95.04481, 29.75915 ], [ -95.04414, 29.75982 ], [ -95.044, 29.76024 ], [ -95.04333, 29.76109 ], [ -95.0429, 29.76133 ], [ -95.04227, 29.76148 ], [ -95.04069, 29.76261 ], [ -95.03979, 29.76296 ], [ -95.03909, 29.76343 ], [ -95.03839, 29.76365 ], [ -95.0381, 29.76386 ], [ -95.0404, 29.76311 ], [ -95.0408, 29.76315 ], [ -95.04264, 29.76238 ], [ -95.04269, 29.76225 ], [ -95.04363, 29.76195 ], [ -95.04332, 29.76256 ], [ -95.04345, 29.7624 ], [ -95.0443, 29.76186 ], [ -95.04449, 29.76233 ], [ -95.04439, 29.76331 ], [ -95.04326, 29.76473 ], [ -95.04311, 29.76573 ], [ -95.04322, 29.76598 ], [ -95.04321, 29.76626 ], [ -95.04216, 29.76831 ], [ -95.04199, 29.76894 ], [ -95.04207, 29.77027 ], [ -95.04233, 29.77105 ], [ -95.04315, 29.77249 ], [ -95.04338, 29.77257 ], [ -95.04356, 29.77297 ], [ -95.04354, 29.77326 ], [ -95.04329, 29.7734 ], [ -95.0432, 29.77359 ], [ -95.04339, 29.77507 ], [ -95.04363, 29.77564 ], [ -95.04411, 29.77607 ], [ -95.04451, 29.77669 ], [ -95.04545, 29.7775 ], [ -95.04602, 29.77783 ], [ -95.0468, 29.77812 ], [ -95.0478, 29.7784 ], [ -95.04849, 29.77838 ], [ -95.04872, 29.77861 ], [ -95.04903, 29.77863 ], [ -95.04923, 29.77851 ], [ -95.04927, 29.7783 ], [ -95.04898, 29.77765 ], [ -95.04862, 29.77716 ], [ -95.04868, 29.77713 ], [ -95.04905, 29.77756 ], [ -95.04934, 29.77826 ], [ -95.04965, 29.77877 ], [ -95.0496, 29.779 ], [ -95.04904, 29.7795 ], [ -95.04883, 29.78019 ], [ -95.04845, 29.78045 ], [ -95.04822, 29.78072 ], [ -95.04781, 29.7815 ], [ -95.04712, 29.78227 ], [ -95.04692, 29.78261 ], [ -95.04681, 29.78261 ], [ -95.04675, 29.78283 ], [ -95.04636, 29.78331 ], [ -95.04601, 29.78355 ], [ -95.04577, 29.78346 ], [ -95.04564, 29.78351 ], [ -95.04557, 29.78382 ], [ -95.04531, 29.78388 ], [ -95.04514, 29.78404 ], [ -95.04507, 29.78446 ], [ -95.04398, 29.78545 ], [ -95.04379, 29.78596 ], [ -95.0435, 29.78599 ], [ -95.04339, 29.78608 ], [ -95.043, 29.78727 ], [ -95.04308, 29.78811 ], [ -95.04322, 29.78829 ], [ -95.04315, 29.7885 ], [ -95.04285, 29.78835 ], [ -95.04268, 29.78864 ], [ -95.04337, 29.78881 ], [ -95.04348, 29.78904 ], [ -95.04382, 29.78927 ], [ -95.04386, 29.78961 ], [ -95.04371, 29.78972 ], [ -95.04384, 29.78988 ], [ -95.04207, 29.79055 ], [ -95.04167, 29.79087 ], [ -95.04252, 29.79262 ], [ -95.04338, 29.79229 ], [ -95.04262, 29.79069 ], [ -95.0439, 29.7902 ], [ -95.04393, 29.79041 ], [ -95.04404, 29.79047 ], [ -95.04433, 29.79042 ], [ -95.04451, 29.7905 ], [ -95.04481, 29.79036 ], [ -95.0453, 29.789 ], [ -95.04647, 29.78955 ], [ -95.04739, 29.79027 ], [ -95.04764, 29.79056 ], [ -95.0477, 29.79084 ], [ -95.04828, 29.79191 ], [ -95.04926, 29.79181 ], [ -95.05175, 29.79198 ], [ -95.0527, 29.79184 ], [ -95.05445, 29.79135 ], [ -95.05524, 29.79133 ] ], [ [ -94.96847, 29.82398 ], [ -94.96845, 29.82393 ], [ -94.96841, 29.82373 ], [ -94.96847, 29.82398 ] ], [ [ -94.90936, 29.80378 ], [ -94.90485, 29.8006 ], [ -94.90442, 29.80179 ], [ -94.90388, 29.80532 ], [ -94.90745, 29.80476 ], [ -94.9071, 29.80419 ], [ -94.90936, 29.80378 ] ], [ [ -94.93835, 29.81155 ], [ -94.93792, 29.81022 ], [ -94.93633, 29.80122 ], [ -94.94807, 29.7993 ], [ -94.94781, 29.79789 ], [ -94.94793, 29.79787 ], [ -94.95874, 29.79616 ], [ -94.95971, 29.79736 ], [ -94.95992, 29.79732 ], [ -94.9585, 29.79081 ], [ -94.9585, 29.79055 ], [ -94.95664, 29.78164 ], [ -94.9553, 29.78186 ], [ -94.95487, 29.77967 ], [ -94.95562, 29.77955 ], [ -94.95534, 29.77819 ], [ -94.95639, 29.77803 ], [ -94.95641, 29.77483 ], [ -94.94977, 29.77606 ], [ -94.95067, 29.78034 ], [ -94.94667, 29.781 ], [ -94.94571, 29.77657 ], [ -94.94451, 29.77678 ], [ -94.94438, 29.77622 ], [ -94.94294, 29.77648 ], [ -94.9422, 29.77554 ], [ -94.94201, 29.77481 ], [ -94.94211, 29.77463 ], [ -94.94168, 29.77471 ], [ -94.9391, 29.77919 ], [ -94.93782, 29.77787 ], [ -94.93363, 29.77853 ], [ -94.93352, 29.77799 ], [ -94.92984, 29.77855 ], [ -94.92963, 29.77749 ], [ -94.92027, 29.77898 ], [ -94.92027, 29.7794 ], [ -94.92002, 29.78012 ], [ -94.91994, 29.78017 ], [ -94.91988, 29.7804 ], [ -94.91993, 29.78061 ], [ -94.92015, 29.78088 ], [ -94.92082, 29.78094 ], [ -94.92137, 29.78128 ], [ -94.92161, 29.78175 ], [ -94.92148, 29.7823 ], [ -94.92086, 29.78284 ], [ -94.9194, 29.78319 ], [ -94.91851, 29.78364 ], [ -94.91819, 29.7844 ], [ -94.91856, 29.78503 ], [ -94.91851, 29.78557 ], [ -94.91834, 29.78587 ], [ -94.91711, 29.78645 ], [ -94.91709, 29.78655 ], [ -94.91724, 29.78672 ], [ -94.91853, 29.7867 ], [ -94.91902, 29.78717 ], [ -94.9187, 29.78769 ], [ -94.91795, 29.78821 ], [ -94.9178, 29.78869 ], [ -94.91787, 29.78889 ], [ -94.91849, 29.78946 ], [ -94.91888, 29.79038 ], [ -94.91935, 29.79115 ], [ -94.9201, 29.79177 ], [ -94.92112, 29.79176 ], [ -94.92171, 29.79195 ], [ -94.92182, 29.79212 ], [ -94.92181, 29.79237 ], [ -94.92165, 29.7925 ], [ -94.92053, 29.79278 ], [ -94.92021, 29.79297 ], [ -94.91978, 29.79341 ], [ -94.91948, 29.79392 ], [ -94.91944, 29.79429 ], [ -94.91952, 29.79448 ], [ -94.91983, 29.7945 ], [ -94.92043, 29.79393 ], [ -94.92084, 29.79387 ], [ -94.92169, 29.79408 ], [ -94.9232, 29.79428 ], [ -94.92379, 29.79448 ], [ -94.92425, 29.79477 ], [ -94.92439, 29.79503 ], [ -94.92442, 29.79543 ], [ -94.92428, 29.79594 ], [ -94.92435, 29.79608 ], [ -94.92412, 29.79636 ], [ -94.92299, 29.79663 ], [ -94.92269, 29.79676 ], [ -94.9223, 29.7971 ], [ -94.92235, 29.79734 ], [ -94.92328, 29.79771 ], [ -94.92348, 29.79796 ], [ -94.92333, 29.79871 ], [ -94.92305, 29.79913 ], [ -94.92232, 29.79992 ], [ -94.92222, 29.80007 ], [ -94.92223, 29.80025 ], [ -94.92236, 29.80057 ], [ -94.92305, 29.8015 ], [ -94.9232, 29.80184 ], [ -94.92306, 29.8026 ], [ -94.9237, 29.80562 ], [ -94.92386, 29.80606 ], [ -94.92755, 29.79966 ], [ -94.93008, 29.81069 ], [ -94.93761, 29.80945 ], [ -94.9377, 29.81014 ], [ -94.93002, 29.81143 ], [ -94.93007, 29.81161 ], [ -94.93778, 29.81032 ], [ -94.93823, 29.81199 ], [ -94.93835, 29.81155 ] ], [ [ -94.93922, 29.81142 ], [ -94.93933, 29.81143 ], [ -94.93916, 29.81089 ], [ -94.93907, 29.8109 ], [ -94.93922, 29.81142 ] ], [ [ -94.96041, 29.79953 ], [ -94.96134, 29.7991 ], [ -94.96035, 29.79931 ], [ -94.96041, 29.79953 ] ], [ [ -95.00138, 29.77795 ], [ -95.00151, 29.77795 ], [ -95.00163, 29.77811 ], [ -95.002, 29.77833 ], [ -95.0018, 29.77929 ], [ -95.0019, 29.78119 ], [ -95.00227, 29.7821 ], [ -94.99082, 29.78032 ], [ -94.98206, 29.77869 ], [ -94.98211, 29.77885 ], [ -94.98475, 29.77937 ], [ -94.99053, 29.78046 ], [ -94.99332, 29.78094 ], [ -94.99352, 29.78091 ], [ -94.99565, 29.7922 ], [ -94.99572, 29.79219 ], [ -94.99573, 29.79228 ], [ -95.00242, 29.79226 ], [ -95.002, 29.79367 ], [ -95.00158, 29.79466 ], [ -95.00181, 29.79561 ], [ -95.00277, 29.79748 ], [ -95.00271, 29.79748 ], [ -95.00259, 29.79907 ], [ -95.00272, 29.79948 ], [ -95.00284, 29.79975 ], [ -95.00392, 29.80075 ], [ -95.01211, 29.79948 ], [ -95.01795, 29.7994 ], [ -95.01785, 29.78839 ], [ -95.03172, 29.79062 ], [ -95.03176, 29.79394 ], [ -95.03195, 29.79389 ], [ -95.0319, 29.79085 ], [ -95.03214, 29.79085 ], [ -95.04103, 29.78726 ], [ -95.0392, 29.78641 ], [ -95.03097, 29.78312 ], [ -95.02971, 29.78252 ], [ -95.02267, 29.77957 ], [ -95.02123, 29.77871 ], [ -95.01981, 29.77745 ], [ -95.019, 29.77687 ], [ -95.01635, 29.77687 ], [ -95.01636, 29.77699 ], [ -95.0007, 29.77717 ], [ -95.00073, 29.77726 ], [ -95.00062, 29.77726 ], [ -95.00138, 29.77795 ] ], [ [ -94.9856, 29.82029 ], [ -94.98576, 29.82102 ], [ -94.98731, 29.82076 ], [ -94.98714, 29.82003 ], [ -94.9856, 29.82029 ] ], [ [ -95.03182, 29.76442 ], [ -95.03183, 29.76339 ], [ -95.02971, 29.76324 ], [ -95.02675, 29.76279 ], [ -95.02668, 29.75981 ], [ -95.02952, 29.76075 ], [ -95.03011, 29.75946 ], [ -95.02664, 29.75831 ], [ -95.02783, 29.75554 ], [ -95.02777, 29.75552 ], [ -95.02642, 29.75548 ], [ -95.02595, 29.75589 ], [ -95.0249, 29.75835 ], [ -95.02494, 29.76262 ], [ -95.0246, 29.76263 ], [ -95.02453, 29.75837 ], [ -95.02571, 29.75562 ], [ -95.02611, 29.75536 ], [ -95.02967, 29.74701 ], [ -95.02909, 29.74632 ], [ -95.02711, 29.74337 ], [ -95.02585, 29.73869 ], [ -95.0253, 29.73737 ], [ -95.02511, 29.7371 ], [ -95.02342, 29.73553 ], [ -95.0225, 29.7349 ], [ -95.02141, 29.73455 ], [ -95.0185, 29.73431 ], [ -95.01715, 29.73398 ], [ -95.01548, 29.7331 ], [ -95.01553, 29.73304 ], [ -95.01223, 29.73116 ], [ -95.01009, 29.72964 ], [ -95.00971, 29.72956 ], [ -95.00935, 29.72961 ], [ -95.00842, 29.73019 ], [ -95.00904, 29.73064 ], [ -95.00871, 29.73088 ], [ -95.00858, 29.73073 ], [ -95.00751, 29.73148 ], [ -95.00707, 29.7311 ], [ -95.00679, 29.73117 ], [ -95.00588, 29.7306 ], [ -95.0044, 29.73269 ], [ -95.00486, 29.73289 ], [ -95.00524, 29.73297 ], [ -95.00699, 29.73286 ], [ -95.00788, 29.73302 ], [ -95.02162, 29.74046 ], [ -95.02235, 29.74108 ], [ -95.0228, 29.74187 ], [ -95.02295, 29.74271 ], [ -95.02293, 29.74333 ], [ -95.02283, 29.74375 ], [ -95.0225, 29.74368 ], [ -95.02265, 29.74272 ], [ -95.02245, 29.74181 ], [ -95.02206, 29.74117 ], [ -95.02152, 29.74068 ], [ -95.00782, 29.73333 ], [ -95.00701, 29.73314 ], [ -95.00533, 29.73325 ], [ -95.00479, 29.73314 ], [ -95.00423, 29.7329 ], [ -95.00376, 29.73357 ], [ -95.00361, 29.73353 ], [ -95.00342, 29.73382 ], [ -95.00177, 29.73343 ], [ -95.00167, 29.73358 ], [ -94.99919, 29.73299 ], [ -94.99791, 29.73526 ], [ -94.99466, 29.73983 ], [ -94.99491, 29.73997 ], [ -94.98961, 29.74743 ], [ -94.99258, 29.749 ], [ -94.99055, 29.75197 ], [ -94.99153, 29.75306 ], [ -94.99297, 29.75415 ], [ -95.00167, 29.75873 ], [ -95.00269, 29.75936 ], [ -95.00381, 29.76031 ], [ -95.00643, 29.76294 ], [ -95.00783, 29.76292 ], [ -95.00904, 29.76347 ], [ -95.01649, 29.76337 ], [ -95.01567, 29.76626 ], [ -95.01576, 29.76668 ], [ -95.01602, 29.76703 ], [ -95.01647, 29.76733 ], [ -95.01709, 29.76747 ], [ -95.01661, 29.76951 ], [ -95.02698, 29.7693 ], [ -95.02686, 29.76528 ], [ -95.02964, 29.7652 ], [ -95.02967, 29.76446 ], [ -95.03182, 29.76442 ] ], [ [ -95.02451, 29.79758 ], [ -95.02449, 29.79573 ], [ -95.02401, 29.79574 ], [ -95.02408, 29.79759 ], [ -95.02451, 29.79758 ] ], [ [ -95.02452, 29.79901 ], [ -95.02451, 29.79813 ], [ -95.02409, 29.79813 ], [ -95.0241, 29.79902 ], [ -95.02452, 29.79901 ] ], [ [ -95.02702, 29.79887 ], [ -95.02699, 29.79569 ], [ -95.02645, 29.79569 ], [ -95.02654, 29.79899 ], [ -95.02702, 29.79887 ] ], [ [ -95.02849, 29.79566 ], [ -95.02806, 29.79567 ], [ -95.02841, 29.79838 ], [ -95.02882, 29.79827 ], [ -95.02849, 29.79566 ] ] ], [ [ [ -94.91647, 29.70316 ], [ -94.91497, 29.70327 ], [ -94.91332, 29.69754 ], [ -94.91313, 29.69648 ], [ -94.91312, 29.69518 ], [ -94.91381, 29.69039 ], [ -94.91389, 29.689 ], [ -94.91381, 29.6852 ], [ -94.91965, 29.68532 ], [ -94.91948, 29.68635 ], [ -94.91892, 29.68704 ], [ -94.91875, 29.68757 ], [ -94.91848, 29.68756 ], [ -94.91836, 29.687 ], [ -94.91848, 29.68619 ], [ -94.91826, 29.6858 ], [ -94.91766, 29.68562 ], [ -94.9174, 29.68589 ], [ -94.91577, 29.68621 ], [ -94.91533, 29.68662 ], [ -94.91613, 29.68917 ], [ -94.91526, 29.68989 ], [ -94.91532, 29.69022 ], [ -94.91662, 29.69116 ], [ -94.91977, 29.69197 ], [ -94.92031, 29.69175 ], [ -94.92034, 29.69109 ], [ -94.9201, 29.69032 ], [ -94.91954, 29.68958 ], [ -94.9195, 29.68893 ], [ -94.92133, 29.69123 ], [ -94.92137, 29.69243 ], [ -94.92034, 29.69329 ], [ -94.9164, 29.69491 ], [ -94.91536, 29.69646 ], [ -94.9152, 29.69734 ], [ -94.91492, 29.69822 ], [ -94.91546, 29.69901 ], [ -94.91581, 29.69923 ], [ -94.91678, 29.69943 ], [ -94.91693, 29.69963 ], [ -94.91669, 29.70019 ], [ -94.91722, 29.70017 ], [ -94.91744, 29.69987 ], [ -94.91757, 29.69942 ], [ -94.91741, 29.69935 ], [ -94.91738, 29.6992 ], [ -94.91751, 29.6989 ], [ -94.91837, 29.6986 ], [ -94.91905, 29.69886 ], [ -94.91942, 29.69922 ], [ -94.92005, 29.69965 ], [ -94.92083, 29.69984 ], [ -94.92149, 29.6998 ], [ -94.92364, 29.69943 ], [ -94.92428, 29.6991 ], [ -94.92467, 29.69874 ], [ -94.92531, 29.69713 ], [ -94.92873, 29.69722 ], [ -94.92971, 29.6976 ], [ -94.93015, 29.69859 ], [ -94.93005, 29.69954 ], [ -94.92986, 29.69989 ], [ -94.9292, 29.70007 ], [ -94.92864, 29.70003 ], [ -94.92763, 29.70025 ], [ -94.92571, 29.70127 ], [ -94.92487, 29.70221 ], [ -94.92467, 29.70265 ], [ -94.92457, 29.70314 ], [ -94.91647, 29.70316 ] ] ], [ [ [ -94.94027, 29.81834 ], [ -94.94237, 29.82503 ], [ -94.93724, 29.83646 ], [ -94.94099, 29.84046 ], [ -94.9372, 29.83647 ], [ -94.94233, 29.82502 ], [ -94.94027, 29.81834 ] ] ], [ [ [ -94.95954, 29.83228 ], [ -94.9616, 29.83083 ], [ -94.96197, 29.83237 ], [ -94.97011, 29.8311 ], [ -94.97041, 29.83247 ], [ -94.95508, 29.83493 ], [ -94.95679, 29.83431 ], [ -94.95787, 29.83374 ], [ -94.95893, 29.83282 ], [ -94.95922, 29.83278 ], [ -94.95919, 29.83261 ], [ -94.95954, 29.83228 ] ] ], [ [ [ -95.00258, 29.78603 ], [ -95.00215, 29.78451 ], [ -95.00224, 29.78229 ], [ -95.003, 29.78241 ], [ -95.00289, 29.78302 ], [ -95.00584, 29.78351 ], [ -95.00568, 29.78422 ], [ -95.00506, 29.7841 ], [ -95.005, 29.78439 ], [ -95.00642, 29.78462 ], [ -95.00648, 29.78432 ], [ -95.00587, 29.78422 ], [ -95.0059, 29.7841 ], [ -95.00651, 29.7842 ], [ -95.00663, 29.78365 ], [ -95.00831, 29.78395 ], [ -95.0082, 29.78695 ], [ -95.00246, 29.78708 ], [ -95.00258, 29.78603 ] ] ], [ [ [ -95.01285, 29.7627 ], [ -95.01232, 29.76271 ], [ -95.0125, 29.76181 ], [ -95.01285, 29.7627 ] ] ], [ [ [ -95.01319, 29.7627 ], [ -95.01269, 29.76148 ], [ -95.01415, 29.76144 ], [ -95.01418, 29.76268 ], [ -95.01319, 29.7627 ] ] ] ] } },
{ "type": "Feature", "properties": { "name": "Piney Point Village" }, "geometry": { "type": "Polygon", "coordinates": [ [ [ -95.50876, 29.76258 ], [ -95.50894, 29.77767 ], [ -95.51765, 29.7776 ], [ -95.51765, 29.77554 ], [ -95.51776, 29.77344 ], [ -95.52245, 29.77339 ], [ -95.5222, 29.76393 ], [ -95.52282, 29.75475 ], [ -95.5228, 29.75109 ], [ -95.52535, 29.75108 ], [ -95.52579, 29.75132 ], [ -95.52595, 29.75172 ], [ -95.52594, 29.74711 ], [ -95.52617, 29.74676 ], [ -95.52728, 29.74643 ], [ -95.52796, 29.74645 ], [ -95.5286, 29.74593 ], [ -95.52827, 29.74559 ], [ -95.52818, 29.74558 ], [ -95.52816, 29.74543 ], [ -95.52855, 29.7454 ], [ -95.52852, 29.74487 ], [ -95.52821, 29.74478 ], [ -95.52822, 29.74449 ], [ -95.52785, 29.74404 ], [ -95.52765, 29.74388 ], [ -95.52738, 29.7439 ], [ -95.52736, 29.74368 ], [ -95.52711, 29.74357 ], [ -95.52703, 29.74323 ], [ -95.5267, 29.74328 ], [ -95.52676, 29.74307 ], [ -95.52666, 29.74295 ], [ -95.52303, 29.74298 ], [ -95.52302, 29.74218 ], [ -95.52071, 29.7422 ], [ -95.51972, 29.74326 ], [ -95.51898, 29.74328 ], [ -95.51858, 29.74288 ], [ -95.51858, 29.74272 ], [ -95.51836, 29.74259 ], [ -95.51815, 29.74273 ], [ -95.51761, 29.74374 ], [ -95.51733, 29.74381 ], [ -95.51725, 29.7436 ], [ -95.51656, 29.74332 ], [ -95.51641, 29.74336 ], [ -95.51553, 29.74427 ], [ -95.51463, 29.74485 ], [ -95.51434, 29.74494 ], [ -95.51397, 29.74486 ], [ -95.51299, 29.74377 ], [ -95.51295, 29.74388 ], [ -95.51249, 29.74378 ], [ -95.51207, 29.74406 ], [ -95.51219, 29.7445 ], [ -95.51235, 29.7447 ], [ -95.5124, 29.74505 ], [ -95.51209, 29.74563 ], [ -95.51165, 29.74573 ], [ -95.51066, 29.74569 ], [ -95.51034, 29.74575 ], [ -95.50923, 29.74614 ], [ -95.50907, 29.74632 ], [ -95.50832, 29.74608 ], [ -95.50793, 29.74608 ], [ -95.50771, 29.74619 ], [ -95.50679, 29.74706 ], [ -95.50672, 29.74723 ], [ -95.50698, 29.74779 ], [ -95.50805, 29.74796 ], [ -95.50842, 29.74812 ], [ -95.50843, 29.74832 ], [ -95.50801, 29.74869 ], [ -95.50758, 29.74876 ], [ -95.50697, 29.74846 ], [ -95.50657, 29.74835 ], [ -95.50634, 29.74839 ], [ -95.50592, 29.74885 ], [ -95.50556, 29.74993 ], [ -95.50524, 29.75031 ], [ -95.50564, 29.75057 ], [ -95.5066, 29.75078 ], [ -95.50716, 29.75102 ], [ -95.50735, 29.75127 ], [ -95.5073, 29.75164 ], [ -95.50719, 29.75178 ], [ -95.50678, 29.75196 ], [ -95.50611, 29.75198 ], [ -95.50508, 29.7519 ], [ -95.5047, 29.75232 ], [ -95.50446, 29.75369 ], [ -95.50451, 29.75397 ], [ -95.50468, 29.75421 ], [ -95.50558, 29.75455 ], [ -95.50608, 29.75459 ], [ -95.50663, 29.75488 ], [ -95.50682, 29.75519 ], [ -95.50688, 29.75583 ], [ -95.50669, 29.75635 ], [ -95.50641, 29.75643 ], [ -95.50649, 29.76258 ], [ -95.50876, 29.76258 ] ] ] } }
]
}
