{
"type": "FeatureCollection",
"name": "houston-civic_club-overlay",
"crs": { "type": "name", "properties": { "name": "urn:ogc:def:crs:OGC:1.3:CRS84" } },
"xy_coordinate_resolution": 1e-05,
"features": [
{ "type": "Feature", "properties": { "name": "HOUSTON WHISPERING OAK CIVIC CLUB" }, "geometry": { "type": "Polygon", "coordinates": [ [ [ -95.54455, 29.76387 ], [ -95.54488, 29.76233 ], [ -95.54488, 29.75774 ], [ -95.54472, 29.75688 ], [ -95.54414, 29.75572 ], [ -95.54332, 29.75482 ], [ -95.5409, 29.75316 ], [ -95.53993, 29.75214 ], [ -95.53974, 29.75212 ], [ -95.53981, 29.75761 ], [ -95.53997, 29.7576 ], [ -95.54003, 29.76356 ], [ -95.54269, 29.76343 ], [ -95.54385, 29.76362 ], [ -95.54455, 29.76387 ] ] ] } },
{ "type": "Feature", "properties": { "name": "HOLLY TERRACE CIVIC CLUB" }, "geometry": { "type": "Polygon", "coordinates": [ [ [ -95.52272, 29.82538 ], [ -95.52262, 29.82358 ], [ -95.52262, 29.81987 ], [ -95.52357, 29.81745 ], [ -95.52069, 29.81738 ], [ -95.51755, 29.81751 ], [ -95.51769, 29.82554 ], [ -95.52272, 29.82538 ] ] ] } },
{ "type": "Feature", "properties": { "name": "OAK MANOR - UNIVERSITY WOODS CIVIC CLUB" }, "geometry": { "type": "Polygon", "coordinates": [ [ [ -95.35061, 29.71731 ], [ -95.35154, 29.71762 ], [ -95.35166, 29.71727 ], [ -95.35322, 29.71774 ], [ -95.35322, 29.71762 ], [ -95.35177, 29.71722 ], [ -95.35187, 29.71684 ], [ -95.3534, 29.71731 ], [ -95.35618, 29.71034 ], [ -95.35558, 29.71013 ], [ -95.35495, 29.71016 ], [ -95.35378, 29.71054 ], [ -95.35336, 29.7106 ], [ -95.35061, 29.71731 ] ] ] } },
{ "type": "Feature", "properties": { "name": "SPRING SHADOWS TOWNHOUSES ASSOCIATION" }, "geometry": { "type": "Polygon", "coordinates": [ [ [ -95.54131, 29.82688 ], [ -95.54531, 29.82689 ], [ -95.54529, 29.82512 ], [ -95.54129, 29.82513 ], [ -95.54131, 29.82688 ] ] ] } },
{ "type": "Feature", "properties": { "name": "RIVER OAKS PROPERTY OWNERS" }, "geometry": { "type": "Polygon", "coordinates": [ [ [ -95.4366, 29.74168 ], [ -95.43476, 29.74165 ], [ -95.43214, 29.74212 ], [ -95.42995, 29.7422 ], [ -95.42995, 29.74315 ], [ -95.4278, 29.74319 ], [ -95.42779, 29.74359 ], [ -95.42636, 29.74347 ], [ -95.42604, 29.74319 ], [ -95.42495, 29.74319 ], [ -95.42494, 29.74224 ], [ -95.42232, 29.74227 ], [ -95.42232, 29.7479 ], [ -95.4152, 29.74908 ], [ -95.41081, 29.74915 ], [ -95.41087, 29.75507 ], [ -95.41029, 29.75521 ], [ -95.40911, 29.75572 ], [ -95.40877, 29.75595 ], [ -95.40858, 29.75631 ], [ -95.40855, 29.75671 ], [ -95.40879, 29.75944 ], [ -95.40902, 29.76065 ], [ -95.41094, 29.76154 ], [ -95.4116, 29.76193 ], [ -95.41298, 29.76238 ], [ -95.41331, 29.76236 ], [ -95.41318, 29.76085 ], [ -95.41328, 29.76 ], [ -95.41361, 29.76007 ], [ -95.41394, 29.75987 ], [ -95.41431, 29.75985 ], [ -95.41474, 29.7599 ], [ -95.41568, 29.7602 ], [ -95.41599, 29.76017 ], [ -95.41638, 29.75971 ], [ -95.41629, 29.75953 ], [ -95.41692, 29.75855 ], [ -95.41746, 29.75839 ], [ -95.41817, 29.75757 ], [ -95.41856, 29.7576 ], [ -95.41888, 29.75805 ], [ -95.41951, 29.75818 ], [ -95.41955, 29.75824 ], [ -95.41931, 29.75862 ], [ -95.41948, 29.75881 ], [ -95.42025, 29.7593 ], [ -95.42051, 29.75929 ], [ -95.42084, 29.75874 ], [ -95.42133, 29.75826 ], [ -95.42178, 29.75758 ], [ -95.42242, 29.75736 ], [ -95.42234, 29.753 ], [ -95.4244, 29.75236 ], [ -95.4255, 29.75216 ], [ -95.42737, 29.75206 ], [ -95.42852, 29.75214 ], [ -95.43154, 29.75307 ], [ -95.43258, 29.75323 ], [ -95.43386, 29.75329 ], [ -95.43393, 29.75752 ], [ -95.43409, 29.75748 ], [ -95.43429, 29.75763 ], [ -95.43448, 29.75764 ], [ -95.43448, 29.75784 ], [ -95.43537, 29.75799 ], [ -95.43619, 29.75829 ], [ -95.43668, 29.75864 ], [ -95.43717, 29.75882 ], [ -95.43839, 29.75955 ], [ -95.43876, 29.75948 ], [ -95.43894, 29.75933 ], [ -95.43912, 29.7588 ], [ -95.43878, 29.75828 ], [ -95.43865, 29.75822 ], [ -95.43798, 29.75746 ], [ -95.43801, 29.75701 ], [ -95.43832, 29.75688 ], [ -95.43863, 29.75691 ], [ -95.43903, 29.75707 ], [ -95.43957, 29.75709 ], [ -95.44004, 29.75687 ], [ -95.44012, 29.75676 ], [ -95.4401, 29.75628 ], [ -95.44018, 29.75591 ], [ -95.44042, 29.75566 ], [ -95.44104, 29.75528 ], [ -95.44118, 29.75503 ], [ -95.44138, 29.75426 ], [ -95.44175, 29.75388 ], [ -95.44264, 29.75351 ], [ -95.44291, 29.75356 ], [ -95.44349, 29.75393 ], [ -95.4439, 29.75407 ], [ -95.44488, 29.75408 ], [ -95.44616, 29.75387 ], [ -95.4464, 29.75428 ], [ -95.44657, 29.75515 ], [ -95.44794, 29.75588 ], [ -95.44791, 29.75391 ], [ -95.4476, 29.75252 ], [ -95.44751, 29.74758 ], [ -95.44685, 29.74759 ], [ -95.44685, 29.74676 ], [ -95.44179, 29.74683 ], [ -95.43667, 29.74728 ], [ -95.4366, 29.74168 ] ] ] } },
{ "type": "Feature", "properties": { "name": "WILLOW RUN NORTH PLAZA CIVIC CLUB" }, "geometry": { "type": "Polygon", "coordinates": [ [ [ -95.42024, 29.87807 ], [ -95.4139, 29.87812 ], [ -95.42594, 29.89374 ], [ -95.43138, 29.89373 ], [ -95.43126, 29.88544 ], [ -95.42878, 29.88551 ], [ -95.42875, 29.88273 ], [ -95.42033, 29.88283 ], [ -95.42024, 29.87807 ] ] ] } },
{ "type": "Feature", "properties": { "name": "RIDGEGATE COMMUNITY IMPROVEMENT ASSOCIATION" }, "geometry": { "type": "Polygon", "coordinates": [ [ [ -95.47663, 29.59963 ], [ -95.47851, 29.59704 ], [ -95.48042, 29.59498 ], [ -95.48071, 29.59431 ], [ -95.48092, 29.59359 ], [ -95.4811, 29.59248 ], [ -95.48116, 29.59166 ], [ -95.48105, 29.59016 ], [ -95.48038, 29.59024 ], [ -95.47946, 29.59048 ], [ -95.47728, 29.59139 ], [ -95.47612, 29.59162 ], [ -95.47546, 29.59164 ], [ -95.47443, 29.59157 ], [ -95.47273, 29.59121 ], [ -95.47105, 29.59101 ], [ -95.46957, 29.5905 ], [ -95.46654, 29.59655 ], [ -95.47627, 29.60028 ], [ -95.47663, 29.59963 ] ] ] } },
{ "type": "Feature", "properties": { "name": "PINEMOUNT PLAZA CIVIC CLUB" }, "geometry": { "type": "Polygon", "coordinates": [ [ [ -95.4482, 29.84657 ], [ -95.45492, 29.84645 ], [ -95.45735, 29.84597 ], [ -95.45864, 29.84596 ], [ -95.45863, 29.84517 ], [ -95.45805, 29.84304 ], [ -95.45801, 29.8423 ], [ -95.45785, 29.84166 ], [ -95.45786, 29.84102 ], [ -95.44188, 29.8411 ], [ -95.44194, 29.84408 ], [ -95.44208, 29.84465 ], [ -95.44264, 29.84582 ], [ -95.44273, 29.84625 ], [ -95.44274, 29.84689 ], [ -95.44533, 29.84683 ], [ -95.4482, 29.84657 ] ] ] } },
{ "type": "Feature", "properties": { "name": "PINE SHADOWS CIVIC ASSOCIATION" }, "geometry": { "type": "Polygon", "coordinates": [ [ [ -95.48953, 29.75807 ], [ -95.48543, 29.75866 ], [ -95.48454, 29.75894 ], [ -95.48313, 29.76009 ], [ -95.47968, 29.76324 ], [ -95.47917, 29.76356 ], [ -95.47866, 29.76375 ], [ -95.47222, 29.76388 ], [ -95.47175, 29.7638 ], [ -95.47088, 29.7634 ], [ -95.47014, 29.76325 ], [ -95.46826, 29.76317 ], [ -95.46772, 29.76291 ], [ -95.4677, 29.76955 ], [ -95.4679, 29.76973 ], [ -95.46815, 29.77045 ], [ -95.46832, 29.77063 ], [ -95.46852, 29.77069 ], [ -95.46995, 29.77034 ], [ -95.47057, 29.77029 ], [ -95.471, 29.77037 ], [ -95.47159, 29.77036 ], [ -95.47161, 29.77048 ], [ -95.47208, 29.77049 ], [ -95.47233, 29.7706 ], [ -95.47242, 29.77072 ], [ -95.4725, 29.77119 ], [ -95.47285, 29.77198 ], [ -95.47317, 29.77234 ], [ -95.47345, 29.77247 ], [ -95.47425, 29.77238 ], [ -95.47512, 29.77249 ], [ -95.47534, 29.77222 ], [ -95.4755, 29.77175 ], [ -95.47575, 29.77137 ], [ -95.47625, 29.77114 ], [ -95.47644, 29.77115 ], [ -95.47643, 29.77109 ], [ -95.47662, 29.77112 ], [ -95.47673, 29.77122 ], [ -95.47694, 29.77191 ], [ -95.47765, 29.77276 ], [ -95.47792, 29.77284 ], [ -95.47825, 29.77283 ], [ -95.47825, 29.77273 ], [ -95.47847, 29.77259 ], [ -95.47858, 29.77277 ], [ -95.47886, 29.77295 ], [ -95.47925, 29.77303 ], [ -95.48031, 29.773 ], [ -95.48105, 29.77278 ], [ -95.48139, 29.77246 ], [ -95.48174, 29.77145 ], [ -95.48154, 29.77081 ], [ -95.48144, 29.77081 ], [ -95.48146, 29.7706 ], [ -95.48156, 29.77047 ], [ -95.48155, 29.76904 ], [ -95.48262, 29.76894 ], [ -95.48427, 29.76749 ], [ -95.48514, 29.767 ], [ -95.48604, 29.76628 ], [ -95.48664, 29.76522 ], [ -95.48694, 29.76443 ], [ -95.48687, 29.76105 ], [ -95.49163, 29.75957 ], [ -95.49336, 29.76047 ], [ -95.49541, 29.76078 ], [ -95.49546, 29.75637 ], [ -95.48953, 29.75807 ] ] ] } },
{ "type": "Feature", "properties": { "name": "SPRING SHADOWS CIVIC ASSOCIATION" }, "geometry": { "type": "Polygon", "coordinates": [ [ [ -95.55157, 29.81788 ], [ -95.55164, 29.82069 ], [ -95.54528, 29.82081 ], [ -95.54524, 29.81271 ], [ -95.53976, 29.81281 ], [ -95.53807, 29.81229 ], [ -95.53666, 29.81154 ], [ -95.53473, 29.80993 ], [ -95.5329, 29.80935 ], [ -95.53132, 29.80937 ], [ -95.53138, 29.81576 ], [ -95.53391, 29.81576 ], [ -95.53375, 29.8202 ], [ -95.53377, 29.822 ], [ -95.53514, 29.82195 ], [ -95.53751, 29.82266 ], [ -95.53894, 29.82282 ], [ -95.54524, 29.8228 ], [ -95.54533, 29.8323 ], [ -95.54623, 29.8322 ], [ -95.55253, 29.83224 ], [ -95.55698, 29.83212 ], [ -95.55689, 29.8262 ], [ -95.55699, 29.82555 ], [ -95.55685, 29.82216 ], [ -95.55695, 29.82148 ], [ -95.55694, 29.81908 ], [ -95.55515, 29.8191 ], [ -95.55515, 29.81781 ], [ -95.55157, 29.81788 ] ] ] } },
{ "type": "Feature", "properties": { "name": "WOODS ON MEMORIAL HOME OWNERS ASSOCIATION" }, "geometry": { "type": "Polygon", "coordinates": [ [ [ -95.61859, 29.77487 ], [ -95.61929, 29.77394 ], [ -95.61925, 29.77368 ], [ -95.619, 29.77334 ], [ -95.61735, 29.77335 ], [ -95.61735, 29.77422 ], [ -95.61586, 29.77422 ], [ -95.61614, 29.7749 ], [ -95.61859, 29.77487 ] ] ] } },
{ "type": "Feature", "properties": { "name": "BROOKWOODS ESTATES CIVIC CLUB" }, "geometry": { "type": "Polygon", "coordinates": [ [ [ -95.4425, 29.81323 ], [ -95.44325, 29.81315 ], [ -95.45921, 29.81302 ], [ -95.45904, 29.81148 ], [ -95.45906, 29.8107 ], [ -95.4416, 29.81077 ], [ -95.44219, 29.81199 ], [ -95.4425, 29.81323 ] ] ] } },
{ "type": "Feature", "properties": { "name": "CONCERNED CITIZENS OF MAYFAIR PARK II" }, "geometry": { "type": "Polygon", "coordinates": [ [ [ -95.46476, 29.60579 ], [ -95.47651, 29.60563 ], [ -95.47651, 29.60543 ], [ -95.46479, 29.60012 ], [ -95.46458, 29.6006 ], [ -95.46444, 29.60166 ], [ -95.46451, 29.60343 ], [ -95.4647, 29.60454 ], [ -95.46476, 29.60579 ] ] ] } },
{ "type": "Feature", "properties": { "name": "CHARNWOOD CIVIC ASSOCIATION" }, "geometry": { "type": "Polygon", "coordinates": [ [ [ -95.5031, 29.74938 ], [ -95.50412, 29.74746 ], [ -95.50453, 29.74691 ], [ -95.50426, 29.74637 ], [ -95.50399, 29.74628 ], [ -95.50104, 29.74632 ], [ -95.50108, 29.7493 ], [ -95.50297, 29.74939 ], [ -95.5031, 29.74938 ] ] ] } },
{ "type": "Feature", "properties": { "name": "ELLA LEE FOREST HOA" }, "geometry": { "type": "Polygon", "coordinates": [ [ [ -95.42886, 29.84014 ], [ -95.44051, 29.84013 ], [ -95.44051, 29.83848 ], [ -95.42928, 29.83851 ], [ -95.42901, 29.83899 ], [ -95.42888, 29.83944 ], [ -95.42886, 29.84014 ] ] ] } },
{ "type": "Feature", "properties": { "name": "GLENWOOD FOREST CIVIC CLUB" }, "geometry": { "type": "Polygon", "coordinates": [ [ [ -95.28244, 29.8539 ], [ -95.28378, 29.85127 ], [ -95.28067, 29.85006 ], [ -95.27951, 29.84983 ], [ -95.26244, 29.85006 ], [ -95.26242, 29.85742 ], [ -95.26255, 29.87207 ], [ -95.26822, 29.87195 ], [ -95.28147, 29.85899 ], [ -95.28148, 29.85744 ], [ -95.28185, 29.85547 ], [ -95.28244, 29.8539 ] ] ] } },
{ "type": "Feature", "properties": { "name": "BRIARGATE COMMUNITY IMPROVEMENT ASSOCIATION" }, "geometry": { "type": "Polygon", "coordinates": [ [ [ -95.50099, 29.60323 ], [ -95.50513, 29.59644 ], [ -95.50399, 29.59563 ], [ -95.50369, 29.59533 ], [ -95.50317, 29.59453 ], [ -95.50266, 29.59323 ], [ -95.5024, 29.59173 ], [ -95.48299, 29.59198 ], [ -95.48181, 29.59399 ], [ -95.48131, 29.5954 ], [ -95.4812, 29.59623 ], [ -95.48124, 29.59707 ], [ -95.48138, 29.59781 ], [ -95.48187, 29.59913 ], [ -95.48238, 29.59984 ], [ -95.48277, 29.60028 ], [ -95.48325, 29.59995 ], [ -95.48388, 29.60091 ], [ -95.48437, 29.60231 ], [ -95.48448, 29.60378 ], [ -95.4965, 29.60357 ], [ -95.49648, 29.60326 ], [ -95.4959, 29.60223 ], [ -95.49641, 29.60214 ], [ -95.49845, 29.60217 ], [ -95.50099, 29.60323 ] ] ] } },
{ "type": "Feature", "properties": { "name": "BRAESMONT CIVIC CLUB" }, "geometry": { "type": "Polygon", "coordinates": [ [ [ -95.47942, 29.69105 ], [ -95.4793, 29.68283 ], [ -95.47698, 29.68284 ], [ -95.47705, 29.68679 ], [ -95.47679, 29.68813 ], [ -95.47628, 29.68973 ], [ -95.47618, 29.6911 ], [ -95.47942, 29.69105 ] ] ] } },
{ "type": "Feature", "properties": { "name": "NORTHFIELD SECTION THREE PROPERTY OWNERS" }, "geometry": { "type": "Polygon", "coordinates": [ [ [ -95.50855, 29.66565 ], [ -95.52151, 29.66551 ], [ -95.52143, 29.65968 ], [ -95.50845, 29.65986 ], [ -95.50855, 29.66565 ] ] ] } },
{ "type": "Feature", "properties": { "name": "AUTUMN OAKS CIVIC CLUB, INC." }, "geometry": { "type": "Polygon", "coordinates": [ [ [ -95.56982, 29.78437 ], [ -95.56979, 29.78115 ], [ -95.56794, 29.78119 ], [ -95.5673, 29.78151 ], [ -95.56689, 29.782 ], [ -95.56672, 29.78252 ], [ -95.56668, 29.78437 ], [ -95.56982, 29.78437 ] ] ] } },
{ "type": "Feature", "properties": { "name": "HOUSTON HEIGHTS ASSOCIATION" }, "geometry": { "type": "Polygon", "coordinates": [ [ [ -95.41035, 29.8128 ], [ -95.40976, 29.78393 ], [ -95.4096, 29.78273 ], [ -95.40923, 29.78186 ], [ -95.40915, 29.78146 ], [ -95.40918, 29.78093 ], [ -95.40946, 29.78001 ], [ -95.40944, 29.77972 ], [ -95.40874, 29.77956 ], [ -95.40817, 29.77966 ], [ -95.40785, 29.7799 ], [ -95.40734, 29.78051 ], [ -95.40656, 29.7808 ], [ -95.40611, 29.78084 ], [ -95.40555, 29.78074 ], [ -95.40521, 29.78044 ], [ -95.40495, 29.77981 ], [ -95.4045, 29.7793 ], [ -95.40412, 29.77915 ], [ -95.40193, 29.77919 ], [ -95.40143, 29.77913 ], [ -95.40109, 29.7789 ], [ -95.40085, 29.77871 ], [ -95.4007, 29.77846 ], [ -95.40037, 29.77706 ], [ -95.39975, 29.77654 ], [ -95.39926, 29.7765 ], [ -95.39561, 29.7767 ], [ -95.38827, 29.77688 ], [ -95.3874, 29.77811 ], [ -95.38714, 29.77876 ], [ -95.38704, 29.77956 ], [ -95.3872, 29.78034 ], [ -95.38768, 29.78161 ], [ -95.38806, 29.80406 ], [ -95.39162, 29.81395 ], [ -95.39346, 29.81392 ], [ -95.39711, 29.81306 ], [ -95.39791, 29.81301 ], [ -95.39944, 29.81292 ], [ -95.41035, 29.8128 ] ] ] } },
{ "type": "Feature", "properties": { "name": "PINEY POINT ESTATES HOMEOWNERS ASSOCIATION" }, "geometry": { "type": "Polygon", "coordinates": [ [ [ -95.52313, 29.74209 ], [ -95.52313, 29.74225 ], [ -95.52381, 29.74205 ], [ -95.52637, 29.74195 ], [ -95.52627, 29.74206 ], [ -95.5265, 29.7421 ], [ -95.52624, 29.74221 ], [ -95.52624, 29.74243 ], [ -95.52675, 29.74264 ], [ -95.52677, 29.74275 ], [ -95.52666, 29.74286 ], [ -95.52678, 29.74299 ], [ -95.52675, 29.74323 ], [ -95.52701, 29.74323 ], [ -95.52706, 29.74348 ], [ -95.5274, 29.74362 ], [ -95.52733, 29.74377 ], [ -95.52744, 29.74383 ], [ -95.5276, 29.7438 ], [ -95.52765, 29.74403 ], [ -95.52782, 29.7441 ], [ -95.52824, 29.74463 ], [ -95.52851, 29.74484 ], [ -95.52857, 29.74502 ], [ -95.52852, 29.74538 ], [ -95.52815, 29.74541 ], [ -95.52817, 29.74556 ], [ -95.52827, 29.74558 ], [ -95.52858, 29.74591 ], [ -95.52845, 29.74603 ], [ -95.52938, 29.74578 ], [ -95.52946, 29.74568 ], [ -95.52996, 29.746 ], [ -95.53005, 29.74615 ], [ -95.52997, 29.74701 ], [ -95.53068, 29.74699 ], [ -95.5306, 29.74136 ], [ -95.53034, 29.74135 ], [ -95.5303, 29.73728 ], [ -95.5212, 29.73738 ], [ -95.52143, 29.74207 ], [ -95.52313, 29.74209 ] ] ] } },
{ "type": "Feature", "properties": { "name": "EASTHAVEN CIVIC CLUB INC." }, "geometry": { "type": "Polygon", "coordinates": [ [ [ -95.24277, 29.64045 ], [ -95.24435, 29.64204 ], [ -95.24572, 29.64392 ], [ -95.25141, 29.65263 ], [ -95.25287, 29.65225 ], [ -95.25365, 29.65216 ], [ -95.2672, 29.65193 ], [ -95.26676, 29.62646 ], [ -95.2385, 29.62757 ], [ -95.23087, 29.62768 ], [ -95.2304, 29.62772 ], [ -95.23026, 29.62781 ], [ -95.23, 29.62822 ], [ -95.23014, 29.6287 ], [ -95.23036, 29.62905 ], [ -95.24277, 29.64045 ] ] ] } },
{ "type": "Feature", "properties": { "name": "BAY OAKS COMMUNITY ASSOCIATION" }, "geometry": { "type": "Polygon", "coordinates": [ [ [ -95.11872, 29.5839 ], [ -95.11961, 29.58406 ], [ -95.12079, 29.58471 ], [ -95.12169, 29.58467 ], [ -95.12234, 29.5849 ], [ -95.12278, 29.58543 ], [ -95.12363, 29.58693 ], [ -95.12383, 29.58712 ], [ -95.12417, 29.58727 ], [ -95.12515, 29.58748 ], [ -95.12591, 29.58788 ], [ -95.12618, 29.58813 ], [ -95.12644, 29.58853 ], [ -95.12673, 29.58971 ], [ -95.12943, 29.59233 ], [ -95.1297, 29.59287 ], [ -95.12975, 29.59343 ], [ -95.12991, 29.59367 ], [ -95.13025, 29.59391 ], [ -95.13063, 29.59397 ], [ -95.13131, 29.59388 ], [ -95.1321, 29.59393 ], [ -95.13458, 29.59483 ], [ -95.13581, 29.59498 ], [ -95.13621, 29.59411 ], [ -95.13686, 29.5932 ], [ -95.13808, 29.59205 ], [ -95.13721, 29.59117 ], [ -95.13546, 29.58967 ], [ -95.13498, 29.58911 ], [ -95.13399, 29.58739 ], [ -95.13328, 29.58646 ], [ -95.13145, 29.58501 ], [ -95.12698, 29.58023 ], [ -95.1263, 29.5796 ], [ -95.12543, 29.579 ], [ -95.12357, 29.57814 ], [ -95.12202, 29.5775 ], [ -95.11988, 29.58141 ], [ -95.11872, 29.5839 ] ] ] } },
{ "type": "Feature", "properties": { "name": "LAMAR TOWERS" }, "geometry": { "type": "Polygon", "coordinates": [ [ [ -95.42985, 29.73982 ], [ -95.42982, 29.73844 ], [ -95.42889, 29.73846 ], [ -95.42892, 29.73984 ], [ -95.42985, 29.73982 ] ] ] } },
{ "type": "Feature", "properties": { "name": "LINCOLN CITY CIVIC CLUB" }, "geometry": { "type": "Polygon", "coordinates": [ [ [ -95.42016, 29.87528 ], [ -95.42033, 29.88283 ], [ -95.42875, 29.88273 ], [ -95.42865, 29.87508 ], [ -95.42972, 29.87508 ], [ -95.42957, 29.86576 ], [ -95.42954, 29.86476 ], [ -95.42821, 29.86359 ], [ -95.4148, 29.86843 ], [ -95.41495, 29.87524 ], [ -95.41847, 29.87518 ], [ -95.41849, 29.87528 ], [ -95.42016, 29.87528 ] ] ] } },
{ "type": "Feature", "properties": { "name": "MEMORIAL FOREST CIVIC CLUB" }, "geometry": { "type": "Polygon", "coordinates": [ [ [ -95.54221, 29.77725 ], [ -95.54217, 29.77522 ], [ -95.54446, 29.77562 ], [ -95.54441, 29.77061 ], [ -95.54455, 29.76857 ], [ -95.54221, 29.7683 ], [ -95.54208, 29.76342 ], [ -95.54002, 29.76359 ], [ -95.54005, 29.77015 ], [ -95.53989, 29.77232 ], [ -95.54012, 29.77707 ], [ -95.54221, 29.77725 ] ] ] } },
{ "type": "Feature", "properties": { "name": "BRIARHILLS POA AND HOA" }, "geometry": { "type": "Polygon", "coordinates": [ [ [ -95.6344, 29.75603 ], [ -95.63448, 29.7665 ], [ -95.63151, 29.76651 ], [ -95.63155, 29.76791 ], [ -95.62837, 29.76793 ], [ -95.6282, 29.77294 ], [ -95.6325, 29.77308 ], [ -95.63291, 29.77279 ], [ -95.63354, 29.77028 ], [ -95.64016, 29.7683 ], [ -95.64324, 29.76882 ], [ -95.64357, 29.76734 ], [ -95.64287, 29.76729 ], [ -95.64301, 29.76804 ], [ -95.64196, 29.76796 ], [ -95.64204, 29.76731 ], [ -95.64091, 29.76729 ], [ -95.6409, 29.76769 ], [ -95.63774, 29.76768 ], [ -95.63762, 29.75601 ], [ -95.6344, 29.75603 ] ] ] } },
{ "type": "Feature", "properties": { "name": "GREENWAY PLAZA IMPROVEMENTS ASSOCIATION" }, "geometry": { "type": "Polygon", "coordinates": [ [ [ -95.43329, 29.73286 ], [ -95.43327, 29.72989 ], [ -95.43314, 29.72969 ], [ -95.43303, 29.72965 ], [ -95.43188, 29.72978 ], [ -95.42853, 29.73033 ], [ -95.42841, 29.73048 ], [ -95.42906, 29.73283 ], [ -95.42931, 29.73353 ], [ -95.42944, 29.73369 ], [ -95.43019, 29.73364 ], [ -95.431, 29.73347 ], [ -95.43329, 29.73286 ] ] ] } },
{ "type": "Feature", "properties": { "name": "COLE CREEK MANOR CIVIC CLUB" }, "geometry": { "type": "Polygon", "coordinates": [ [ [ -95.49854, 29.85316 ], [ -95.4983, 29.85269 ], [ -95.49825, 29.85117 ], [ -95.49216, 29.85118 ], [ -95.49214, 29.85222 ], [ -95.49258, 29.8525 ], [ -95.49333, 29.85277 ], [ -95.49444, 29.8528 ], [ -95.49503, 29.85299 ], [ -95.49641, 29.85381 ], [ -95.49695, 29.85384 ], [ -95.49854, 29.85316 ] ] ] } },
{ "type": "Feature", "properties": { "name": "LEISURE PLACE COMMUNITY IMPROVEMENT ASSOCIATION" }, "geometry": { "type": "Polygon", "coordinates": [ [ [ -95.57624, 29.75724 ], [ -95.57608, 29.75662 ], [ -95.57569, 29.75593 ], [ -95.57387, 29.75397 ], [ -95.57391, 29.75726 ], [ -95.57624, 29.75724 ] ] ] } },
{ "type": "Feature", "properties": { "name": "HUNTINGTON VILLAGE COMMUNITY ASSOCIATION" }, "geometry": { "type": "Polygon", "coordinates": [ [ [ -95.59435, 29.67572 ], [ -95.60829, 29.67967 ], [ -95.60998, 29.67531 ], [ -95.614, 29.66561 ], [ -95.60134, 29.66176 ], [ -95.60132, 29.6608 ], [ -95.59789, 29.6606 ], [ -95.59713, 29.66049 ], [ -95.59116, 29.67548 ], [ -95.59435, 29.67572 ] ] ] } },
{ "type": "Feature", "properties": { "name": "EDGEWOOD TERRACE CIVIC ASSOCIATION" }, "geometry": { "type": "Polygon", "coordinates": [ [ [ -95.33639, 29.6612 ], [ -95.33636, 29.6596 ], [ -95.33593, 29.6596 ], [ -95.33596, 29.65878 ], [ -95.33576, 29.65852 ], [ -95.33569, 29.65579 ], [ -95.32875, 29.65592 ], [ -95.32881, 29.65714 ], [ -95.32857, 29.65715 ], [ -95.32857, 29.65775 ], [ -95.32876, 29.65774 ], [ -95.32864, 29.66014 ], [ -95.32866, 29.66136 ], [ -95.33639, 29.6612 ] ] ] } },
{ "type": "Feature", "properties": { "name": "PARK CIVIC CLUB" }, "geometry": { "type": "Polygon", "coordinates": [ [ [ -95.40603, 29.75229 ], [ -95.40587, 29.74281 ], [ -95.40218, 29.74286 ], [ -95.40225, 29.74831 ], [ -95.40144, 29.74831 ], [ -95.40149, 29.75237 ], [ -95.40603, 29.75229 ] ] ] } },
{ "type": "Feature", "properties": { "name": "EAST LAWNDALE CIVIC ASSOCIATION" }, "geometry": { "type": "Polygon", "coordinates": [ [ [ -95.30601, 29.72025 ], [ -95.30804, 29.71922 ], [ -95.30831, 29.71886 ], [ -95.30839, 29.71834 ], [ -95.30836, 29.71808 ], [ -95.30743, 29.71789 ], [ -95.30718, 29.71761 ], [ -95.30703, 29.71647 ], [ -95.30703, 29.71574 ], [ -95.30713, 29.71544 ], [ -95.30815, 29.71474 ], [ -95.30913, 29.71312 ], [ -95.31029, 29.71177 ], [ -95.30544, 29.70855 ], [ -95.30388, 29.70934 ], [ -95.29065, 29.71675 ], [ -95.28839, 29.71794 ], [ -95.28855, 29.72307 ], [ -95.2886, 29.72316 ], [ -95.28878, 29.72303 ], [ -95.28964, 29.72311 ], [ -95.29006, 29.72323 ], [ -95.2904, 29.72342 ], [ -95.29069, 29.72371 ], [ -95.29137, 29.7256 ], [ -95.29189, 29.72589 ], [ -95.29338, 29.7263 ], [ -95.29382, 29.72659 ], [ -95.29404, 29.72682 ], [ -95.29427, 29.72734 ], [ -95.2945, 29.72759 ], [ -95.29483, 29.72778 ], [ -95.29508, 29.7278 ], [ -95.29726, 29.72737 ], [ -95.29778, 29.72737 ], [ -95.29814, 29.72744 ], [ -95.30021, 29.72825 ], [ -95.30127, 29.72845 ], [ -95.30184, 29.72873 ], [ -95.30202, 29.72894 ], [ -95.30216, 29.72938 ], [ -95.30249, 29.7298 ], [ -95.30267, 29.72986 ], [ -95.30289, 29.72985 ], [ -95.3031, 29.72972 ], [ -95.30352, 29.72927 ], [ -95.30371, 29.72879 ], [ -95.30384, 29.72808 ], [ -95.30402, 29.72768 ], [ -95.30438, 29.72735 ], [ -95.30513, 29.72712 ], [ -95.30531, 29.72686 ], [ -95.3053, 29.72662 ], [ -95.30486, 29.72582 ], [ -95.30483, 29.72532 ], [ -95.30503, 29.72455 ], [ -95.30506, 29.72415 ], [ -95.30479, 29.72273 ], [ -95.30487, 29.72235 ], [ -95.30465, 29.72224 ], [ -95.30483, 29.72194 ], [ -95.30489, 29.72155 ], [ -95.3054, 29.72064 ], [ -95.30601, 29.72025 ] ] ] } },
{ "type": "Feature", "properties": { "name": "FREEWAY MANOR CIVIC CLUB" }, "geometry": { "type": "MultiPolygon", "coordinates": [ [ [ [ -95.24674, 29.652 ], [ -95.24657, 29.65051 ], [ -95.24652, 29.64742 ], [ -95.24657, 29.64589 ], [ -95.24628, 29.64548 ], [ -95.24459, 29.64572 ], [ -95.23919, 29.64585 ], [ -95.23904, 29.64549 ], [ -95.23858, 29.64549 ], [ -95.23854, 29.64371 ], [ -95.23579, 29.64496 ], [ -95.23439, 29.64531 ], [ -95.23318, 29.64542 ], [ -95.23325, 29.64224 ], [ -95.22948, 29.64216 ], [ -95.22398, 29.64232 ], [ -95.21939, 29.64233 ], [ -95.21943, 29.64596 ], [ -95.21966, 29.6462 ], [ -95.22029, 29.64588 ], [ -95.22267, 29.64583 ], [ -95.2228, 29.64651 ], [ -95.22328, 29.64638 ], [ -95.22331, 29.64984 ], [ -95.22591, 29.65278 ], [ -95.23383, 29.65256 ], [ -95.23933, 29.65252 ], [ -95.23934, 29.65236 ], [ -95.23997, 29.65235 ], [ -95.23997, 29.65213 ], [ -95.24674, 29.652 ] ] ], [ [ [ -95.24678, 29.65233 ], [ -95.24677, 29.652 ], [ -95.24674, 29.652 ], [ -95.24678, 29.65233 ] ] ] ] } },
{ "type": "Feature", "properties": { "name": "HUNTINGTON NEIGHBORHOOD COUNCIL" }, "geometry": { "type": "Polygon", "coordinates": [ [ [ -95.3355, 29.81978 ], [ -95.34951, 29.8196 ], [ -95.35038, 29.81929 ], [ -95.35102, 29.81877 ], [ -95.35138, 29.81797 ], [ -95.35138, 29.81739 ], [ -95.35037, 29.81346 ], [ -95.34927, 29.81346 ], [ -95.34922, 29.81314 ], [ -95.3353, 29.81335 ], [ -95.33522, 29.81452 ], [ -95.33523, 29.81747 ], [ -95.3355, 29.81978 ] ] ] } },
{ "type": "Feature", "properties": { "name": "MELROSE CIVIC CLUB" }, "geometry": { "type": "Polygon", "coordinates": [ [ [ -95.36158, 29.83764 ], [ -95.37604, 29.83758 ], [ -95.37746, 29.83734 ], [ -95.38393, 29.83726 ], [ -95.38485, 29.83729 ], [ -95.38602, 29.83804 ], [ -95.38631, 29.83814 ], [ -95.38689, 29.8381 ], [ -95.38767, 29.83775 ], [ -95.38585, 29.83502 ], [ -95.38209, 29.83032 ], [ -95.38107, 29.82867 ], [ -95.38082, 29.8279 ], [ -95.37996, 29.82413 ], [ -95.37974, 29.82345 ], [ -95.37811, 29.81954 ], [ -95.35554, 29.81982 ], [ -95.356, 29.82146 ], [ -95.35599, 29.82205 ], [ -95.35559, 29.82378 ], [ -95.35456, 29.82724 ], [ -95.35449, 29.82762 ], [ -95.35452, 29.82806 ], [ -95.35691, 29.83759 ], [ -95.36158, 29.83764 ] ] ] } },
{ "type": "Feature", "properties": { "name": "MONARCH OAKS CIVIC ASSN" }, "geometry": { "type": "Polygon", "coordinates": [ [ [ -95.4849, 29.79494 ], [ -95.48481, 29.80288 ], [ -95.49321, 29.80304 ], [ -95.49319, 29.79491 ], [ -95.4849, 29.79494 ] ] ] } },
{ "type": "Feature", "properties": { "name": "MANDELL PLACE CIVIC ASSOCIATION" }, "geometry": { "type": "Polygon", "coordinates": [ [ [ -95.40199, 29.74269 ], [ -95.40191, 29.73874 ], [ -95.39758, 29.7388 ], [ -95.39764, 29.74273 ], [ -95.40199, 29.74269 ] ] ] } },
{ "type": "Feature", "properties": { "name": "SPRINGWOODS CIVIC ASSOCIATION" }, "geometry": { "type": "Polygon", "coordinates": [ [ [ -95.55272, 29.8045 ], [ -95.54515, 29.80454 ], [ -95.5452, 29.80926 ], [ -95.54702, 29.80915 ], [ -95.55389, 29.80913 ], [ -95.55398, 29.80493 ], [ -95.55279, 29.80495 ], [ -95.55272, 29.8045 ] ] ] } },
{ "type": "Feature", "properties": { "name": "NEWCASTLE HOMEOWNERS ASSOCIATION" }, "geometry": { "type": "Polygon", "coordinates": [ [ [ -95.45366, 29.72817 ], [ -95.45365, 29.72686 ], [ -95.45173, 29.72702 ], [ -95.45153, 29.7276 ], [ -95.45147, 29.72824 ], [ -95.45366, 29.72817 ] ] ] } },
{ "type": "Feature", "properties": { "name": "SPRING BRANCH ESTATES II" }, "geometry": { "type": "Polygon", "coordinates": [ [ [ -95.51925, 29.80993 ], [ -95.51402, 29.81084 ], [ -95.51417, 29.81422 ], [ -95.50968, 29.81433 ], [ -95.50959, 29.81611 ], [ -95.51226, 29.81617 ], [ -95.52199, 29.81607 ], [ -95.51925, 29.80993 ] ] ] } },
{ "type": "Feature", "properties": { "name": "BRENTWOOD CIVIC CLUB" }, "geometry": { "type": "Polygon", "coordinates": [ [ [ -95.41485, 29.71029 ], [ -95.41834, 29.71025 ], [ -95.41829, 29.70792 ], [ -95.41481, 29.70796 ], [ -95.41485, 29.71029 ] ] ] } },
{ "type": "Feature", "properties": { "name": "PARKCREST BECHAM PLACE CIVIC ASSOCIATION" }, "geometry": { "type": "Polygon", "coordinates": [ [ [ -95.55395, 29.8049 ], [ -95.55394, 29.80081 ], [ -95.54938, 29.80091 ], [ -95.54942, 29.80452 ], [ -95.55278, 29.8045 ], [ -95.55277, 29.8049 ], [ -95.55395, 29.8049 ] ] ] } },
{ "type": "Feature", "properties": { "name": "VASSAR PLACE CIVIC CLUB" }, "geometry": { "type": "Polygon", "coordinates": [ [ [ -95.3995, 29.73129 ], [ -95.3995, 29.73006 ], [ -95.39469, 29.73012 ], [ -95.39472, 29.7316 ], [ -95.3995, 29.73129 ] ] ] } },
{ "type": "Feature", "properties": { "name": "BONITA GARDENS CIVIC ASSOCIATION" }, "geometry": { "type": "Polygon", "coordinates": [ [ [ -95.32747, 29.82921 ], [ -95.33138, 29.82922 ], [ -95.33437, 29.82209 ], [ -95.32738, 29.82218 ], [ -95.32747, 29.82921 ] ] ] } },
{ "type": "Feature", "properties": { "name": "AVALON PLACE" }, "geometry": { "type": "Polygon", "coordinates": [ [ [ -95.42231, 29.74619 ], [ -95.42232, 29.74266 ], [ -95.42158, 29.74268 ], [ -95.42002, 29.74292 ], [ -95.41864, 29.74334 ], [ -95.41564, 29.74338 ], [ -95.41516, 29.74332 ], [ -95.41521, 29.7472 ], [ -95.41563, 29.74715 ], [ -95.41668, 29.74684 ], [ -95.41758, 29.74685 ], [ -95.41758, 29.74654 ], [ -95.41866, 29.74679 ], [ -95.41942, 29.74677 ], [ -95.42024, 29.74661 ], [ -95.42123, 29.7463 ], [ -95.42231, 29.74619 ] ] ] } },
{ "type": "Feature", "properties": { "name": "IMPERIAL POINT COMMUNITY IMPROVEMENT ASSOCIATION" }, "geometry": { "type": "Polygon", "coordinates": [ [ [ -95.57466, 29.68805 ], [ -95.57545, 29.70023 ], [ -95.58184, 29.70015 ], [ -95.58162, 29.68887 ], [ -95.57719, 29.68811 ], [ -95.57609, 29.68817 ], [ -95.57466, 29.68805 ] ] ] } },
{ "type": "Feature", "properties": { "name": "CLIFFSIDE CIVIC CLUB" }, "geometry": { "type": "Polygon", "coordinates": [ [ [ -95.39423, 29.85729 ], [ -95.39104, 29.85732 ], [ -95.39109, 29.85967 ], [ -95.39426, 29.85968 ], [ -95.39423, 29.85729 ] ] ] } },
{ "type": "Feature", "properties": { "name": "INSTITUTE LANE HOA" }, "geometry": { "type": "MultiPolygon", "coordinates": [ [ [ [ -95.3996, 29.7256 ], [ -95.3996, 29.72379 ], [ -95.39949, 29.72301 ], [ -95.39922, 29.72274 ], [ -95.39715, 29.72272 ], [ -95.39381, 29.72071 ], [ -95.38982, 29.7258 ], [ -95.39025, 29.72598 ], [ -95.3909, 29.72607 ], [ -95.39347, 29.72609 ], [ -95.39448, 29.72604 ], [ -95.39446, 29.72581 ], [ -95.39458, 29.72564 ], [ -95.3996, 29.7256 ] ] ], [ [ [ -95.3996, 29.72562 ], [ -95.39962, 29.7256 ], [ -95.3996, 29.7256 ], [ -95.3996, 29.72562 ] ] ] ] } },
{ "type": "Feature", "properties": { "name": "WINDEMEME CIVIC ASSOCIATION" }, "geometry": { "type": "Polygon", "coordinates": [ [ [ -95.41479, 29.70618 ], [ -95.4126, 29.7062 ], [ -95.41268, 29.71513 ], [ -95.41491, 29.7151 ], [ -95.41479, 29.70618 ] ] ] } },
{ "type": "Feature", "properties": { "name": "276 COMMUNITY CLUB, INC" }, "geometry": { "type": "Polygon", "coordinates": [ [ [ -95.33719, 29.66634 ], [ -95.3453, 29.66619 ], [ -95.34631, 29.6664 ], [ -95.34736, 29.66672 ], [ -95.34849, 29.66686 ], [ -95.34893, 29.66512 ], [ -95.349, 29.66427 ], [ -95.3489, 29.65851 ], [ -95.33653, 29.65862 ], [ -95.33661, 29.66162 ], [ -95.33713, 29.66374 ], [ -95.33719, 29.66634 ] ] ] } },
{ "type": "Feature", "properties": { "name": "CENTRAL CITY CIVIC CLUB" }, "geometry": { "type": "Polygon", "coordinates": [ [ [ -95.37507, 29.70111 ], [ -95.37485, 29.70167 ], [ -95.3816, 29.70384 ], [ -95.38257, 29.70433 ], [ -95.38398, 29.70533 ], [ -95.3846, 29.70565 ], [ -95.38691, 29.69888 ], [ -95.37507, 29.70111 ] ] ] } },
{ "type": "Feature", "properties": { "name": "CAMBRIDGE VILLAGE CIVIC CLUB" }, "geometry": { "type": "Polygon", "coordinates": [ [ [ -95.46358, 29.63144 ], [ -95.45671, 29.63137 ], [ -95.45676, 29.63451 ], [ -95.46357, 29.63439 ], [ -95.46358, 29.63144 ] ] ] } },
{ "type": "Feature", "properties": { "name": "SOUTH PARK AREA CIVIC CLUB" }, "geometry": { "type": "Polygon", "coordinates": [ [ [ -95.33719, 29.66634 ], [ -95.33277, 29.66642 ], [ -95.3328, 29.66883 ], [ -95.33239, 29.67165 ], [ -95.33239, 29.67351 ], [ -95.32819, 29.6736 ], [ -95.32822, 29.67491 ], [ -95.32812, 29.67491 ], [ -95.32835, 29.68579 ], [ -95.32474, 29.68586 ], [ -95.32549, 29.68831 ], [ -95.32571, 29.68827 ], [ -95.32604, 29.68915 ], [ -95.32575, 29.68923 ], [ -95.32597, 29.69002 ], [ -95.33303, 29.68789 ], [ -95.33407, 29.68737 ], [ -95.33418, 29.68714 ], [ -95.34074, 29.68517 ], [ -95.33924, 29.68139 ], [ -95.33891, 29.68089 ], [ -95.33848, 29.68045 ], [ -95.33718, 29.67942 ], [ -95.33674, 29.67875 ], [ -95.33658, 29.67825 ], [ -95.33645, 29.67404 ], [ -95.33656, 29.67312 ], [ -95.33725, 29.67083 ], [ -95.33729, 29.66979 ], [ -95.33719, 29.66634 ] ] ] } },
{ "type": "Feature", "properties": { "name": "SPRING OAKS" }, "geometry": { "type": "Polygon", "coordinates": [ [ [ -95.50039, 29.79619 ], [ -95.49965, 29.79606 ], [ -95.49963, 29.79663 ], [ -95.49984, 29.79667 ], [ -95.49962, 29.80294 ], [ -95.50656, 29.80308 ], [ -95.50911, 29.80297 ], [ -95.51016, 29.80235 ], [ -95.51076, 29.80151 ], [ -95.51131, 29.80095 ], [ -95.51119, 29.79984 ], [ -95.51063, 29.79943 ], [ -95.51007, 29.79877 ], [ -95.50907, 29.79806 ], [ -95.50733, 29.79726 ], [ -95.50664, 29.79724 ], [ -95.50603, 29.79701 ], [ -95.50581, 29.79615 ], [ -95.50541, 29.79592 ], [ -95.50474, 29.79623 ], [ -95.50424, 29.79639 ], [ -95.50387, 29.79638 ], [ -95.50275, 29.79682 ], [ -95.50039, 29.79619 ] ] ] } },
{ "type": "Feature", "properties": { "name": "WOODLAND COURTS" }, "geometry": { "type": "Polygon", "coordinates": [ [ [ -95.37167, 29.7898 ], [ -95.37164, 29.78905 ], [ -95.37112, 29.78788 ], [ -95.36912, 29.78484 ], [ -95.36837, 29.78482 ], [ -95.36832, 29.78496 ], [ -95.36823, 29.78496 ], [ -95.36822, 29.78511 ], [ -95.36814, 29.78516 ], [ -95.36818, 29.78524 ], [ -95.36722, 29.78524 ], [ -95.3672, 29.78538 ], [ -95.3668, 29.78539 ], [ -95.36672, 29.78549 ], [ -95.36595, 29.78538 ], [ -95.36568, 29.78576 ], [ -95.36575, 29.78637 ], [ -95.36623, 29.78668 ], [ -95.3652, 29.78705 ], [ -95.36507, 29.78717 ], [ -95.36506, 29.78731 ], [ -95.36542, 29.78735 ], [ -95.36559, 29.78747 ], [ -95.36568, 29.78776 ], [ -95.36531, 29.78838 ], [ -95.36514, 29.78848 ], [ -95.36516, 29.78984 ], [ -95.37167, 29.7898 ] ] ] } },
{ "type": "Feature", "properties": { "name": "MODEL NEIGHBORHOOD IMPROVEMENT CLUB" }, "geometry": { "type": "Polygon", "coordinates": [ [ [ -95.33997, 29.79395 ], [ -95.34169, 29.79377 ], [ -95.34546, 29.79371 ], [ -95.34575, 29.79349 ], [ -95.34589, 29.7932 ], [ -95.34581, 29.78644 ], [ -95.34592, 29.78594 ], [ -95.34587, 29.78359 ], [ -95.34578, 29.78359 ], [ -95.34568, 29.77192 ], [ -95.34561, 29.76965 ], [ -95.34537, 29.76957 ], [ -95.34402, 29.76943 ], [ -95.34111, 29.76941 ], [ -95.34067, 29.77014 ], [ -95.34011, 29.77187 ], [ -95.33986, 29.77354 ], [ -95.33976, 29.77568 ], [ -95.3399, 29.78084 ], [ -95.33997, 29.79395 ] ] ] } },
{ "type": "Feature", "properties": { "name": "ASHFORD HILLS PROPERTY OWNERS ASSOCIATION" }, "geometry": { "type": "Polygon", "coordinates": [ [ [ -95.61025, 29.75446 ], [ -95.61018, 29.75063 ], [ -95.60703, 29.75068 ], [ -95.60703, 29.75095 ], [ -95.60626, 29.75096 ], [ -95.60627, 29.75112 ], [ -95.60706, 29.75111 ], [ -95.60709, 29.75247 ], [ -95.60787, 29.75248 ], [ -95.6079, 29.75394 ], [ -95.61025, 29.75446 ] ] ] } },
{ "type": "Feature", "properties": { "name": "SUNNYLAND CIVIC CLUB" }, "geometry": { "type": "Polygon", "coordinates": [ [ [ -95.32276, 29.72823 ], [ -95.32792, 29.72302 ], [ -95.32095, 29.71901 ], [ -95.31538, 29.71566 ], [ -95.3115, 29.72463 ], [ -95.32276, 29.72823 ] ] ] } },
{ "type": "Feature", "properties": { "name": "BELLAIRE WEST COMMUNITY IMPROVEMENT ASSOCIATION" }, "geometry": { "type": "Polygon", "coordinates": [ [ [ -95.5754, 29.70386 ], [ -95.58784, 29.70372 ], [ -95.58759, 29.68889 ], [ -95.58187, 29.68889 ], [ -95.57727, 29.68811 ], [ -95.57466, 29.68805 ], [ -95.57477, 29.69238 ], [ -95.57533, 29.69651 ], [ -95.5754, 29.70386 ] ] ] } },
{ "type": "Feature", "properties": { "name": "POST OAK PLACE CIVIC CLUB" }, "geometry": { "type": "Polygon", "coordinates": [ [ [ -95.46357, 29.63148 ], [ -95.46359, 29.63481 ], [ -95.47101, 29.63475 ], [ -95.47098, 29.6345 ], [ -95.48119, 29.63447 ], [ -95.48122, 29.62845 ], [ -95.47584, 29.62843 ], [ -95.47115, 29.62737 ], [ -95.4652, 29.62722 ], [ -95.46525, 29.63069 ], [ -95.46404, 29.63058 ], [ -95.46374, 29.631 ], [ -95.46357, 29.63148 ] ] ] } },
{ "type": "Feature", "properties": { "name": "PANAY PARK CIVIC CLUB" }, "geometry": { "type": "Polygon", "coordinates": [ [ [ -95.34742, 29.62884 ], [ -95.34759, 29.62784 ], [ -95.33943, 29.62784 ], [ -95.33939, 29.62943 ], [ -95.33975, 29.62949 ], [ -95.34118, 29.62946 ], [ -95.34389, 29.62895 ], [ -95.34549, 29.62883 ], [ -95.3475, 29.62894 ], [ -95.34742, 29.62884 ] ] ] } },
{ "type": "Feature", "properties": { "name": "BINGLEWOOD CIVIC CLUB" }, "geometry": { "type": "MultiPolygon", "coordinates": [ [ [ [ -95.50628, 29.83278 ], [ -95.51769, 29.83262 ], [ -95.51754, 29.8212 ], [ -95.51608, 29.82103 ], [ -95.50639, 29.82114 ], [ -95.50639, 29.82481 ], [ -95.50615, 29.82792 ], [ -95.50628, 29.83278 ] ] ], [ [ [ -95.50639, 29.82113 ], [ -95.50613, 29.82112 ], [ -95.50639, 29.82114 ], [ -95.50639, 29.82113 ] ] ] ] } },
{ "type": "Feature", "properties": { "name": "SCOTT TERRACE CIVIC ASSOCIATION" }, "geometry": { "type": "Polygon", "coordinates": [ [ [ -95.36128, 29.70072 ], [ -95.36145, 29.69985 ], [ -95.36372, 29.69424 ], [ -95.35889, 29.69277 ], [ -95.35495, 29.70256 ], [ -95.36131, 29.70221 ], [ -95.36128, 29.70072 ] ] ] } },
{ "type": "Feature", "properties": { "name": "SYCAMORE VALLEY ASSOCIATION" }, "geometry": { "type": "Polygon", "coordinates": [ [ [ -95.18177, 29.59767 ], [ -95.18559, 29.59237 ], [ -95.18491, 29.59167 ], [ -95.18406, 29.59169 ], [ -95.18411, 29.59336 ], [ -95.18242, 29.5934 ], [ -95.18239, 29.59258 ], [ -95.18012, 29.59262 ], [ -95.17873, 29.59793 ], [ -95.17917, 29.59797 ], [ -95.181, 29.59769 ], [ -95.18177, 29.59767 ] ] ] } },
{ "type": "Feature", "properties": { "name": "GESSPORT HOMEOWNERS ASSOCIATION" }, "geometry": { "type": "Polygon", "coordinates": [ [ [ -95.531, 29.63721 ], [ -95.53025, 29.63785 ], [ -95.52948, 29.63867 ], [ -95.52878, 29.6397 ], [ -95.52839, 29.64052 ], [ -95.52922, 29.64084 ], [ -95.53014, 29.64134 ], [ -95.53102, 29.64198 ], [ -95.53211, 29.64295 ], [ -95.53627, 29.64287 ], [ -95.53652, 29.64265 ], [ -95.53656, 29.64249 ], [ -95.53489, 29.64107 ], [ -95.53516, 29.64081 ], [ -95.531, 29.63721 ] ] ] } },
{ "type": "Feature", "properties": { "name": "SHARPSTOWN CIVIC ASSOCIATION" }, "geometry": { "type": "Polygon", "coordinates": [ [ [ -95.5501, 29.69055 ], [ -95.54627, 29.69035 ], [ -95.54613, 29.68663 ], [ -95.53709, 29.68696 ], [ -95.53691, 29.69059 ], [ -95.53365, 29.69165 ], [ -95.53079, 29.6921 ], [ -95.52818, 29.69165 ], [ -95.52655, 29.69113 ], [ -95.52164, 29.69086 ], [ -95.52171, 29.68876 ], [ -95.5178, 29.68322 ], [ -95.51789, 29.68527 ], [ -95.51538, 29.68516 ], [ -95.51553, 29.68722 ], [ -95.51384, 29.68703 ], [ -95.51377, 29.68889 ], [ -95.50934, 29.68887 ], [ -95.51028, 29.69176 ], [ -95.51852, 29.69093 ], [ -95.52632, 29.69156 ], [ -95.52756, 29.69221 ], [ -95.51847, 29.70024 ], [ -95.51734, 29.69983 ], [ -95.50994, 29.69228 ], [ -95.50607, 29.69189 ], [ -95.50285, 29.68999 ], [ -95.50023, 29.69145 ], [ -95.50037, 29.69681 ], [ -95.49419, 29.69674 ], [ -95.49407, 29.69726 ], [ -95.49303, 29.69719 ], [ -95.49324, 29.7055 ], [ -95.50183, 29.7053 ], [ -95.50752, 29.70387 ], [ -95.51276, 29.70401 ], [ -95.51727, 29.70011 ], [ -95.52068, 29.70292 ], [ -95.52147, 29.70538 ], [ -95.52139, 29.70944 ], [ -95.52117, 29.71254 ], [ -95.5201, 29.71518 ], [ -95.52017, 29.71776 ], [ -95.52609, 29.71749 ], [ -95.5262, 29.71424 ], [ -95.52501, 29.71407 ], [ -95.52487, 29.70509 ], [ -95.5361, 29.7048 ], [ -95.53617, 29.70609 ], [ -95.53392, 29.70623 ], [ -95.53314, 29.70659 ], [ -95.53426, 29.71077 ], [ -95.5342, 29.71402 ], [ -95.53413, 29.71459 ], [ -95.53457, 29.71451 ], [ -95.53454, 29.71541 ], [ -95.53694, 29.71552 ], [ -95.5367, 29.70491 ], [ -95.55028, 29.70464 ], [ -95.5501, 29.69055 ] ] ] } },
{ "type": "Feature", "properties": { "name": "SILVERDALE CIVIC CLUB" }, "geometry": { "type": "Polygon", "coordinates": [ [ [ -95.36793, 29.79819 ], [ -95.37071, 29.79816 ], [ -95.37006, 29.79741 ], [ -95.37005, 29.79707 ], [ -95.37027, 29.79679 ], [ -95.37027, 29.79618 ], [ -95.37007, 29.7959 ], [ -95.36985, 29.79446 ], [ -95.36883, 29.79363 ], [ -95.36884, 29.79349 ], [ -95.3687, 29.79339 ], [ -95.36871, 29.79297 ], [ -95.36837, 29.79294 ], [ -95.36778, 29.79252 ], [ -95.36709, 29.79258 ], [ -95.36641, 29.79247 ], [ -95.36571, 29.79189 ], [ -95.36519, 29.79132 ], [ -95.36452, 29.79097 ], [ -95.36452, 29.79009 ], [ -95.36175, 29.79011 ], [ -95.36175, 29.78983 ], [ -95.36149, 29.78983 ], [ -95.36148, 29.78974 ], [ -95.36043, 29.78976 ], [ -95.36048, 29.79024 ], [ -95.36165, 29.79222 ], [ -95.36268, 29.79293 ], [ -95.36768, 29.79681 ], [ -95.36791, 29.79725 ], [ -95.36793, 29.79819 ] ] ] } },
{ "type": "Feature", "properties": { "name": "WOODLAKE FOREST COMMUNITY ASSOCIATION" }, "geometry": { "type": "Polygon", "coordinates": [ [ [ -95.53974, 29.75192 ], [ -95.53957, 29.74745 ], [ -95.5395, 29.74307 ], [ -95.5384, 29.74308 ], [ -95.53847, 29.7475 ], [ -95.53765, 29.74728 ], [ -95.53597, 29.74652 ], [ -95.53513, 29.74632 ], [ -95.53439, 29.74626 ], [ -95.53314, 29.74644 ], [ -95.53208, 29.7468 ], [ -95.53115, 29.7474 ], [ -95.53033, 29.74828 ], [ -95.52935, 29.74791 ], [ -95.52896, 29.74757 ], [ -95.52851, 29.74739 ], [ -95.52833, 29.7472 ], [ -95.52845, 29.74709 ], [ -95.52846, 29.74668 ], [ -95.52796, 29.74658 ], [ -95.52794, 29.74645 ], [ -95.52686, 29.74661 ], [ -95.52644, 29.74675 ], [ -95.5259, 29.74713 ], [ -95.52596, 29.75113 ], [ -95.52727, 29.75096 ], [ -95.52806, 29.75069 ], [ -95.52895, 29.75006 ], [ -95.52995, 29.74886 ], [ -95.5306, 29.74922 ], [ -95.53059, 29.75064 ], [ -95.5308, 29.75064 ], [ -95.53093, 29.75055 ], [ -95.53103, 29.75061 ], [ -95.53324, 29.74945 ], [ -95.53349, 29.74936 ], [ -95.53375, 29.74939 ], [ -95.53436, 29.74966 ], [ -95.53634, 29.75124 ], [ -95.53666, 29.75135 ], [ -95.53783, 29.75147 ], [ -95.53863, 29.75221 ], [ -95.53919, 29.75229 ], [ -95.53943, 29.75219 ], [ -95.53974, 29.75192 ] ] ] } },
{ "type": "Feature", "properties": { "name": "BROOKHAVEN CIVIC CLUB" }, "geometry": { "type": "Polygon", "coordinates": [ [ [ -95.35571, 29.67064 ], [ -95.35638, 29.67066 ], [ -95.35693, 29.67077 ], [ -95.36045, 29.67186 ], [ -95.36055, 29.67189 ], [ -95.36049, 29.67198 ], [ -95.36083, 29.67208 ], [ -95.35875, 29.67733 ], [ -95.35795, 29.67701 ], [ -95.35576, 29.67635 ], [ -95.35586, 29.68029 ], [ -95.35666, 29.68058 ], [ -95.35806, 29.68042 ], [ -95.36103, 29.68037 ], [ -95.36311, 29.68056 ], [ -95.366, 29.67337 ], [ -95.36053, 29.67157 ], [ -95.36016, 29.67133 ], [ -95.35731, 29.67044 ], [ -95.35662, 29.67015 ], [ -95.35572, 29.6702 ], [ -95.35571, 29.67064 ] ] ] } },
{ "type": "Feature", "properties": { "name": "RICHMOND AVENUE MERCHANTS ASSOCIATION" }, "geometry": { "type": "Polygon", "coordinates": [ [ [ -95.47652, 29.73314 ], [ -95.50125, 29.73284 ], [ -95.50119, 29.73049 ], [ -95.4842, 29.73069 ], [ -95.48418, 29.73015 ], [ -95.47645, 29.73023 ], [ -95.47652, 29.73314 ] ] ] } },
{ "type": "Feature", "properties": { "name": "UPTOWN HOUSTON ASSOCIATION" }, "geometry": { "type": "Polygon", "coordinates": [ [ [ -95.4766, 29.7379 ], [ -95.47641, 29.72584 ], [ -95.46828, 29.72642 ], [ -95.46648, 29.72663 ], [ -95.46455, 29.72723 ], [ -95.45935, 29.72937 ], [ -95.45741, 29.72994 ], [ -95.45542, 29.73013 ], [ -95.45164, 29.73012 ], [ -95.44854, 29.72999 ], [ -95.44882, 29.74654 ], [ -95.44882, 29.74664 ], [ -95.4486, 29.74664 ], [ -95.44871, 29.75623 ], [ -95.44877, 29.75623 ], [ -95.44879, 29.75753 ], [ -95.44864, 29.75754 ], [ -95.44882, 29.76629 ], [ -95.44862, 29.76793 ], [ -95.45057, 29.76813 ], [ -95.45135, 29.76807 ], [ -95.45377, 29.76737 ], [ -95.45526, 29.76653 ], [ -95.45676, 29.76544 ], [ -95.45909, 29.76412 ], [ -95.4609, 29.76373 ], [ -95.46148, 29.76353 ], [ -95.46289, 29.7625 ], [ -95.46354, 29.76225 ], [ -95.4644, 29.76219 ], [ -95.46635, 29.76223 ], [ -95.46692, 29.76242 ], [ -95.46826, 29.76317 ], [ -95.47014, 29.76325 ], [ -95.47088, 29.7634 ], [ -95.47175, 29.7638 ], [ -95.47209, 29.76387 ], [ -95.47805, 29.76381 ], [ -95.47767, 29.73789 ], [ -95.4766, 29.7379 ] ] ] } },
{ "type": "Feature", "properties": { "name": "WESLAYAN PLAZA" }, "geometry": { "type": "Polygon", "coordinates": [ [ [ -95.44166, 29.73652 ], [ -95.44266, 29.7365 ], [ -95.4427, 29.73614 ], [ -95.44356, 29.73614 ], [ -95.44353, 29.73485 ], [ -95.44471, 29.73484 ], [ -95.44456, 29.73023 ], [ -95.44161, 29.73028 ], [ -95.44166, 29.73652 ] ] ] } },
{ "type": "Feature", "properties": { "name": "FOREST OAKS CIVIC ASSOCIATION" }, "geometry": { "type": "Polygon", "coordinates": [ [ [ -95.23034, 29.6834 ], [ -95.2295, 29.68335 ], [ -95.2344, 29.69024 ], [ -95.23631, 29.69023 ], [ -95.23632, 29.6906 ], [ -95.24153, 29.69055 ], [ -95.24177, 29.69066 ], [ -95.24205, 29.69061 ], [ -95.24242, 29.69071 ], [ -95.24541, 29.68675 ], [ -95.2461, 29.68554 ], [ -95.24548, 29.68513 ], [ -95.24539, 29.68501 ], [ -95.24535, 29.68471 ], [ -95.2444, 29.68473 ], [ -95.24437, 29.68328 ], [ -95.23034, 29.6834 ] ] ] } },
{ "type": "Feature", "properties": { "name": "GARDEN CITY CIVIC CLUB" }, "geometry": { "type": "Polygon", "coordinates": [ [ [ -95.42954, 29.86476 ], [ -95.43459, 29.86886 ], [ -95.44101, 29.87488 ], [ -95.4509, 29.88491 ], [ -95.45108, 29.88491 ], [ -95.4559, 29.88984 ], [ -95.4564, 29.89028 ], [ -95.45786, 29.8913 ], [ -95.46108, 29.89129 ], [ -95.46106, 29.89019 ], [ -95.46346, 29.89015 ], [ -95.46353, 29.89263 ], [ -95.46719, 29.89257 ], [ -95.46746, 29.89136 ], [ -95.46697, 29.89008 ], [ -95.46685, 29.8884 ], [ -95.46665, 29.88729 ], [ -95.46679, 29.88676 ], [ -95.46758, 29.88544 ], [ -95.46774, 29.88487 ], [ -95.47376, 29.88481 ], [ -95.47376, 29.88489 ], [ -95.47392, 29.88489 ], [ -95.47378, 29.87673 ], [ -95.47403, 29.87442 ], [ -95.4728, 29.86689 ], [ -95.47287, 29.86586 ], [ -95.47327, 29.86452 ], [ -95.47343, 29.8633 ], [ -95.45488, 29.86346 ], [ -95.45331, 29.86344 ], [ -95.45177, 29.8632 ], [ -95.44941, 29.86314 ], [ -95.44696, 29.86349 ], [ -95.42821, 29.86359 ], [ -95.42954, 29.86476 ] ] ] } },
{ "type": "Feature", "properties": { "name": "HUNTINGTON VILLAGE TOWNHOMES" }, "geometry": { "type": "Polygon", "coordinates": [ [ [ -95.60322, 29.66902 ], [ -95.60251, 29.66833 ], [ -95.60055, 29.66681 ], [ -95.59905, 29.66804 ], [ -95.60181, 29.67019 ], [ -95.60322, 29.66902 ] ] ] } },
{ "type": "Feature", "properties": { "name": "PIPER'S MEADOW COMMUNITY IMPROVEMENT ASSOCIATION" }, "geometry": { "type": "Polygon", "coordinates": [ [ [ -95.14803, 29.55435 ], [ -95.13978, 29.54592 ], [ -95.13867, 29.54503 ], [ -95.13688, 29.54835 ], [ -95.13703, 29.54841 ], [ -95.13685, 29.54874 ], [ -95.13709, 29.54883 ], [ -95.13548, 29.55181 ], [ -95.13548, 29.5521 ], [ -95.14144, 29.55849 ], [ -95.14803, 29.55435 ] ] ] } },
{ "type": "Feature", "properties": { "name": "OUTPOST ESTATES CIVIC CLUB, INC" }, "geometry": { "type": "Polygon", "coordinates": [ [ [ -95.51597, 29.83267 ], [ -95.51605, 29.83756 ], [ -95.51615, 29.83829 ], [ -95.51617, 29.83968 ], [ -95.51598, 29.84011 ], [ -95.51534, 29.84077 ], [ -95.5163, 29.84147 ], [ -95.52413, 29.84136 ], [ -95.52397, 29.8349 ], [ -95.52371, 29.83339 ], [ -95.52368, 29.83256 ], [ -95.51597, 29.83267 ] ] ] } },
{ "type": "Feature", "properties": { "name": "IDLYWOOD CIVIC CLUB INC." }, "geometry": { "type": "Polygon", "coordinates": [ [ [ -95.31105, 29.72453 ], [ -95.31354, 29.71877 ], [ -95.31189, 29.7183 ], [ -95.3122, 29.71753 ], [ -95.30931, 29.71663 ], [ -95.30863, 29.71653 ], [ -95.30843, 29.71658 ], [ -95.30823, 29.71681 ], [ -95.3082, 29.71712 ], [ -95.30846, 29.7173 ], [ -95.30914, 29.71753 ], [ -95.30943, 29.71787 ], [ -95.30931, 29.71959 ], [ -95.30902, 29.71999 ], [ -95.3086, 29.72026 ], [ -95.30744, 29.72061 ], [ -95.30701, 29.7211 ], [ -95.30642, 29.7209 ], [ -95.30605, 29.72122 ], [ -95.307, 29.72153 ], [ -95.30648, 29.72286 ], [ -95.30856, 29.72377 ], [ -95.30999, 29.72427 ], [ -95.31105, 29.72453 ] ] ] } },
{ "type": "Feature", "properties": { "name": "GREATER MAGNOLIA PINEVIEW PLACE CIVIC CLUB" }, "geometry": { "type": "Polygon", "coordinates": [ [ [ -95.30729, 29.73491 ], [ -95.29464, 29.73092 ], [ -95.29204, 29.72888 ], [ -95.2908, 29.72702 ], [ -95.2886, 29.72337 ], [ -95.28715, 29.72358 ], [ -95.28651, 29.72272 ], [ -95.28554, 29.72311 ], [ -95.28404, 29.7227 ], [ -95.28353, 29.72299 ], [ -95.28241, 29.72488 ], [ -95.28267, 29.72576 ], [ -95.28252, 29.72645 ], [ -95.28215, 29.72737 ], [ -95.28174, 29.72776 ], [ -95.28098, 29.72774 ], [ -95.27999, 29.72814 ], [ -95.27982, 29.73031 ], [ -95.27853, 29.73663 ], [ -95.28152, 29.74148 ], [ -95.28475, 29.74483 ], [ -95.28673, 29.74839 ], [ -95.28906, 29.74996 ], [ -95.29161, 29.74836 ], [ -95.29337, 29.74741 ], [ -95.29539, 29.74729 ], [ -95.29662, 29.74775 ], [ -95.29648, 29.749 ], [ -95.29538, 29.75005 ], [ -95.29505, 29.75146 ], [ -95.29773, 29.75396 ], [ -95.30069, 29.7517 ], [ -95.30105, 29.75044 ], [ -95.30729, 29.73491 ] ] ] } },
{ "type": "Feature", "properties": { "name": "CAMPBELL PLACE" }, "geometry": { "type": "Polygon", "coordinates": [ [ [ -95.52182, 29.78884 ], [ -95.51674, 29.78889 ], [ -95.51553, 29.78956 ], [ -95.51402, 29.78971 ], [ -95.51393, 29.79432 ], [ -95.5157, 29.79384 ], [ -95.52036, 29.79381 ], [ -95.52213, 29.79322 ], [ -95.52173, 29.7926 ], [ -95.52182, 29.78884 ] ] ] } },
{ "type": "Feature", "properties": { "name": "HOUSTON GARDENS CIVIC ASSOCIATION" }, "geometry": { "type": "Polygon", "coordinates": [ [ [ -95.2921, 29.83121 ], [ -95.2996, 29.83136 ], [ -95.30591, 29.83136 ], [ -95.30667, 29.83179 ], [ -95.30811, 29.83294 ], [ -95.31655, 29.82473 ], [ -95.31833, 29.82331 ], [ -95.31669, 29.8219 ], [ -95.31103, 29.81774 ], [ -95.31042, 29.81737 ], [ -95.30985, 29.81724 ], [ -95.30179, 29.81723 ], [ -95.30179, 29.81666 ], [ -95.30113, 29.81666 ], [ -95.30113, 29.81648 ], [ -95.29358, 29.8165 ], [ -95.29215, 29.81675 ], [ -95.2921, 29.83121 ] ] ] } },
{ "type": "Feature", "properties": { "name": "NORTHWOOD MANOR" }, "geometry": { "type": "Polygon", "coordinates": [ [ [ -95.29919, 29.88712 ], [ -95.29915, 29.88304 ], [ -95.2964, 29.88304 ], [ -95.29636, 29.87285 ], [ -95.29563, 29.87285 ], [ -95.29437, 29.87254 ], [ -95.29296, 29.87251 ], [ -95.29278, 29.87259 ], [ -95.29244, 29.87259 ], [ -95.29245, 29.87516 ], [ -95.28047, 29.8753 ], [ -95.2805, 29.88024 ], [ -95.28148, 29.88025 ], [ -95.28151, 29.88047 ], [ -95.28227, 29.88194 ], [ -95.28479, 29.88107 ], [ -95.28588, 29.88091 ], [ -95.28668, 29.88089 ], [ -95.28671, 29.88307 ], [ -95.28954, 29.88307 ], [ -95.28961, 29.88724 ], [ -95.29425, 29.8873 ], [ -95.29432, 29.88928 ], [ -95.29764, 29.88925 ], [ -95.29761, 29.88718 ], [ -95.29919, 29.88712 ] ] ] } },
{ "type": "Feature", "properties": { "name": "GREATER SUGAR VALLEY CIVIC CLUB" }, "geometry": { "type": "Polygon", "coordinates": [ [ [ -95.38054, 29.64331 ], [ -95.38042, 29.63617 ], [ -95.37848, 29.6362 ], [ -95.37726, 29.63669 ], [ -95.37672, 29.63682 ], [ -95.37594, 29.63775 ], [ -95.37639, 29.63946 ], [ -95.37611, 29.64031 ], [ -95.37594, 29.64053 ], [ -95.37632, 29.64075 ], [ -95.37637, 29.64337 ], [ -95.38054, 29.64331 ] ] ] } },
{ "type": "Feature", "properties": { "name": "WESTBURY-PARKWEST CITIZENS OF PATROL" }, "geometry": { "type": "Polygon", "coordinates": [ [ [ -95.49732, 29.65394 ], [ -95.49818, 29.65435 ], [ -95.49796, 29.64349 ], [ -95.49809, 29.64349 ], [ -95.49806, 29.6422 ], [ -95.49317, 29.64225 ], [ -95.49328, 29.64847 ], [ -95.49313, 29.64922 ], [ -95.49268, 29.65038 ], [ -95.49732, 29.65394 ] ] ] } },
{ "type": "Feature", "properties": { "name": "YORKDALE WHITE OAK TERRACE" }, "geometry": { "type": "Polygon", "coordinates": [ [ [ -95.46285, 29.8561 ], [ -95.45294, 29.85622 ], [ -95.45293, 29.85609 ], [ -95.44963, 29.85611 ], [ -95.44967, 29.86128 ], [ -95.46167, 29.86116 ], [ -95.46183, 29.86069 ], [ -95.46206, 29.86055 ], [ -95.46203, 29.86048 ], [ -95.4623, 29.86012 ], [ -95.46226, 29.85979 ], [ -95.46245, 29.85954 ], [ -95.46244, 29.85923 ], [ -95.46277, 29.85897 ], [ -95.46277, 29.85885 ], [ -95.46174, 29.8585 ], [ -95.46145, 29.85739 ], [ -95.46285, 29.8561 ] ] ] } },
{ "type": "Feature", "properties": { "name": "BAYOU WOODS - OAK HILL  ASSOCIATION" }, "geometry": { "type": "Polygon", "coordinates": [ [ [ -95.45762, 29.77326 ], [ -95.46022, 29.77333 ], [ -95.46078, 29.77354 ], [ -95.46112, 29.77384 ], [ -95.46127, 29.77403 ], [ -95.46149, 29.7746 ], [ -95.46155, 29.77556 ], [ -95.46167, 29.77596 ], [ -95.46228, 29.77711 ], [ -95.46159, 29.77756 ], [ -95.46158, 29.78069 ], [ -95.45999, 29.78071 ], [ -95.46, 29.7819 ], [ -95.46076, 29.78186 ], [ -95.46095, 29.7819 ], [ -95.46103, 29.78203 ], [ -95.46098, 29.78381 ], [ -95.46346, 29.78397 ], [ -95.46799, 29.78399 ], [ -95.46789, 29.77059 ], [ -95.46479, 29.77062 ], [ -95.46477, 29.76881 ], [ -95.4646, 29.76863 ], [ -95.46447, 29.76817 ], [ -95.46368, 29.76793 ], [ -95.46286, 29.76802 ], [ -95.46231, 29.76785 ], [ -95.4619, 29.76751 ], [ -95.46158, 29.76624 ], [ -95.4614, 29.76616 ], [ -95.46145, 29.77021 ], [ -95.45756, 29.77026 ], [ -95.45762, 29.77326 ] ] ] } },
{ "type": "Feature", "properties": { "name": "OAK FOREST HOMEOWNERS ASSOCIATION" }, "geometry": { "type": "Polygon", "coordinates": [ [ [ -95.47298, 29.83685 ], [ -95.47292, 29.82523 ], [ -95.47306, 29.82436 ], [ -95.47331, 29.82374 ], [ -95.46867, 29.81946 ], [ -95.45924, 29.81963 ], [ -95.4579, 29.81959 ], [ -95.45635, 29.81923 ], [ -95.45378, 29.81812 ], [ -95.45252, 29.81771 ], [ -95.45108, 29.8174 ], [ -95.44985, 29.81725 ], [ -95.42952, 29.8173 ], [ -95.42974, 29.83683 ], [ -95.45691, 29.83683 ], [ -95.45726, 29.83771 ], [ -95.45735, 29.83779 ], [ -95.45731, 29.83844 ], [ -95.46288, 29.83847 ], [ -95.46279, 29.83693 ], [ -95.47298, 29.83685 ] ] ] } },
{ "type": "Feature", "properties": { "name": "NORTH WOODLANDS HILLS" }, "geometry": { "type": "Polygon", "coordinates": [ [ [ -95.19991, 30.06848 ], [ -95.20009, 30.06714 ], [ -95.20008, 30.06605 ], [ -95.20117, 30.06503 ], [ -95.20216, 30.06445 ], [ -95.20402, 30.06229 ], [ -95.20394, 30.06149 ], [ -95.20152, 30.0606 ], [ -95.20005, 30.06061 ], [ -95.19702, 30.06123 ], [ -95.19669, 30.06097 ], [ -95.19582, 30.05978 ], [ -95.1945, 30.05934 ], [ -95.19312, 30.05921 ], [ -95.19336, 30.06044 ], [ -95.19287, 30.06166 ], [ -95.19216, 30.063 ], [ -95.19183, 30.06475 ], [ -95.19247, 30.06748 ], [ -95.19347, 30.06782 ], [ -95.19729, 30.06861 ], [ -95.19886, 30.06879 ], [ -95.19996, 30.06878 ], [ -95.19991, 30.06848 ] ] ] } },
{ "type": "Feature", "properties": { "name": "OLD BRAESWOOD CIVIC CLUB" }, "geometry": { "type": "Polygon", "coordinates": [ [ [ -95.40912, 29.70623 ], [ -95.41829, 29.70615 ], [ -95.41824, 29.69837 ], [ -95.41812, 29.69758 ], [ -95.41781, 29.69696 ], [ -95.41715, 29.69623 ], [ -95.41439, 29.69446 ], [ -95.40727, 29.70347 ], [ -95.40814, 29.70381 ], [ -95.40851, 29.70412 ], [ -95.40887, 29.70471 ], [ -95.40901, 29.70511 ], [ -95.40911, 29.70545 ], [ -95.40912, 29.70623 ] ] ] } },
{ "type": "Feature", "properties": { "name": "KIRKWOOD VILLAGE HOMEOWNERS ASSOCIATION INC" }, "geometry": { "type": "Polygon", "coordinates": [ [ [ -95.5874, 29.68256 ], [ -95.58263, 29.68261 ], [ -95.5827, 29.68405 ], [ -95.58746, 29.68402 ], [ -95.5874, 29.68256 ] ] ] } },
{ "type": "Feature", "properties": { "name": "CHEROKEE CIVIC CLUB" }, "geometry": { "type": "Polygon", "coordinates": [ [ [ -95.39902, 29.72574 ], [ -95.40139, 29.72571 ], [ -95.40133, 29.72308 ], [ -95.40038, 29.72319 ], [ -95.39896, 29.72313 ], [ -95.39902, 29.72574 ] ] ] } },
{ "type": "Feature", "properties": { "name": "BERKLEY COURT CONDOMINIUM OWNERS ASSOCIATION" }, "geometry": { "type": "Polygon", "coordinates": [ [ [ -95.28634, 29.69475 ], [ -95.28535, 29.69546 ], [ -95.28485, 29.69542 ], [ -95.28419, 29.69571 ], [ -95.28419, 29.69613 ], [ -95.28379, 29.69628 ], [ -95.28341, 29.69632 ], [ -95.2834, 29.69902 ], [ -95.28669, 29.69748 ], [ -95.28744, 29.69697 ], [ -95.28782, 29.69659 ], [ -95.28728, 29.69607 ], [ -95.28634, 29.69475 ] ] ] } },
{ "type": "Feature", "properties": { "name": "BAYOU BEND COMMUNITY IMPROVEMENT ASSN" }, "geometry": { "type": "Polygon", "coordinates": [ [ [ -95.48599, 29.87379 ], [ -95.4827, 29.86795 ], [ -95.48044, 29.86808 ], [ -95.48047, 29.87035 ], [ -95.48081, 29.87035 ], [ -95.48135, 29.87082 ], [ -95.48139, 29.87224 ], [ -95.4818, 29.87287 ], [ -95.48209, 29.87304 ], [ -95.48288, 29.87323 ], [ -95.48312, 29.87313 ], [ -95.48342, 29.87315 ], [ -95.48349, 29.87294 ], [ -95.48383, 29.87282 ], [ -95.48395, 29.87295 ], [ -95.48411, 29.8727 ], [ -95.48435, 29.87261 ], [ -95.48446, 29.87277 ], [ -95.48456, 29.87325 ], [ -95.48475, 29.87333 ], [ -95.485, 29.87381 ], [ -95.48556, 29.87397 ], [ -95.48599, 29.87379 ] ] ] } },
{ "type": "Feature", "properties": { "name": "PLEASANTVILLE" }, "geometry": { "type": "Polygon", "coordinates": [ [ [ -95.284, 29.77799 ], [ -95.28378, 29.76652 ], [ -95.28332, 29.7517 ], [ -95.28343, 29.75019 ], [ -95.28302, 29.74918 ], [ -95.26462, 29.74924 ], [ -95.2654, 29.76432 ], [ -95.26545, 29.76995 ], [ -95.26405, 29.77558 ], [ -95.27628, 29.77765 ], [ -95.284, 29.77799 ] ] ] } },
{ "type": "Feature", "properties": { "name": "WEST BELT TOWNHOUSE ASSOCIATION" }, "geometry": { "type": "Polygon", "coordinates": [ [ [ -95.5578, 29.74757 ], [ -95.55784, 29.73695 ], [ -95.54791, 29.73707 ], [ -95.54805, 29.74739 ], [ -95.5515, 29.74753 ], [ -95.55363, 29.74741 ], [ -95.55613, 29.74756 ], [ -95.5578, 29.74757 ] ] ] } },
{ "type": "Feature", "properties": { "name": "CAMBRIDGE GREEN CIVIC ASSOCIATION" }, "geometry": { "type": "Polygon", "coordinates": [ [ [ -95.42159, 29.70241 ], [ -95.42159, 29.70025 ], [ -95.41825, 29.70028 ], [ -95.41827, 29.70242 ], [ -95.42159, 29.70241 ] ] ] } },
{ "type": "Feature", "properties": { "name": "DAVID CROCKETT ASSOCIATION" }, "geometry": { "type": "Polygon", "coordinates": [ [ [ -95.42233, 29.73831 ], [ -95.42227, 29.73493 ], [ -95.41885, 29.73493 ], [ -95.41889, 29.73838 ], [ -95.42233, 29.73831 ] ] ] } },
{ "type": "Feature", "properties": { "name": "GARDEN VILLAS COMMUNITY ASSOCIATION" }, "geometry": { "type": "Polygon", "coordinates": [ [ [ -95.2889, 29.65584 ], [ -95.28917, 29.67316 ], [ -95.28996, 29.67345 ], [ -95.29028, 29.67313 ], [ -95.29054, 29.67184 ], [ -95.29067, 29.67175 ], [ -95.29069, 29.67144 ], [ -95.2913, 29.67122 ], [ -95.29181, 29.67123 ], [ -95.29208, 29.67157 ], [ -95.29229, 29.67203 ], [ -95.29295, 29.67203 ], [ -95.29305, 29.67217 ], [ -95.29297, 29.67231 ], [ -95.29254, 29.6725 ], [ -95.29246, 29.67294 ], [ -95.29267, 29.67306 ], [ -95.293, 29.67305 ], [ -95.29368, 29.67287 ], [ -95.29465, 29.67246 ], [ -95.2956, 29.67237 ], [ -95.29604, 29.67198 ], [ -95.2967, 29.67194 ], [ -95.29685, 29.67187 ], [ -95.29706, 29.67149 ], [ -95.29706, 29.67128 ], [ -95.29677, 29.67099 ], [ -95.29556, 29.67056 ], [ -95.29533, 29.67086 ], [ -95.29518, 29.67087 ], [ -95.29498, 29.67076 ], [ -95.29482, 29.67092 ], [ -95.29441, 29.67063 ], [ -95.29441, 29.67024 ], [ -95.29466, 29.66998 ], [ -95.29503, 29.6692 ], [ -95.29545, 29.66922 ], [ -95.29572, 29.66896 ], [ -95.29566, 29.66881 ], [ -95.29546, 29.66893 ], [ -95.29528, 29.66889 ], [ -95.29502, 29.66859 ], [ -95.29499, 29.66843 ], [ -95.29506, 29.6683 ], [ -95.2954, 29.66834 ], [ -95.29547, 29.66794 ], [ -95.29562, 29.66781 ], [ -95.29577, 29.66797 ], [ -95.29611, 29.66811 ], [ -95.29629, 29.66839 ], [ -95.29678, 29.66852 ], [ -95.29737, 29.66827 ], [ -95.29762, 29.66796 ], [ -95.29764, 29.66727 ], [ -95.29787, 29.667 ], [ -95.2983, 29.66679 ], [ -95.29888, 29.66675 ], [ -95.29908, 29.66657 ], [ -95.2993, 29.66608 ], [ -95.29946, 29.66595 ], [ -95.29992, 29.66575 ], [ -95.30078, 29.66562 ], [ -95.30098, 29.66546 ], [ -95.30122, 29.66548 ], [ -95.30142, 29.66515 ], [ -95.30175, 29.66486 ], [ -95.30231, 29.66469 ], [ -95.30256, 29.66452 ], [ -95.30265, 29.66456 ], [ -95.30308, 29.66429 ], [ -95.30368, 29.66372 ], [ -95.3043, 29.66278 ], [ -95.30486, 29.6625 ], [ -95.30493, 29.66231 ], [ -95.30523, 29.66228 ], [ -95.30552, 29.6621 ], [ -95.30619, 29.66129 ], [ -95.30667, 29.66127 ], [ -95.30683, 29.66115 ], [ -95.30713, 29.66032 ], [ -95.30783, 29.65964 ], [ -95.30803, 29.65864 ], [ -95.30853, 29.65805 ], [ -95.31002, 29.65763 ], [ -95.31091, 29.65761 ], [ -95.31117, 29.65752 ], [ -95.31157, 29.6567 ], [ -95.31155, 29.65646 ], [ -95.31187, 29.6559 ], [ -95.31186, 29.65577 ], [ -95.31215, 29.65553 ], [ -95.31223, 29.65527 ], [ -95.31298, 29.65498 ], [ -95.31345, 29.65491 ], [ -95.31396, 29.65496 ], [ -95.31441, 29.65515 ], [ -95.31496, 29.65514 ], [ -95.31214, 29.64586 ], [ -95.31125, 29.64627 ], [ -95.31036, 29.64679 ], [ -95.3095, 29.6471 ], [ -95.30856, 29.64728 ], [ -95.30697, 29.64736 ], [ -95.30605, 29.64751 ], [ -95.3048, 29.64793 ], [ -95.2889, 29.65584 ] ] ] } },
{ "type": "Feature", "properties": { "name": "GLENBROOK VALLEY CIVIC CLUB" }, "geometry": { "type": "Polygon", "coordinates": [ [ [ -95.25141, 29.65263 ], [ -95.26239, 29.66925 ], [ -95.26433, 29.67203 ], [ -95.26469, 29.67247 ], [ -95.26884, 29.67658 ], [ -95.26985, 29.67773 ], [ -95.27266, 29.68055 ], [ -95.27329, 29.68017 ], [ -95.27349, 29.67995 ], [ -95.27343, 29.67897 ], [ -95.27347, 29.67868 ], [ -95.27368, 29.67855 ], [ -95.27449, 29.67867 ], [ -95.27512, 29.67916 ], [ -95.2754, 29.67918 ], [ -95.27582, 29.67939 ], [ -95.27604, 29.67933 ], [ -95.27684, 29.6795 ], [ -95.2775, 29.67928 ], [ -95.27819, 29.67882 ], [ -95.27845, 29.67843 ], [ -95.27867, 29.6783 ], [ -95.27875, 29.67834 ], [ -95.27887, 29.67861 ], [ -95.28005, 29.67927 ], [ -95.28077, 29.67929 ], [ -95.28102, 29.67895 ], [ -95.28118, 29.67856 ], [ -95.28147, 29.67831 ], [ -95.2818, 29.67826 ], [ -95.28238, 29.67839 ], [ -95.28275, 29.67822 ], [ -95.28307, 29.67769 ], [ -95.28312, 29.67748 ], [ -95.28291, 29.67728 ], [ -95.28284, 29.67701 ], [ -95.283, 29.67671 ], [ -95.28363, 29.67636 ], [ -95.28374, 29.67689 ], [ -95.28419, 29.67692 ], [ -95.28454, 29.67713 ], [ -95.28493, 29.67716 ], [ -95.28509, 29.67737 ], [ -95.2853, 29.67742 ], [ -95.28567, 29.67736 ], [ -95.2862, 29.67712 ], [ -95.28708, 29.67729 ], [ -95.28791, 29.67725 ], [ -95.28822, 29.6762 ], [ -95.28805, 29.67598 ], [ -95.28745, 29.67557 ], [ -95.28734, 29.67512 ], [ -95.28742, 29.67472 ], [ -95.28748, 29.67479 ], [ -95.28752, 29.67439 ], [ -95.28734, 29.67421 ], [ -95.28734, 29.67402 ], [ -95.28756, 29.67399 ], [ -95.28808, 29.67347 ], [ -95.28826, 29.6734 ], [ -95.28838, 29.67349 ], [ -95.28917, 29.67362 ], [ -95.2889, 29.65584 ], [ -95.28532, 29.65755 ], [ -95.26998, 29.65796 ], [ -95.26843, 29.65791 ], [ -95.26705, 29.65764 ], [ -95.26604, 29.65719 ], [ -95.26098, 29.65321 ], [ -95.26003, 29.65271 ], [ -95.25913, 29.65238 ], [ -95.25795, 29.65209 ], [ -95.25365, 29.65216 ], [ -95.25287, 29.65225 ], [ -95.25141, 29.65263 ] ] ] } },
{ "type": "Feature", "properties": { "name": "KENNEDY PLACE RESIDENT COUNCIL" }, "geometry": { "type": "Polygon", "coordinates": [ [ [ -95.34302, 29.76459 ], [ -95.33546, 29.76473 ], [ -95.33571, 29.76867 ], [ -95.33859, 29.76874 ], [ -95.3389, 29.76852 ], [ -95.34071, 29.76823 ], [ -95.34304, 29.76772 ], [ -95.34302, 29.76459 ] ] ] } },
{ "type": "Feature", "properties": { "name": "WESTRIDGE CIVIC ASSOCIATION, INC." }, "geometry": { "type": "Polygon", "coordinates": [ [ [ -95.43175, 29.67849 ], [ -95.42764, 29.67762 ], [ -95.42474, 29.6775 ], [ -95.42476, 29.67844 ], [ -95.42494, 29.67902 ], [ -95.42529, 29.67943 ], [ -95.42663, 29.68042 ], [ -95.4271, 29.68127 ], [ -95.42719, 29.68206 ], [ -95.42724, 29.68535 ], [ -95.43179, 29.68544 ], [ -95.43175, 29.67849 ] ] ] } },
{ "type": "Feature", "properties": { "name": "WINDSOR PARK TOWNHOME ASSOCIATION INC" }, "geometry": { "type": "Polygon", "coordinates": [ [ [ -95.47941, 29.74709 ], [ -95.4794, 29.74616 ], [ -95.4778, 29.74617 ], [ -95.47782, 29.7471 ], [ -95.47941, 29.74709 ] ] ] } },
{ "type": "Feature", "properties": { "name": "COUNCIL FOR COMMUNITY IMPROVEMENT" }, "geometry": { "type": "Polygon", "coordinates": [ [ [ -95.42143, 29.85779 ], [ -95.42915, 29.85777 ], [ -95.42909, 29.8483 ], [ -95.42892, 29.84827 ], [ -95.42892, 29.84701 ], [ -95.41379, 29.84703 ], [ -95.41247, 29.84721 ], [ -95.41113, 29.8472 ], [ -95.41156, 29.8492 ], [ -95.41349, 29.85095 ], [ -95.42143, 29.85779 ] ] ] } },
{ "type": "Feature", "properties": { "name": "PARK PLACE CIVIC CLUB" }, "geometry": { "type": "Polygon", "coordinates": [ [ [ -95.27266, 29.68055 ], [ -95.27209, 29.68096 ], [ -95.2713, 29.68055 ], [ -95.27093, 29.68063 ], [ -95.27074, 29.68053 ], [ -95.2701, 29.68063 ], [ -95.27002, 29.68073 ], [ -95.27027, 29.68118 ], [ -95.27017, 29.68145 ], [ -95.27007, 29.68159 ], [ -95.26971, 29.68163 ], [ -95.26995, 29.68222 ], [ -95.26991, 29.68229 ], [ -95.26959, 29.68238 ], [ -95.2693, 29.68208 ], [ -95.26903, 29.68263 ], [ -95.26859, 29.68303 ], [ -95.26809, 29.68327 ], [ -95.26799, 29.68344 ], [ -95.26803, 29.68371 ], [ -95.26848, 29.68449 ], [ -95.26843, 29.68495 ], [ -95.26849, 29.68529 ], [ -95.26916, 29.68545 ], [ -95.26944, 29.68558 ], [ -95.26983, 29.68607 ], [ -95.27013, 29.6861 ], [ -95.27056, 29.68594 ], [ -95.2709, 29.68612 ], [ -95.27103, 29.68631 ], [ -95.27136, 29.68733 ], [ -95.2715, 29.68746 ], [ -95.27212, 29.68766 ], [ -95.2723, 29.68782 ], [ -95.27232, 29.68823 ], [ -95.27217, 29.68847 ], [ -95.27174, 29.68868 ], [ -95.2713, 29.68871 ], [ -95.27068, 29.68901 ], [ -95.26939, 29.6902 ], [ -95.26902, 29.69037 ], [ -95.26878, 29.69039 ], [ -95.26847, 29.6901 ], [ -95.268, 29.68876 ], [ -95.2678, 29.68862 ], [ -95.26755, 29.68862 ], [ -95.2673, 29.68873 ], [ -95.26704, 29.68919 ], [ -95.26689, 29.68987 ], [ -95.26675, 29.69008 ], [ -95.26592, 29.69074 ], [ -95.26566, 29.6908 ], [ -95.26505, 29.69076 ], [ -95.26472, 29.69063 ], [ -95.26458, 29.69048 ], [ -95.26451, 29.69026 ], [ -95.2646, 29.69002 ], [ -95.26494, 29.68967 ], [ -95.26492, 29.6895 ], [ -95.26433, 29.68912 ], [ -95.26342, 29.68887 ], [ -95.26253, 29.6889 ], [ -95.26221, 29.68913 ], [ -95.26199, 29.68966 ], [ -95.26162, 29.68999 ], [ -95.26098, 29.69022 ], [ -95.26061, 29.69022 ], [ -95.26583, 29.6958 ], [ -95.26593, 29.69573 ], [ -95.26646, 29.69581 ], [ -95.26656, 29.6954 ], [ -95.26688, 29.69545 ], [ -95.26731, 29.69529 ], [ -95.26772, 29.69542 ], [ -95.26923, 29.69505 ], [ -95.26971, 29.69513 ], [ -95.26998, 29.69529 ], [ -95.27021, 29.69531 ], [ -95.27024, 29.69556 ], [ -95.27032, 29.69564 ], [ -95.27068, 29.69562 ], [ -95.27075, 29.69582 ], [ -95.2709, 29.69596 ], [ -95.27126, 29.69614 ], [ -95.27121, 29.69627 ], [ -95.27222, 29.69664 ], [ -95.27217, 29.69682 ], [ -95.27244, 29.69686 ], [ -95.27299, 29.69676 ], [ -95.27313, 29.69683 ], [ -95.27374, 29.69672 ], [ -95.27425, 29.69695 ], [ -95.27447, 29.69696 ], [ -95.27491, 29.69689 ], [ -95.27514, 29.6966 ], [ -95.27543, 29.69679 ], [ -95.27607, 29.69657 ], [ -95.2763, 29.69665 ], [ -95.27707, 29.69727 ], [ -95.2776, 29.6974 ], [ -95.2778, 29.69738 ], [ -95.27778, 29.69674 ], [ -95.28005, 29.69667 ], [ -95.28011, 29.69628 ], [ -95.28005, 29.69627 ], [ -95.28046, 29.69585 ], [ -95.28108, 29.69576 ], [ -95.28168, 29.69603 ], [ -95.28263, 29.69599 ], [ -95.28276, 29.69616 ], [ -95.28314, 29.69632 ], [ -95.28391, 29.69625 ], [ -95.28422, 29.69607 ], [ -95.28415, 29.69583 ], [ -95.28419, 29.69571 ], [ -95.28485, 29.69542 ], [ -95.28535, 29.69546 ], [ -95.28634, 29.69475 ], [ -95.2853, 29.6934 ], [ -95.27739, 29.68524 ], [ -95.27266, 29.68055 ] ] ] } },
{ "type": "Feature", "properties": { "name": "SOUTHERN VILLAGE CIVIC CLUB" }, "geometry": { "type": "Polygon", "coordinates": [ [ [ -95.34487, 29.69427 ], [ -95.34385, 29.6968 ], [ -95.34469, 29.69706 ], [ -95.34416, 29.69842 ], [ -95.3464, 29.69913 ], [ -95.34815, 29.69955 ], [ -95.34927, 29.69998 ], [ -95.35085, 29.69614 ], [ -95.34487, 29.69427 ] ] ] } },
{ "type": "Feature", "properties": { "name": "FONDREN CIVIC CLUB" }, "geometry": { "type": "Polygon", "coordinates": [ [ [ -95.49303, 29.63614 ], [ -95.50747, 29.63046 ], [ -95.50734, 29.62492 ], [ -95.50759, 29.62337 ], [ -95.50838, 29.62048 ], [ -95.50106, 29.61741 ], [ -95.49465, 29.61384 ], [ -95.49341, 29.61569 ], [ -95.49278, 29.61635 ], [ -95.49281, 29.6189 ], [ -95.49448, 29.62093 ], [ -95.495, 29.62236 ], [ -95.4951, 29.62304 ], [ -95.49512, 29.6274 ], [ -95.49471, 29.62856 ], [ -95.49363, 29.63052 ], [ -95.49306, 29.63174 ], [ -95.4932, 29.6348 ], [ -95.49303, 29.63614 ] ] ] } },
{ "type": "Feature", "properties": { "name": "DEERWOOD COUNCIL OF CO-OWNERS" }, "geometry": { "type": "Polygon", "coordinates": [ [ [ -95.54451, 29.76383 ], [ -95.54468, 29.76339 ], [ -95.54488, 29.76233 ], [ -95.54486, 29.75759 ], [ -95.54453, 29.75637 ], [ -95.54411, 29.75567 ], [ -95.5437, 29.75517 ], [ -95.54298, 29.75457 ], [ -95.54086, 29.75315 ], [ -95.54042, 29.75275 ], [ -95.53974, 29.75192 ], [ -95.53943, 29.75219 ], [ -95.53919, 29.75229 ], [ -95.53882, 29.75228 ], [ -95.53863, 29.75221 ], [ -95.53783, 29.75147 ], [ -95.53666, 29.75135 ], [ -95.53634, 29.75124 ], [ -95.53409, 29.7495 ], [ -95.53349, 29.74936 ], [ -95.53103, 29.75061 ], [ -95.53093, 29.75055 ], [ -95.5308, 29.75064 ], [ -95.53071, 29.7506 ], [ -95.53059, 29.75064 ], [ -95.53059, 29.75079 ], [ -95.53034, 29.7508 ], [ -95.53051, 29.75401 ], [ -95.52963, 29.75403 ], [ -95.52969, 29.75905 ], [ -95.5373, 29.75901 ], [ -95.5377, 29.75918 ], [ -95.53795, 29.75964 ], [ -95.53798, 29.76292 ], [ -95.53812, 29.76327 ], [ -95.53828, 29.76338 ], [ -95.53869, 29.76347 ], [ -95.54276, 29.76347 ], [ -95.54362, 29.76357 ], [ -95.54451, 29.76383 ] ] ] } },
{ "type": "Feature", "properties": { "name": "ASHFORD POINT OWNERS ASSN" }, "geometry": { "type": "Polygon", "coordinates": [ [ [ -95.61524, 29.71659 ], [ -95.61485, 29.71583 ], [ -95.61469, 29.71521 ], [ -95.61464, 29.71476 ], [ -95.61472, 29.71316 ], [ -95.60464, 29.714 ], [ -95.60483, 29.72122 ], [ -95.61481, 29.72118 ], [ -95.61527, 29.72109 ], [ -95.61534, 29.72074 ], [ -95.61532, 29.71829 ], [ -95.61544, 29.71785 ], [ -95.6158, 29.71734 ], [ -95.61524, 29.71659 ] ] ] } },
{ "type": "Feature", "properties": { "name": "FREEDMEN'S TOWN ASSOCIATION, INC." }, "geometry": { "type": "Polygon", "coordinates": [ [ [ -95.37488, 29.76028 ], [ -95.37584, 29.76016 ], [ -95.37693, 29.76016 ], [ -95.37768, 29.76038 ], [ -95.37908, 29.76105 ], [ -95.37986, 29.7612 ], [ -95.3858, 29.76121 ], [ -95.38575, 29.75897 ], [ -95.38581, 29.7583 ], [ -95.38572, 29.75773 ], [ -95.38567, 29.75346 ], [ -95.38575, 29.75346 ], [ -95.38573, 29.75097 ], [ -95.38399, 29.751 ], [ -95.38399, 29.75027 ], [ -95.38213, 29.75027 ], [ -95.37925, 29.74852 ], [ -95.37475, 29.75419 ], [ -95.37478, 29.7583 ], [ -95.37488, 29.76028 ] ] ] } },
{ "type": "Feature", "properties": { "name": "NOTTINGHAM CIVIC ASSOCIATION" }, "geometry": { "type": "Polygon", "coordinates": [ [ [ -95.5902, 29.77957 ], [ -95.59001, 29.77278 ], [ -95.58997, 29.77203 ], [ -95.58981, 29.77126 ], [ -95.5881, 29.77238 ], [ -95.58714, 29.77291 ], [ -95.58602, 29.77321 ], [ -95.58527, 29.77325 ], [ -95.58543, 29.78021 ], [ -95.5865, 29.78016 ], [ -95.58841, 29.77969 ], [ -95.5902, 29.77957 ] ] ] } },
{ "type": "Feature", "properties": { "name": "CHEVY CHASE CIVIC CLUB" }, "geometry": { "type": "Polygon", "coordinates": [ [ [ -95.4128, 29.72555 ], [ -95.40691, 29.72563 ], [ -95.40698, 29.72957 ], [ -95.4112, 29.72952 ], [ -95.4112, 29.72908 ], [ -95.41284, 29.72906 ], [ -95.4128, 29.72555 ] ] ] } },
{ "type": "Feature", "properties": { "name": "LAZY SPRING ACRES" }, "geometry": { "type": "Polygon", "coordinates": [ [ [ -95.52637, 29.82824 ], [ -95.52375, 29.8283 ], [ -95.52377, 29.82871 ], [ -95.52297, 29.8288 ], [ -95.52276, 29.82895 ], [ -95.52264, 29.82916 ], [ -95.52213, 29.82904 ], [ -95.52216, 29.83005 ], [ -95.52259, 29.83035 ], [ -95.52307, 29.8305 ], [ -95.52635, 29.83047 ], [ -95.52637, 29.82824 ] ] ] } },
{ "type": "Feature", "properties": { "name": "FULLERTON ESTATES" }, "geometry": { "type": "Polygon", "coordinates": [ [ [ -95.30776, 29.74673 ], [ -95.31397, 29.73716 ], [ -95.30716, 29.7349 ], [ -95.30291, 29.74511 ], [ -95.30776, 29.74673 ] ] ] } },
{ "type": "Feature", "properties": { "name": "PINECREST NEIGHBORHOOD CIVIC COUNCIL" }, "geometry": { "type": "Polygon", "coordinates": [ [ [ -95.3154, 29.77432 ], [ -95.31977, 29.77431 ], [ -95.32252, 29.77414 ], [ -95.32418, 29.77376 ], [ -95.32641, 29.7728 ], [ -95.32646, 29.76994 ], [ -95.32658, 29.76885 ], [ -95.32648, 29.76546 ], [ -95.32294, 29.76547 ], [ -95.32007, 29.76451 ], [ -95.31832, 29.76442 ], [ -95.31551, 29.76365 ], [ -95.3154, 29.77432 ] ] ] } },
{ "type": "Feature", "properties": { "name": "RICE MILITARY CIVIC CLUB" }, "geometry": { "type": "Polygon", "coordinates": [ [ [ -95.42153, 29.76133 ], [ -95.41712, 29.76142 ], [ -95.41614, 29.76151 ], [ -95.41561, 29.76172 ], [ -95.41384, 29.7628 ], [ -95.41311, 29.76304 ], [ -95.41268, 29.76304 ], [ -95.4122, 29.76292 ], [ -95.41044, 29.762 ], [ -95.40981, 29.76185 ], [ -95.40914, 29.76182 ], [ -95.40938, 29.76378 ], [ -95.40946, 29.77048 ], [ -95.41341, 29.77043 ], [ -95.41873, 29.77075 ], [ -95.42184, 29.77102 ], [ -95.42291, 29.77104 ], [ -95.42353, 29.77094 ], [ -95.42211, 29.76886 ], [ -95.42188, 29.76824 ], [ -95.42179, 29.76745 ], [ -95.42153, 29.76133 ] ] ] } },
{ "type": "Feature", "properties": { "name": "MAUNE CIVIC CLUB, INC" }, "geometry": { "type": "Polygon", "coordinates": [ [ [ -95.47075, 29.7433 ], [ -95.4694, 29.74333 ], [ -95.46862, 29.74356 ], [ -95.46699, 29.74358 ], [ -95.46721, 29.7502 ], [ -95.47091, 29.75017 ], [ -95.47075, 29.7433 ] ] ] } },
{ "type": "Feature", "properties": { "name": "HIGHLAND HEIGHTS #2" }, "geometry": { "type": "Polygon", "coordinates": [ [ [ -95.41437, 29.84703 ], [ -95.42149, 29.84702 ], [ -95.42149, 29.8469 ], [ -95.41438, 29.84658 ], [ -95.41437, 29.84703 ] ] ] } },
{ "type": "Feature", "properties": { "name": "CHARLTON PARK HOMEOWNERS ASSOCIATION" }, "geometry": { "type": "Polygon", "coordinates": [ [ [ -95.63153, 29.76652 ], [ -95.63357, 29.76651 ], [ -95.63357, 29.76598 ], [ -95.63257, 29.76424 ], [ -95.63179, 29.76467 ], [ -95.63148, 29.76471 ], [ -95.63153, 29.76652 ] ] ] } },
{ "type": "Feature", "properties": { "name": "MLK NEIGHBORHOOD COUNCIL" }, "geometry": { "type": "Polygon", "coordinates": [ [ [ -95.3447, 29.67721 ], [ -95.34528, 29.67581 ], [ -95.34563, 29.67385 ], [ -95.34633, 29.67205 ], [ -95.34699, 29.67089 ], [ -95.34856, 29.66685 ], [ -95.34727, 29.66668 ], [ -95.34537, 29.66616 ], [ -95.33715, 29.66636 ], [ -95.33727, 29.67084 ], [ -95.33645, 29.67363 ], [ -95.33647, 29.67539 ], [ -95.33836, 29.67551 ], [ -95.33874, 29.67543 ], [ -95.3447, 29.67721 ] ] ] } },
{ "type": "Feature", "properties": { "name": "WINLOW PLACE CIVIC CLUB" }, "geometry": { "type": "Polygon", "coordinates": [ [ [ -95.40826, 29.74269 ], [ -95.40823, 29.73868 ], [ -95.4021, 29.73874 ], [ -95.40218, 29.74269 ], [ -95.40826, 29.74269 ] ] ] } },
{ "type": "Feature", "properties": { "name": "CANDLELIGHT PLAZA CIVIC CLUB" }, "geometry": { "type": "Polygon", "coordinates": [ [ [ -95.42885, 29.84104 ], [ -95.42881, 29.83879 ], [ -95.42953, 29.83811 ], [ -95.42957, 29.83766 ], [ -95.42059, 29.83782 ], [ -95.42063, 29.83863 ], [ -95.42026, 29.83867 ], [ -95.42028, 29.84101 ], [ -95.42465, 29.84096 ], [ -95.42885, 29.84104 ] ] ] } },
{ "type": "Feature", "properties": { "name": "LAKESIDE ESTATES TOWNHOUSES ASSOCIATION" }, "geometry": { "type": "Polygon", "coordinates": [ [ [ -95.57207, 29.74797 ], [ -95.57204, 29.74524 ], [ -95.57151, 29.74524 ], [ -95.5706, 29.74562 ], [ -95.56937, 29.74564 ], [ -95.56942, 29.74634 ], [ -95.56959, 29.74714 ], [ -95.56959, 29.74766 ], [ -95.57135, 29.74796 ], [ -95.57207, 29.74797 ] ] ] } },
{ "type": "Feature", "properties": { "name": "GULF MEADOWS CIVIC CLUB" }, "geometry": { "type": "Polygon", "coordinates": [ [ [ -95.28536, 29.61966 ], [ -95.28534, 29.61589 ], [ -95.28614, 29.60412 ], [ -95.2782, 29.60425 ], [ -95.2782, 29.60396 ], [ -95.26656, 29.6041 ], [ -95.26678, 29.62045 ], [ -95.27789, 29.62032 ], [ -95.2778, 29.61982 ], [ -95.28536, 29.61966 ] ] ] } },
{ "type": "Feature", "properties": { "name": "OAKWOOD FOREST OWNERS" }, "geometry": { "type": "Polygon", "coordinates": [ [ [ -95.51066, 29.87041 ], [ -95.51565, 29.87038 ], [ -95.51559, 29.86563 ], [ -95.51061, 29.86561 ], [ -95.51066, 29.87041 ] ] ] } },
{ "type": "Feature", "properties": { "name": "LARKWOOD CIVIC CLUB" }, "geometry": { "type": "Polygon", "coordinates": [ [ [ -95.50878, 29.68678 ], [ -95.50865, 29.67565 ], [ -95.50654, 29.67571 ], [ -95.50531, 29.67595 ], [ -95.50544, 29.68557 ], [ -95.50604, 29.68558 ], [ -95.50606, 29.68761 ], [ -95.50634, 29.6876 ], [ -95.50632, 29.68805 ], [ -95.50878, 29.68678 ] ] ] } },
{ "type": "Feature", "properties": { "name": "DEMOSS OWNES ASSOCIATION" }, "geometry": { "type": "Polygon", "coordinates": [ [ [ -95.50095, 29.70718 ], [ -95.49683, 29.70722 ], [ -95.49683, 29.70886 ], [ -95.49908, 29.70884 ], [ -95.50061, 29.70892 ], [ -95.50095, 29.70718 ] ] ] } },
{ "type": "Feature", "properties": { "name": "FREEWAY-PINE VALLEY CIVIC CLUB" }, "geometry": { "type": "Polygon", "coordinates": [ [ [ -95.3073, 29.70406 ], [ -95.31075, 29.7051 ], [ -95.3113, 29.70479 ], [ -95.31147, 29.70436 ], [ -95.31936, 29.70673 ], [ -95.32, 29.70619 ], [ -95.32063, 29.70616 ], [ -95.32122, 29.70586 ], [ -95.32183, 29.706 ], [ -95.3225, 29.70574 ], [ -95.32271, 29.70525 ], [ -95.32331, 29.7047 ], [ -95.32419, 29.70426 ], [ -95.32468, 29.70371 ], [ -95.32476, 29.7019 ], [ -95.32516, 29.70126 ], [ -95.32368, 29.70081 ], [ -95.32434, 29.69931 ], [ -95.32232, 29.6987 ], [ -95.32234, 29.69863 ], [ -95.32116, 29.69934 ], [ -95.32002, 29.69653 ], [ -95.31922, 29.69487 ], [ -95.31614, 29.69631 ], [ -95.3148, 29.69675 ], [ -95.31322, 29.69707 ], [ -95.31198, 29.69713 ], [ -95.3107, 29.69709 ], [ -95.30743, 29.69671 ], [ -95.30492, 29.70314 ], [ -95.3054, 29.70355 ], [ -95.30546, 29.70336 ], [ -95.30556, 29.70338 ], [ -95.30722, 29.70426 ], [ -95.3073, 29.70406 ] ] ] } },
{ "type": "Feature", "properties": { "name": "KESWICK PLACE-RAMBLEWOOD PARK CIVIC CLUB INC" }, "geometry": { "type": "Polygon", "coordinates": [ [ [ -95.45605, 29.63183 ], [ -95.44631, 29.63189 ], [ -95.44626, 29.637 ], [ -95.45451, 29.63696 ], [ -95.45447, 29.63605 ], [ -95.45427, 29.63493 ], [ -95.45427, 29.63411 ], [ -95.45604, 29.63416 ], [ -95.45605, 29.63183 ] ] ] } },
{ "type": "Feature", "properties": { "name": "UNIVERSITY VILLAGE CIVIC CLUB" }, "geometry": { "type": "Polygon", "coordinates": [ [ [ -95.3499, 29.72785 ], [ -95.34936, 29.72776 ], [ -95.34695, 29.72803 ], [ -95.34644, 29.728 ], [ -95.34397, 29.72728 ], [ -95.34231, 29.73125 ], [ -95.34409, 29.73282 ], [ -95.34604, 29.73433 ], [ -95.34727, 29.73487 ], [ -95.34767, 29.73487 ], [ -95.34982, 29.72938 ], [ -95.35, 29.72882 ], [ -95.3499, 29.72785 ] ] ] } },
{ "type": "Feature", "properties": { "name": "SOUTH MACGREGOR CIVIC CLUB, INC." }, "geometry": { "type": "Polygon", "coordinates": [ [ [ -95.37123, 29.71262 ], [ -95.37172, 29.71305 ], [ -95.37442, 29.70965 ], [ -95.37401, 29.70949 ], [ -95.37526, 29.70633 ], [ -95.37047, 29.70487 ], [ -95.37042, 29.705 ], [ -95.36999, 29.70485 ], [ -95.37004, 29.70472 ], [ -95.36917, 29.70445 ], [ -95.36913, 29.70457 ], [ -95.36875, 29.70446 ], [ -95.36817, 29.70591 ], [ -95.36747, 29.70637 ], [ -95.36737, 29.70652 ], [ -95.36726, 29.70732 ], [ -95.36692, 29.70817 ], [ -95.36687, 29.7085 ], [ -95.3673, 29.70932 ], [ -95.36783, 29.70922 ], [ -95.36953, 29.70867 ], [ -95.36991, 29.70867 ], [ -95.37034, 29.70878 ], [ -95.3708, 29.70909 ], [ -95.37103, 29.70945 ], [ -95.3711, 29.70989 ], [ -95.371, 29.71206 ], [ -95.37123, 29.71262 ] ] ] } },
{ "type": "Feature", "properties": { "name": "SHENANDAH CIVIC ASSOCIATION" }, "geometry": { "type": "Polygon", "coordinates": [ [ [ -95.48891, 29.71276 ], [ -95.48885, 29.70823 ], [ -95.48678, 29.70826 ], [ -95.48676, 29.70784 ], [ -95.4847, 29.70786 ], [ -95.4847, 29.70828 ], [ -95.48259, 29.7083 ], [ -95.48263, 29.71281 ], [ -95.48891, 29.71276 ] ] ] } },
{ "type": "Feature", "properties": { "name": "CATALINA NORTH CIVIC CLUB" }, "geometry": { "type": "Polygon", "coordinates": [ [ [ -95.59598, 29.69273 ], [ -95.59202, 29.69278 ], [ -95.59207, 29.69598 ], [ -95.59602, 29.69601 ], [ -95.59598, 29.69273 ] ] ] } },
{ "type": "Feature", "properties": { "name": "BRAEBURN PLAZA TOWNHOMES" }, "geometry": { "type": "Polygon", "coordinates": [ [ [ -95.53256, 29.6776 ], [ -95.53253, 29.67637 ], [ -95.53145, 29.6764 ], [ -95.53148, 29.67761 ], [ -95.53256, 29.6776 ] ] ] } },
{ "type": "Feature", "properties": { "name": "BRIAR MEADOW HOMEOWNERS' ASSOCIATION, INC." }, "geometry": { "type": "Polygon", "coordinates": [ [ [ -95.51059, 29.73494 ], [ -95.51048, 29.7307 ], [ -95.51095, 29.73069 ], [ -95.51082, 29.7254 ], [ -95.50206, 29.72553 ], [ -95.5022, 29.73436 ], [ -95.50257, 29.73506 ], [ -95.51059, 29.73494 ] ] ] } },
{ "type": "Feature", "properties": { "name": "NEW PROGRESSIVE CIVIC CLUB" }, "geometry": { "type": "Polygon", "coordinates": [ [ [ -95.2756, 29.83715 ], [ -95.28697, 29.83702 ], [ -95.28697, 29.83661 ], [ -95.28891, 29.83663 ], [ -95.28891, 29.83671 ], [ -95.29219, 29.83669 ], [ -95.29212, 29.83134 ], [ -95.29201, 29.83132 ], [ -95.29196, 29.82593 ], [ -95.29205, 29.81177 ], [ -95.29189, 29.81077 ], [ -95.29177, 29.80869 ], [ -95.29168, 29.80795 ], [ -95.29153, 29.80748 ], [ -95.29083, 29.80716 ], [ -95.29004, 29.80664 ], [ -95.2894, 29.80595 ], [ -95.28899, 29.8052 ], [ -95.28873, 29.80429 ], [ -95.28863, 29.79967 ], [ -95.26973, 29.80769 ], [ -95.27015, 29.8366 ], [ -95.2756, 29.8366 ], [ -95.2756, 29.83715 ] ] ] } },
{ "type": "Feature", "properties": { "name": "TEALWOOD HOME OWNERS ASSOCIATION" }, "geometry": { "type": "Polygon", "coordinates": [ [ [ -95.54884, 29.76615 ], [ -95.54885, 29.76381 ], [ -95.54892, 29.76296 ], [ -95.54883, 29.76249 ], [ -95.54881, 29.76162 ], [ -95.54736, 29.76164 ], [ -95.54738, 29.76112 ], [ -95.54717, 29.76054 ], [ -95.54662, 29.75974 ], [ -95.54638, 29.75921 ], [ -95.54613, 29.7589 ], [ -95.54576, 29.75871 ], [ -95.54503, 29.75854 ], [ -95.54502, 29.75906 ], [ -95.54486, 29.75979 ], [ -95.54488, 29.76135 ], [ -95.54504, 29.76191 ], [ -95.54487, 29.76252 ], [ -95.54494, 29.76307 ], [ -95.54465, 29.76393 ], [ -95.54571, 29.76459 ], [ -95.54635, 29.7655 ], [ -95.5471, 29.76592 ], [ -95.54774, 29.76619 ], [ -95.54825, 29.76626 ], [ -95.54884, 29.76615 ] ] ] } },
{ "type": "Feature", "properties": { "name": "ASSUMPTION HEIGHTS CIVIC CLUB" }, "geometry": { "type": "Polygon", "coordinates": [ [ [ -95.3956, 29.86994 ], [ -95.38856, 29.86999 ], [ -95.38864, 29.87559 ], [ -95.39576, 29.87553 ], [ -95.39573, 29.87274 ], [ -95.39564, 29.87273 ], [ -95.3956, 29.86994 ] ] ] } },
{ "type": "Feature", "properties": { "name": "WESTERN OAKS CIVIC ASSOCIATION" }, "geometry": { "type": "Polygon", "coordinates": [ [ [ -95.51966, 29.79786 ], [ -95.51962, 29.79519 ], [ -95.52031, 29.79519 ], [ -95.52032, 29.79387 ], [ -95.51591, 29.79388 ], [ -95.514, 29.79438 ], [ -95.51391, 29.80009 ], [ -95.51958, 29.79911 ], [ -95.51966, 29.79786 ] ] ] } },
{ "type": "Feature", "properties": { "name": "WESTWICK HOMEOWNERS ASSOCIATION" }, "geometry": { "type": "Polygon", "coordinates": [ [ [ -95.58587, 29.79002 ], [ -95.59334, 29.7901 ], [ -95.59337, 29.78754 ], [ -95.5903, 29.78751 ], [ -95.59033, 29.7852 ], [ -95.58573, 29.78519 ], [ -95.58587, 29.79002 ] ] ] } },
{ "type": "Feature", "properties": { "name": "HILLWOOD CIVIC CLUB" }, "geometry": { "type": "Polygon", "coordinates": [ [ [ -95.36355, 29.62594 ], [ -95.35779, 29.62592 ], [ -95.35783, 29.62729 ], [ -95.3636, 29.62876 ], [ -95.36355, 29.62594 ] ] ] } },
{ "type": "Feature", "properties": { "name": "HAWTHORNE PLACE CIVIC ASSOCIATION" }, "geometry": { "type": "Polygon", "coordinates": [ [ [ -95.37175, 29.84569 ], [ -95.37068, 29.84576 ], [ -95.36935, 29.84609 ], [ -95.36825, 29.84621 ], [ -95.36084, 29.84625 ], [ -95.35961, 29.84643 ], [ -95.36056, 29.85034 ], [ -95.36095, 29.85153 ], [ -95.36574, 29.87074 ], [ -95.3677, 29.87036 ], [ -95.36857, 29.87027 ], [ -95.37194, 29.87023 ], [ -95.37188, 29.86733 ], [ -95.37214, 29.86609 ], [ -95.37186, 29.8486 ], [ -95.37175, 29.84569 ] ] ] } },
{ "type": "Feature", "properties": { "name": "SOUTHGATE CIVIC CLUB" }, "geometry": { "type": "Polygon", "coordinates": [ [ [ -95.41174, 29.71504 ], [ -95.41268, 29.71513 ], [ -95.4126, 29.7062 ], [ -95.40509, 29.70622 ], [ -95.4009, 29.7115 ], [ -95.41174, 29.71504 ] ] ] } },
{ "type": "Feature", "properties": { "name": "SOUTHWEST CROSSING ONE" }, "geometry": { "type": "Polygon", "coordinates": [ [ [ -95.50834, 29.62098 ], [ -95.5088, 29.61905 ], [ -95.50912, 29.61485 ], [ -95.50913, 29.61346 ], [ -95.50909, 29.61307 ], [ -95.50881, 29.61212 ], [ -95.50761, 29.60946 ], [ -95.50619, 29.60983 ], [ -95.50483, 29.60977 ], [ -95.50392, 29.60947 ], [ -95.50246, 29.60852 ], [ -95.50184, 29.60828 ], [ -95.50102, 29.60816 ], [ -95.49957, 29.60815 ], [ -95.49819, 29.60786 ], [ -95.49535, 29.61296 ], [ -95.49472, 29.61395 ], [ -95.49637, 29.61468 ], [ -95.4979, 29.61547 ], [ -95.50059, 29.61724 ], [ -95.50125, 29.61723 ], [ -95.50126, 29.61757 ], [ -95.50834, 29.62098 ] ] ] } },
{ "type": "Feature", "properties": { "name": "PARKWOOD DRIVE CIVIC CLUB" }, "geometry": { "type": "Polygon", "coordinates": [ [ [ -95.36727, 29.70927 ], [ -95.36686, 29.7084 ], [ -95.36726, 29.70732 ], [ -95.36731, 29.70669 ], [ -95.36747, 29.70637 ], [ -95.36822, 29.70581 ], [ -95.36974, 29.70187 ], [ -95.35956, 29.7024 ], [ -95.35868, 29.70476 ], [ -95.35758, 29.70729 ], [ -95.3572, 29.70841 ], [ -95.36134, 29.70963 ], [ -95.36215, 29.70975 ], [ -95.36335, 29.70974 ], [ -95.36706, 29.70937 ], [ -95.36727, 29.70927 ] ] ] } },
{ "type": "Feature", "properties": { "name": "SCARSDALE CIVIC ASSOCIATION" }, "geometry": { "type": "Polygon", "coordinates": [ [ [ -95.20437, 29.59279 ], [ -95.20923, 29.5883 ], [ -95.2113, 29.58677 ], [ -95.21383, 29.58448 ], [ -95.2116, 29.58259 ], [ -95.20816, 29.58581 ], [ -95.20725, 29.58506 ], [ -95.20649, 29.58568 ], [ -95.20586, 29.58587 ], [ -95.20541, 29.58584 ], [ -95.20391, 29.58549 ], [ -95.20329, 29.58548 ], [ -95.20327, 29.58425 ], [ -95.18834, 29.58461 ], [ -95.18753, 29.58384 ], [ -95.18548, 29.58576 ], [ -95.18542, 29.58745 ], [ -95.18569, 29.58788 ], [ -95.19318, 29.59451 ], [ -95.19684, 29.59818 ], [ -95.19753, 29.59858 ], [ -95.19784, 29.59861 ], [ -95.19835, 29.59846 ], [ -95.20191, 29.59573 ], [ -95.20301, 29.59466 ], [ -95.20437, 29.59279 ] ] ] } },
{ "type": "Feature", "properties": { "name": "SPRING BRANCH VALLEY CIVIC CLUB" }, "geometry": { "type": "Polygon", "coordinates": [ [ [ -95.54883, 29.81753 ], [ -95.56371, 29.81723 ], [ -95.56371, 29.81466 ], [ -95.54523, 29.81481 ], [ -95.54524, 29.81602 ], [ -95.5488, 29.81603 ], [ -95.54883, 29.81753 ] ] ] } },
{ "type": "Feature", "properties": { "name": "LAKES OF FONDREN" }, "geometry": { "type": "Polygon", "coordinates": [ [ [ -95.52803, 29.65568 ], [ -95.5278, 29.64378 ], [ -95.52784, 29.6427 ], [ -95.52795, 29.64194 ], [ -95.52671, 29.64164 ], [ -95.5251, 29.64153 ], [ -95.52348, 29.64158 ], [ -95.5214, 29.64186 ], [ -95.51835, 29.64194 ], [ -95.51731, 29.64216 ], [ -95.51612, 29.6426 ], [ -95.51378, 29.64375 ], [ -95.51245, 29.64413 ], [ -95.50833, 29.64425 ], [ -95.5084, 29.65603 ], [ -95.5126, 29.656 ], [ -95.51571, 29.65565 ], [ -95.52113, 29.65561 ], [ -95.52485, 29.65571 ], [ -95.52803, 29.65568 ] ] ] } },
{ "type": "Feature", "properties": { "name": "WAMM CIVIC ASSOCIATION" }, "geometry": { "type": "Polygon", "coordinates": [ [ [ -95.39743, 29.7388 ], [ -95.39134, 29.73887 ], [ -95.39141, 29.74457 ], [ -95.39332, 29.74454 ], [ -95.39701, 29.74274 ], [ -95.39748, 29.74272 ], [ -95.39743, 29.7388 ] ] ] } },
{ "type": "Feature", "properties": { "name": "PROCTOR PLAZA NEIGHBORHOOD ASSOCIATION" }, "geometry": { "type": "Polygon", "coordinates": [ [ [ -95.38771, 29.79087 ], [ -95.38426, 29.79092 ], [ -95.38427, 29.79147 ], [ -95.38414, 29.7915 ], [ -95.38434, 29.79941 ], [ -95.38795, 29.80394 ], [ -95.38771, 29.79087 ] ] ] } },
{ "type": "Feature", "properties": { "name": "SHEPHERD PARK PLAZA CITIZENS PATROL" }, "geometry": { "type": "Polygon", "coordinates": [ [ [ -95.41837, 29.83697 ], [ -95.42902, 29.83695 ], [ -95.42904, 29.83033 ], [ -95.41622, 29.83038 ], [ -95.41632, 29.83657 ], [ -95.41837, 29.83656 ], [ -95.41837, 29.83697 ] ] ] } },
{ "type": "Feature", "properties": { "name": "PINE WOOD ESTATES CIVIC CLUB" }, "geometry": { "type": "Polygon", "coordinates": [ [ [ -95.45897, 29.78071 ], [ -95.46158, 29.78069 ], [ -95.46159, 29.77756 ], [ -95.46228, 29.77711 ], [ -95.46167, 29.77596 ], [ -95.46155, 29.77556 ], [ -95.46149, 29.7746 ], [ -95.46127, 29.77403 ], [ -95.46112, 29.77384 ], [ -95.46078, 29.77354 ], [ -95.46022, 29.77333 ], [ -95.45889, 29.77327 ], [ -95.45897, 29.78071 ] ] ] } },
{ "type": "Feature", "properties": { "name": "SPRING OAKS CIVIC ASSOCIATION" }, "geometry": { "type": "Polygon", "coordinates": [ [ [ -95.49709, 29.79586 ], [ -95.49718, 29.803 ], [ -95.5019, 29.80301 ], [ -95.50122, 29.79751 ], [ -95.50057, 29.79735 ], [ -95.50051, 29.79674 ], [ -95.499, 29.79649 ], [ -95.49831, 29.79618 ], [ -95.49709, 29.79586 ] ] ] } },
{ "type": "Feature", "properties": { "name": "CORINTHIAN POINTE HOA" }, "geometry": { "type": "Polygon", "coordinates": [ [ [ -95.48119, 29.62841 ], [ -95.4811, 29.6243 ], [ -95.4651, 29.6243 ], [ -95.46519, 29.62722 ], [ -95.46955, 29.62724 ], [ -95.47152, 29.6274 ], [ -95.47377, 29.62788 ], [ -95.47488, 29.62826 ], [ -95.47561, 29.62839 ], [ -95.48119, 29.62841 ] ] ] } },
{ "type": "Feature", "properties": { "name": "KEMPWOOD NORTH CIVIC ASSOCIATION" }, "geometry": { "type": "Polygon", "coordinates": [ [ [ -95.52929, 29.83246 ], [ -95.53371, 29.83243 ], [ -95.53382, 29.82185 ], [ -95.52911, 29.82195 ], [ -95.52929, 29.83246 ] ] ] } },
{ "type": "Feature", "properties": { "name": "TIMBERGROVE MANOR NEIGHBORHOOD ASSOCIATION" }, "geometry": { "type": "Polygon", "coordinates": [ [ [ -95.43798, 29.79775 ], [ -95.44522, 29.79772 ], [ -95.4453, 29.79779 ], [ -95.44532, 29.80097 ], [ -95.43819, 29.801 ], [ -95.43807, 29.79932 ], [ -95.43817, 29.7979 ], [ -95.43798, 29.79793 ], [ -95.43775, 29.79775 ], [ -95.43303, 29.79777 ], [ -95.43302, 29.79922 ], [ -95.42851, 29.79933 ], [ -95.42768, 29.79928 ], [ -95.42693, 29.7985 ], [ -95.42514, 29.79726 ], [ -95.42451, 29.79659 ], [ -95.42409, 29.79572 ], [ -95.42385, 29.79444 ], [ -95.42316, 29.79335 ], [ -95.42271, 29.79293 ], [ -95.422, 29.79252 ], [ -95.42079, 29.79217 ], [ -95.42057, 29.79149 ], [ -95.42041, 29.79127 ], [ -95.42018, 29.79109 ], [ -95.41954, 29.79085 ], [ -95.41928, 29.79027 ], [ -95.4212, 29.78986 ], [ -95.4206, 29.78928 ], [ -95.4204, 29.78894 ], [ -95.41943, 29.78869 ], [ -95.41963, 29.78831 ], [ -95.41965, 29.78818 ], [ -95.41953, 29.78801 ], [ -95.41867, 29.78788 ], [ -95.41853, 29.78766 ], [ -95.41911, 29.78685 ], [ -95.4199, 29.78654 ], [ -95.41981, 29.78569 ], [ -95.41992, 29.78515 ], [ -95.41981, 29.78493 ], [ -95.42293, 29.785 ], [ -95.42474, 29.78482 ], [ -95.42472, 29.78476 ], [ -95.425, 29.78473 ], [ -95.42562, 29.78497 ], [ -95.42581, 29.78541 ], [ -95.4259, 29.78914 ], [ -95.42979, 29.78912 ], [ -95.42981, 29.79327 ], [ -95.42749, 29.79327 ], [ -95.42755, 29.7951 ], [ -95.43092, 29.79508 ], [ -95.43085, 29.79471 ], [ -95.43085, 29.7928 ], [ -95.43307, 29.79276 ], [ -95.43348, 29.7929 ], [ -95.43348, 29.79278 ], [ -95.43779, 29.79274 ], [ -95.43796, 29.79461 ], [ -95.43798, 29.79761 ], [ -95.43798, 29.79775 ] ] ] } },
{ "type": "Feature", "properties": { "name": "BRIARCROFT PROPERTY OWNER'S ASSOCIATION" }, "geometry": { "type": "Polygon", "coordinates": [ [ [ -95.4613, 29.75025 ], [ -95.48265, 29.74998 ], [ -95.4825, 29.73784 ], [ -95.47456, 29.73798 ], [ -95.47352, 29.73823 ], [ -95.46719, 29.7404 ], [ -95.4664, 29.74056 ], [ -95.46093, 29.74088 ], [ -95.46106, 29.74141 ], [ -95.4613, 29.75025 ] ], [ [ -95.47941, 29.74709 ], [ -95.47782, 29.7471 ], [ -95.4778, 29.74617 ], [ -95.4794, 29.74616 ], [ -95.47941, 29.74709 ] ] ] } },
{ "type": "Feature", "properties": { "name": "ANDOVER-SOUTHVIEW-FAIRLAWN CIVIC CLUB" }, "geometry": { "type": "Polygon", "coordinates": [ [ [ -95.31682, 29.67877 ], [ -95.31299, 29.66717 ], [ -95.30652, 29.66872 ], [ -95.30329, 29.67061 ], [ -95.30188, 29.67176 ], [ -95.30062, 29.67268 ], [ -95.299, 29.673 ], [ -95.30508, 29.67709 ], [ -95.30459, 29.68144 ], [ -95.30568, 29.68143 ], [ -95.31682, 29.67877 ] ] ] } },
{ "type": "Feature", "properties": { "name": "WEST BROOK CIVIC CLUB" }, "geometry": { "type": "Polygon", "coordinates": [ [ [ -95.46493, 29.61377 ], [ -95.46497, 29.60991 ], [ -95.46488, 29.60699 ], [ -95.46476, 29.60579 ], [ -95.44652, 29.60608 ], [ -95.44666, 29.61331 ], [ -95.45266, 29.61331 ], [ -95.4536, 29.61358 ], [ -95.45499, 29.61421 ], [ -95.4555, 29.61433 ], [ -95.4562, 29.61436 ], [ -95.4562, 29.61391 ], [ -95.46493, 29.61377 ] ] ] } },
{ "type": "Feature", "properties": { "name": "COLLEGE COURT" }, "geometry": { "type": "Polygon", "coordinates": [ [ [ -95.44317, 29.72723 ], [ -95.44629, 29.72699 ], [ -95.44629, 29.72691 ], [ -95.44691, 29.72678 ], [ -95.44726, 29.72653 ], [ -95.4475, 29.72623 ], [ -95.44761, 29.72592 ], [ -95.44761, 29.7255 ], [ -95.44767, 29.7255 ], [ -95.44763, 29.72459 ], [ -95.44324, 29.72463 ], [ -95.44325, 29.7269 ], [ -95.44317, 29.72692 ], [ -95.44317, 29.72723 ] ] ] } },
{ "type": "Feature", "properties": { "name": "ETHAN'S GLEN COMMUNITY ASSOCIATION INC" }, "geometry": { "type": "Polygon", "coordinates": [ [ [ -95.55076, 29.76608 ], [ -95.55066, 29.76399 ], [ -95.5532, 29.76399 ], [ -95.55314, 29.76155 ], [ -95.55249, 29.76127 ], [ -95.55225, 29.76099 ], [ -95.55184, 29.76124 ], [ -95.55112, 29.76121 ], [ -95.55042, 29.76093 ], [ -95.5501, 29.76072 ], [ -95.5502, 29.76608 ], [ -95.55076, 29.76608 ] ] ] } },
{ "type": "Feature", "properties": { "name": "ROSELAND ESTATES CIVIC ASSOCIATION" }, "geometry": { "type": "Polygon", "coordinates": [ [ [ -95.39098, 29.73221 ], [ -95.39018, 29.7322 ], [ -95.3897, 29.73225 ], [ -95.38938, 29.73233 ], [ -95.38938, 29.73239 ], [ -95.38826, 29.73241 ], [ -95.38826, 29.73265 ], [ -95.38729, 29.7327 ], [ -95.38682, 29.73306 ], [ -95.38659, 29.73336 ], [ -95.38653, 29.73393 ], [ -95.38623, 29.73394 ], [ -95.38624, 29.73436 ], [ -95.38777, 29.73434 ], [ -95.38877, 29.73443 ], [ -95.391, 29.7344 ], [ -95.39098, 29.73221 ] ] ] } },
{ "type": "Feature", "properties": { "name": "HISTORIC RIVERSIDE TERRACE CIVIC ASSOCIATION" }, "geometry": { "type": "Polygon", "coordinates": [ [ [ -95.37399, 29.72584 ], [ -95.37398, 29.72614 ], [ -95.37644, 29.72285 ], [ -95.37823, 29.71691 ], [ -95.37845, 29.71584 ], [ -95.37836, 29.71443 ], [ -95.37806, 29.71329 ], [ -95.37742, 29.71297 ], [ -95.37556, 29.71334 ], [ -95.37513, 29.71379 ], [ -95.37382, 29.71438 ], [ -95.37299, 29.71443 ], [ -95.37176, 29.71434 ], [ -95.37127, 29.71409 ], [ -95.36581, 29.72092 ], [ -95.37015, 29.72367 ], [ -95.37187, 29.72457 ], [ -95.37399, 29.72584 ] ] ] } },
{ "type": "Feature", "properties": { "name": "LANGWOOD II CIVIC CLUB" }, "geometry": { "type": "Polygon", "coordinates": [ [ [ -95.5063, 29.82491 ], [ -95.50625, 29.81853 ], [ -95.50564, 29.81853 ], [ -95.50564, 29.81826 ], [ -95.50577, 29.81826 ], [ -95.50576, 29.81647 ], [ -95.50083, 29.81655 ], [ -95.50068, 29.8174 ], [ -95.50046, 29.8181 ], [ -95.49998, 29.81898 ], [ -95.49953, 29.81956 ], [ -95.49524, 29.82417 ], [ -95.49634, 29.82497 ], [ -95.5063, 29.82491 ] ] ] } },
{ "type": "Feature", "properties": { "name": "SPANISH COVE COMMUNITY IMPROVEMENT CORP." }, "geometry": { "type": "Polygon", "coordinates": [ [ [ -95.11336, 30.00419 ], [ -95.11342, 30.00299 ], [ -95.11329, 30.00243 ], [ -95.11335, 30.00231 ], [ -95.11402, 30.00219 ], [ -95.11392, 30.00201 ], [ -95.1137, 30.0004 ], [ -95.11403, 29.99964 ], [ -95.11097, 29.99973 ], [ -95.11026, 30.00081 ], [ -95.11024, 30.00423 ], [ -95.11336, 30.00419 ] ] ] } },
{ "type": "Feature", "properties": { "name": "INDEPENDENCE HEIGHTS CIVIC ASSOCIATION" }, "geometry": { "type": "MultiPolygon", "coordinates": [ [ [ [ -95.41096, 29.84712 ], [ -95.41031, 29.81304 ], [ -95.3994, 29.81313 ], [ -95.39203, 29.81418 ], [ -95.3889, 29.81438 ], [ -95.37648, 29.81426 ], [ -95.3793, 29.8209 ], [ -95.38033, 29.82418 ], [ -95.38137, 29.82893 ], [ -95.38593, 29.83484 ], [ -95.39295, 29.84544 ], [ -95.40307, 29.84595 ], [ -95.40462, 29.84704 ], [ -95.41096, 29.84712 ] ] ], [ [ [ -95.41097, 29.84721 ], [ -95.41102, 29.84712 ], [ -95.41096, 29.84712 ], [ -95.41097, 29.84721 ] ] ] ] } },
{ "type": "Feature", "properties": { "name": "SMITH ADDITION CIVIC CLUB" }, "geometry": { "type": "Polygon", "coordinates": [ [ [ -95.27828, 29.71333 ], [ -95.27329, 29.71147 ], [ -95.26846, 29.71149 ], [ -95.26853, 29.71488 ], [ -95.27082, 29.71563 ], [ -95.27174, 29.71579 ], [ -95.27829, 29.71567 ], [ -95.27828, 29.71333 ] ] ] } },
{ "type": "Feature", "properties": { "name": "TIMBER OAKS" }, "geometry": { "type": "Polygon", "coordinates": [ [ [ -95.56329, 29.81264 ], [ -95.56324, 29.80506 ], [ -95.56072, 29.80508 ], [ -95.55988, 29.80497 ], [ -95.55772, 29.80428 ], [ -95.55721, 29.80442 ], [ -95.55713, 29.80571 ], [ -95.55401, 29.80574 ], [ -95.5539, 29.80912 ], [ -95.55443, 29.80937 ], [ -95.55445, 29.81257 ], [ -95.56329, 29.81264 ] ] ] } },
{ "type": "Feature", "properties": { "name": "HUNTERS PARK COMMUNITY ASSOCIATION" }, "geometry": { "type": "Polygon", "coordinates": [ [ [ -95.6354, 29.8566 ], [ -95.64212, 29.85657 ], [ -95.64305, 29.85683 ], [ -95.64506, 29.85683 ], [ -95.64511, 29.85491 ], [ -95.64577, 29.84883 ], [ -95.64569, 29.83601 ], [ -95.64, 29.83601 ], [ -95.64001, 29.8372 ], [ -95.6378, 29.83719 ], [ -95.6378, 29.83801 ], [ -95.6365, 29.83801 ], [ -95.63651, 29.83848 ], [ -95.63433, 29.83846 ], [ -95.63432, 29.83874 ], [ -95.6317, 29.83875 ], [ -95.63172, 29.84056 ], [ -95.63121, 29.84057 ], [ -95.63123, 29.84426 ], [ -95.63004, 29.84427 ], [ -95.63014, 29.85566 ], [ -95.63122, 29.85617 ], [ -95.63145, 29.85612 ], [ -95.6314, 29.85627 ], [ -95.63174, 29.85647 ], [ -95.63282, 29.85641 ], [ -95.63288, 29.85614 ], [ -95.63315, 29.85605 ], [ -95.63442, 29.8565 ], [ -95.6354, 29.8566 ] ] ] } },
{ "type": "Feature", "properties": { "name": "FARTHER POINT HOMEOWNERS ASSOCIATION" }, "geometry": { "type": "Polygon", "coordinates": [ [ [ -95.47996, 29.77303 ], [ -95.48105, 29.77278 ], [ -95.48139, 29.77246 ], [ -95.48175, 29.77134 ], [ -95.48154, 29.77081 ], [ -95.48144, 29.77081 ], [ -95.48146, 29.7706 ], [ -95.48156, 29.77047 ], [ -95.48155, 29.76904 ], [ -95.48262, 29.76894 ], [ -95.48312, 29.76853 ], [ -95.47896, 29.76366 ], [ -95.47838, 29.7638 ], [ -95.47793, 29.76382 ], [ -95.47819, 29.76513 ], [ -95.47827, 29.76816 ], [ -95.47816, 29.76968 ], [ -95.47824, 29.77118 ], [ -95.47846, 29.77169 ], [ -95.47946, 29.77303 ], [ -95.47996, 29.77303 ] ] ] } },
{ "type": "Feature", "properties": { "name": "BREABURN GLEN CIVIC CLUB" }, "geometry": { "type": "Polygon", "coordinates": [ [ [ -95.53623, 29.67755 ], [ -95.5285, 29.67766 ], [ -95.52859, 29.68516 ], [ -95.52937, 29.68526 ], [ -95.53007, 29.68545 ], [ -95.53062, 29.68569 ], [ -95.53187, 29.68647 ], [ -95.53529, 29.68219 ], [ -95.53629, 29.68115 ], [ -95.53623, 29.67755 ] ] ] } },
{ "type": "Feature", "properties": { "name": "SOUTHLAKE TOWNHOUSE" }, "geometry": { "type": "Polygon", "coordinates": [ [ [ -95.5887, 29.74065 ], [ -95.59143, 29.74062 ], [ -95.59138, 29.7398 ], [ -95.58869, 29.73983 ], [ -95.5887, 29.74065 ] ] ] } },
{ "type": "Feature", "properties": { "name": "MEMORIAL HOLLOW CITIZENS INC" }, "geometry": { "type": "Polygon", "coordinates": [ [ [ -95.54907, 29.77843 ], [ -95.54907, 29.77401 ], [ -95.54446, 29.77397 ], [ -95.54448, 29.77859 ], [ -95.54778, 29.77861 ], [ -95.54777, 29.77841 ], [ -95.54907, 29.77843 ] ] ] } },
{ "type": "Feature", "properties": { "name": "OLD SPRING BRANCH CIVIC ASSOCIATION" }, "geometry": { "type": "Polygon", "coordinates": [ [ [ -95.47553, 29.80289 ], [ -95.47552, 29.8079 ], [ -95.47524, 29.80875 ], [ -95.4752, 29.81112 ], [ -95.4744, 29.81185 ], [ -95.475, 29.81233 ], [ -95.48198, 29.8123 ], [ -95.48192, 29.81061 ], [ -95.48504, 29.81059 ], [ -95.48489, 29.80285 ], [ -95.47553, 29.80289 ] ] ] } },
{ "type": "Feature", "properties": { "name": "COURTLANDT PLACE CIVIC ASSOCIATION" }, "geometry": { "type": "Polygon", "coordinates": [ [ [ -95.38595, 29.74286 ], [ -95.38186, 29.74296 ], [ -95.38162, 29.74426 ], [ -95.38598, 29.74416 ], [ -95.38595, 29.74286 ] ] ] } },
{ "type": "Feature", "properties": { "name": "COBBLESTONE COURT OWNERS ASSOCIATION INC" }, "geometry": { "type": "Polygon", "coordinates": [ [ [ -95.5887, 29.74065 ], [ -95.58673, 29.74076 ], [ -95.58525, 29.74125 ], [ -95.58558, 29.74197 ], [ -95.58594, 29.7425 ], [ -95.58622, 29.74283 ], [ -95.58667, 29.74315 ], [ -95.58749, 29.74345 ], [ -95.58856, 29.7436 ], [ -95.58869, 29.74274 ], [ -95.5887, 29.74065 ] ] ] } },
{ "type": "Feature", "properties": { "name": "HEIGHTS WEST HOMEOWNER'S GROUP" }, "geometry": { "type": "Polygon", "coordinates": [ [ [ -95.39908, 29.79621 ], [ -95.41002, 29.79604 ], [ -95.40975, 29.78367 ], [ -95.4096, 29.78273 ], [ -95.40917, 29.78163 ], [ -95.40914, 29.78113 ], [ -95.40926, 29.78062 ], [ -95.40743, 29.78063 ], [ -95.40713, 29.78097 ], [ -95.40639, 29.78097 ], [ -95.40639, 29.78089 ], [ -95.40572, 29.78087 ], [ -95.40548, 29.78097 ], [ -95.40525, 29.78095 ], [ -95.40525, 29.78128 ], [ -95.40487, 29.78129 ], [ -95.40487, 29.78072 ], [ -95.4044, 29.78049 ], [ -95.40433, 29.77996 ], [ -95.40416, 29.77949 ], [ -95.40352, 29.77951 ], [ -95.40309, 29.77983 ], [ -95.4022, 29.78013 ], [ -95.40109, 29.78023 ], [ -95.40108, 29.77974 ], [ -95.40054, 29.77951 ], [ -95.39977, 29.77952 ], [ -95.39978, 29.77937 ], [ -95.39934, 29.7791 ], [ -95.39934, 29.7789 ], [ -95.39947, 29.77865 ], [ -95.39944, 29.77835 ], [ -95.3996, 29.77831 ], [ -95.40002, 29.7779 ], [ -95.40015, 29.77766 ], [ -95.40013, 29.7774 ], [ -95.39989, 29.77715 ], [ -95.39925, 29.77682 ], [ -95.39926, 29.7765 ], [ -95.39872, 29.77651 ], [ -95.39908, 29.79621 ] ] ] } },
{ "type": "Feature", "properties": { "name": "Near Northwest Management District" }, "geometry": { "type": "Polygon", "coordinates": [ [ [ -95.50882, 29.93149 ], [ -95.50629, 29.84133 ], [ -95.48888, 29.84149 ], [ -95.48467, 29.84036 ], [ -95.47613, 29.84037 ], [ -95.47382, 29.84091 ], [ -95.47111, 29.8413 ], [ -95.4637, 29.84099 ], [ -95.45772, 29.84103 ], [ -95.45868, 29.84593 ], [ -95.45862, 29.85141 ], [ -95.45884, 29.86346 ], [ -95.45283, 29.86336 ], [ -95.4547, 29.88187 ], [ -95.45067, 29.88469 ], [ -95.45736, 29.8909 ], [ -95.47116, 29.9056 ], [ -95.47626, 29.90887 ], [ -95.494, 29.91997 ], [ -95.50424, 29.92764 ], [ -95.50882, 29.93149 ] ] ] } },
{ "type": "Feature", "properties": { "name": "TIMBERCREST ASSOCIATION" }, "geometry": { "type": "Polygon", "coordinates": [ [ [ -95.36673, 29.7133 ], [ -95.36695, 29.71295 ], [ -95.36688, 29.7129 ], [ -95.36723, 29.71219 ], [ -95.36738, 29.71175 ], [ -95.36733, 29.71172 ], [ -95.36803, 29.71014 ], [ -95.36699, 29.71023 ], [ -95.36523, 29.71056 ], [ -95.36356, 29.71077 ], [ -95.36194, 29.71077 ], [ -95.36115, 29.71273 ], [ -95.3661, 29.71422 ], [ -95.36625, 29.71386 ], [ -95.36647, 29.71399 ], [ -95.36673, 29.7133 ] ] ] } },
{ "type": "Feature", "properties": { "name": "WILCHESTER OWNERS  COMMITTEE" }, "geometry": { "type": "Polygon", "coordinates": [ [ [ -95.57495, 29.76635 ], [ -95.57504, 29.77247 ], [ -95.57506, 29.78439 ], [ -95.58009, 29.78443 ], [ -95.5802, 29.76814 ], [ -95.5781, 29.76834 ], [ -95.57495, 29.76635 ] ] ] } },
{ "type": "Feature", "properties": { "name": "VERMONT COMMONS CIVIC ASSOCIATION" }, "geometry": { "type": "Polygon", "coordinates": [ [ [ -95.40588, 29.74273 ], [ -95.40602, 29.75237 ], [ -95.40838, 29.75233 ], [ -95.40839, 29.75073 ], [ -95.4107, 29.75073 ], [ -95.41065, 29.74459 ], [ -95.41075, 29.74367 ], [ -95.41073, 29.74261 ], [ -95.40862, 29.74277 ], [ -95.40588, 29.74273 ] ] ] } },
{ "type": "Feature", "properties": { "name": "TIMBERGROVE COURT HOMEOWNERS ASSOCIATION" }, "geometry": { "type": "Polygon", "coordinates": [ [ [ -95.43779, 29.79274 ], [ -95.43778, 29.7917 ], [ -95.43595, 29.79171 ], [ -95.43596, 29.79274 ], [ -95.43779, 29.79274 ] ] ] } },
{ "type": "Feature", "properties": { "name": "RICEVILLE NEIGHBORHOOD CIVIC ASSOCIATION" }, "geometry": { "type": "Polygon", "coordinates": [ [ [ -95.5362, 29.65164 ], [ -95.52796, 29.65177 ], [ -95.5281, 29.66451 ], [ -95.536, 29.66442 ], [ -95.53588, 29.65632 ], [ -95.53625, 29.65633 ], [ -95.5362, 29.65164 ] ] ] } },
{ "type": "Feature", "properties": { "name": "HOUSTON COUNTRY CLUB PLACE CIVIC CLUB" }, "geometry": { "type": "Polygon", "coordinates": [ [ [ -95.31601, 29.72621 ], [ -95.3114, 29.72481 ], [ -95.31031, 29.72694 ], [ -95.31207, 29.7275 ], [ -95.31169, 29.72844 ], [ -95.31242, 29.72864 ], [ -95.31301, 29.72857 ], [ -95.31359, 29.72871 ], [ -95.31525, 29.72944 ], [ -95.31542, 29.72776 ], [ -95.31601, 29.72621 ] ] ] } },
{ "type": "Feature", "properties": { "name": "ROSEWOOD CIVIC CLUB" }, "geometry": { "type": "Polygon", "coordinates": [ [ [ -95.2896, 29.83111 ], [ -95.28966, 29.83266 ], [ -95.28885, 29.83268 ], [ -95.2889, 29.84799 ], [ -95.29232, 29.84835 ], [ -95.30202, 29.83873 ], [ -95.30201, 29.83143 ], [ -95.2896, 29.83111 ] ] ] } },
{ "type": "Feature", "properties": { "name": "GLEN OAKS CIVIC CLUB" }, "geometry": { "type": "Polygon", "coordinates": [ [ [ -95.41247, 29.85877 ], [ -95.40481, 29.85883 ], [ -95.40373, 29.85904 ], [ -95.40251, 29.85945 ], [ -95.40485, 29.86422 ], [ -95.42286, 29.86414 ], [ -95.42279, 29.85894 ], [ -95.42143, 29.85779 ], [ -95.42095, 29.85825 ], [ -95.42083, 29.85815 ], [ -95.42023, 29.85872 ], [ -95.41453, 29.85875 ], [ -95.41453, 29.85866 ], [ -95.41248, 29.85867 ], [ -95.41247, 29.85877 ] ] ] } },
{ "type": "Feature", "properties": { "name": "HOUSTON SKYSCRAPER SHADOWS CIVIC ASSOCIATION" }, "geometry": { "type": "Polygon", "coordinates": [ [ [ -95.27851, 29.63183 ], [ -95.27839, 29.62259 ], [ -95.27797, 29.61999 ], [ -95.27785, 29.61716 ], [ -95.27787, 29.61171 ], [ -95.26938, 29.61178 ], [ -95.26659, 29.61193 ], [ -95.2669, 29.63186 ], [ -95.27851, 29.63183 ] ] ] } },
{ "type": "Feature", "properties": { "name": "WESTCHESTER OWNERS COMMITTEE" }, "geometry": { "type": "Polygon", "coordinates": [ [ [ -95.61293, 29.77188 ], [ -95.61292, 29.76231 ], [ -95.61302, 29.76231 ], [ -95.61302, 29.76193 ], [ -95.61231, 29.76158 ], [ -95.61178, 29.76153 ], [ -95.60757, 29.76271 ], [ -95.60617, 29.76272 ], [ -95.60628, 29.77009 ], [ -95.60861, 29.77007 ], [ -95.60951, 29.77021 ], [ -95.6107, 29.77066 ], [ -95.61293, 29.77188 ] ] ] } },
{ "type": "Feature", "properties": { "name": "GAYWOOD CIVIC CLUB" }, "geometry": { "type": "Polygon", "coordinates": [ [ [ -95.57184, 29.77265 ], [ -95.57344, 29.77263 ], [ -95.57343, 29.76541 ], [ -95.5732, 29.76527 ], [ -95.56983, 29.76526 ], [ -95.56986, 29.76645 ], [ -95.57003, 29.76736 ], [ -95.57036, 29.76832 ], [ -95.57169, 29.77092 ], [ -95.57181, 29.77156 ], [ -95.57184, 29.77265 ] ] ] } },
{ "type": "Feature", "properties": { "name": "ASHTON VILLAGE HOMEOWNERS ASSOCIATION" }, "geometry": { "type": "Polygon", "coordinates": [ [ [ -95.60918, 29.73212 ], [ -95.60906, 29.7252 ], [ -95.60876, 29.72502 ], [ -95.60858, 29.72479 ], [ -95.6085, 29.72451 ], [ -95.60845, 29.72234 ], [ -95.60823, 29.72199 ], [ -95.60785, 29.72177 ], [ -95.60595, 29.72174 ], [ -95.60601, 29.72483 ], [ -95.60622, 29.72551 ], [ -95.60661, 29.72622 ], [ -95.60672, 29.73215 ], [ -95.60918, 29.73212 ] ] ] } },
{ "type": "Feature", "properties": { "name": "TIERWESTER CIVIC ASSOCIATION" }, "geometry": { "type": "Polygon", "coordinates": [ [ [ -95.35376, 29.71685 ], [ -95.36398, 29.71992 ], [ -95.36413, 29.71958 ], [ -95.36582, 29.72057 ], [ -95.36703, 29.71897 ], [ -95.36484, 29.71768 ], [ -95.36577, 29.71545 ], [ -95.36162, 29.71419 ], [ -95.36078, 29.71452 ], [ -95.36044, 29.71446 ], [ -95.35593, 29.71139 ], [ -95.35376, 29.71685 ] ] ] } },
{ "type": "Feature", "properties": { "name": "UNIVERSITY PLACE DISTRICT" }, "geometry": { "type": "Polygon", "coordinates": [ [ [ -95.41829, 29.70749 ], [ -95.41819, 29.69794 ], [ -95.41659, 29.69834 ], [ -95.41522, 29.69833 ], [ -95.41415, 29.69823 ], [ -95.41235, 29.69791 ], [ -95.41179, 29.69775 ], [ -95.38451, 29.73222 ], [ -95.38664, 29.73224 ], [ -95.39754, 29.73137 ], [ -95.40442, 29.73099 ], [ -95.41119, 29.7309 ], [ -95.41317, 29.73085 ], [ -95.41456, 29.73068 ], [ -95.41867, 29.73062 ], [ -95.41829, 29.70749 ] ] ] } },
{ "type": "Feature", "properties": { "name": "WEST LANE PLACE CIVIC ASSOCIATION" }, "geometry": { "type": "Polygon", "coordinates": [ [ [ -95.45103, 29.74049 ], [ -95.45101, 29.73818 ], [ -95.45109, 29.73801 ], [ -95.45099, 29.73298 ], [ -95.44855, 29.73302 ], [ -95.44866, 29.73773 ], [ -95.44999, 29.7377 ], [ -95.44999, 29.73819 ], [ -95.44868, 29.73822 ], [ -95.44873, 29.74147 ], [ -95.45022, 29.74141 ], [ -95.45047, 29.74051 ], [ -95.45103, 29.74049 ] ] ] } },
{ "type": "Feature", "properties": { "name": "CANDLELIGHT OAKS VILLAGE MAINTENANCE FUND, INC." }, "geometry": { "type": "Polygon", "coordinates": [ [ [ -95.47116, 29.84886 ], [ -95.47332, 29.84889 ], [ -95.47318, 29.84096 ], [ -95.45787, 29.84101 ], [ -95.45779, 29.84154 ], [ -95.45801, 29.84239 ], [ -95.45799, 29.84309 ], [ -95.45837, 29.84428 ], [ -95.4587, 29.84592 ], [ -95.47116, 29.84886 ] ] ] } },
{ "type": "Feature", "properties": { "name": "PINE VILLAGE" }, "geometry": { "type": "Polygon", "coordinates": [ [ [ -95.54517, 29.80601 ], [ -95.54481, 29.80263 ], [ -95.54478, 29.80095 ], [ -95.53522, 29.80094 ], [ -95.53259, 29.8011 ], [ -95.53078, 29.80132 ], [ -95.53078, 29.80644 ], [ -95.5395, 29.80647 ], [ -95.54007, 29.80641 ], [ -95.54035, 29.80607 ], [ -95.54517, 29.80601 ] ] ] } },
{ "type": "Feature", "properties": { "name": "GENOA CIVIC ASSOCIATION" }, "geometry": { "type": "Polygon", "coordinates": [ [ [ -95.21103, 29.63698 ], [ -95.22269, 29.62869 ], [ -95.22353, 29.62826 ], [ -95.22446, 29.62797 ], [ -95.2255, 29.62779 ], [ -95.22771, 29.62767 ], [ -95.22788, 29.62749 ], [ -95.22789, 29.62723 ], [ -95.22687, 29.62594 ], [ -95.21606, 29.61613 ], [ -95.21253, 29.619 ], [ -95.21074, 29.62002 ], [ -95.2099, 29.62037 ], [ -95.20892, 29.62064 ], [ -95.20786, 29.62075 ], [ -95.20092, 29.62108 ], [ -95.20003, 29.62128 ], [ -95.19925, 29.6216 ], [ -95.19753, 29.62254 ], [ -95.21103, 29.63698 ] ] ] } },
{ "type": "Feature", "properties": { "name": "WYNNEWOOD CHAPTER OF COMMUNITY IN ACTION" }, "geometry": { "type": "Polygon", "coordinates": [ [ [ -95.2439, 29.79536 ], [ -95.2446, 29.7949 ], [ -95.24009, 29.79515 ], [ -95.23478, 29.79713 ], [ -95.23283, 29.79777 ], [ -95.23314, 29.79874 ], [ -95.23334, 29.80573 ], [ -95.23307, 29.80642 ], [ -95.23353, 29.80799 ], [ -95.23411, 29.80872 ], [ -95.23473, 29.80908 ], [ -95.23547, 29.8101 ], [ -95.23588, 29.81024 ], [ -95.24055, 29.81035 ], [ -95.24054, 29.80591 ], [ -95.24038, 29.80121 ], [ -95.24054, 29.79943 ], [ -95.2439, 29.79536 ] ] ] } },
{ "type": "Feature", "properties": { "name": "PINEY POINT CIVIC CLUB INCORPORATED" }, "geometry": { "type": "Polygon", "coordinates": [ [ [ -95.51395, 29.72204 ], [ -95.51427, 29.7335 ], [ -95.52355, 29.73338 ], [ -95.52355, 29.7335 ], [ -95.5243, 29.73349 ], [ -95.5243, 29.73376 ], [ -95.52519, 29.73386 ], [ -95.525, 29.72122 ], [ -95.51395, 29.72204 ] ] ] } },
{ "type": "Feature", "properties": { "name": "WILLOWICK CONDOMINIUM ASSOCIATION" }, "geometry": { "type": "Polygon", "coordinates": [ [ [ -95.44269, 29.74586 ], [ -95.44268, 29.74499 ], [ -95.44179, 29.745 ], [ -95.4418, 29.74587 ], [ -95.44269, 29.74586 ] ] ] } },
{ "type": "Feature", "properties": { "name": "MEMORIAL THICKET HOMEOWNERS ASSOCIATION" }, "geometry": { "type": "Polygon", "coordinates": [ [ [ -95.6352, 29.7711 ], [ -95.63467, 29.77165 ], [ -95.63398, 29.77451 ], [ -95.63133, 29.77447 ], [ -95.63132, 29.77473 ], [ -95.62792, 29.7746 ], [ -95.62513, 29.77461 ], [ -95.62448, 29.77426 ], [ -95.62449, 29.77464 ], [ -95.62428, 29.77464 ], [ -95.62335, 29.77354 ], [ -95.62315, 29.77354 ], [ -95.62271, 29.77327 ], [ -95.62271, 29.77374 ], [ -95.6219, 29.77262 ], [ -95.62082, 29.77198 ], [ -95.62037, 29.77264 ], [ -95.61981, 29.77393 ], [ -95.61896, 29.77524 ], [ -95.61844, 29.77647 ], [ -95.61826, 29.77765 ], [ -95.61994, 29.77909 ], [ -95.62073, 29.77954 ], [ -95.62125, 29.77972 ], [ -95.62253, 29.77992 ], [ -95.62733, 29.7799 ], [ -95.62827, 29.77975 ], [ -95.62902, 29.77947 ], [ -95.63471, 29.77592 ], [ -95.63607, 29.77547 ], [ -95.6372, 29.77533 ], [ -95.64278, 29.77563 ], [ -95.64404, 29.7754 ], [ -95.64337, 29.77377 ], [ -95.64296, 29.77229 ], [ -95.64295, 29.77168 ], [ -95.64325, 29.76995 ], [ -95.64066, 29.76954 ], [ -95.64018, 29.76962 ], [ -95.6352, 29.7711 ] ] ] } },
{ "type": "Feature", "properties": { "name": "VILLAGE PLACE COMMUNITY ASSOCIATION, INC." }, "geometry": { "type": "Polygon", "coordinates": [ [ [ -95.58365, 29.74689 ], [ -95.58173, 29.74698 ], [ -95.5786, 29.74776 ], [ -95.57746, 29.7479 ], [ -95.57636, 29.74793 ], [ -95.57654, 29.75749 ], [ -95.57915, 29.75744 ], [ -95.5804, 29.75707 ], [ -95.5825, 29.75715 ], [ -95.58371, 29.75704 ], [ -95.58459, 29.75732 ], [ -95.58546, 29.75776 ], [ -95.58674, 29.75799 ], [ -95.58804, 29.75743 ], [ -95.58806, 29.75921 ], [ -95.5882, 29.75896 ], [ -95.58894, 29.75888 ], [ -95.5879, 29.75584 ], [ -95.58598, 29.75311 ], [ -95.58568, 29.75243 ], [ -95.5855, 29.75173 ], [ -95.58539, 29.75081 ], [ -95.58549, 29.74984 ], [ -95.58598, 29.74851 ], [ -95.58661, 29.74746 ], [ -95.58513, 29.74706 ], [ -95.58365, 29.74689 ] ] ] } },
{ "type": "Feature", "properties": { "name": "UPPER THIRD WARD CIVIC CLUB" }, "geometry": { "type": "Polygon", "coordinates": [ [ [ -95.34215, 29.73164 ], [ -95.3456, 29.73433 ], [ -95.35119, 29.73794 ], [ -95.35453, 29.73999 ], [ -95.35685, 29.7419 ], [ -95.35958, 29.74346 ], [ -95.36061, 29.7438 ], [ -95.36161, 29.74397 ], [ -95.36252, 29.74398 ], [ -95.36305, 29.74376 ], [ -95.36354, 29.74344 ], [ -95.36869, 29.7366 ], [ -95.35913, 29.7309 ], [ -95.35814, 29.7304 ], [ -95.35002, 29.72791 ], [ -95.34876, 29.7278 ], [ -95.3469, 29.72805 ], [ -95.34639, 29.72803 ], [ -95.344, 29.72731 ], [ -95.34215, 29.73164 ] ] ] } },
{ "type": "Feature", "properties": { "name": "NORTHBROOK PROPERTY OWNER'S ASSOCIATION" }, "geometry": { "type": "Polygon", "coordinates": [ [ [ -95.50166, 29.66675 ], [ -95.50154, 29.65929 ], [ -95.50111, 29.65929 ], [ -95.50109, 29.65742 ], [ -95.50091, 29.65668 ], [ -95.49939, 29.65707 ], [ -95.49753, 29.65714 ], [ -95.49763, 29.66604 ], [ -95.49799, 29.66604 ], [ -95.49798, 29.66629 ], [ -95.4982, 29.6663 ], [ -95.49831, 29.66664 ], [ -95.49854, 29.66677 ], [ -95.50166, 29.66675 ] ] ] } },
{ "type": "Feature", "properties": { "name": "WINGATE HOMEOWNER'S ASSOCIATION" }, "geometry": { "type": "Polygon", "coordinates": [ [ [ -95.67017, 29.72073 ], [ -95.67011, 29.71743 ], [ -95.67046, 29.71002 ], [ -95.66474, 29.71263 ], [ -95.66407, 29.71302 ], [ -95.66332, 29.71359 ], [ -95.66246, 29.71464 ], [ -95.66154, 29.71545 ], [ -95.66034, 29.71606 ], [ -95.66059, 29.72053 ], [ -95.66065, 29.72687 ], [ -95.67017, 29.72073 ] ] ] } },
{ "type": "Feature", "properties": { "name": "SOUTH ACRES WEST CIVIC CLUB" }, "geometry": { "type": "Polygon", "coordinates": [ [ [ -95.36828, 29.64402 ], [ -95.36821, 29.63752 ], [ -95.36157, 29.63772 ], [ -95.35908, 29.63758 ], [ -95.35679, 29.63778 ], [ -95.34951, 29.6377 ], [ -95.34935, 29.63818 ], [ -95.34929, 29.63928 ], [ -95.3495, 29.64186 ], [ -95.34955, 29.64356 ], [ -95.34929, 29.64622 ], [ -95.35051, 29.64652 ], [ -95.35129, 29.64697 ], [ -95.35251, 29.64749 ], [ -95.3544, 29.64778 ], [ -95.35583, 29.64777 ], [ -95.35644, 29.64762 ], [ -95.35801, 29.64761 ], [ -95.35907, 29.64783 ], [ -95.35984, 29.64699 ], [ -95.36203, 29.64659 ], [ -95.36328, 29.64624 ], [ -95.36436, 29.64606 ], [ -95.36545, 29.64621 ], [ -95.36579, 29.64607 ], [ -95.36674, 29.64538 ], [ -95.36685, 29.64468 ], [ -95.36709, 29.64404 ], [ -95.36828, 29.64402 ] ] ] } },
{ "type": "Feature", "properties": { "name": "FERGUSON STREET AREA CIVIC CLUB" }, "geometry": { "type": "Polygon", "coordinates": [ [ [ -95.45043, 29.88443 ], [ -95.44101, 29.87488 ], [ -95.43459, 29.86886 ], [ -95.42954, 29.86476 ], [ -95.4298, 29.87969 ], [ -95.42997, 29.88502 ], [ -95.45043, 29.88443 ] ] ] } },
{ "type": "Feature", "properties": { "name": "FIRST WARD CIVIC COUNCIL" }, "geometry": { "type": "Polygon", "coordinates": [ [ [ -95.37233, 29.76729 ], [ -95.36676, 29.76627 ], [ -95.36657, 29.76665 ], [ -95.3654, 29.77028 ], [ -95.36545, 29.7706 ], [ -95.36661, 29.7727 ], [ -95.36852, 29.77559 ], [ -95.36895, 29.77602 ], [ -95.37045, 29.77707 ], [ -95.37243, 29.77818 ], [ -95.37528, 29.77948 ], [ -95.37626, 29.77967 ], [ -95.37705, 29.77957 ], [ -95.37759, 29.77937 ], [ -95.37836, 29.77894 ], [ -95.37938, 29.77826 ], [ -95.38119, 29.77761 ], [ -95.38382, 29.77696 ], [ -95.38592, 29.77669 ], [ -95.38876, 29.77659 ], [ -95.39011, 29.77514 ], [ -95.39049, 29.77452 ], [ -95.39068, 29.77368 ], [ -95.39065, 29.77277 ], [ -95.39073, 29.77157 ], [ -95.39107, 29.77069 ], [ -95.38561, 29.77009 ], [ -95.38276, 29.7699 ], [ -95.37845, 29.76946 ], [ -95.37234, 29.76875 ], [ -95.37233, 29.76729 ] ] ] } },
{ "type": "Feature", "properties": { "name": "RAINTREE PLACE POA" }, "geometry": { "type": "Polygon", "coordinates": [ [ [ -95.45143, 29.757 ], [ -95.45207, 29.75717 ], [ -95.45207, 29.75692 ], [ -95.45263, 29.75719 ], [ -95.45309, 29.75731 ], [ -95.45317, 29.75742 ], [ -95.45316, 29.75772 ], [ -95.45297, 29.75805 ], [ -95.45328, 29.75844 ], [ -95.45401, 29.75873 ], [ -95.45402, 29.75867 ], [ -95.4542, 29.75864 ], [ -95.45419, 29.75838 ], [ -95.4543, 29.75833 ], [ -95.45434, 29.75816 ], [ -95.45479, 29.75828 ], [ -95.45484, 29.75819 ], [ -95.45469, 29.75807 ], [ -95.45479, 29.75797 ], [ -95.45553, 29.75796 ], [ -95.45551, 29.7527 ], [ -95.45571, 29.75092 ], [ -95.45651, 29.74739 ], [ -95.45507, 29.74677 ], [ -95.4544, 29.74664 ], [ -95.4486, 29.74664 ], [ -95.44871, 29.75623 ], [ -95.45007, 29.75619 ], [ -95.45047, 29.75627 ], [ -95.45085, 29.75646 ], [ -95.45143, 29.757 ] ] ] } },
{ "type": "Feature", "properties": { "name": "CLARK PINES CIVIC ASSOC., INC." }, "geometry": { "type": "Polygon", "coordinates": [ [ [ -95.4139, 29.79514 ], [ -95.41393, 29.79781 ], [ -95.42253, 29.79774 ], [ -95.42369, 29.79729 ], [ -95.42343, 29.79683 ], [ -95.42292, 29.7951 ], [ -95.4139, 29.79514 ] ] ] } },
{ "type": "Feature", "properties": { "name": "MACGREGOR WEST CIVIC ASSOCIATION" }, "geometry": { "type": "Polygon", "coordinates": [ [ [ -95.55157, 29.81788 ], [ -95.54837, 29.81795 ], [ -95.54837, 29.81642 ], [ -95.54646, 29.81642 ], [ -95.54656, 29.82079 ], [ -95.54882, 29.82075 ], [ -95.5488, 29.81927 ], [ -95.55028, 29.81909 ], [ -95.55116, 29.81874 ], [ -95.55159, 29.81867 ], [ -95.55157, 29.81788 ] ] ] } },
{ "type": "Feature", "properties": { "name": "MEREDITH MANOR CIVIC CLUB" }, "geometry": { "type": "Polygon", "coordinates": [ [ [ -95.44586, 29.61339 ], [ -95.4308, 29.61343 ], [ -95.43086, 29.62783 ], [ -95.4462, 29.62757 ], [ -95.44586, 29.61339 ] ] ] } },
{ "type": "Feature", "properties": { "name": "HIDDEN VALLEY CIVIC CLUB" }, "geometry": { "type": "Polygon", "coordinates": [ [ [ -95.41959, 29.88553 ], [ -95.41413, 29.88563 ], [ -95.41422, 29.8982 ], [ -95.4144, 29.89821 ], [ -95.41454, 29.89908 ], [ -95.41455, 29.9003 ], [ -95.41495, 29.90029 ], [ -95.41495, 29.90021 ], [ -95.41662, 29.90018 ], [ -95.4166, 29.89937 ], [ -95.41697, 29.89936 ], [ -95.41693, 29.898 ], [ -95.42914, 29.89782 ], [ -95.41959, 29.88553 ] ] ] } },
{ "type": "Feature", "properties": { "name": "BRENTWOOD PLACE HOMEOWNERS ASSOCIATION, INC." }, "geometry": { "type": "Polygon", "coordinates": [ [ [ -95.44361, 29.64164 ], [ -95.44176, 29.64248 ], [ -95.44018, 29.64285 ], [ -95.43928, 29.6429 ], [ -95.43935, 29.64716 ], [ -95.44636, 29.64702 ], [ -95.44623, 29.64125 ], [ -95.44451, 29.64138 ], [ -95.44361, 29.64164 ] ] ] } },
{ "type": "Feature", "properties": { "name": "WESTWOOD CIVIC CLUB" }, "geometry": { "type": "Polygon", "coordinates": [ [ [ -95.44671, 29.66451 ], [ -95.44523, 29.66467 ], [ -95.44343, 29.66472 ], [ -95.44198, 29.66497 ], [ -95.43977, 29.66504 ], [ -95.43999, 29.6794 ], [ -95.44703, 29.67933 ], [ -95.44671, 29.66451 ] ] ] } },
{ "type": "Feature", "properties": { "name": "HEARTHWOOD ASSOCIATION INC" }, "geometry": { "type": "Polygon", "coordinates": [ [ [ -95.41235, 29.68206 ], [ -95.41914, 29.68221 ], [ -95.41924, 29.6777 ], [ -95.41232, 29.67797 ], [ -95.41235, 29.68206 ] ] ] } },
{ "type": "Feature", "properties": { "name": "MEMORIAL BEND CIVIC ASSOCIATION" }, "geometry": { "type": "Polygon", "coordinates": [ [ [ -95.56639, 29.77256 ], [ -95.56632, 29.76848 ], [ -95.56553, 29.7678 ], [ -95.56499, 29.76714 ], [ -95.56494, 29.76656 ], [ -95.56429, 29.76585 ], [ -95.56323, 29.76598 ], [ -95.56269, 29.76578 ], [ -95.56205, 29.76461 ], [ -95.56191, 29.76415 ], [ -95.56117, 29.76441 ], [ -95.5608, 29.76409 ], [ -95.55835, 29.76411 ], [ -95.55803, 29.76438 ], [ -95.55771, 29.76419 ], [ -95.55775, 29.76621 ], [ -95.55975, 29.76621 ], [ -95.56029, 29.76661 ], [ -95.5603, 29.76783 ], [ -95.56037, 29.76796 ], [ -95.55804, 29.76798 ], [ -95.55808, 29.77006 ], [ -95.5582, 29.77051 ], [ -95.5585, 29.77116 ], [ -95.55892, 29.77166 ], [ -95.55973, 29.77224 ], [ -95.56019, 29.77244 ], [ -95.56144, 29.77267 ], [ -95.56639, 29.77256 ] ] ] } },
{ "type": "Feature", "properties": { "name": "SOUTH MAIN PLAZA CIVIC ASSOCIATION" }, "geometry": { "type": "Polygon", "coordinates": [ [ [ -95.47797, 29.60815 ], [ -95.47805, 29.61277 ], [ -95.47742, 29.61278 ], [ -95.47739, 29.61678 ], [ -95.48403, 29.6167 ], [ -95.48398, 29.61343 ], [ -95.49159, 29.61334 ], [ -95.49158, 29.61251 ], [ -95.48781, 29.61071 ], [ -95.4818, 29.60804 ], [ -95.47797, 29.60815 ] ] ] } },
{ "type": "Feature", "properties": { "name": "RYON ADDITION ACTION ASSOCIATION" }, "geometry": { "type": "Polygon", "coordinates": [ [ [ -95.3612, 29.81361 ], [ -95.36103, 29.80333 ], [ -95.35148, 29.80341 ], [ -95.3517, 29.81263 ], [ -95.35606, 29.81368 ], [ -95.3612, 29.81361 ] ] ] } },
{ "type": "Feature", "properties": { "name": "CANDLELIGHT PLACE CIVIC ASSOCIATION" }, "geometry": { "type": "Polygon", "coordinates": [ [ [ -95.45775, 29.84106 ], [ -95.45692, 29.83946 ], [ -95.45358, 29.83681 ], [ -95.44464, 29.83685 ], [ -95.43921, 29.83678 ], [ -95.4324, 29.83681 ], [ -95.42962, 29.83691 ], [ -95.42954, 29.83807 ], [ -95.42882, 29.83886 ], [ -95.42883, 29.84103 ], [ -95.4314, 29.84114 ], [ -95.45775, 29.84106 ] ] ] } },
{ "type": "Feature", "properties": { "name": "GLENSHIRE COMMUNITY ASSOCIATION" }, "geometry": { "type": "Polygon", "coordinates": [ [ [ -95.53608, 29.64542 ], [ -95.53625, 29.65633 ], [ -95.54313, 29.65628 ], [ -95.54443, 29.65615 ], [ -95.54579, 29.65567 ], [ -95.55155, 29.65305 ], [ -95.55285, 29.65278 ], [ -95.55282, 29.65151 ], [ -95.55257, 29.65151 ], [ -95.55235, 29.6423 ], [ -95.55264, 29.64228 ], [ -95.5526, 29.64076 ], [ -95.54358, 29.64088 ], [ -95.54359, 29.64143 ], [ -95.54267, 29.64176 ], [ -95.54148, 29.64246 ], [ -95.53986, 29.64356 ], [ -95.53815, 29.64486 ], [ -95.53728, 29.64521 ], [ -95.53608, 29.64542 ] ] ] } },
{ "type": "Feature", "properties": { "name": "BRAIRDALE CIVIC CLUB" }, "geometry": { "type": "Polygon", "coordinates": [ [ [ -95.46721, 29.7502 ], [ -95.4651, 29.75022 ], [ -95.46517, 29.7521 ], [ -95.46731, 29.75204 ], [ -95.46721, 29.7502 ] ] ] } },
{ "type": "Feature", "properties": { "name": "FOSTER PLACE CIVIC CLUB" }, "geometry": { "type": "Polygon", "coordinates": [ [ [ -95.35292, 29.69093 ], [ -95.36164, 29.69361 ], [ -95.36448, 29.68671 ], [ -95.35575, 29.68399 ], [ -95.35292, 29.69093 ] ] ] } },
{ "type": "Feature", "properties": { "name": "OAKS OF INWOOD CIA" }, "geometry": { "type": "Polygon", "coordinates": [ [ [ -95.4646, 29.86981 ], [ -95.46458, 29.86338 ], [ -95.45883, 29.86346 ], [ -95.459, 29.86561 ], [ -95.459, 29.87065 ], [ -95.46123, 29.87064 ], [ -95.46216, 29.87053 ], [ -95.4646, 29.86981 ] ] ] } },
{ "type": "Feature", "properties": { "name": "BELL HAVEN CIVIC ASSN. INC." }, "geometry": { "type": "Polygon", "coordinates": [ [ [ -95.47412, 29.70021 ], [ -95.47414, 29.70198 ], [ -95.47622, 29.70196 ], [ -95.4762, 29.70019 ], [ -95.47412, 29.70021 ] ] ] } },
{ "type": "Feature", "properties": { "name": "WESTMORELAND CIVIC ASSOCIATION" }, "geometry": { "type": "Polygon", "coordinates": [ [ [ -95.38207, 29.73891 ], [ -95.38187, 29.73953 ], [ -95.38186, 29.74296 ], [ -95.38595, 29.74286 ], [ -95.38595, 29.74244 ], [ -95.38601, 29.74244 ], [ -95.38596, 29.73889 ], [ -95.38207, 29.73891 ] ] ] } },
{ "type": "Feature", "properties": { "name": "CLAYWOODS/BELLEWOOD/BRYKERWOODS CIVIC ASSOCIATION" }, "geometry": { "type": "Polygon", "coordinates": [ [ [ -95.48487, 29.79491 ], [ -95.48485, 29.78499 ], [ -95.48477, 29.78448 ], [ -95.47921, 29.78445 ], [ -95.47931, 29.79284 ], [ -95.47898, 29.79292 ], [ -95.47872, 29.79308 ], [ -95.47861, 29.79336 ], [ -95.47859, 29.79458 ], [ -95.48384, 29.79466 ], [ -95.48458, 29.7949 ], [ -95.48487, 29.79491 ] ] ] } },
{ "type": "Feature", "properties": { "name": "NORTH CENTRAL  CIVIC ASSOCIATION" }, "geometry": { "type": "Polygon", "coordinates": [ [ [ -95.35062, 29.78338 ], [ -95.35065, 29.78445 ], [ -95.35096, 29.78515 ], [ -95.35103, 29.78584 ], [ -95.35148, 29.80341 ], [ -95.35633, 29.80331 ], [ -95.35727, 29.80339 ], [ -95.36839, 29.80326 ], [ -95.36794, 29.80234 ], [ -95.36794, 29.79743 ], [ -95.36775, 29.7969 ], [ -95.36268, 29.79293 ], [ -95.36165, 29.79222 ], [ -95.36044, 29.79014 ], [ -95.36047, 29.78754 ], [ -95.361, 29.78429 ], [ -95.36001, 29.7822 ], [ -95.35689, 29.78333 ], [ -95.35062, 29.78338 ] ] ] } },
{ "type": "Feature", "properties": { "name": "LAKES OF PARKWAY HOA" }, "geometry": { "type": "Polygon", "coordinates": [ [ [ -95.62917, 29.75579 ], [ -95.63573, 29.75572 ], [ -95.63579, 29.75061 ], [ -95.63961, 29.75073 ], [ -95.63957, 29.75121 ], [ -95.64119, 29.75121 ], [ -95.6412, 29.74921 ], [ -95.64322, 29.74917 ], [ -95.64319, 29.74666 ], [ -95.63978, 29.74666 ], [ -95.63971, 29.74516 ], [ -95.63513, 29.74529 ], [ -95.63505, 29.74097 ], [ -95.62981, 29.74101 ], [ -95.62967, 29.74174 ], [ -95.62821, 29.74172 ], [ -95.62842, 29.7543 ], [ -95.62915, 29.75431 ], [ -95.62917, 29.75579 ] ] ] } },
{ "type": "Feature", "properties": { "name": "OLD WEST END CIVIC CLUB" }, "geometry": { "type": "Polygon", "coordinates": [ [ [ -95.40966, 29.77756 ], [ -95.40946, 29.77048 ], [ -95.40612, 29.77051 ], [ -95.39858, 29.7697 ], [ -95.39872, 29.77651 ], [ -95.39976, 29.7765 ], [ -95.4004, 29.77704 ], [ -95.4006, 29.77755 ], [ -95.40064, 29.77811 ], [ -95.40075, 29.77841 ], [ -95.40124, 29.77894 ], [ -95.40205, 29.77914 ], [ -95.40418, 29.77912 ], [ -95.40463, 29.77928 ], [ -95.40484, 29.77951 ], [ -95.40534, 29.78051 ], [ -95.40563, 29.78071 ], [ -95.40599, 29.78081 ], [ -95.4065, 29.7808 ], [ -95.40706, 29.78063 ], [ -95.408, 29.77974 ], [ -95.40832, 29.77959 ], [ -95.40864, 29.77952 ], [ -95.40955, 29.77972 ], [ -95.40963, 29.7793 ], [ -95.40966, 29.77756 ] ] ] } },
{ "type": "Feature", "properties": { "name": "CLEAR LAKE CITY COMMUNITY ASSOCIATION, INC." }, "geometry": { "type": "Polygon", "coordinates": [ [ [ -95.14885, 29.57057 ], [ -95.1286, 29.54886 ], [ -95.12674, 29.55019 ], [ -95.12629, 29.54979 ], [ -95.12591, 29.54959 ], [ -95.12545, 29.54948 ], [ -95.12487, 29.5495 ], [ -95.12399, 29.54972 ], [ -95.12103, 29.55076 ], [ -95.11671, 29.55167 ], [ -95.11641, 29.55183 ], [ -95.11613, 29.55217 ], [ -95.11331, 29.55104 ], [ -95.11009, 29.55706 ], [ -95.10456, 29.56706 ], [ -95.10328, 29.56979 ], [ -95.1251, 29.57882 ], [ -95.12601, 29.57938 ], [ -95.12698, 29.58023 ], [ -95.13034, 29.58382 ], [ -95.14885, 29.57057 ] ] ] } },
{ "type": "Feature", "properties": { "name": "ARLINGTON HEIGHTS CIVIC CLUB" }, "geometry": { "type": "Polygon", "coordinates": [ [ [ -95.21876, 29.64925 ], [ -95.21839, 29.64871 ], [ -95.21708, 29.64731 ], [ -95.21744, 29.64705 ], [ -95.21454, 29.64395 ], [ -95.21394, 29.64437 ], [ -95.21285, 29.64467 ], [ -95.21199, 29.64481 ], [ -95.21144, 29.64503 ], [ -95.20866, 29.64505 ], [ -95.20878, 29.65099 ], [ -95.2117, 29.65097 ], [ -95.21348, 29.65084 ], [ -95.2148, 29.65054 ], [ -95.21787, 29.6496 ], [ -95.21876, 29.64925 ] ] ] } },
{ "type": "Feature", "properties": { "name": "MONTIE BEACH CIVIC CLUB" }, "geometry": { "type": "Polygon", "coordinates": [ [ [ -95.38184, 29.79736 ], [ -95.37217, 29.79018 ], [ -95.37164, 29.79045 ], [ -95.37172, 29.79844 ], [ -95.37183, 29.79997 ], [ -95.3732, 29.80757 ], [ -95.382, 29.8088 ], [ -95.38184, 29.79736 ] ] ] } },
{ "type": "Feature", "properties": { "name": "SPRING BRANCH" }, "geometry": { "type": "Polygon", "coordinates": [ [ [ -95.54464, 29.79433 ], [ -95.54453, 29.78871 ], [ -95.54412, 29.78774 ], [ -95.544, 29.78499 ], [ -95.52126, 29.78484 ], [ -95.52146, 29.78607 ], [ -95.52177, 29.78717 ], [ -95.5218, 29.7926 ], [ -95.52223, 29.79331 ], [ -95.52368, 29.79292 ], [ -95.52451, 29.79506 ], [ -95.52452, 29.79789 ], [ -95.52668, 29.79712 ], [ -95.53729, 29.79414 ], [ -95.54464, 29.79433 ] ] ] } },
{ "type": "Feature", "properties": { "name": "MELROSE PARK CIVIC CLUB" }, "geometry": { "type": "Polygon", "coordinates": [ [ [ -95.38487, 29.87004 ], [ -95.3688, 29.87026 ], [ -95.3677, 29.87036 ], [ -95.36574, 29.87074 ], [ -95.37043, 29.88949 ], [ -95.37377, 29.88948 ], [ -95.37376, 29.88955 ], [ -95.37433, 29.88955 ], [ -95.39483, 29.88945 ], [ -95.3853, 29.8736 ], [ -95.38504, 29.87302 ], [ -95.38494, 29.87252 ], [ -95.38487, 29.87004 ] ] ] } },
{ "type": "Feature", "properties": { "name": "WOODLAND HOLLOW SECTION 1" }, "geometry": { "type": "Polygon", "coordinates": [ [ [ -95.55786, 29.77202 ], [ -95.55787, 29.77017 ], [ -95.55773, 29.76934 ], [ -95.55575, 29.76948 ], [ -95.55576, 29.76637 ], [ -95.55294, 29.7663 ], [ -95.55309, 29.77222 ], [ -95.55375, 29.77196 ], [ -95.55572, 29.77185 ], [ -95.55582, 29.77199 ], [ -95.55636, 29.77209 ], [ -95.55642, 29.77196 ], [ -95.55786, 29.77202 ] ] ] } },
{ "type": "Feature", "properties": { "name": "NEIGHBORHOOD PRIDE HOA INC." }, "geometry": { "type": "Polygon", "coordinates": [ [ [ -95.37645, 29.65813 ], [ -95.37597, 29.64386 ], [ -95.37163, 29.64389 ], [ -95.37198, 29.65819 ], [ -95.37645, 29.65813 ] ] ] } },
{ "type": "Feature", "properties": { "name": "WILLOWICK PLACE COMMUNITY" }, "geometry": { "type": "Polygon", "coordinates": [ [ [ -95.44156, 29.74084 ], [ -95.44151, 29.73907 ], [ -95.4402, 29.73908 ], [ -95.44023, 29.74089 ], [ -95.44156, 29.74084 ] ] ] } },
{ "type": "Feature", "properties": { "name": "OAK ESTATES" }, "geometry": { "type": "Polygon", "coordinates": [ [ [ -95.44812, 29.74658 ], [ -95.44803, 29.74257 ], [ -95.44355, 29.74268 ], [ -95.4436, 29.74663 ], [ -95.44812, 29.74658 ] ] ] } },
{ "type": "Feature", "properties": { "name": "MODEL NEIGHBORHOOD IMPROVEMENT CLUB" }, "geometry": { "type": "Polygon", "coordinates": [ [ [ -95.35258, 29.81321 ], [ -95.35244, 29.8021 ], [ -95.35226, 29.79968 ], [ -95.35231, 29.7933 ], [ -95.35083, 29.79323 ], [ -95.34983, 29.79359 ], [ -95.33973, 29.79394 ], [ -95.34001, 29.80122 ], [ -95.33997, 29.80364 ], [ -95.33944, 29.80449 ], [ -95.33626, 29.80819 ], [ -95.33804, 29.80867 ], [ -95.35258, 29.81321 ] ] ] } },
{ "type": "Feature", "properties": { "name": "SHEPHERD FOREST CIVIC CLUB" }, "geometry": { "type": "Polygon", "coordinates": [ [ [ -95.45495, 29.8186 ], [ -95.45799, 29.81828 ], [ -95.4579, 29.81562 ], [ -95.44504, 29.81567 ], [ -95.44415, 29.81586 ], [ -95.44334, 29.81588 ], [ -95.44301, 29.81537 ], [ -95.44273, 29.81451 ], [ -95.44232, 29.81246 ], [ -95.43411, 29.81252 ], [ -95.43391, 29.81248 ], [ -95.43373, 29.81197 ], [ -95.43232, 29.81247 ], [ -95.43044, 29.81276 ], [ -95.41437, 29.81284 ], [ -95.41437, 29.81738 ], [ -95.44929, 29.81723 ], [ -95.45046, 29.8173 ], [ -95.45252, 29.81771 ], [ -95.45495, 29.8186 ] ] ] } },
{ "type": "Feature", "properties": { "name": "GRIGGS TERRACE CIVIC CLUB" }, "geometry": { "type": "Polygon", "coordinates": [ [ [ -95.34465, 29.69705 ], [ -95.34385, 29.6968 ], [ -95.34483, 29.69435 ], [ -95.34185, 29.6936 ], [ -95.33968, 29.69885 ], [ -95.34343, 29.70009 ], [ -95.34465, 29.69705 ] ] ] } },
{ "type": "Feature", "properties": { "name": "HEIGHTS PROGRESSIVE CIVIC CLUB" }, "geometry": { "type": "Polygon", "coordinates": [ [ [ -95.41033, 29.81287 ], [ -95.41883, 29.81279 ], [ -95.41885, 29.81085 ], [ -95.41876, 29.81084 ], [ -95.41873, 29.80979 ], [ -95.4182, 29.80978 ], [ -95.41797, 29.79967 ], [ -95.4101, 29.79973 ], [ -95.41033, 29.81287 ] ] ] } },
{ "type": "Feature", "properties": { "name": "UNIVERSITY OAKS CIVIC CLUB" }, "geometry": { "type": "Polygon", "coordinates": [ [ [ -95.34874, 29.71137 ], [ -95.34762, 29.71168 ], [ -95.34559, 29.71297 ], [ -95.34504, 29.71315 ], [ -95.34378, 29.71319 ], [ -95.34142, 29.71273 ], [ -95.34018, 29.7159 ], [ -95.34637, 29.71777 ], [ -95.34874, 29.71137 ] ] ] } },
{ "type": "Feature", "properties": { "name": "RIVERSIDE TERRACE CIVIC ASSOCIATION" }, "geometry": { "type": "Polygon", "coordinates": [ [ [ -95.36581, 29.72092 ], [ -95.37414, 29.72609 ], [ -95.37644, 29.72285 ], [ -95.37833, 29.71652 ], [ -95.37748, 29.7168 ], [ -95.37719, 29.71675 ], [ -95.37702, 29.71662 ], [ -95.37687, 29.71629 ], [ -95.37671, 29.71538 ], [ -95.37649, 29.715 ], [ -95.3756, 29.71447 ], [ -95.37529, 29.71414 ], [ -95.37513, 29.71379 ], [ -95.37379, 29.71431 ], [ -95.37327, 29.71441 ], [ -95.3722, 29.71436 ], [ -95.37127, 29.71409 ], [ -95.36581, 29.72092 ] ] ] } },
{ "type": "Feature", "properties": { "name": "LAKEWOOD HEIGHTS COMMITTEE" }, "geometry": { "type": "Polygon", "coordinates": [ [ [ -95.12467, 30.03283 ], [ -95.12565, 30.03234 ], [ -95.12614, 30.03191 ], [ -95.12586, 30.0307 ], [ -95.12481, 30.02995 ], [ -95.12362, 30.02971 ], [ -95.12222, 30.02924 ], [ -95.12168, 30.02896 ], [ -95.12081, 30.02787 ], [ -95.12019, 30.02643 ], [ -95.1197, 30.02478 ], [ -95.11991, 30.02448 ], [ -95.1198, 30.02359 ], [ -95.11993, 30.02284 ], [ -95.11968, 30.02261 ], [ -95.11975, 30.02234 ], [ -95.11997, 30.02207 ], [ -95.12003, 30.02174 ], [ -95.11954, 30.02044 ], [ -95.11943, 30.01914 ], [ -95.11856, 30.01712 ], [ -95.1147, 30.01819 ], [ -95.09947, 30.02058 ], [ -95.09954, 30.02423 ], [ -95.10178, 30.02421 ], [ -95.10186, 30.02562 ], [ -95.10191, 30.02826 ], [ -95.1008, 30.02825 ], [ -95.09996, 30.03179 ], [ -95.12034, 30.0316 ], [ -95.12196, 30.03261 ], [ -95.12304, 30.03314 ], [ -95.12467, 30.03283 ] ] ] } },
{ "type": "Feature", "properties": { "name": "CAMPBELL WOODS CIVIC CLUB" }, "geometry": { "type": "Polygon", "coordinates": [ [ [ -95.53118, 29.80655 ], [ -95.52982, 29.8065 ], [ -95.5267, 29.80664 ], [ -95.52671, 29.80963 ], [ -95.52618, 29.80986 ], [ -95.52623, 29.81587 ], [ -95.52882, 29.81601 ], [ -95.53138, 29.81596 ], [ -95.53118, 29.80655 ] ] ] } },
{ "type": "Feature", "properties": { "name": "BARCLAY HOME OWNERS ASSOCIATION" }, "geometry": { "type": "Polygon", "coordinates": [ [ [ -95.41827, 29.70242 ], [ -95.41828, 29.70399 ], [ -95.42006, 29.70399 ], [ -95.42005, 29.70359 ], [ -95.42295, 29.70357 ], [ -95.42294, 29.70298 ], [ -95.42159, 29.70297 ], [ -95.42159, 29.70241 ], [ -95.41827, 29.70242 ] ] ] } },
{ "type": "Feature", "properties": { "name": "BRIAR PARK COMMUNITY IMPROVEMENT ASSOCIATION, INC" }, "geometry": { "type": "Polygon", "coordinates": [ [ [ -95.6351, 29.74528 ], [ -95.63975, 29.74523 ], [ -95.63973, 29.74246 ], [ -95.64331, 29.74244 ], [ -95.64326, 29.74212 ], [ -95.64433, 29.74207 ], [ -95.64418, 29.74087 ], [ -95.64411, 29.73558 ], [ -95.63499, 29.73572 ], [ -95.6351, 29.74528 ] ] ] } },
{ "type": "Feature", "properties": { "name": "BRIARGROVE PARK PROPERTY OWNERS" }, "geometry": { "type": "Polygon", "coordinates": [ [ [ -95.49546, 29.75637 ], [ -95.49555, 29.75331 ], [ -95.49546, 29.75332 ], [ -95.49545, 29.73947 ], [ -95.49517, 29.73833 ], [ -95.49513, 29.7377 ], [ -95.48926, 29.73774 ], [ -95.48953, 29.75807 ], [ -95.49546, 29.75637 ] ] ] } },
{ "type": "Feature", "properties": { "name": "EAST BAYOU DISTRICT CIVIC ASSOCIATION" }, "geometry": { "type": "Polygon", "coordinates": [ [ [ -95.34303, 29.76778 ], [ -95.34299, 29.76465 ], [ -95.33373, 29.76479 ], [ -95.33382, 29.76573 ], [ -95.33383, 29.76936 ], [ -95.33434, 29.76944 ], [ -95.33476, 29.76932 ], [ -95.33572, 29.76895 ], [ -95.33571, 29.76868 ], [ -95.33708, 29.76883 ], [ -95.33875, 29.76883 ], [ -95.34303, 29.76778 ] ] ] } },
{ "type": "Feature", "properties": { "name": "GLEN IRIS CIVIC ASSOCIATION" }, "geometry": { "type": "Polygon", "coordinates": [ [ [ -95.43052, 29.64239 ], [ -95.43016, 29.62809 ], [ -95.42159, 29.62825 ], [ -95.42164, 29.63117 ], [ -95.42155, 29.63117 ], [ -95.42169, 29.63722 ], [ -95.42179, 29.63721 ], [ -95.42192, 29.64253 ], [ -95.43052, 29.64239 ] ] ] } },
{ "type": "Feature", "properties": { "name": "WOODLAND TRAILS" }, "geometry": { "type": "Polygon", "coordinates": [ [ [ -95.49465, 29.87707 ], [ -95.49464, 29.88479 ], [ -95.49444, 29.88479 ], [ -95.49441, 29.88838 ], [ -95.49554, 29.89028 ], [ -95.50704, 29.89016 ], [ -95.50705, 29.87447 ], [ -95.50183, 29.87371 ], [ -95.50118, 29.87378 ], [ -95.50102, 29.87398 ], [ -95.50052, 29.87567 ], [ -95.49975, 29.87666 ], [ -95.49864, 29.877 ], [ -95.49819, 29.87705 ], [ -95.49783, 29.87705 ], [ -95.49774, 29.87698 ], [ -95.49594, 29.87698 ], [ -95.49585, 29.87705 ], [ -95.49465, 29.87707 ] ] ] } },
{ "type": "Feature", "properties": { "name": "SOUTHWOOD OAKS CIVIC ASSOCIATION" }, "geometry": { "type": "Polygon", "coordinates": [ [ [ -95.36673, 29.7133 ], [ -95.36647, 29.71399 ], [ -95.36637, 29.71393 ], [ -95.36574, 29.71548 ], [ -95.36862, 29.71721 ], [ -95.37009, 29.71533 ], [ -95.36673, 29.7133 ] ] ] } },
{ "type": "Feature", "properties": { "name": "HILSHIRE VILLAGE CIVIC CLUB" }, "geometry": { "type": "Polygon", "coordinates": [ [ [ -95.49546, 29.79485 ], [ -95.4955, 29.79377 ], [ -95.49515, 29.79375 ], [ -95.49482, 29.79363 ], [ -95.49442, 29.79373 ], [ -95.49408, 29.79358 ], [ -95.49386, 29.79365 ], [ -95.49364, 29.79354 ], [ -95.49338, 29.79321 ], [ -95.49323, 29.79317 ], [ -95.49286, 29.79284 ], [ -95.49258, 29.7928 ], [ -95.49234, 29.79259 ], [ -95.49234, 29.79217 ], [ -95.49204, 29.79205 ], [ -95.49223, 29.7918 ], [ -95.49197, 29.79176 ], [ -95.49225, 29.79113 ], [ -95.49216, 29.79065 ], [ -95.49081, 29.78995 ], [ -95.49082, 29.78979 ], [ -95.49062, 29.78957 ], [ -95.49092, 29.78948 ], [ -95.49075, 29.78915 ], [ -95.49086, 29.78901 ], [ -95.491, 29.78886 ], [ -95.49128, 29.78887 ], [ -95.49092, 29.78864 ], [ -95.4912, 29.78856 ], [ -95.4914, 29.78806 ], [ -95.49127, 29.78807 ], [ -95.49117, 29.78769 ], [ -95.49085, 29.78776 ], [ -95.49077, 29.78754 ], [ -95.49063, 29.78748 ], [ -95.49029, 29.78766 ], [ -95.49009, 29.78726 ], [ -95.48994, 29.78734 ], [ -95.48963, 29.78727 ], [ -95.48972, 29.78701 ], [ -95.48953, 29.78704 ], [ -95.48949, 29.78698 ], [ -95.48921, 29.78705 ], [ -95.48886, 29.78671 ], [ -95.48898, 29.78664 ], [ -95.48871, 29.78626 ], [ -95.48856, 29.78616 ], [ -95.48834, 29.78621 ], [ -95.48779, 29.78561 ], [ -95.48772, 29.7856 ], [ -95.48769, 29.78575 ], [ -95.48761, 29.78577 ], [ -95.48743, 29.7856 ], [ -95.48724, 29.7857 ], [ -95.48683, 29.78546 ], [ -95.48683, 29.78494 ], [ -95.48667, 29.78478 ], [ -95.48649, 29.78473 ], [ -95.48649, 29.78444 ], [ -95.48478, 29.78448 ], [ -95.48486, 29.78499 ], [ -95.48493, 29.7949 ], [ -95.48916, 29.79496 ], [ -95.49235, 29.79485 ], [ -95.49546, 29.79485 ] ] ] } },
{ "type": "Feature", "properties": { "name": "SOUTHAMPTON CIVIC CLUB" }, "geometry": { "type": "Polygon", "coordinates": [ [ [ -95.40338, 29.7207 ], [ -95.40346, 29.72568 ], [ -95.4128, 29.72555 ], [ -95.41272, 29.71752 ], [ -95.41165, 29.71764 ], [ -95.41082, 29.71783 ], [ -95.40338, 29.7207 ] ] ] } },
{ "type": "Feature", "properties": { "name": "COLQUITT COURT CIVIC ASSOCIATION" }, "geometry": { "type": "Polygon", "coordinates": [ [ [ -95.41507, 29.73574 ], [ -95.41508, 29.73429 ], [ -95.41301, 29.73431 ], [ -95.41299, 29.73578 ], [ -95.41507, 29.73574 ] ] ] } },
{ "type": "Feature", "properties": { "name": "PRECINCT 239 NEIGHBORHOOD CIVIC CLUB" }, "geometry": { "type": "Polygon", "coordinates": [ [ [ -95.32239, 29.66661 ], [ -95.33719, 29.66634 ], [ -95.33713, 29.66374 ], [ -95.33664, 29.6618 ], [ -95.33659, 29.66123 ], [ -95.336, 29.66124 ], [ -95.33601, 29.66132 ], [ -95.33254, 29.66139 ], [ -95.32856, 29.66145 ], [ -95.32856, 29.66136 ], [ -95.3169, 29.66156 ], [ -95.31827, 29.66614 ], [ -95.3195, 29.66607 ], [ -95.32149, 29.66653 ], [ -95.32239, 29.66661 ] ] ] } },
{ "type": "Feature", "properties": { "name": "NETTINGHAM WEST CIVIC CLUB" }, "geometry": { "type": "Polygon", "coordinates": [ [ [ -95.59028, 29.78266 ], [ -95.59122, 29.78264 ], [ -95.59203, 29.78249 ], [ -95.5934, 29.78207 ], [ -95.59476, 29.78203 ], [ -95.59463, 29.77509 ], [ -95.59007, 29.77518 ], [ -95.59028, 29.78266 ] ] ] } },
{ "type": "Feature", "properties": { "name": "BRIARGROVE TOWNHOUSE CONDOMINIUM ASSOCIATION, INC." }, "geometry": { "type": "Polygon", "coordinates": [ [ [ -95.49167, 29.74049 ], [ -95.49164, 29.7394 ], [ -95.48928, 29.73943 ], [ -95.48929, 29.74015 ], [ -95.49086, 29.74024 ], [ -95.49167, 29.74049 ] ] ] } },
{ "type": "Feature", "properties": { "name": "BEVERLY HILLS CIVIC CLUB" }, "geometry": { "type": "Polygon", "coordinates": [ [ [ -95.24507, 29.6168 ], [ -95.24477, 29.61507 ], [ -95.24541, 29.61282 ], [ -95.24405, 29.61125 ], [ -95.24388, 29.61004 ], [ -95.24392, 29.60966 ], [ -95.24366, 29.60933 ], [ -95.24302, 29.60977 ], [ -95.24192, 29.60877 ], [ -95.24002, 29.60759 ], [ -95.23689, 29.605 ], [ -95.23291, 29.60588 ], [ -95.2326, 29.60603 ], [ -95.22906, 29.60919 ], [ -95.22903, 29.6094 ], [ -95.23032, 29.61358 ], [ -95.2336, 29.61642 ], [ -95.23409, 29.61657 ], [ -95.24507, 29.6168 ] ] ] } },
{ "type": "Feature", "properties": { "name": "SUNSET HEIGHTS CIVIC CLUB" }, "geometry": { "type": "Polygon", "coordinates": [ [ [ -95.39926, 29.8125 ], [ -95.39918, 29.80707 ], [ -95.39595, 29.80715 ], [ -95.39595, 29.80723 ], [ -95.38785, 29.80729 ], [ -95.38801, 29.80412 ], [ -95.38199, 29.80384 ], [ -95.38195, 29.81135 ], [ -95.38242, 29.81365 ], [ -95.39357, 29.81351 ], [ -95.39463, 29.81325 ], [ -95.39464, 29.81305 ], [ -95.39575, 29.81296 ], [ -95.3976, 29.81257 ], [ -95.39926, 29.8125 ] ] ] } },
{ "type": "Feature", "properties": { "name": "MEADOWBROOK CIVIC CLUB" }, "geometry": { "type": "Polygon", "coordinates": [ [ [ -95.26985, 29.67773 ], [ -95.26884, 29.67658 ], [ -95.26469, 29.67247 ], [ -95.26364, 29.67109 ], [ -95.26239, 29.66925 ], [ -95.26064, 29.67006 ], [ -95.26008, 29.67018 ], [ -95.2591, 29.67021 ], [ -95.25907, 29.671 ], [ -95.25927, 29.67129 ], [ -95.25885, 29.67155 ], [ -95.25869, 29.6719 ], [ -95.25837, 29.67191 ], [ -95.25819, 29.67216 ], [ -95.25784, 29.67241 ], [ -95.25758, 29.67243 ], [ -95.2575, 29.67301 ], [ -95.25725, 29.67323 ], [ -95.25672, 29.67407 ], [ -95.25597, 29.67436 ], [ -95.25573, 29.67478 ], [ -95.25572, 29.67508 ], [ -95.25543, 29.67577 ], [ -95.25547, 29.67624 ], [ -95.25504, 29.67734 ], [ -95.25449, 29.67793 ], [ -95.2545, 29.67826 ], [ -95.25473, 29.67904 ], [ -95.25447, 29.6796 ], [ -95.25418, 29.67979 ], [ -95.25417, 29.67987 ], [ -95.25431, 29.67995 ], [ -95.25429, 29.6801 ], [ -95.25405, 29.68067 ], [ -95.25389, 29.68082 ], [ -95.25393, 29.68097 ], [ -95.25375, 29.6811 ], [ -95.25386, 29.68173 ], [ -95.25381, 29.68215 ], [ -95.25374, 29.68228 ], [ -95.25356, 29.68227 ], [ -95.25338, 29.68246 ], [ -95.25384, 29.68297 ], [ -95.2539, 29.68291 ], [ -95.25423, 29.68324 ], [ -95.25916, 29.68855 ], [ -95.25924, 29.68862 ], [ -95.25954, 29.68858 ], [ -95.26034, 29.68822 ], [ -95.26065, 29.68789 ], [ -95.26121, 29.68701 ], [ -95.26145, 29.68679 ], [ -95.26427, 29.6847 ], [ -95.26293, 29.68325 ], [ -95.26401, 29.68249 ], [ -95.2647, 29.68164 ], [ -95.26585, 29.68061 ], [ -95.26867, 29.6787 ], [ -95.26985, 29.67773 ] ] ] } },
{ "type": "Feature", "properties": { "name": "OAKLAND PLAZA" }, "geometry": { "type": "Polygon", "coordinates": [ [ [ -95.30441, 29.68145 ], [ -95.30442, 29.67733 ], [ -95.29349, 29.67967 ], [ -95.29471, 29.68145 ], [ -95.30441, 29.68145 ] ] ] } },
{ "type": "Feature", "properties": { "name": "EAST SUNNYSIDE COURT CIVIC CLUB INC." }, "geometry": { "type": "Polygon", "coordinates": [ [ [ -95.35795, 29.67701 ], [ -95.35875, 29.67733 ], [ -95.36083, 29.67208 ], [ -95.36049, 29.67198 ], [ -95.36055, 29.67189 ], [ -95.35674, 29.67072 ], [ -95.3553, 29.6706 ], [ -95.35432, 29.67315 ], [ -95.34896, 29.67159 ], [ -95.3477, 29.67487 ], [ -95.35305, 29.67645 ], [ -95.35336, 29.67563 ], [ -95.35795, 29.67701 ] ] ] } },
{ "type": "Feature", "properties": { "name": "LAKESIDE IMPROVEMENT ASSOCIATION" }, "geometry": { "type": "Polygon", "coordinates": [ [ [ -95.56748, 29.73682 ], [ -95.56774, 29.7598 ], [ -95.56743, 29.75979 ], [ -95.56672, 29.75938 ], [ -95.56665, 29.75965 ], [ -95.56719, 29.76089 ], [ -95.57025, 29.76089 ], [ -95.57214, 29.76207 ], [ -95.57204, 29.76219 ], [ -95.57252, 29.76249 ], [ -95.57576, 29.76435 ], [ -95.57562, 29.76348 ], [ -95.57569, 29.76247 ], [ -95.57619, 29.76127 ], [ -95.57635, 29.76017 ], [ -95.5763, 29.75794 ], [ -95.57619, 29.75701 ], [ -95.57608, 29.75662 ], [ -95.57569, 29.75593 ], [ -95.57428, 29.75449 ], [ -95.57384, 29.75392 ], [ -95.57279, 29.75209 ], [ -95.5723, 29.75099 ], [ -95.57216, 29.75033 ], [ -95.5721, 29.7496 ], [ -95.57197, 29.73999 ], [ -95.57191, 29.73808 ], [ -95.57177, 29.73675 ], [ -95.56748, 29.73682 ] ] ] } },
{ "type": "Feature", "properties": { "name": "WEST LAWN TERRACE CIVIC CLUB" }, "geometry": { "type": "MultiPolygon", "coordinates": [ [ [ [ -95.41283, 29.73846 ], [ -95.41083, 29.73848 ], [ -95.41076, 29.73436 ], [ -95.4128, 29.73432 ], [ -95.41283, 29.73846 ] ] ] ] } },
{ "type": "Feature", "properties": { "name": "MEMORIAL CLUB TOWN HOUSES ASSOCIATION" }, "geometry": { "type": "Polygon", "coordinates": [ [ [ -95.58981, 29.77126 ], [ -95.58997, 29.77203 ], [ -95.59001, 29.77278 ], [ -95.59034, 29.78448 ], [ -95.60236, 29.78452 ], [ -95.60222, 29.77019 ], [ -95.59837, 29.77023 ], [ -95.59369, 29.76996 ], [ -95.59295, 29.77001 ], [ -95.59143, 29.77037 ], [ -95.5902, 29.77095 ], [ -95.58981, 29.77126 ] ] ] } },
{ "type": "Feature", "properties": { "name": "GARDEN OAKS PLAZA CIVIC CLUB" }, "geometry": { "type": "Polygon", "coordinates": [ [ [ -95.41483, 29.83034 ], [ -95.41475, 29.82805 ], [ -95.41197, 29.8281 ], [ -95.41206, 29.83037 ], [ -95.41483, 29.83034 ] ] ] } },
{ "type": "Feature", "properties": { "name": "RIDGEMONT COMMUNITY IMPROVEMENT ASSOCIATION" }, "geometry": { "type": "Polygon", "coordinates": [ [ [ -95.46479, 29.60012 ], [ -95.47093, 29.58775 ], [ -95.47121, 29.58681 ], [ -95.47116, 29.58098 ], [ -95.45133, 29.5814 ], [ -95.45139, 29.58372 ], [ -95.45002, 29.58404 ], [ -95.4501, 29.5882 ], [ -95.44876, 29.58825 ], [ -95.44875, 29.58849 ], [ -95.44819, 29.58851 ], [ -95.44846, 29.59656 ], [ -95.45297, 29.59651 ], [ -95.45557, 29.59674 ], [ -95.45671, 29.59693 ], [ -95.45781, 29.59722 ], [ -95.45949, 29.59779 ], [ -95.46479, 29.60012 ] ] ] } },
{ "type": "Feature", "properties": { "name": "LANGWOOD ONE CIVIC CLUB" }, "geometry": { "type": "Polygon", "coordinates": [ [ [ -95.49002, 29.83866 ], [ -95.49578, 29.82756 ], [ -95.49317, 29.82559 ], [ -95.48906, 29.82565 ], [ -95.4888, 29.82915 ], [ -95.4889, 29.83772 ], [ -95.49002, 29.83866 ] ] ] } },
{ "type": "Feature", "properties": { "name": "OAKS OF FAIRGROUNDS" }, "geometry": { "type": "Polygon", "coordinates": [ [ [ -95.38574, 29.75298 ], [ -95.38571, 29.74822 ], [ -95.38439, 29.74825 ], [ -95.38374, 29.74843 ], [ -95.38073, 29.74663 ], [ -95.37475, 29.75419 ], [ -95.37475, 29.75456 ], [ -95.38394, 29.75451 ], [ -95.38395, 29.75445 ], [ -95.3848, 29.75444 ], [ -95.38479, 29.75433 ], [ -95.38568, 29.75426 ], [ -95.38574, 29.75298 ] ] ] } },
{ "type": "Feature", "properties": { "name": "SPRING POINT II" }, "geometry": { "type": "Polygon", "coordinates": [ [ [ -95.48499, 29.80711 ], [ -95.48918, 29.80718 ], [ -95.48916, 29.80543 ], [ -95.48894, 29.80471 ], [ -95.48939, 29.80468 ], [ -95.48968, 29.80455 ], [ -95.49001, 29.80456 ], [ -95.48994, 29.80294 ], [ -95.48485, 29.80284 ], [ -95.48499, 29.80711 ] ] ] } },
{ "type": "Feature", "properties": { "name": "PINECREST NEIGHBORHOOD CIVIC CLUB" }, "geometry": { "type": "Polygon", "coordinates": [ [ [ -95.32655, 29.76814 ], [ -95.32648, 29.76546 ], [ -95.32657, 29.76545 ], [ -95.32661, 29.76477 ], [ -95.32651, 29.76024 ], [ -95.32627, 29.76027 ], [ -95.32549, 29.76014 ], [ -95.32503, 29.75986 ], [ -95.32393, 29.75853 ], [ -95.32378, 29.75849 ], [ -95.32324, 29.75789 ], [ -95.32252, 29.75747 ], [ -95.32113, 29.75686 ], [ -95.32096, 29.75681 ], [ -95.32097, 29.75699 ], [ -95.32079, 29.75694 ], [ -95.31989, 29.7564 ], [ -95.31917, 29.75734 ], [ -95.31582, 29.763 ], [ -95.31551, 29.76365 ], [ -95.3154, 29.77432 ], [ -95.31977, 29.77431 ], [ -95.32252, 29.77414 ], [ -95.32418, 29.77376 ], [ -95.32641, 29.7728 ], [ -95.32655, 29.76814 ] ] ] } },
{ "type": "Feature", "properties": { "name": "PINELOCH COMMUNITY ASSOCIATION" }, "geometry": { "type": "Polygon", "coordinates": [ [ [ -95.14885, 29.57057 ], [ -95.13034, 29.58382 ], [ -95.13145, 29.58501 ], [ -95.13328, 29.58646 ], [ -95.13399, 29.58739 ], [ -95.13498, 29.58911 ], [ -95.13546, 29.58967 ], [ -95.13721, 29.59117 ], [ -95.13808, 29.59205 ], [ -95.1391, 29.59143 ], [ -95.14252, 29.5899 ], [ -95.14401, 29.58896 ], [ -95.14524, 29.5878 ], [ -95.14712, 29.58538 ], [ -95.14806, 29.58453 ], [ -95.14889, 29.58394 ], [ -95.15004, 29.58332 ], [ -95.15104, 29.58293 ], [ -95.15479, 29.58188 ], [ -95.1566, 29.58099 ], [ -95.15778, 29.58017 ], [ -95.14885, 29.57057 ] ] ] } },
{ "type": "Feature", "properties": { "name": "APRIL VILLAGE/LAKESIDE PLACE, SEC. 7, HOMEOWNER'S" }, "geometry": { "type": "Polygon", "coordinates": [ [ [ -95.5812, 29.73661 ], [ -95.58126, 29.73981 ], [ -95.58132, 29.7403 ], [ -95.58174, 29.74134 ], [ -95.58131, 29.74159 ], [ -95.5808, 29.74201 ], [ -95.58058, 29.7423 ], [ -95.58033, 29.7429 ], [ -95.58036, 29.74376 ], [ -95.58066, 29.74483 ], [ -95.58063, 29.74537 ], [ -95.58039, 29.74629 ], [ -95.58041, 29.74665 ], [ -95.58057, 29.74722 ], [ -95.58234, 29.74691 ], [ -95.58365, 29.74689 ], [ -95.58375, 29.74567 ], [ -95.58403, 29.74487 ], [ -95.58425, 29.74447 ], [ -95.58444, 29.74416 ], [ -95.58503, 29.74354 ], [ -95.58611, 29.7427 ], [ -95.58558, 29.74197 ], [ -95.58525, 29.74125 ], [ -95.58512, 29.74064 ], [ -95.585, 29.73655 ], [ -95.5812, 29.73661 ] ] ] } },
{ "type": "Feature", "properties": { "name": "DENVER HARBOR CIVIC CLUB" }, "geometry": { "type": "Polygon", "coordinates": [ [ [ -95.29176, 29.78761 ], [ -95.31104, 29.78743 ], [ -95.31158, 29.7865 ], [ -95.3116, 29.78567 ], [ -95.31259, 29.78566 ], [ -95.31257, 29.76574 ], [ -95.31239, 29.76541 ], [ -95.31234, 29.76495 ], [ -95.31208, 29.76435 ], [ -95.31188, 29.76415 ], [ -95.31127, 29.76381 ], [ -95.30931, 29.76324 ], [ -95.30821, 29.76284 ], [ -95.30184, 29.76099 ], [ -95.30107, 29.76074 ], [ -95.29912, 29.7599 ], [ -95.29433, 29.76699 ], [ -95.29423, 29.76699 ], [ -95.29398, 29.76732 ], [ -95.29156, 29.77087 ], [ -95.2916, 29.77192 ], [ -95.29145, 29.77258 ], [ -95.29145, 29.77362 ], [ -95.29176, 29.78761 ] ] ] } },
{ "type": "Feature", "properties": { "name": "SOUTHWEST SECURITY ASSOCIATION" }, "geometry": { "type": "Polygon", "coordinates": [ [ [ -95.46182, 29.67078 ], [ -95.45993, 29.67553 ], [ -95.4588, 29.67863 ], [ -95.45865, 29.67925 ], [ -95.45865, 29.68021 ], [ -95.45882, 29.68158 ], [ -95.45896, 29.68466 ], [ -95.45901, 29.68981 ], [ -95.47631, 29.68962 ], [ -95.47618, 29.6911 ], [ -95.48448, 29.69102 ], [ -95.48447, 29.68906 ], [ -95.48835, 29.68899 ], [ -95.48937, 29.68884 ], [ -95.49116, 29.6884 ], [ -95.49242, 29.68829 ], [ -95.49245, 29.68657 ], [ -95.49267, 29.68547 ], [ -95.49283, 29.68547 ], [ -95.4928, 29.67942 ], [ -95.49297, 29.67873 ], [ -95.49357, 29.67722 ], [ -95.49373, 29.6764 ], [ -95.49375, 29.67581 ], [ -95.49353, 29.67456 ], [ -95.49252, 29.67235 ], [ -95.49238, 29.67187 ], [ -95.49229, 29.67104 ], [ -95.49205, 29.65719 ], [ -95.4829, 29.65736 ], [ -95.48045, 29.6578 ], [ -95.47915, 29.65818 ], [ -95.47793, 29.65867 ], [ -95.47597, 29.65974 ], [ -95.4747, 29.66065 ], [ -95.46533, 29.66935 ], [ -95.46419, 29.67004 ], [ -95.46317, 29.67044 ], [ -95.46182, 29.67078 ] ] ] } },
{ "type": "Feature", "properties": { "name": "WESTCHASE COUNCIL OF CO-OWNERS" }, "geometry": { "type": "Polygon", "coordinates": [ [ [ -95.54529, 29.72863 ], [ -95.54532, 29.72797 ], [ -95.54506, 29.72709 ], [ -95.54504, 29.72654 ], [ -95.5455, 29.72532 ], [ -95.54564, 29.72463 ], [ -95.54555, 29.72298 ], [ -95.54391, 29.72312 ], [ -95.5423, 29.72309 ], [ -95.54088, 29.72276 ], [ -95.53915, 29.72215 ], [ -95.53912, 29.72537 ], [ -95.53918, 29.72775 ], [ -95.54157, 29.72776 ], [ -95.54529, 29.72863 ] ] ] } },
{ "type": "Feature", "properties": { "name": "BRAEBURN VALLEY GARDEN AND CIVIC CLUB - SECS 1 & 2" }, "geometry": { "type": "Polygon", "coordinates": [ [ [ -95.5182, 29.68049 ], [ -95.51782, 29.67829 ], [ -95.51753, 29.67776 ], [ -95.51714, 29.67756 ], [ -95.51604, 29.67721 ], [ -95.51605, 29.67711 ], [ -95.51578, 29.67691 ], [ -95.51536, 29.6762 ], [ -95.515, 29.67579 ], [ -95.51436, 29.67558 ], [ -95.51374, 29.6758 ], [ -95.51388, 29.68006 ], [ -95.51481, 29.68003 ], [ -95.51681, 29.6806 ], [ -95.5174, 29.68062 ], [ -95.5182, 29.68049 ] ] ] } },
{ "type": "Feature", "properties": { "name": "PARKWAY CIVIC CLUB" }, "geometry": { "type": "Polygon", "coordinates": [ [ [ -95.39278, 29.84552 ], [ -95.39999, 29.85566 ], [ -95.40251, 29.85945 ], [ -95.40373, 29.85904 ], [ -95.40481, 29.85883 ], [ -95.40948, 29.85877 ], [ -95.4093, 29.84744 ], [ -95.40895, 29.84718 ], [ -95.40535, 29.84718 ], [ -95.40428, 29.84678 ], [ -95.40264, 29.84567 ], [ -95.40149, 29.8453 ], [ -95.3994, 29.84526 ], [ -95.39757, 29.84542 ], [ -95.39278, 29.84552 ] ] ] } },
{ "type": "Feature", "properties": { "name": "BRAYS VILLAGE PATIO HOMES MAINTENANCE FUND, INC." }, "geometry": { "type": "Polygon", "coordinates": [ [ [ -95.57977, 29.71605 ], [ -95.57963, 29.70824 ], [ -95.57951, 29.70776 ], [ -95.57928, 29.70743 ], [ -95.57949, 29.70741 ], [ -95.5795, 29.70715 ], [ -95.57864, 29.70636 ], [ -95.57802, 29.70604 ], [ -95.57737, 29.70583 ], [ -95.57661, 29.70577 ], [ -95.5728, 29.70581 ], [ -95.57298, 29.7154 ], [ -95.5756, 29.71521 ], [ -95.57633, 29.71524 ], [ -95.57857, 29.71599 ], [ -95.57977, 29.71605 ] ] ] } },
{ "type": "Feature", "properties": { "name": "OAK MEADOWS CIVIC CLUB" }, "geometry": { "type": "Polygon", "coordinates": [ [ [ -95.25261, 29.6827 ], [ -95.25124, 29.68205 ], [ -95.25059, 29.68188 ], [ -95.24989, 29.68182 ], [ -95.24889, 29.68188 ], [ -95.24612, 29.68299 ], [ -95.24477, 29.68327 ], [ -95.23034, 29.6834 ], [ -95.2295, 29.68335 ], [ -95.2344, 29.69024 ], [ -95.24437, 29.70483 ], [ -95.24519, 29.70593 ], [ -95.24724, 29.70609 ], [ -95.26034, 29.70831 ], [ -95.26229, 29.70853 ], [ -95.26663, 29.70943 ], [ -95.2675, 29.70936 ], [ -95.26805, 29.7092 ], [ -95.26878, 29.7088 ], [ -95.27164, 29.70689 ], [ -95.27235, 29.70655 ], [ -95.27404, 29.70539 ], [ -95.27185, 29.70306 ], [ -95.27149, 29.70248 ], [ -95.27092, 29.70183 ], [ -95.25614, 29.68598 ], [ -95.25339, 29.68321 ], [ -95.25261, 29.6827 ] ] ] } },
{ "type": "Feature", "properties": { "name": "CRESTMONT PARK CIVIC ASSOCIATION" }, "geometry": { "type": "Polygon", "coordinates": [ [ [ -95.34894, 29.64612 ], [ -95.34894, 29.62752 ], [ -95.34751, 29.62775 ], [ -95.34742, 29.62884 ], [ -95.34415, 29.62891 ], [ -95.34149, 29.62951 ], [ -95.33934, 29.62953 ], [ -95.33875, 29.62939 ], [ -95.33564, 29.62929 ], [ -95.33555, 29.62852 ], [ -95.33158, 29.62836 ], [ -95.33121, 29.62919 ], [ -95.32395, 29.62925 ], [ -95.32403, 29.64442 ], [ -95.32507, 29.64423 ], [ -95.32653, 29.64367 ], [ -95.32816, 29.64344 ], [ -95.3297, 29.64354 ], [ -95.33166, 29.6443 ], [ -95.33344, 29.64438 ], [ -95.3343, 29.64459 ], [ -95.33489, 29.64449 ], [ -95.33633, 29.64385 ], [ -95.33745, 29.6437 ], [ -95.33906, 29.64394 ], [ -95.34378, 29.64509 ], [ -95.34473, 29.64549 ], [ -95.34525, 29.64584 ], [ -95.34725, 29.64608 ], [ -95.34894, 29.64612 ] ] ] } },
{ "type": "Feature", "properties": { "name": "TOWNHOUSE MANOR FUND, INC." }, "geometry": { "type": "Polygon", "coordinates": [ [ [ -95.44655, 29.67933 ], [ -95.44054, 29.6794 ], [ -95.44055, 29.68062 ], [ -95.44209, 29.68062 ], [ -95.44361, 29.68139 ], [ -95.44407, 29.68068 ], [ -95.44536, 29.68133 ], [ -95.44657, 29.68135 ], [ -95.44655, 29.67933 ] ] ] } },
{ "type": "Feature", "properties": { "name": "MAPLEWOOD SOUTH/NORTH" }, "geometry": { "type": "Polygon", "coordinates": [ [ [ -95.49868, 29.66678 ], [ -95.49866, 29.66687 ], [ -95.49222, 29.66694 ], [ -95.49229, 29.67104 ], [ -95.49238, 29.67187 ], [ -95.49263, 29.67267 ], [ -95.49328, 29.67391 ], [ -95.49353, 29.67456 ], [ -95.49375, 29.67581 ], [ -95.49367, 29.67685 ], [ -95.49344, 29.67769 ], [ -95.49469, 29.67798 ], [ -95.49572, 29.67799 ], [ -95.50305, 29.67679 ], [ -95.50287, 29.66669 ], [ -95.49868, 29.66678 ] ] ] } },
{ "type": "Feature", "properties": { "name": "PINE TERRACE CIVIC ASSOCIATION" }, "geometry": { "type": "Polygon", "coordinates": [ [ [ -95.4789, 29.80284 ], [ -95.47891, 29.79982 ], [ -95.47866, 29.79873 ], [ -95.47851, 29.79839 ], [ -95.4758, 29.79837 ], [ -95.47558, 29.79161 ], [ -95.47316, 29.79165 ], [ -95.47314, 29.79205 ], [ -95.46814, 29.79217 ], [ -95.46826, 29.8029 ], [ -95.4789, 29.80284 ] ] ] } },
{ "type": "Feature", "properties": { "name": "MONTGOMERY TERRACE CIVIC CLUB" }, "geometry": { "type": "Polygon", "coordinates": [ [ [ -95.45468, 29.88211 ], [ -95.45474, 29.8797 ], [ -95.45465, 29.87805 ], [ -95.45043, 29.87804 ], [ -95.44995, 29.87784 ], [ -95.44644, 29.87783 ], [ -95.44405, 29.87798 ], [ -95.44817, 29.88211 ], [ -95.45468, 29.88211 ] ] ] } },
{ "type": "Feature", "properties": { "name": "OLD SIXTH WARD NEIGHBORHOOD ASSOCIATION" }, "geometry": { "type": "Polygon", "coordinates": [ [ [ -95.37234, 29.76875 ], [ -95.38276, 29.7699 ], [ -95.38561, 29.77009 ], [ -95.38549, 29.76802 ], [ -95.38524, 29.76793 ], [ -95.38523, 29.76725 ], [ -95.38481, 29.76725 ], [ -95.38481, 29.76697 ], [ -95.3845, 29.76696 ], [ -95.38437, 29.76687 ], [ -95.3833, 29.76702 ], [ -95.3833, 29.76684 ], [ -95.38267, 29.76684 ], [ -95.38267, 29.76629 ], [ -95.38245, 29.76629 ], [ -95.38239, 29.76552 ], [ -95.38136, 29.76554 ], [ -95.38135, 29.76482 ], [ -95.38125, 29.7643 ], [ -95.38042, 29.76311 ], [ -95.37957, 29.76342 ], [ -95.37863, 29.7636 ], [ -95.37588, 29.76378 ], [ -95.37231, 29.76384 ], [ -95.37234, 29.76875 ] ] ] } },
{ "type": "Feature", "properties": { "name": "WOODSHIRE CIVIC CLUB" }, "geometry": { "type": "Polygon", "coordinates": [ [ [ -95.43999, 29.6794 ], [ -95.44002, 29.68612 ], [ -95.44598, 29.68605 ], [ -95.44597, 29.68536 ], [ -95.44666, 29.68535 ], [ -95.44657, 29.68135 ], [ -95.44536, 29.68133 ], [ -95.44407, 29.68068 ], [ -95.44361, 29.68139 ], [ -95.44209, 29.68062 ], [ -95.44055, 29.68062 ], [ -95.44054, 29.6794 ], [ -95.43999, 29.6794 ] ] ] } },
{ "type": "Feature", "properties": { "name": "DEL MONTE II PROPERTY OWNERS ASSOCIATION" }, "geometry": { "type": "Polygon", "coordinates": [ [ [ -95.46698, 29.74044 ], [ -95.46699, 29.74358 ], [ -95.46862, 29.74356 ], [ -95.4694, 29.74333 ], [ -95.47075, 29.7433 ], [ -95.47067, 29.73922 ], [ -95.46698, 29.74044 ] ] ] } },
{ "type": "Feature", "properties": { "name": "LANCASTER PLACE CIVIC ASSOCIATION" }, "geometry": { "type": "Polygon", "coordinates": [ [ [ -95.39944, 29.73861 ], [ -95.40109, 29.73859 ], [ -95.40106, 29.73652 ], [ -95.40347, 29.73648 ], [ -95.4035, 29.73856 ], [ -95.40445, 29.73855 ], [ -95.40453, 29.73775 ], [ -95.40442, 29.73697 ], [ -95.4044, 29.73463 ], [ -95.40434, 29.7344 ], [ -95.40224, 29.73442 ], [ -95.40055, 29.73455 ], [ -95.39965, 29.73451 ], [ -95.39937, 29.73482 ], [ -95.39944, 29.73861 ] ] ] } },
{ "type": "Feature", "properties": { "name": "BINGLEWOOD SECTION 5" }, "geometry": { "type": "Polygon", "coordinates": [ [ [ -95.51121, 29.83271 ], [ -95.51597, 29.83267 ], [ -95.51597, 29.83266 ], [ -95.51121, 29.83271 ] ] ] } },
{ "type": "Feature", "properties": { "name": "SUNNYSIDE CIVIC CLUB, INC." }, "geometry": { "type": "Polygon", "coordinates": [ [ [ -95.35598, 29.68023 ], [ -95.3578, 29.6807 ], [ -95.36209, 29.6807 ], [ -95.36634, 29.68059 ], [ -95.37924, 29.68063 ], [ -95.38072, 29.67964 ], [ -95.38125, 29.67461 ], [ -95.38123, 29.67018 ], [ -95.38453, 29.66472 ], [ -95.38595, 29.66056 ], [ -95.3865, 29.65776 ], [ -95.38083, 29.65817 ], [ -95.35553, 29.65851 ], [ -95.35598, 29.68023 ] ] ] } },
{ "type": "Feature", "properties": { "name": "SHADY LANE ESTATES" }, "geometry": { "type": "Polygon", "coordinates": [ [ [ -95.52897, 29.73832 ], [ -95.52756, 29.73833 ], [ -95.52752, 29.73863 ], [ -95.52708, 29.73863 ], [ -95.52709, 29.73976 ], [ -95.52875, 29.73975 ], [ -95.52897, 29.73832 ] ] ] } },
{ "type": "Feature", "properties": { "name": "NORTH PARK COMMUNITY CIVIC CLUB" }, "geometry": { "type": "Polygon", "coordinates": [ [ [ -95.3154, 29.77432 ], [ -95.31545, 29.77568 ], [ -95.31579, 29.77746 ], [ -95.3154, 29.77743 ], [ -95.31551, 29.78774 ], [ -95.32858, 29.78226 ], [ -95.3285, 29.77209 ], [ -95.32641, 29.7728 ], [ -95.32418, 29.77376 ], [ -95.32291, 29.77408 ], [ -95.32204, 29.7742 ], [ -95.31977, 29.77431 ], [ -95.3154, 29.77432 ] ] ] } },
{ "type": "Feature", "properties": { "name": "GULFWAY TERRACE NEIGHBORHOOD ASSOCIATION INC." }, "geometry": { "type": "Polygon", "coordinates": [ [ [ -95.22948, 29.64216 ], [ -95.2293, 29.63473 ], [ -95.22332, 29.63481 ], [ -95.2234, 29.63818 ], [ -95.22289, 29.63818 ], [ -95.22289, 29.63786 ], [ -95.22194, 29.63787 ], [ -95.22202, 29.64155 ], [ -95.22221, 29.6417 ], [ -95.22223, 29.64232 ], [ -95.22948, 29.64216 ] ] ] } },
{ "type": "Feature", "properties": { "name": "PCT 240 COMMUNITY CLUB" }, "geometry": { "type": "Polygon", "coordinates": [ [ [ -95.34864, 29.66625 ], [ -95.3485, 29.66681 ], [ -95.34974, 29.66677 ], [ -95.35063, 29.66695 ], [ -95.35357, 29.66786 ], [ -95.355, 29.66878 ], [ -95.35569, 29.66899 ], [ -95.35548, 29.65834 ], [ -95.35551, 29.66039 ], [ -95.34969, 29.6604 ], [ -95.34972, 29.66172 ], [ -95.34896, 29.66173 ], [ -95.34896, 29.66486 ], [ -95.34883, 29.6659 ], [ -95.34864, 29.66625 ] ] ] } },
{ "type": "Feature", "properties": { "name": "RIDGEGATE CIVIC ASSOCIATION" }, "geometry": { "type": "Polygon", "coordinates": [ [ [ -95.4647, 29.60454 ], [ -95.46488, 29.60699 ], [ -95.46499, 29.61093 ], [ -95.46493, 29.61319 ], [ -95.46502, 29.61916 ], [ -95.46615, 29.62019 ], [ -95.46676, 29.62048 ], [ -95.46745, 29.62063 ], [ -95.46882, 29.62057 ], [ -95.46965, 29.62078 ], [ -95.47036, 29.62112 ], [ -95.47131, 29.62193 ], [ -95.4717, 29.62215 ], [ -95.47262, 29.62242 ], [ -95.47418, 29.6226 ], [ -95.47477, 29.62291 ], [ -95.47535, 29.62336 ], [ -95.47625, 29.62428 ], [ -95.48108, 29.62429 ], [ -95.48087, 29.61673 ], [ -95.47739, 29.61678 ], [ -95.47742, 29.61278 ], [ -95.47805, 29.61277 ], [ -95.47795, 29.6076 ], [ -95.47727, 29.60761 ], [ -95.47721, 29.60574 ], [ -95.47651, 29.60543 ], [ -95.4764, 29.60067 ], [ -95.47891, 29.59719 ], [ -95.4809, 29.59516 ], [ -95.48109, 29.59447 ], [ -95.48146, 29.59369 ], [ -95.48273, 29.59157 ], [ -95.4824, 29.59159 ], [ -95.48236, 29.59109 ], [ -95.48254, 29.59027 ], [ -95.48132, 29.59015 ], [ -95.48038, 29.59024 ], [ -95.47946, 29.59048 ], [ -95.47728, 29.59139 ], [ -95.47612, 29.59162 ], [ -95.47546, 29.59164 ], [ -95.47443, 29.59157 ], [ -95.47273, 29.59121 ], [ -95.47105, 29.59101 ], [ -95.46957, 29.5905 ], [ -95.46458, 29.6006 ], [ -95.46444, 29.60166 ], [ -95.46451, 29.60343 ], [ -95.4647, 29.60454 ] ] ] } },
{ "type": "Feature", "properties": { "name": "LAZYBROOK CIVIC CLUB" }, "geometry": { "type": "Polygon", "coordinates": [ [ [ -95.44512, 29.80683 ], [ -95.44739, 29.80442 ], [ -95.44814, 29.80344 ], [ -95.44853, 29.8028 ], [ -95.44903, 29.80144 ], [ -95.44995, 29.79773 ], [ -95.44861, 29.79771 ], [ -95.44862, 29.79788 ], [ -95.43808, 29.7979 ], [ -95.43808, 29.79775 ], [ -95.43303, 29.79778 ], [ -95.43304, 29.79796 ], [ -95.42588, 29.79797 ], [ -95.42687, 29.79866 ], [ -95.42745, 29.79926 ], [ -95.42771, 29.79965 ], [ -95.42832, 29.80111 ], [ -95.42864, 29.80158 ], [ -95.4292, 29.80213 ], [ -95.43012, 29.80263 ], [ -95.43075, 29.80281 ], [ -95.4326, 29.80295 ], [ -95.43323, 29.8031 ], [ -95.43388, 29.80338 ], [ -95.4346, 29.80389 ], [ -95.4356, 29.80515 ], [ -95.43652, 29.80591 ], [ -95.43943, 29.80726 ], [ -95.44171, 29.80863 ], [ -95.44348, 29.80784 ], [ -95.44445, 29.80732 ], [ -95.44512, 29.80683 ] ] ] } },
{ "type": "Feature", "properties": { "name": "FLEETWOOD PROPERTY OWNERS ASSOCIATION" }, "geometry": { "type": "Polygon", "coordinates": [ [ [ -95.63421, 29.77769 ], [ -95.64223, 29.77757 ], [ -95.64257, 29.77326 ], [ -95.64284, 29.77146 ], [ -95.64325, 29.76995 ], [ -95.64066, 29.76954 ], [ -95.64018, 29.76962 ], [ -95.6352, 29.7711 ], [ -95.63467, 29.77165 ], [ -95.63399, 29.77452 ], [ -95.63242, 29.77448 ], [ -95.63241, 29.77541 ], [ -95.63365, 29.77658 ], [ -95.63246, 29.77732 ], [ -95.63421, 29.77769 ] ] ] } },
{ "type": "Feature", "properties": { "name": "MACGREGOR PALM TERRACE" }, "geometry": { "type": "Polygon", "coordinates": [ [ [ -95.34487, 29.69427 ], [ -95.34846, 29.68538 ], [ -95.33969, 29.688 ], [ -95.33835, 29.68851 ], [ -95.3368, 29.68927 ], [ -95.33293, 29.69167 ], [ -95.33184, 29.69452 ], [ -95.33364, 29.69506 ], [ -95.33616, 29.69566 ], [ -95.33978, 29.69675 ], [ -95.34092, 29.69417 ], [ -95.34138, 29.69345 ], [ -95.34487, 29.69427 ] ] ] } },
{ "type": "Feature", "properties": { "name": "HIRAM CLARKE CIVIC CLUB" }, "geometry": { "type": "Polygon", "coordinates": [ [ [ -95.44164, 29.64237 ], [ -95.44317, 29.64165 ], [ -95.44465, 29.6412 ], [ -95.4446, 29.63858 ], [ -95.44417, 29.63859 ], [ -95.44417, 29.63833 ], [ -95.44465, 29.63756 ], [ -95.44465, 29.63658 ], [ -95.44509, 29.63657 ], [ -95.44508, 29.63516 ], [ -95.44418, 29.63517 ], [ -95.44415, 29.63472 ], [ -95.43468, 29.63489 ], [ -95.43474, 29.64193 ], [ -95.43662, 29.64258 ], [ -95.43801, 29.64278 ], [ -95.44069, 29.64264 ], [ -95.44164, 29.64237 ] ] ] } },
{ "type": "Feature", "properties": { "name": "LINKWOOD CIVIC CLUB" }, "geometry": { "type": "Polygon", "coordinates": [ [ [ -95.44002, 29.68626 ], [ -95.43475, 29.68634 ], [ -95.43479, 29.6909 ], [ -95.43527, 29.69078 ], [ -95.43805, 29.68965 ], [ -95.43888, 29.68958 ], [ -95.44006, 29.6897 ], [ -95.44002, 29.68626 ] ] ] } },
{ "type": "Feature", "properties": { "name": "CAMBRIDGE GLEN CONDO ASSOCIATION, INC." }, "geometry": { "type": "Polygon", "coordinates": [ [ [ -95.39546, 29.6872 ], [ -95.39555, 29.68675 ], [ -95.39554, 29.68541 ], [ -95.39149, 29.68543 ], [ -95.39036, 29.68878 ], [ -95.39132, 29.68904 ], [ -95.39439, 29.68907 ], [ -95.39546, 29.6872 ] ] ] } },
{ "type": "Feature", "properties": { "name": "QUAIL GLEN HOMEOWNERS ASSOCIATION" }, "geometry": { "type": "Polygon", "coordinates": [ [ [ -95.52022, 29.57985 ], [ -95.52003, 29.57202 ], [ -95.51299, 29.57215 ], [ -95.51319, 29.57997 ], [ -95.52022, 29.57985 ] ] ] } },
{ "type": "Feature", "properties": { "name": "SOUTHLAND PLACE CIVIC CLUB" }, "geometry": { "type": "Polygon", "coordinates": [ [ [ -95.36636, 29.69831 ], [ -95.36535, 29.70083 ], [ -95.36831, 29.7017 ], [ -95.36981, 29.70161 ], [ -95.37059, 29.69962 ], [ -95.36636, 29.69831 ] ] ] } },
{ "type": "Feature", "properties": { "name": "WEST CHASE FOREST TOWNHOUSE ASSOCIATION, INC" }, "geometry": { "type": "Polygon", "coordinates": [ [ [ -95.54504, 29.72663 ], [ -95.54522, 29.72597 ], [ -95.54414, 29.7255 ], [ -95.53912, 29.72537 ], [ -95.53918, 29.72775 ], [ -95.54157, 29.72776 ], [ -95.54529, 29.72863 ], [ -95.54532, 29.72797 ], [ -95.54506, 29.72709 ], [ -95.54504, 29.72663 ] ] ] } },
{ "type": "Feature", "properties": { "name": "LAKEWOOD HEIGHTS PROPERTY OWNERS ASSOCIATION" }, "geometry": { "type": "Polygon", "coordinates": [ [ [ -95.15959, 30.02744 ], [ -95.1607, 30.02696 ], [ -95.16063, 30.02494 ], [ -95.16084, 30.02433 ], [ -95.16561, 30.02172 ], [ -95.16714, 30.02161 ], [ -95.1681, 30.02192 ], [ -95.16866, 30.02169 ], [ -95.17061, 30.02006 ], [ -95.17219, 30.01955 ], [ -95.17275, 30.01964 ], [ -95.17455, 30.0188 ], [ -95.17607, 30.01863 ], [ -95.17922, 30.01976 ], [ -95.17951, 30.02 ], [ -95.18049, 30.01748 ], [ -95.18068, 30.01681 ], [ -95.18078, 30.01604 ], [ -95.18073, 30.01496 ], [ -95.18055, 30.01415 ], [ -95.1803, 30.01345 ], [ -95.17989, 30.01267 ], [ -95.1789, 30.01151 ], [ -95.17686, 30.00994 ], [ -95.17589, 30.00934 ], [ -95.17486, 30.00895 ], [ -95.16901, 30.00766 ], [ -95.168, 30.00732 ], [ -95.16673, 30.00664 ], [ -95.16543, 30.00556 ], [ -95.16482, 30.00474 ], [ -95.1644, 30.00403 ], [ -95.1622, 29.9985 ], [ -95.16082, 29.99901 ], [ -95.15892, 29.99994 ], [ -95.14529, 30.00811 ], [ -95.1436, 30.00894 ], [ -95.1415, 30.00968 ], [ -95.14252, 30.01045 ], [ -95.14333, 30.0124 ], [ -95.14394, 30.01338 ], [ -95.14517, 30.01478 ], [ -95.14572, 30.01516 ], [ -95.14763, 30.01718 ], [ -95.1475, 30.01743 ], [ -95.14828, 30.01845 ], [ -95.15071, 30.01967 ], [ -95.15246, 30.01995 ], [ -95.15365, 30.02149 ], [ -95.15439, 30.02158 ], [ -95.15557, 30.02115 ], [ -95.15673, 30.02095 ], [ -95.15742, 30.02062 ], [ -95.15771, 30.02092 ], [ -95.15707, 30.02126 ], [ -95.15619, 30.02144 ], [ -95.15477, 30.02262 ], [ -95.15587, 30.02421 ], [ -95.15572, 30.02511 ], [ -95.15327, 30.02688 ], [ -95.15256, 30.02797 ], [ -95.15239, 30.029 ], [ -95.15246, 30.02955 ], [ -95.15255, 30.02993 ], [ -95.15313, 30.03069 ], [ -95.15353, 30.03075 ], [ -95.15419, 30.03154 ], [ -95.15664, 30.03287 ], [ -95.15745, 30.03283 ], [ -95.15838, 30.03172 ], [ -95.15872, 30.03044 ], [ -95.15926, 30.02947 ], [ -95.15885, 30.02919 ], [ -95.15816, 30.02975 ], [ -95.15815, 30.03056 ], [ -95.15737, 30.03043 ], [ -95.15746, 30.02936 ], [ -95.15801, 30.02894 ], [ -95.15928, 30.02823 ], [ -95.15959, 30.02744 ] ] ] } },
{ "type": "Feature", "properties": { "name": "GLENDOWER COURT PROPERTY OWNERS ASSOCIATION" }, "geometry": { "type": "Polygon", "coordinates": [ [ [ -95.4152, 29.74717 ], [ -95.41516, 29.74248 ], [ -95.41304, 29.74255 ], [ -95.41304, 29.7472 ], [ -95.4152, 29.74717 ] ] ] } },
{ "type": "Feature", "properties": { "name": "WOODLAND HEIGHTS CIVIC ASSOCIATION" }, "geometry": { "type": "Polygon", "coordinates": [ [ [ -95.37217, 29.79018 ], [ -95.37331, 29.79105 ], [ -95.37635, 29.79102 ], [ -95.37637, 29.79153 ], [ -95.37866, 29.7915 ], [ -95.37866, 29.79157 ], [ -95.38428, 29.79148 ], [ -95.38427, 29.79089 ], [ -95.38783, 29.79086 ], [ -95.38768, 29.78152 ], [ -95.3872, 29.78034 ], [ -95.38704, 29.77956 ], [ -95.38714, 29.77876 ], [ -95.3874, 29.77811 ], [ -95.38831, 29.77682 ], [ -95.38505, 29.77694 ], [ -95.38311, 29.77728 ], [ -95.38124, 29.77775 ], [ -95.3803, 29.77808 ], [ -95.37836, 29.77894 ], [ -95.37759, 29.77937 ], [ -95.37666, 29.77966 ], [ -95.37585, 29.77963 ], [ -95.37528, 29.77948 ], [ -95.37243, 29.77818 ], [ -95.37245, 29.78052 ], [ -95.37194, 29.78229 ], [ -95.37191, 29.78266 ], [ -95.3721, 29.78355 ], [ -95.37217, 29.79018 ] ] ] } },
{ "type": "Feature", "properties": { "name": "FIFTH WARD CIVIC CLUB" }, "geometry": { "type": "Polygon", "coordinates": [ [ [ -95.33788, 29.77818 ], [ -95.34201, 29.77679 ], [ -95.34179, 29.77462 ], [ -95.34067, 29.76881 ], [ -95.33889, 29.76907 ], [ -95.33659, 29.76874 ], [ -95.33572, 29.76895 ], [ -95.33384, 29.7696 ], [ -95.33374, 29.76542 ], [ -95.33272, 29.76547 ], [ -95.33016, 29.76541 ], [ -95.32631, 29.76553 ], [ -95.32322, 29.76549 ], [ -95.32073, 29.76456 ], [ -95.32005, 29.76458 ], [ -95.31719, 29.76412 ], [ -95.31549, 29.76363 ], [ -95.31542, 29.76982 ], [ -95.3136, 29.7698 ], [ -95.31351, 29.77476 ], [ -95.3136, 29.78352 ], [ -95.31354, 29.7889 ], [ -95.32135, 29.7855 ], [ -95.32533, 29.78399 ], [ -95.32967, 29.78144 ], [ -95.3327, 29.78012 ], [ -95.33788, 29.77818 ] ] ] } },
{ "type": "Feature", "properties": { "name": "CROWN COLONY HOMEOWNERS ASSN. INC." }, "geometry": { "type": "Polygon", "coordinates": [ [ [ -95.59605, 29.69723 ], [ -95.59208, 29.69731 ], [ -95.59209, 29.69828 ], [ -95.59289, 29.69828 ], [ -95.59291, 29.70002 ], [ -95.59194, 29.70003 ], [ -95.59201, 29.70367 ], [ -95.59618, 29.70361 ], [ -95.59605, 29.69723 ] ] ] } },
{ "type": "Feature", "properties": { "name": "PARKRIDGE COMMUNITY ASSOCIATES, INC." }, "geometry": { "type": "Polygon", "coordinates": [ [ [ -95.62368, 29.7223 ], [ -95.62401, 29.72119 ], [ -95.62408, 29.72033 ], [ -95.62403, 29.71614 ], [ -95.61824, 29.71622 ], [ -95.61772, 29.71637 ], [ -95.61704, 29.71669 ], [ -95.61684, 29.71695 ], [ -95.61686, 29.71857 ], [ -95.61854, 29.72047 ], [ -95.61917, 29.72158 ], [ -95.61942, 29.72231 ], [ -95.62368, 29.7223 ] ] ] } },
{ "type": "Feature", "properties": { "name": "CANDLELIGHT FOREST CIVIC CLUB" }, "geometry": { "type": "Polygon", "coordinates": [ [ [ -95.48507, 29.8789 ], [ -95.488, 29.87734 ], [ -95.48627, 29.87429 ], [ -95.48546, 29.87463 ], [ -95.48506, 29.87456 ], [ -95.48507, 29.87468 ], [ -95.48493, 29.87445 ], [ -95.48472, 29.87442 ], [ -95.48439, 29.87393 ], [ -95.48411, 29.87369 ], [ -95.4837, 29.87366 ], [ -95.48305, 29.87383 ], [ -95.48213, 29.87372 ], [ -95.48115, 29.87318 ], [ -95.48045, 29.87211 ], [ -95.48046, 29.87402 ], [ -95.48052, 29.87432 ], [ -95.48507, 29.8789 ] ] ] } },
{ "type": "Feature", "properties": { "name": "COTTAGE GROVE CIVIC CLUB" }, "geometry": { "type": "Polygon", "coordinates": [ [ [ -95.41374, 29.78314 ], [ -95.42478, 29.78352 ], [ -95.4266, 29.78347 ], [ -95.43004, 29.78368 ], [ -95.43612, 29.78384 ], [ -95.43651, 29.78383 ], [ -95.43655, 29.7832 ], [ -95.43664, 29.78309 ], [ -95.43652, 29.78258 ], [ -95.43613, 29.78208 ], [ -95.42952, 29.77812 ], [ -95.42731, 29.77796 ], [ -95.42692, 29.77803 ], [ -95.42679, 29.77814 ], [ -95.42619, 29.77784 ], [ -95.42532, 29.77781 ], [ -95.4227, 29.7768 ], [ -95.4227, 29.77672 ], [ -95.41831, 29.77518 ], [ -95.41384, 29.77392 ], [ -95.40962, 29.77302 ], [ -95.40961, 29.77956 ], [ -95.40975, 29.77962 ], [ -95.40976, 29.77988 ], [ -95.41093, 29.77987 ], [ -95.41099, 29.78069 ], [ -95.41166, 29.78176 ], [ -95.41203, 29.78205 ], [ -95.41241, 29.7822 ], [ -95.41372, 29.78225 ], [ -95.41374, 29.78314 ] ] ] } },
{ "type": "Feature", "properties": { "name": "HYDE PARK CIVIC ASSOCIATION" }, "geometry": { "type": "Polygon", "coordinates": [ [ [ -95.39786, 29.75314 ], [ -95.39781, 29.75232 ], [ -95.40054, 29.75102 ], [ -95.39783, 29.74671 ], [ -95.39791, 29.74667 ], [ -95.39685, 29.74502 ], [ -95.39654, 29.74517 ], [ -95.39601, 29.74445 ], [ -95.39607, 29.74442 ], [ -95.39556, 29.74363 ], [ -95.39328, 29.74479 ], [ -95.39144, 29.74476 ], [ -95.39149, 29.74511 ], [ -95.39203, 29.7464 ], [ -95.39214, 29.74698 ], [ -95.3923, 29.75324 ], [ -95.39786, 29.75314 ] ] ] } },
{ "type": "Feature", "properties": { "name": "PARK ST. JOHN CONDO ASSOCIATION" }, "geometry": { "type": "Polygon", "coordinates": [ [ [ -95.43657, 29.74029 ], [ -95.43657, 29.73835 ], [ -95.43589, 29.73835 ], [ -95.43593, 29.73919 ], [ -95.4353, 29.7392 ], [ -95.4353, 29.73993 ], [ -95.43591, 29.73994 ], [ -95.43592, 29.74028 ], [ -95.43657, 29.74029 ] ] ] } },
{ "type": "Feature", "properties": { "name": "CIMARRON CIVIC ASSOCIATION" }, "geometry": { "type": "Polygon", "coordinates": [ [ [ -95.19632, 29.78817 ], [ -95.19628, 29.7879 ], [ -95.19654, 29.78776 ], [ -95.19718, 29.78711 ], [ -95.19747, 29.78692 ], [ -95.19771, 29.78688 ], [ -95.1977, 29.78673 ], [ -95.19793, 29.78647 ], [ -95.19791, 29.78625 ], [ -95.19799, 29.78617 ], [ -95.1987, 29.78596 ], [ -95.19898, 29.78596 ], [ -95.19908, 29.78645 ], [ -95.19928, 29.78616 ], [ -95.19983, 29.78615 ], [ -95.20002, 29.78605 ], [ -95.20032, 29.78618 ], [ -95.20074, 29.78589 ], [ -95.20096, 29.7859 ], [ -95.20117, 29.78577 ], [ -95.20136, 29.78581 ], [ -95.20167, 29.78543 ], [ -95.20183, 29.78543 ], [ -95.20182, 29.78534 ], [ -95.20198, 29.78518 ], [ -95.20199, 29.78503 ], [ -95.20183, 29.78474 ], [ -95.2021, 29.7848 ], [ -95.20222, 29.78466 ], [ -95.20241, 29.78463 ], [ -95.20242, 29.78444 ], [ -95.20256, 29.78427 ], [ -95.20282, 29.78426 ], [ -95.20262, 29.78388 ], [ -95.20244, 29.78379 ], [ -95.20243, 29.78354 ], [ -95.20229, 29.7834 ], [ -95.20232, 29.78285 ], [ -95.20265, 29.78241 ], [ -95.20314, 29.78233 ], [ -95.20346, 29.78207 ], [ -95.2035, 29.78164 ], [ -95.20318, 29.78132 ], [ -95.2031, 29.78107 ], [ -95.20323, 29.78071 ], [ -95.20311, 29.78056 ], [ -95.20313, 29.78045 ], [ -95.20343, 29.78031 ], [ -95.20339, 29.77996 ], [ -95.20347, 29.77968 ], [ -95.20385, 29.77969 ], [ -95.20403, 29.77927 ], [ -95.20455, 29.77882 ], [ -95.20476, 29.77837 ], [ -95.20502, 29.77704 ], [ -95.20471, 29.77565 ], [ -95.20303, 29.77548 ], [ -95.2026, 29.77531 ], [ -95.2019, 29.77523 ], [ -95.20088, 29.77531 ], [ -95.20044, 29.77552 ], [ -95.19987, 29.77592 ], [ -95.19944, 29.77637 ], [ -95.19878, 29.77686 ], [ -95.19812, 29.77714 ], [ -95.19747, 29.77712 ], [ -95.19658, 29.77676 ], [ -95.19588, 29.77624 ], [ -95.19512, 29.77518 ], [ -95.19503, 29.77475 ], [ -95.19534, 29.77375 ], [ -95.19621, 29.77281 ], [ -95.19653, 29.77257 ], [ -95.19683, 29.77196 ], [ -95.19701, 29.77135 ], [ -95.19531, 29.7711 ], [ -95.18445, 29.77058 ], [ -95.18222, 29.77058 ], [ -95.18275, 29.78856 ], [ -95.19426, 29.7883 ], [ -95.19443, 29.78837 ], [ -95.1945, 29.78828 ], [ -95.19618, 29.78827 ], [ -95.19632, 29.78817 ] ] ] } },
{ "type": "Feature", "properties": { "name": "WESTWOOD PATIO HOMES HOMEOWNER ASSOCIATION" }, "geometry": { "type": "Polygon", "coordinates": [ [ [ -95.55217, 29.69408 ], [ -95.55011, 29.6941 ], [ -95.55023, 29.70061 ], [ -95.55232, 29.70058 ], [ -95.55217, 29.69408 ] ] ] } },
{ "type": "Feature", "properties": { "name": "SUNNYSIDE GARDENS / BAYOU ESTATES CIVIC CLUB" }, "geometry": { "type": "Polygon", "coordinates": [ [ [ -95.34898, 29.66298 ], [ -95.34896, 29.66173 ], [ -95.34972, 29.66172 ], [ -95.34969, 29.6604 ], [ -95.35551, 29.66039 ], [ -95.35538, 29.65343 ], [ -95.35546, 29.65264 ], [ -95.35614, 29.64997 ], [ -95.35627, 29.64909 ], [ -95.35483, 29.64969 ], [ -95.35297, 29.6497 ], [ -95.3516, 29.64905 ], [ -95.35157, 29.64851 ], [ -95.34857, 29.64747 ], [ -95.34755, 29.64756 ], [ -95.34608, 29.64807 ], [ -95.34482, 29.64818 ], [ -95.34408, 29.64684 ], [ -95.34189, 29.64667 ], [ -95.3424, 29.65136 ], [ -95.33881, 29.65164 ], [ -95.33892, 29.65731 ], [ -95.34356, 29.65726 ], [ -95.34365, 29.66305 ], [ -95.34898, 29.66298 ] ] ] } },
{ "type": "Feature", "properties": { "name": "GULF MEADOWS CITIZEN'S ON PATROL" }, "geometry": { "type": "Polygon", "coordinates": [ [ [ -95.28535, 29.61905 ], [ -95.28783, 29.61901 ], [ -95.28786, 29.6198 ], [ -95.28874, 29.61979 ], [ -95.28873, 29.61947 ], [ -95.28897, 29.61947 ], [ -95.28897, 29.61978 ], [ -95.29049, 29.61975 ], [ -95.29011, 29.6046 ], [ -95.28611, 29.60468 ], [ -95.28534, 29.61589 ], [ -95.28535, 29.61905 ] ] ] } },
{ "type": "Feature", "properties": { "name": "BOULEVARD OAKS CIVIC ASSOCIATION" }, "geometry": { "type": "Polygon", "coordinates": [ [ [ -95.40139, 29.72571 ], [ -95.39463, 29.72577 ], [ -95.39472, 29.7316 ], [ -95.40442, 29.73099 ], [ -95.41317, 29.73085 ], [ -95.41501, 29.73068 ], [ -95.41498, 29.7265 ], [ -95.41503, 29.72651 ], [ -95.41504, 29.72553 ], [ -95.40346, 29.72568 ], [ -95.40338, 29.7207 ], [ -95.39881, 29.72251 ], [ -95.39881, 29.72271 ], [ -95.39896, 29.72271 ], [ -95.39896, 29.72313 ], [ -95.40038, 29.72319 ], [ -95.40133, 29.72308 ], [ -95.40139, 29.72571 ] ] ] } },
{ "type": "Feature", "properties": { "name": "SAGEMONT CIVIC CLUB" }, "geometry": { "type": "Polygon", "coordinates": [ [ [ -95.21611, 29.59765 ], [ -95.21388, 29.59579 ], [ -95.21637, 29.59351 ], [ -95.21869, 29.59539 ], [ -95.219, 29.59512 ], [ -95.22339, 29.59872 ], [ -95.22666, 29.59569 ], [ -95.22766, 29.59672 ], [ -95.23498, 29.59005 ], [ -95.22544, 29.58216 ], [ -95.22336, 29.58407 ], [ -95.22458, 29.58505 ], [ -95.20748, 29.60082 ], [ -95.20523, 29.60086 ], [ -95.20476, 29.60132 ], [ -95.20848, 29.60439 ], [ -95.20967, 29.60339 ], [ -95.21049, 29.60288 ], [ -95.21251, 29.60198 ], [ -95.21358, 29.60161 ], [ -95.21304, 29.60055 ], [ -95.21311, 29.60042 ], [ -95.21611, 29.59765 ] ] ] } },
{ "type": "Feature", "properties": { "name": "SUN VALLEY NEIGHBORHOOD ASSOCIATION INC." }, "geometry": { "type": "Polygon", "coordinates": [ [ [ -95.23614, 29.64467 ], [ -95.24176, 29.64204 ], [ -95.24333, 29.64103 ], [ -95.24277, 29.64045 ], [ -95.23655, 29.63478 ], [ -95.23059, 29.63489 ], [ -95.22949, 29.63474 ], [ -95.22967, 29.64236 ], [ -95.22955, 29.64238 ], [ -95.22961, 29.64535 ], [ -95.23291, 29.6453 ], [ -95.23437, 29.64518 ], [ -95.23614, 29.64467 ] ] ] } },
{ "type": "Feature", "properties": { "name": "SOUTH ACRES ESTATE CIVIC CLUB" }, "geometry": { "type": "Polygon", "coordinates": [ [ [ -95.387, 29.62866 ], [ -95.38687, 29.62122 ], [ -95.38026, 29.62136 ], [ -95.3803, 29.62112 ], [ -95.36337, 29.62109 ], [ -95.36359, 29.62874 ], [ -95.37982, 29.62878 ], [ -95.387, 29.62866 ] ] ] } },
{ "type": "Feature", "properties": { "name": "WESTBURY CIVIC CLUB INC." }, "geometry": { "type": "Polygon", "coordinates": [ [ [ -95.46308, 29.66728 ], [ -95.49866, 29.66687 ], [ -95.49868, 29.66678 ], [ -95.49831, 29.66664 ], [ -95.4982, 29.6663 ], [ -95.49798, 29.66629 ], [ -95.49799, 29.66604 ], [ -95.49763, 29.66604 ], [ -95.49753, 29.65714 ], [ -95.4974, 29.65715 ], [ -95.49739, 29.65697 ], [ -95.49739, 29.6565 ], [ -95.49823, 29.6565 ], [ -95.49796, 29.64349 ], [ -95.49809, 29.64349 ], [ -95.49806, 29.6422 ], [ -95.49317, 29.64225 ], [ -95.49304, 29.63617 ], [ -95.48223, 29.64036 ], [ -95.48215, 29.64439 ], [ -95.4822, 29.65004 ], [ -95.48186, 29.65136 ], [ -95.48147, 29.65208 ], [ -95.48097, 29.65271 ], [ -95.47979, 29.6526 ], [ -95.47861, 29.65294 ], [ -95.47776, 29.65284 ], [ -95.47056, 29.65735 ], [ -95.46999, 29.65751 ], [ -95.46919, 29.65737 ], [ -95.46896, 29.65799 ], [ -95.46795, 29.65837 ], [ -95.46732, 29.65909 ], [ -95.46594, 29.65931 ], [ -95.46404, 29.66032 ], [ -95.46399, 29.66431 ], [ -95.46368, 29.66556 ], [ -95.46308, 29.66728 ] ] ] } },
{ "type": "Feature", "properties": { "name": "BUNKER HILL PLACE HOA" }, "geometry": { "type": "Polygon", "coordinates": [ [ [ -95.5316, 29.77519 ], [ -95.53413, 29.77515 ], [ -95.53413, 29.77528 ], [ -95.53475, 29.77527 ], [ -95.53471, 29.77319 ], [ -95.53159, 29.77322 ], [ -95.5316, 29.77519 ] ] ] } },
{ "type": "Feature", "properties": { "name": "SHADOW OAKS CIVIC CLUB, INC." }, "geometry": { "type": "Polygon", "coordinates": [ [ [ -95.55365, 29.78764 ], [ -95.54899, 29.78762 ], [ -95.5493, 29.8009 ], [ -95.55393, 29.80081 ], [ -95.55408, 29.80571 ], [ -95.55709, 29.80569 ], [ -95.55717, 29.80437 ], [ -95.55774, 29.80428 ], [ -95.55985, 29.8049 ], [ -95.56078, 29.80507 ], [ -95.56324, 29.80504 ], [ -95.56306, 29.79419 ], [ -95.55392, 29.7942 ], [ -95.55365, 29.78764 ] ] ] } },
{ "type": "Feature", "properties": { "name": "COURTYARD WESTWAY HOA" }, "geometry": { "type": "Polygon", "coordinates": [ [ [ -95.55034, 29.83342 ], [ -95.54685, 29.83344 ], [ -95.54686, 29.83436 ], [ -95.54716, 29.83436 ], [ -95.54718, 29.83708 ], [ -95.55035, 29.83707 ], [ -95.55034, 29.83342 ] ] ] } },
{ "type": "Feature", "properties": { "name": "WEST MACGREGOR HOMEOWNERS ASSOCIATION" }, "geometry": { "type": "Polygon", "coordinates": [ [ [ -95.35945, 29.70231 ], [ -95.3543, 29.70261 ], [ -95.35165, 29.70309 ], [ -95.34971, 29.7037 ], [ -95.34355, 29.70608 ], [ -95.34176, 29.71043 ], [ -95.34159, 29.71142 ], [ -95.3433, 29.71193 ], [ -95.3442, 29.71195 ], [ -95.34506, 29.71161 ], [ -95.34607, 29.71075 ], [ -95.3465, 29.71061 ], [ -95.34814, 29.71043 ], [ -95.34939, 29.71017 ], [ -95.35011, 29.70993 ], [ -95.35464, 29.70795 ], [ -95.35539, 29.70788 ], [ -95.35707, 29.70837 ], [ -95.35945, 29.70231 ] ] ] } },
{ "type": "Feature", "properties": { "name": "FIRST MONTROSE COMMONS" }, "geometry": { "type": "Polygon", "coordinates": [ [ [ -95.39119, 29.73877 ], [ -95.39117, 29.73451 ], [ -95.38539, 29.73449 ], [ -95.38256, 29.73796 ], [ -95.38232, 29.73831 ], [ -95.38207, 29.73891 ], [ -95.39119, 29.73877 ] ] ] } },
{ "type": "Feature", "properties": { "name": "CRAIGWOODS CIVIC ASSOCIATION" }, "geometry": { "type": "Polygon", "coordinates": [ [ [ -95.48476, 29.8028 ], [ -95.4848, 29.79818 ], [ -95.47905, 29.79806 ], [ -95.47861, 29.79791 ], [ -95.47866, 29.79881 ], [ -95.47884, 29.79942 ], [ -95.47889, 29.80282 ], [ -95.48476, 29.8028 ] ] ] } },
{ "type": "Feature", "properties": { "name": "CLOVERLAND CIVIC CLUB" }, "geometry": { "type": "Polygon", "coordinates": [ [ [ -95.36368, 29.63663 ], [ -95.36364, 29.63467 ], [ -95.36799, 29.6347 ], [ -95.368, 29.63205 ], [ -95.36379, 29.63212 ], [ -95.36378, 29.63266 ], [ -95.35723, 29.63263 ], [ -95.35729, 29.6351 ], [ -95.35594, 29.63511 ], [ -95.35601, 29.63658 ], [ -95.36368, 29.63663 ] ] ] } },
{ "type": "Feature", "properties": { "name": "CHASEWOOD CIVIC CLUB" }, "geometry": { "type": "Polygon", "coordinates": [ [ [ -95.50644, 29.60436 ], [ -95.50242, 29.60444 ], [ -95.50071, 29.60571 ], [ -95.50078, 29.60946 ], [ -95.50203, 29.60978 ], [ -95.5024, 29.60861 ], [ -95.50254, 29.60844 ], [ -95.50382, 29.6093 ], [ -95.50445, 29.60956 ], [ -95.50562, 29.60975 ], [ -95.50631, 29.6097 ], [ -95.50608, 29.60777 ], [ -95.50559, 29.60776 ], [ -95.50646, 29.60521 ], [ -95.50644, 29.60436 ] ] ] } },
{ "type": "Feature", "properties": { "name": "GRAND PARK COMM CIVIC CLUB" }, "geometry": { "type": "Polygon", "coordinates": [ [ [ -95.34503, 29.69432 ], [ -95.35077, 29.69612 ], [ -95.35144, 29.69473 ], [ -95.35263, 29.69172 ], [ -95.35275, 29.69089 ], [ -95.35507, 29.68537 ], [ -95.35555, 29.68403 ], [ -95.35583, 29.68364 ], [ -95.35594, 29.6829 ], [ -95.34873, 29.68513 ], [ -95.34503, 29.69432 ] ] ] } },
{ "type": "Feature", "properties": { "name": "NORTH MONTROSE CIVIC ASSOCIATION" }, "geometry": { "type": "Polygon", "coordinates": [ [ [ -95.38581, 29.75355 ], [ -95.38592, 29.76099 ], [ -95.38672, 29.76097 ], [ -95.38835, 29.76048 ], [ -95.38908, 29.7605 ], [ -95.391, 29.76122 ], [ -95.39194, 29.76136 ], [ -95.39396, 29.76093 ], [ -95.39461, 29.76092 ], [ -95.39618, 29.76133 ], [ -95.39666, 29.76137 ], [ -95.39756, 29.76126 ], [ -95.39849, 29.76087 ], [ -95.39903, 29.76073 ], [ -95.4005, 29.76086 ], [ -95.40109, 29.76054 ], [ -95.4017, 29.75942 ], [ -95.4023, 29.75911 ], [ -95.40249, 29.7589 ], [ -95.40408, 29.75888 ], [ -95.40427, 29.75906 ], [ -95.40647, 29.75999 ], [ -95.4072, 29.76001 ], [ -95.40769, 29.75992 ], [ -95.40798, 29.75979 ], [ -95.40822, 29.75943 ], [ -95.40829, 29.75612 ], [ -95.40886, 29.75561 ], [ -95.41042, 29.75488 ], [ -95.41058, 29.75461 ], [ -95.41062, 29.75432 ], [ -95.41061, 29.75313 ], [ -95.38581, 29.75355 ] ] ] } },
{ "type": "Feature", "properties": { "name": "SOUTHMEADOW PROPERTY OWNER'S ASSOCIATION" }, "geometry": { "type": "Polygon", "coordinates": [ [ [ -95.50986, 29.64846 ], [ -95.51918, 29.64835 ], [ -95.51911, 29.64189 ], [ -95.51783, 29.64201 ], [ -95.51622, 29.64256 ], [ -95.51599, 29.64196 ], [ -95.51596, 29.64143 ], [ -95.51502, 29.64145 ], [ -95.51499, 29.64199 ], [ -95.5095, 29.64206 ], [ -95.50954, 29.64424 ], [ -95.50981, 29.64423 ], [ -95.50986, 29.64846 ] ] ] } },
{ "type": "Feature", "properties": { "name": "SPRING BRANCH OAKS CIVIC ASSOCIATION" }, "geometry": { "type": "Polygon", "coordinates": [ [ [ -95.52399, 29.79801 ], [ -95.52234, 29.79855 ], [ -95.51635, 29.79968 ], [ -95.51644, 29.80589 ], [ -95.51651, 29.80607 ], [ -95.51696, 29.80632 ], [ -95.52008, 29.80697 ], [ -95.52442, 29.80711 ], [ -95.52422, 29.79898 ], [ -95.52417, 29.79857 ], [ -95.52399, 29.79801 ] ] ] } },
{ "type": "Feature", "properties": { "name": "HOLLOWAY HEIGHTS CIVIC CLUB" }, "geometry": { "type": "Polygon", "coordinates": [ [ [ -95.36805, 29.61665 ], [ -95.36801, 29.61234 ], [ -95.35534, 29.61227 ], [ -95.35533, 29.61658 ], [ -95.36312, 29.61669 ], [ -95.36805, 29.61665 ] ] ] } },
{ "type": "Feature", "properties": { "name": "GREENWAY COUNCIL CO-OWNERS" }, "geometry": { "type": "Polygon", "coordinates": [ [ [ -95.43827, 29.73196 ], [ -95.43817, 29.72941 ], [ -95.43647, 29.72949 ], [ -95.43655, 29.73202 ], [ -95.43827, 29.73196 ] ] ] } },
{ "type": "Feature", "properties": { "name": "BRAESWOOD PLACE HOMEOWNER'S ASSOCIATION" }, "geometry": { "type": "Polygon", "coordinates": [ [ [ -95.42294, 29.70298 ], [ -95.42302, 29.70614 ], [ -95.433, 29.70605 ], [ -95.43298, 29.70477 ], [ -95.4461, 29.70458 ], [ -95.44604, 29.70225 ], [ -95.44612, 29.70225 ], [ -95.44587, 29.68997 ], [ -95.44445, 29.69022 ], [ -95.44373, 29.69062 ], [ -95.4427, 29.69138 ], [ -95.44186, 29.69163 ], [ -95.44007, 29.69167 ], [ -95.44007, 29.6912 ], [ -95.43881, 29.69058 ], [ -95.43831, 29.69054 ], [ -95.43606, 29.69159 ], [ -95.43485, 29.6926 ], [ -95.43475, 29.69262 ], [ -95.43458, 29.69264 ], [ -95.43316, 29.69203 ], [ -95.4331, 29.69207 ], [ -95.4326, 29.69175 ], [ -95.43199, 29.69157 ], [ -95.43141, 29.69157 ], [ -95.42976, 29.69199 ], [ -95.42948, 29.69229 ], [ -95.42945, 29.69246 ], [ -95.42952, 29.69381 ], [ -95.42873, 29.69461 ], [ -95.42712, 29.69653 ], [ -95.42634, 29.69709 ], [ -95.4254, 29.69744 ], [ -95.42452, 29.69752 ], [ -95.42363, 29.69739 ], [ -95.42297, 29.69957 ], [ -95.42294, 29.70298 ] ] ] } },
{ "type": "Feature", "properties": { "name": "SHERWOOD OAKS MAINTENANCE" }, "geometry": { "type": "Polygon", "coordinates": [ [ [ -95.58111, 29.79626 ], [ -95.5796, 29.79627 ], [ -95.57961, 29.79695 ], [ -95.58111, 29.79694 ], [ -95.58112, 29.79853 ], [ -95.5855, 29.79139 ], [ -95.58571, 29.79133 ], [ -95.58556, 29.78518 ], [ -95.58102, 29.78515 ], [ -95.58111, 29.79626 ] ] ] } },
{ "type": "Feature", "properties": { "name": "BRENTWOOD VILLAGE, SECTION ONE  CAI" }, "geometry": { "type": "Polygon", "coordinates": [ [ [ -95.44636, 29.64702 ], [ -95.44623, 29.64125 ], [ -95.44451, 29.64138 ], [ -95.44405, 29.64149 ], [ -95.44301, 29.64192 ], [ -95.44316, 29.64229 ], [ -95.44325, 29.64705 ], [ -95.44636, 29.64702 ] ] ] } },
{ "type": "Feature", "properties": { "name": "WESTWOOD SOUTH PATIO HOMES" }, "geometry": { "type": "Polygon", "coordinates": [ [ [ -95.55677, 29.68431 ], [ -95.55652, 29.68307 ], [ -95.55704, 29.68039 ], [ -95.55443, 29.67955 ], [ -95.55399, 29.68062 ], [ -95.55307, 29.68227 ], [ -95.55352, 29.68312 ], [ -95.55294, 29.68338 ], [ -95.55404, 29.68556 ], [ -95.55675, 29.68453 ], [ -95.55677, 29.68431 ] ] ] } },
{ "type": "Feature", "properties": { "name": "AUDUBON PLACE ASSN" }, "geometry": { "type": "Polygon", "coordinates": [ [ [ -95.38596, 29.73889 ], [ -95.38601, 29.74244 ], [ -95.39124, 29.74238 ], [ -95.39119, 29.73877 ], [ -95.38596, 29.73889 ] ] ] } },
{ "type": "Feature", "properties": { "name": "RICHWOOD PLACE CIVIC ASSOCIATION" }, "geometry": { "type": "Polygon", "coordinates": [ [ [ -95.41055, 29.73416 ], [ -95.41051, 29.73128 ], [ -95.40429, 29.73137 ], [ -95.40219, 29.73147 ], [ -95.40221, 29.73422 ], [ -95.41055, 29.73416 ] ] ] } },
{ "type": "Feature", "properties": { "name": "HUNTINGDON COUNCIL OF CO-OWNERS" }, "geometry": { "type": "Polygon", "coordinates": [ [ [ -95.41867, 29.7473 ], [ -95.41867, 29.74679 ], [ -95.41774, 29.74656 ], [ -95.41774, 29.74731 ], [ -95.41867, 29.7473 ] ] ] } },
{ "type": "Feature", "properties": { "name": "YALE-VICTORIA CIVIC CLUB" }, "geometry": { "type": "Polygon", "coordinates": [ [ [ -95.38107, 29.82867 ], [ -95.38209, 29.83032 ], [ -95.38585, 29.83502 ], [ -95.39015, 29.84155 ], [ -95.39763, 29.84147 ], [ -95.39764, 29.84154 ], [ -95.40293, 29.84154 ], [ -95.40281, 29.8331 ], [ -95.40248, 29.83239 ], [ -95.4021, 29.8318 ], [ -95.40012, 29.82899 ], [ -95.3999, 29.82853 ], [ -95.39983, 29.82817 ], [ -95.3966, 29.82847 ], [ -95.38107, 29.82867 ] ] ] } },
{ "type": "Feature", "properties": { "name": "SHADY - TIDWELL TIMBERS CIVIC CLUB" }, "geometry": { "type": "Polygon", "coordinates": [ [ [ -95.30228, 29.85759 ], [ -95.3065, 29.85611 ], [ -95.30819, 29.85608 ], [ -95.30966, 29.85621 ], [ -95.31145, 29.8562 ], [ -95.31143, 29.85448 ], [ -95.31096, 29.85449 ], [ -95.31092, 29.85069 ], [ -95.31039, 29.85096 ], [ -95.31036, 29.84838 ], [ -95.30217, 29.84849 ], [ -95.30207, 29.84908 ], [ -95.30187, 29.84954 ], [ -95.30093, 29.85078 ], [ -95.30057, 29.85166 ], [ -95.30053, 29.85763 ], [ -95.30228, 29.85759 ] ] ] } },
{ "type": "Feature", "properties": { "name": "SPRING BRANCH CIVIC ASSOCIATION" }, "geometry": { "type": "Polygon", "coordinates": [ [ [ -95.53802, 29.79399 ], [ -95.53812, 29.79175 ], [ -95.5394, 29.7917 ], [ -95.53942, 29.78994 ], [ -95.53959, 29.78866 ], [ -95.53945, 29.78842 ], [ -95.53945, 29.78827 ], [ -95.53487, 29.78828 ], [ -95.53487, 29.78892 ], [ -95.53376, 29.78933 ], [ -95.53451, 29.79065 ], [ -95.53205, 29.79165 ], [ -95.53114, 29.78867 ], [ -95.52524, 29.7888 ], [ -95.52523, 29.79665 ], [ -95.52671, 29.79658 ], [ -95.52867, 29.79601 ], [ -95.52862, 29.79404 ], [ -95.52922, 29.79403 ], [ -95.52944, 29.79386 ], [ -95.53004, 29.79386 ], [ -95.53006, 29.79453 ], [ -95.53343, 29.79456 ], [ -95.53357, 29.79422 ], [ -95.53487, 29.79418 ], [ -95.53689, 29.79369 ], [ -95.5369, 29.79417 ], [ -95.53802, 29.79399 ] ] ] } },
{ "type": "Feature", "properties": { "name": "MEMORIAL DRIVE ACRES SECTION 1" }, "geometry": { "type": "Polygon", "coordinates": [ [ [ -95.59454, 29.76986 ], [ -95.59443, 29.76549 ], [ -95.59442, 29.76016 ], [ -95.5941, 29.76011 ], [ -95.5926, 29.76024 ], [ -95.59264, 29.76232 ], [ -95.59191, 29.76233 ], [ -95.59201, 29.76619 ], [ -95.59192, 29.7664 ], [ -95.59159, 29.76653 ], [ -95.59164, 29.77016 ], [ -95.59292, 29.76987 ], [ -95.59378, 29.7698 ], [ -95.59454, 29.76986 ] ] ] } },
{ "type": "Feature", "properties": { "name": "MAGNOLIA GROVE CIVIC CLUB" }, "geometry": { "type": "Polygon", "coordinates": [ [ [ -95.40947, 29.77047 ], [ -95.40954, 29.76832 ], [ -95.40948, 29.76534 ], [ -95.40937, 29.76392 ], [ -95.40929, 29.76317 ], [ -95.40872, 29.76205 ], [ -95.40594, 29.76162 ], [ -95.40438, 29.76211 ], [ -95.40372, 29.76209 ], [ -95.40271, 29.7624 ], [ -95.40152, 29.76294 ], [ -95.40052, 29.7636 ], [ -95.4002, 29.76439 ], [ -95.39978, 29.76489 ], [ -95.39915, 29.76541 ], [ -95.39815, 29.76577 ], [ -95.3981, 29.76655 ], [ -95.39825, 29.76792 ], [ -95.39858, 29.76901 ], [ -95.39858, 29.76971 ], [ -95.39954, 29.76989 ], [ -95.40098, 29.76985 ], [ -95.404, 29.7703 ], [ -95.40613, 29.77051 ], [ -95.40734, 29.77057 ], [ -95.40947, 29.77047 ] ] ] } },
{ "type": "Feature", "properties": { "name": "VILLAGE WEST COMMUNITY ASSOCIATION, INC." }, "geometry": { "type": "Polygon", "coordinates": [ [ [ -95.5812, 29.73661 ], [ -95.57615, 29.73668 ], [ -95.57636, 29.74793 ], [ -95.57746, 29.7479 ], [ -95.5786, 29.74776 ], [ -95.58057, 29.74722 ], [ -95.58041, 29.74665 ], [ -95.58039, 29.74629 ], [ -95.58063, 29.74537 ], [ -95.58066, 29.74483 ], [ -95.58036, 29.74376 ], [ -95.58033, 29.7429 ], [ -95.58058, 29.7423 ], [ -95.5808, 29.74201 ], [ -95.58131, 29.74159 ], [ -95.58174, 29.74134 ], [ -95.58132, 29.7403 ], [ -95.58126, 29.73981 ], [ -95.5812, 29.73661 ] ] ] } },
{ "type": "Feature", "properties": { "name": "MEMORIAL WAY CIVIC CLUB" }, "geometry": { "type": "Polygon", "coordinates": [ [ [ -95.57508, 29.78302 ], [ -95.57502, 29.77425 ], [ -95.5739, 29.77425 ], [ -95.57391, 29.78302 ], [ -95.57508, 29.78302 ] ] ] } },
{ "type": "Feature", "properties": { "name": "RICHMOND ROAD ESTATES CIVIC CLUB" }, "geometry": { "type": "Polygon", "coordinates": [ [ [ -95.5754, 29.6716 ], [ -95.57679, 29.66815 ], [ -95.57111, 29.6664 ], [ -95.57131, 29.6743 ], [ -95.57545, 29.67453 ], [ -95.5754, 29.6716 ] ] ] } },
{ "type": "Feature", "properties": { "name": "BINGLEWOOD CIVIC CLUB" }, "geometry": { "type": "Polygon", "coordinates": [ [ [ -95.50289, 29.82746 ], [ -95.50634, 29.82744 ], [ -95.50627, 29.8211 ], [ -95.50483, 29.82087 ], [ -95.50194, 29.82088 ], [ -95.50199, 29.82309 ], [ -95.50213, 29.82345 ], [ -95.50259, 29.82409 ], [ -95.50285, 29.82463 ], [ -95.50289, 29.82746 ] ] ] } },
{ "type": "Feature", "properties": { "name": "SONGWOOD CIVIC CLUB" }, "geometry": { "type": "Polygon", "coordinates": [ [ [ -95.23472, 29.78121 ], [ -95.25143, 29.78109 ], [ -95.2513, 29.77365 ], [ -95.23724, 29.77383 ], [ -95.23726, 29.77605 ], [ -95.23709, 29.77603 ], [ -95.23696, 29.77613 ], [ -95.23683, 29.77603 ], [ -95.23687, 29.77587 ], [ -95.2368, 29.77573 ], [ -95.23637, 29.77587 ], [ -95.23639, 29.77569 ], [ -95.23606, 29.77564 ], [ -95.23607, 29.77551 ], [ -95.23591, 29.77545 ], [ -95.23532, 29.77555 ], [ -95.23532, 29.77541 ], [ -95.23508, 29.77528 ], [ -95.23489, 29.7755 ], [ -95.23414, 29.77557 ], [ -95.23398, 29.7754 ], [ -95.23363, 29.77542 ], [ -95.23314, 29.77563 ], [ -95.23292, 29.77553 ], [ -95.23293, 29.77545 ], [ -95.23253, 29.7755 ], [ -95.23233, 29.77535 ], [ -95.23206, 29.77545 ], [ -95.23199, 29.77562 ], [ -95.2318, 29.77562 ], [ -95.23183, 29.77682 ], [ -95.23224, 29.77686 ], [ -95.23244, 29.77745 ], [ -95.23268, 29.77769 ], [ -95.2328, 29.77818 ], [ -95.23301, 29.77833 ], [ -95.23305, 29.77846 ], [ -95.23289, 29.77847 ], [ -95.23323, 29.7794 ], [ -95.23382, 29.77967 ], [ -95.23378, 29.78016 ], [ -95.23407, 29.78067 ], [ -95.23472, 29.78121 ] ] ] } },
{ "type": "Feature", "properties": { "name": "EASTWOOD CIVIC ASSOCIATION" }, "geometry": { "type": "Polygon", "coordinates": [ [ [ -95.34551, 29.73447 ], [ -95.34084, 29.73081 ], [ -95.32953, 29.72357 ], [ -95.3287, 29.72356 ], [ -95.32767, 29.72366 ], [ -95.32119, 29.73017 ], [ -95.32072, 29.73064 ], [ -95.32066, 29.73082 ], [ -95.31919, 29.73038 ], [ -95.31685, 29.73344 ], [ -95.31667, 29.73337 ], [ -95.31477, 29.73587 ], [ -95.31429, 29.73684 ], [ -95.31262, 29.73904 ], [ -95.32649, 29.7433 ], [ -95.3308, 29.74406 ], [ -95.3323, 29.74441 ], [ -95.33544, 29.7455 ], [ -95.3383, 29.74669 ], [ -95.34262, 29.74126 ], [ -95.34284, 29.74132 ], [ -95.34425, 29.73769 ], [ -95.34419, 29.73767 ], [ -95.34551, 29.73447 ] ] ] } },
{ "type": "Feature", "properties": { "name": "FORREST LAKE TOWNHOME ASSOCIATION" }, "geometry": { "type": "Polygon", "coordinates": [ [ [ -95.48871, 29.85299 ], [ -95.4889, 29.85044 ], [ -95.48494, 29.85055 ], [ -95.47975, 29.85051 ], [ -95.47852, 29.8502 ], [ -95.47654, 29.84941 ], [ -95.47482, 29.84902 ], [ -95.47334, 29.84886 ], [ -95.4733, 29.85302 ], [ -95.48871, 29.85299 ] ] ] } },
{ "type": "Feature", "properties": { "name": "INDIAN SHORES PROPERTY OWBERS ASSOCIATION" }, "geometry": { "type": "Polygon", "coordinates": [ [ [ -95.12229, 29.98557 ], [ -95.12232, 29.9832 ], [ -95.12186, 29.98215 ], [ -95.1208, 29.98125 ], [ -95.1194, 29.98166 ], [ -95.11865, 29.98238 ], [ -95.11861, 29.98135 ], [ -95.11781, 29.98111 ], [ -95.11739, 29.98055 ], [ -95.11655, 29.9808 ], [ -95.11658, 29.98066 ], [ -95.11709, 29.98012 ], [ -95.11762, 29.9801 ], [ -95.11803, 29.9807 ], [ -95.11867, 29.98064 ], [ -95.11927, 29.98094 ], [ -95.11976, 29.98045 ], [ -95.11964, 29.98004 ], [ -95.11941, 29.97965 ], [ -95.11954, 29.97949 ], [ -95.12013, 29.97965 ], [ -95.12038, 29.97671 ], [ -95.12149, 29.97482 ], [ -95.12111, 29.97442 ], [ -95.1203, 29.97422 ], [ -95.11808, 29.97434 ], [ -95.11963, 29.97393 ], [ -95.12063, 29.974 ], [ -95.12132, 29.97419 ], [ -95.12161, 29.97392 ], [ -95.12215, 29.97268 ], [ -95.12252, 29.97096 ], [ -95.12124, 29.97047 ], [ -95.12256, 29.97079 ], [ -95.12347, 29.96879 ], [ -95.1235, 29.9679 ], [ -95.12289, 29.96738 ], [ -95.12299, 29.96725 ], [ -95.12392, 29.9672 ], [ -95.12529, 29.9658 ], [ -95.11887, 29.96578 ], [ -95.11358, 29.96588 ], [ -95.11133, 29.97142 ], [ -95.11229, 29.97145 ], [ -95.11196, 29.97269 ], [ -95.11204, 29.97972 ], [ -95.11198, 29.98031 ], [ -95.11217, 29.98028 ], [ -95.11229, 29.98076 ], [ -95.11259, 29.98063 ], [ -95.11254, 29.98048 ], [ -95.11398, 29.97984 ], [ -95.11429, 29.98045 ], [ -95.11316, 29.98095 ], [ -95.11188, 29.98177 ], [ -95.11144, 29.9826 ], [ -95.11144, 29.98389 ], [ -95.11173, 29.9839 ], [ -95.11205, 29.98447 ], [ -95.11154, 29.98444 ], [ -95.11088, 29.98527 ], [ -95.11107, 29.98549 ], [ -95.1107, 29.9857 ], [ -95.11076, 29.98589 ], [ -95.12229, 29.98557 ] ] ] } },
{ "type": "Feature", "properties": { "name": "WASHINGTON TERRACE CIVIC ASSOCIATION" }, "geometry": { "type": "Polygon", "coordinates": [ [ [ -95.37398, 29.72614 ], [ -95.36737, 29.72212 ], [ -95.3656, 29.72414 ], [ -95.36519, 29.72485 ], [ -95.36436, 29.72572 ], [ -95.36417, 29.72575 ], [ -95.36267, 29.72485 ], [ -95.36123, 29.72662 ], [ -95.36628, 29.72967 ], [ -95.36784, 29.73044 ], [ -95.37076, 29.73223 ], [ -95.37127, 29.73132 ], [ -95.37168, 29.73015 ], [ -95.37102, 29.72987 ], [ -95.37398, 29.72614 ] ] ] } },
{ "type": "Feature", "properties": { "name": "ROYAL OAKS CIVIC ASSOCIATION, INC." }, "geometry": { "type": "Polygon", "coordinates": [ [ [ -95.54946, 29.80605 ], [ -95.54911, 29.79438 ], [ -95.54488, 29.79436 ], [ -95.54503, 29.8029 ], [ -95.54529, 29.8046 ], [ -95.54534, 29.80609 ], [ -95.54946, 29.80605 ] ] ] } },
{ "type": "Feature", "properties": { "name": "AFTON VILLAGE WOMENS CLUB" }, "geometry": { "type": "Polygon", "coordinates": [ [ [ -95.47563, 29.78972 ], [ -95.47567, 29.78936 ], [ -95.47609, 29.78835 ], [ -95.47604, 29.78629 ], [ -95.47595, 29.78595 ], [ -95.47281, 29.78601 ], [ -95.47164, 29.78612 ], [ -95.4701, 29.78647 ], [ -95.46802, 29.78644 ], [ -95.46804, 29.78972 ], [ -95.4695, 29.78976 ], [ -95.46958, 29.79027 ], [ -95.47032, 29.79029 ], [ -95.4728, 29.78973 ], [ -95.47563, 29.78972 ] ] ] } },
{ "type": "Feature", "properties": { "name": "A.C. ALLEN ADDITION" }, "geometry": { "type": "Polygon", "coordinates": [ [ [ -95.35689, 29.78333 ], [ -95.36724, 29.77955 ], [ -95.36915, 29.77913 ], [ -95.369, 29.77764 ], [ -95.36852, 29.77559 ], [ -95.36661, 29.7727 ], [ -95.36545, 29.7706 ], [ -95.3654, 29.77028 ], [ -95.36478, 29.76964 ], [ -95.36245, 29.76798 ], [ -95.36138, 29.76749 ], [ -95.36027, 29.76723 ], [ -95.35981, 29.7672 ], [ -95.3585, 29.76734 ], [ -95.35724, 29.76771 ], [ -95.35572, 29.76831 ], [ -95.35207, 29.77011 ], [ -95.34965, 29.77014 ], [ -95.34981, 29.78339 ], [ -95.35689, 29.78333 ] ] ] } },
{ "type": "Feature", "properties": { "name": "ELM GROVE HOMEOWNERS ASSOCIATION, INC." }, "geometry": { "type": "Polygon", "coordinates": [ [ [ -95.54529, 29.72863 ], [ -95.54532, 29.72797 ], [ -95.5451, 29.72728 ], [ -95.54503, 29.72674 ], [ -95.54522, 29.72597 ], [ -95.54399, 29.72548 ], [ -95.53912, 29.72537 ], [ -95.53918, 29.72775 ], [ -95.54157, 29.72776 ], [ -95.54529, 29.72863 ] ] ] } },
{ "type": "Feature", "properties": { "name": "HARRISBURG CIVIC ASSOCIATION" }, "geometry": { "type": "Polygon", "coordinates": [ [ [ -95.27858, 29.72642 ], [ -95.282, 29.72646 ], [ -95.28231, 29.72383 ], [ -95.28266, 29.72306 ], [ -95.28353, 29.72246 ], [ -95.28634, 29.72254 ], [ -95.28623, 29.71673 ], [ -95.28402, 29.71676 ], [ -95.28304, 29.71646 ], [ -95.28038, 29.71511 ], [ -95.27817, 29.71335 ], [ -95.27858, 29.72642 ] ] ] } },
{ "type": "Feature", "properties": { "name": "TANGLEWOOD HOMES ASSOCIATION, INC." }, "geometry": { "type": "Polygon", "coordinates": [ [ [ -95.47698, 29.75007 ], [ -95.4613, 29.75025 ], [ -95.46107, 29.75103 ], [ -95.46083, 29.75151 ], [ -95.46012, 29.75242 ], [ -95.45943, 29.75295 ], [ -95.45772, 29.75375 ], [ -95.45772, 29.75458 ], [ -95.4588, 29.75496 ], [ -95.4588, 29.75437 ], [ -95.46308, 29.75426 ], [ -95.46338, 29.76229 ], [ -95.4644, 29.76219 ], [ -95.46635, 29.76223 ], [ -95.46692, 29.76242 ], [ -95.46826, 29.76317 ], [ -95.47014, 29.76325 ], [ -95.47088, 29.7634 ], [ -95.47175, 29.7638 ], [ -95.47209, 29.76387 ], [ -95.47793, 29.76382 ], [ -95.47782, 29.76309 ], [ -95.47745, 29.76183 ], [ -95.4773, 29.75222 ], [ -95.47724, 29.7518 ], [ -95.47702, 29.75122 ], [ -95.47698, 29.75007 ] ] ] } },
{ "type": "Feature", "properties": { "name": "CITY PLACE TOWNHOMES OWNERS" }, "geometry": { "type": "Polygon", "coordinates": [ [ [ -95.39306, 29.69762 ], [ -95.39229, 29.69518 ], [ -95.39044, 29.69563 ], [ -95.39022, 29.69557 ], [ -95.39032, 29.69587 ], [ -95.39007, 29.69661 ], [ -95.39022, 29.69711 ], [ -95.39129, 29.69688 ], [ -95.3916, 29.69793 ], [ -95.39306, 29.69762 ] ] ] } },
{ "type": "Feature", "properties": { "name": "ALABAMA PLACE CIVIC ASSOCIATION" }, "geometry": { "type": "Polygon", "coordinates": [ [ [ -95.41509, 29.73795 ], [ -95.41507, 29.73574 ], [ -95.41299, 29.73578 ], [ -95.41301, 29.73798 ], [ -95.41509, 29.73795 ] ] ] } },
{ "type": "Feature", "properties": { "name": "GULF FREEWAY OAKS CIVIC CLUB" }, "geometry": { "type": "Polygon", "coordinates": [ [ [ -95.26332, 29.66781 ], [ -95.26327, 29.66824 ], [ -95.26364, 29.66834 ], [ -95.26664, 29.66828 ], [ -95.26642, 29.65905 ], [ -95.26321, 29.65912 ], [ -95.26332, 29.66781 ] ] ] } },
{ "type": "Feature", "properties": { "name": "CDC OF FREEDMEN'S TOWN" }, "geometry": { "type": "Polygon", "coordinates": [ [ [ -95.37488, 29.76028 ], [ -95.37584, 29.76016 ], [ -95.37693, 29.76016 ], [ -95.37768, 29.76038 ], [ -95.37908, 29.76105 ], [ -95.37986, 29.7612 ], [ -95.3858, 29.76121 ], [ -95.38575, 29.75897 ], [ -95.38581, 29.7583 ], [ -95.38572, 29.75773 ], [ -95.38567, 29.75346 ], [ -95.38575, 29.75346 ], [ -95.38573, 29.75097 ], [ -95.38399, 29.751 ], [ -95.38399, 29.75027 ], [ -95.38213, 29.75027 ], [ -95.37925, 29.74852 ], [ -95.37475, 29.75419 ], [ -95.37478, 29.7583 ], [ -95.37488, 29.76028 ] ] ] } },
{ "type": "Feature", "properties": { "name": "ASHFORD FOREST SECTIONS I & II CIVIC CLUB INC" }, "geometry": { "type": "Polygon", "coordinates": [ [ [ -95.60559, 29.76541 ], [ -95.60552, 29.76319 ], [ -95.60537, 29.76312 ], [ -95.60262, 29.7632 ], [ -95.60264, 29.76544 ], [ -95.60559, 29.76541 ] ] ] } },
{ "type": "Feature", "properties": { "name": "JAPHET CIVIC ASSOCIATION" }, "geometry": { "type": "Polygon", "coordinates": [ [ [ -95.32419, 29.76549 ], [ -95.32507, 29.76548 ], [ -95.32508, 29.76466 ], [ -95.32516, 29.76465 ], [ -95.32515, 29.76251 ], [ -95.32418, 29.76252 ], [ -95.32419, 29.76549 ] ] ] } },
{ "type": "Feature", "properties": { "name": "STONES THROW PROPERTY OWNERS ASSOCIATION" }, "geometry": { "type": "Polygon", "coordinates": [ [ [ -95.48009, 29.64448 ], [ -95.48003, 29.64493 ], [ -95.48007, 29.64748 ], [ -95.48146, 29.64746 ], [ -95.48143, 29.64466 ], [ -95.48009, 29.64448 ] ] ] } },
{ "type": "Feature", "properties": { "name": "BRAEBURN ACRES CIVIC CLUB" }, "geometry": { "type": "Polygon", "coordinates": [ [ [ -95.52191, 29.69065 ], [ -95.52604, 29.69061 ], [ -95.52603, 29.6888 ], [ -95.52474, 29.68881 ], [ -95.52468, 29.68528 ], [ -95.52533, 29.68527 ], [ -95.52521, 29.67847 ], [ -95.52173, 29.68022 ], [ -95.52191, 29.69065 ] ] ] } },
{ "type": "Feature", "properties": { "name": "CANDLELIGHT OAKS CIVIC CLUB INC" }, "geometry": { "type": "Polygon", "coordinates": [ [ [ -95.47006, 29.8457 ], [ -95.46902, 29.84617 ], [ -95.4681, 29.84637 ], [ -95.46757, 29.84642 ], [ -95.46416, 29.84638 ], [ -95.46334, 29.84624 ], [ -95.46058, 29.84507 ], [ -95.46063, 29.84527 ], [ -95.46053, 29.84556 ], [ -95.46079, 29.84608 ], [ -95.46143, 29.84701 ], [ -95.46152, 29.84758 ], [ -95.46136, 29.84812 ], [ -95.46138, 29.84853 ], [ -95.46156, 29.84896 ], [ -95.46181, 29.84938 ], [ -95.4626, 29.85002 ], [ -95.46717, 29.84998 ], [ -95.46717, 29.84976 ], [ -95.47237, 29.84973 ], [ -95.47006, 29.8457 ] ] ] } },
{ "type": "Feature", "properties": { "name": "ALMEDA PLAZA CIVIC CLUB" }, "geometry": { "type": "Polygon", "coordinates": [ [ [ -95.4215, 29.63161 ], [ -95.42091, 29.63161 ], [ -95.42022, 29.63149 ], [ -95.41939, 29.63118 ], [ -95.41274, 29.63135 ], [ -95.411, 29.63594 ], [ -95.41582, 29.63728 ], [ -95.42178, 29.63725 ], [ -95.4215, 29.63161 ] ] ] } },
{ "type": "Feature", "properties": { "name": "PLEASANTVILLE CIVIC LEAGUE, INC." }, "geometry": { "type": "Polygon", "coordinates": [ [ [ -95.2755, 29.76695 ], [ -95.27549, 29.76654 ], [ -95.27698, 29.7665 ], [ -95.27696, 29.7661 ], [ -95.27828, 29.76609 ], [ -95.27812, 29.75811 ], [ -95.27532, 29.75816 ], [ -95.27524, 29.75528 ], [ -95.27267, 29.75533 ], [ -95.27278, 29.75976 ], [ -95.26521, 29.75984 ], [ -95.26543, 29.76821 ], [ -95.2728, 29.76809 ], [ -95.27278, 29.767 ], [ -95.2755, 29.76695 ] ] ] } },
{ "type": "Feature", "properties": { "name": "BELLEAU WOOD CIVIC CLUB" }, "geometry": { "type": "Polygon", "coordinates": [ [ [ -95.22364, 30.02109 ], [ -95.22523, 30.01979 ], [ -95.22522, 30.01888 ], [ -95.22645, 30.01781 ], [ -95.22773, 30.01748 ], [ -95.22773, 30.00738 ], [ -95.22233, 30.00739 ], [ -95.2223, 30.00621 ], [ -95.22071, 30.00634 ], [ -95.22075, 30.01565 ], [ -95.22285, 30.01668 ], [ -95.22318, 30.01711 ], [ -95.22335, 30.0176 ], [ -95.22324, 30.01832 ], [ -95.22201, 30.0195 ], [ -95.22169, 30.01964 ], [ -95.22076, 30.01965 ], [ -95.22075, 30.02256 ], [ -95.22125, 30.02219 ], [ -95.22364, 30.02109 ] ] ] } },
{ "type": "Feature", "properties": { "name": "WALNUT BEND HOME ASSOCIATION, INC." }, "geometry": { "type": "Polygon", "coordinates": [ [ [ -95.56719, 29.76089 ], [ -95.56665, 29.75962 ], [ -95.56672, 29.75938 ], [ -95.56743, 29.75979 ], [ -95.56774, 29.7598 ], [ -95.56749, 29.73808 ], [ -95.56588, 29.7381 ], [ -95.56428, 29.73782 ], [ -95.56247, 29.73785 ], [ -95.56258, 29.7449 ], [ -95.56309, 29.7449 ], [ -95.56311, 29.74616 ], [ -95.56438, 29.74616 ], [ -95.56522, 29.7463 ], [ -95.56482, 29.74824 ], [ -95.56442, 29.74817 ], [ -95.56262, 29.7482 ], [ -95.56273, 29.76089 ], [ -95.56719, 29.76089 ] ] ] } },
{ "type": "Feature", "properties": { "name": "SHEPHERD OAKS CIVIC ASSOCIATION" }, "geometry": { "type": "Polygon", "coordinates": [ [ [ -95.40288, 29.83739 ], [ -95.40295, 29.84236 ], [ -95.41094, 29.8423 ], [ -95.41083, 29.83722 ], [ -95.40288, 29.83739 ] ] ] } },
{ "type": "Feature", "properties": { "name": "DEVONSHIRE PLACE NEIGHBORHOOD ASSOCIATION" }, "geometry": { "type": "Polygon", "coordinates": [ [ [ -95.39043, 29.70571 ], [ -95.39269, 29.70591 ], [ -95.39312, 29.70475 ], [ -95.39341, 29.70419 ], [ -95.39405, 29.70341 ], [ -95.39447, 29.70236 ], [ -95.39199, 29.70149 ], [ -95.39043, 29.70571 ] ] ] } },
{ "type": "Feature", "properties": { "name": "BAY FOREST COMMUNITY ASSOCIATION" }, "geometry": { "type": "Polygon", "coordinates": [ [ [ -95.12202, 29.5775 ], [ -95.1147, 29.57451 ], [ -95.10983, 29.5836 ], [ -95.10963, 29.58384 ], [ -95.10912, 29.58422 ], [ -95.10722, 29.58497 ], [ -95.10868, 29.58504 ], [ -95.10957, 29.58471 ], [ -95.11019, 29.58463 ], [ -95.11318, 29.58507 ], [ -95.11353, 29.58499 ], [ -95.11528, 29.58406 ], [ -95.11594, 29.58384 ], [ -95.11664, 29.58376 ], [ -95.11872, 29.5839 ], [ -95.11988, 29.58141 ], [ -95.12202, 29.5775 ] ] ] } },
{ "type": "Feature", "properties": { "name": "NEW SOUTH UNION CIVIC ASSOCIATION" }, "geometry": { "type": "Polygon", "coordinates": [ [ [ -95.36443, 29.6867 ], [ -95.36448, 29.68671 ], [ -95.36314, 29.68998 ], [ -95.36667, 29.69113 ], [ -95.37511, 29.69371 ], [ -95.3769, 29.69417 ], [ -95.37913, 29.68488 ], [ -95.37944, 29.68118 ], [ -95.37295, 29.681 ], [ -95.36668, 29.68116 ], [ -95.36443, 29.6867 ] ] ] } },
{ "type": "Feature", "properties": { "name": "BLUERIDGE CIVIC CLUB" }, "geometry": { "type": "Polygon", "coordinates": [ [ [ -95.37898, 29.64379 ], [ -95.37193, 29.64387 ], [ -95.3713, 29.64402 ], [ -95.369, 29.64504 ], [ -95.36829, 29.64523 ], [ -95.36871, 29.65534 ], [ -95.36855, 29.65626 ], [ -95.3679, 29.65825 ], [ -95.38025, 29.65808 ], [ -95.38021, 29.65183 ], [ -95.37996, 29.64493 ], [ -95.37961, 29.6444 ], [ -95.379, 29.64411 ], [ -95.37898, 29.64379 ] ] ] } },
{ "type": "Feature", "properties": { "name": "BAYOU TERRACE CIVIC CLUB" }, "geometry": { "type": "Polygon", "coordinates": [ [ [ -95.35583, 29.63776 ], [ -95.35679, 29.63778 ], [ -95.35908, 29.63758 ], [ -95.36157, 29.63772 ], [ -95.36325, 29.63764 ], [ -95.36324, 29.63698 ], [ -95.3558, 29.63697 ], [ -95.35583, 29.63776 ] ] ] } },
{ "type": "Feature", "properties": { "name": "SHADY ACRES CIVIC CLUB" }, "geometry": { "type": "Polygon", "coordinates": [ [ [ -95.41401, 29.7978 ], [ -95.41424, 29.81182 ], [ -95.41881, 29.81179 ], [ -95.41884, 29.81194 ], [ -95.42861, 29.81186 ], [ -95.42944, 29.81191 ], [ -95.43381, 29.81143 ], [ -95.43373, 29.80546 ], [ -95.43314, 29.80485 ], [ -95.43093, 29.80416 ], [ -95.42974, 29.80422 ], [ -95.42769, 29.80401 ], [ -95.42709, 29.80374 ], [ -95.42653, 29.80338 ], [ -95.42404, 29.8003 ], [ -95.42374, 29.79957 ], [ -95.42349, 29.79865 ], [ -95.42298, 29.7976 ], [ -95.42247, 29.79778 ], [ -95.41401, 29.7978 ] ] ] } },
{ "type": "Feature", "properties": { "name": "MUSEUM AREA MUNICIPAL ASSOCIATION" }, "geometry": { "type": "Polygon", "coordinates": [ [ [ -95.39472, 29.7316 ], [ -95.39463, 29.72616 ], [ -95.39097, 29.72615 ], [ -95.39024, 29.72608 ], [ -95.38962, 29.7258 ], [ -95.38451, 29.73222 ], [ -95.38664, 29.73224 ], [ -95.39472, 29.7316 ] ] ] } },
{ "type": "Feature", "properties": { "name": "MEMORIAL TRAILS CIVIC ASSOCIATION" }, "geometry": { "type": "Polygon", "coordinates": [ [ [ -95.57495, 29.76635 ], [ -95.5739, 29.7657 ], [ -95.57391, 29.77261 ], [ -95.57503, 29.77261 ], [ -95.57495, 29.76635 ] ] ] } },
{ "type": "Feature", "properties": { "name": "CHERRYHURST CIVIC CLUB" }, "geometry": { "type": "Polygon", "coordinates": [ [ [ -95.39983, 29.74288 ], [ -95.39708, 29.7429 ], [ -95.39556, 29.74363 ], [ -95.3962, 29.74475 ], [ -95.39625, 29.74472 ], [ -95.39645, 29.74502 ], [ -95.39693, 29.74479 ], [ -95.39801, 29.74653 ], [ -95.40119, 29.74503 ], [ -95.39983, 29.74288 ] ] ] } },
{ "type": "Feature", "properties": { "name": "CANFIELD OAKS" }, "geometry": { "type": "Polygon", "coordinates": [ [ [ -95.356, 29.71831 ], [ -95.35584, 29.71868 ], [ -95.35521, 29.71944 ], [ -95.35812, 29.72033 ], [ -95.35861, 29.71914 ], [ -95.356, 29.71831 ] ] ] } },
{ "type": "Feature", "properties": { "name": "CUNEY HOMES RESIDENT COUNCIL" }, "geometry": { "type": "Polygon", "coordinates": [ [ [ -95.35716, 29.72274 ], [ -95.35602, 29.72559 ], [ -95.35859, 29.72638 ], [ -95.35916, 29.72494 ], [ -95.36129, 29.7256 ], [ -95.36118, 29.72574 ], [ -95.36151, 29.72593 ], [ -95.36252, 29.72461 ], [ -95.36188, 29.72397 ], [ -95.36149, 29.72377 ], [ -95.35897, 29.72297 ], [ -95.35716, 29.72274 ] ] ] } },
{ "type": "Feature", "properties": { "name": "SOUTHAMPTON EXTENSION CIVIC CLUB" }, "geometry": { "type": "Polygon", "coordinates": [ [ [ -95.41272, 29.71752 ], [ -95.41278, 29.7247 ], [ -95.41503, 29.72468 ], [ -95.41492, 29.7175 ], [ -95.41272, 29.71752 ] ] ] } },
{ "type": "Feature", "properties": { "name": "LASALETTE PLACE CIVIC CLUB" }, "geometry": { "type": "Polygon", "coordinates": [ [ [ -95.36505, 29.69096 ], [ -95.36145, 29.69985 ], [ -95.36128, 29.70072 ], [ -95.36259, 29.70117 ], [ -95.36299, 29.70116 ], [ -95.36336, 29.70055 ], [ -95.36391, 29.7008 ], [ -95.36521, 29.70119 ], [ -95.36867, 29.69257 ], [ -95.36816, 29.69241 ], [ -95.36835, 29.69196 ], [ -95.36505, 29.69096 ] ] ] } },
{ "type": "Feature", "properties": { "name": "MEADOWCREEK VILLAGE CIVIC CLUB" }, "geometry": { "type": "Polygon", "coordinates": [ [ [ -95.2295, 29.68335 ], [ -95.23034, 29.6834 ], [ -95.24477, 29.68327 ], [ -95.24612, 29.68299 ], [ -95.24889, 29.68188 ], [ -95.24989, 29.68182 ], [ -95.25059, 29.68188 ], [ -95.25124, 29.68205 ], [ -95.25261, 29.6827 ], [ -95.2527, 29.68153 ], [ -95.24213, 29.6702 ], [ -95.24058, 29.67022 ], [ -95.23967, 29.67037 ], [ -95.23895, 29.67057 ], [ -95.23801, 29.67096 ], [ -95.23742, 29.67135 ], [ -95.2277, 29.6807 ], [ -95.2295, 29.68335 ] ] ] } },
{ "type": "Feature", "properties": { "name": "SOUTHPARK COMMUNITY CIVIC CLUB" }, "geometry": { "type": "Polygon", "coordinates": [ [ [ -95.35542, 29.68086 ], [ -95.35668, 29.68067 ], [ -95.35654, 29.68054 ], [ -95.35595, 29.6803 ], [ -95.3547, 29.67992 ], [ -95.35334, 29.67953 ], [ -95.35252, 29.67941 ], [ -95.35229, 29.6795 ], [ -95.33873, 29.67544 ], [ -95.33829, 29.67552 ], [ -95.33646, 29.67539 ], [ -95.33653, 29.67685 ], [ -95.35112, 29.6818 ], [ -95.35201, 29.68192 ], [ -95.35325, 29.68138 ], [ -95.35542, 29.68086 ] ] ] } },
{ "type": "Feature", "properties": { "name": "CHASEWOOD COMMUNITY IMPROVEMENT ASSOCIATION" }, "geometry": { "type": "Polygon", "coordinates": [ [ [ -95.5004, 29.60418 ], [ -95.49849, 29.60731 ], [ -95.49535, 29.61296 ], [ -95.49472, 29.61395 ], [ -95.49637, 29.61468 ], [ -95.4979, 29.61547 ], [ -95.50059, 29.61724 ], [ -95.50125, 29.61723 ], [ -95.50126, 29.61757 ], [ -95.50834, 29.62098 ], [ -95.5088, 29.61905 ], [ -95.50912, 29.61485 ], [ -95.50913, 29.61346 ], [ -95.50909, 29.61307 ], [ -95.50881, 29.61212 ], [ -95.50768, 29.60966 ], [ -95.50726, 29.60846 ], [ -95.50715, 29.60696 ], [ -95.50745, 29.60544 ], [ -95.50754, 29.60433 ], [ -95.50242, 29.60444 ], [ -95.5004, 29.60418 ] ] ] } },
{ "type": "Feature", "properties": { "name": "BRAYS FOREST IMPROVEMENT CORP" }, "geometry": { "type": "Polygon", "coordinates": [ [ [ -95.58068, 29.70747 ], [ -95.58163, 29.70835 ], [ -95.58226, 29.70868 ], [ -95.58298, 29.70887 ], [ -95.58372, 29.70894 ], [ -95.58532, 29.70891 ], [ -95.58614, 29.70912 ], [ -95.5868, 29.70957 ], [ -95.58703, 29.70989 ], [ -95.5873, 29.71061 ], [ -95.58731, 29.71101 ], [ -95.58799, 29.711 ], [ -95.58789, 29.70738 ], [ -95.58068, 29.70747 ] ] ] } },
{ "type": "Feature", "properties": { "name": "SPRING BRANCH ADDITIONS CIVIC ASSOCIATION" }, "geometry": { "type": "Polygon", "coordinates": [ [ [ -95.5238, 29.8283 ], [ -95.52637, 29.82824 ], [ -95.52633, 29.82485 ], [ -95.52209, 29.82494 ], [ -95.5221, 29.8257 ], [ -95.52323, 29.8257 ], [ -95.52329, 29.82656 ], [ -95.52396, 29.82684 ], [ -95.52352, 29.82761 ], [ -95.5238, 29.8283 ] ] ] } },
{ "type": "Feature", "properties": { "name": "INWOOD FOREST COMMUNITY IMPROVEMENT ASSOCIATION" }, "geometry": { "type": "Polygon", "coordinates": [ [ [ -95.46656, 29.88326 ], [ -95.46945, 29.88335 ], [ -95.47246, 29.88422 ], [ -95.47512, 29.88438 ], [ -95.47739, 29.8848 ], [ -95.48062, 29.88477 ], [ -95.48046, 29.87439 ], [ -95.48499, 29.87895 ], [ -95.48507, 29.8789 ], [ -95.48049, 29.87425 ], [ -95.48043, 29.86576 ], [ -95.47994, 29.86528 ], [ -95.4791, 29.86396 ], [ -95.47859, 29.86353 ], [ -95.47803, 29.86333 ], [ -95.47753, 29.86328 ], [ -95.46458, 29.86338 ], [ -95.46463, 29.87396 ], [ -95.46303, 29.87396 ], [ -95.46303, 29.87404 ], [ -95.46311, 29.87405 ], [ -95.46311, 29.87462 ], [ -95.46296, 29.87461 ], [ -95.46294, 29.87814 ], [ -95.46323, 29.87814 ], [ -95.4639, 29.88118 ], [ -95.46401, 29.88118 ], [ -95.46396, 29.88298 ], [ -95.46656, 29.88326 ] ] ] } },
{ "type": "Feature", "properties": { "name": "APARTMENT RESIDENTS ASSOCIATION OF STELLA LINK" }, "geometry": { "type": "Polygon", "coordinates": [ [ [ -95.43736, 29.67941 ], [ -95.44703, 29.67933 ], [ -95.44671, 29.66451 ], [ -95.44523, 29.66467 ], [ -95.44377, 29.66469 ], [ -95.44198, 29.66497 ], [ -95.44113, 29.66502 ], [ -95.43863, 29.66505 ], [ -95.43776, 29.66484 ], [ -95.42764, 29.67762 ], [ -95.43485, 29.67919 ], [ -95.43736, 29.67941 ] ] ] } },
{ "type": "Feature", "properties": { "name": "MANCHESTER CIVIC CLUB" }, "geometry": { "type": "Polygon", "coordinates": [ [ [ -95.26573, 29.72181 ], [ -95.26563, 29.71762 ], [ -95.26425, 29.71709 ], [ -95.26411, 29.71665 ], [ -95.25874, 29.71497 ], [ -95.25575, 29.71506 ], [ -95.2538, 29.71659 ], [ -95.25399, 29.72143 ], [ -95.25618, 29.72317 ], [ -95.26234, 29.72297 ], [ -95.26573, 29.72181 ] ] ] } },
{ "type": "Feature", "properties": { "name": "HIGHLAND CIVIC ASSOCIATION" }, "geometry": { "type": "Polygon", "coordinates": [ [ [ -95.44486, 29.74089 ], [ -95.44799, 29.74081 ], [ -95.44796, 29.73824 ], [ -95.44491, 29.73828 ], [ -95.44486, 29.74089 ] ] ] } },
{ "type": "Feature", "properties": { "name": "BONHAM ACRES CIVIC CLUB" }, "geometry": { "type": "Polygon", "coordinates": [ [ [ -95.51375, 29.6758 ], [ -95.51312, 29.67609 ], [ -95.51211, 29.6763 ], [ -95.51211, 29.67646 ], [ -95.51123, 29.67658 ], [ -95.51123, 29.67688 ], [ -95.51036, 29.67673 ], [ -95.51056, 29.68573 ], [ -95.51397, 29.68402 ], [ -95.51375, 29.6758 ] ] ] } },
{ "type": "Feature", "properties": { "name": "EAST MONTROSE CIVIC ASSOCIATION" }, "geometry": { "type": "Polygon", "coordinates": [ [ [ -95.39199, 29.75324 ], [ -95.39186, 29.74821 ], [ -95.39103, 29.74817 ], [ -95.38494, 29.74829 ], [ -95.38426, 29.74833 ], [ -95.38408, 29.74841 ], [ -95.38411, 29.75317 ], [ -95.38498, 29.75336 ], [ -95.39199, 29.75324 ] ] ] } },
{ "type": "Feature", "properties": { "name": "CASTLE COURT ASSOCIATION" }, "geometry": { "type": "Polygon", "coordinates": [ [ [ -95.39264, 29.7344 ], [ -95.40205, 29.73422 ], [ -95.40205, 29.73153 ], [ -95.39765, 29.73159 ], [ -95.39253, 29.73205 ], [ -95.39264, 29.7344 ] ] ] } },
{ "type": "Feature", "properties": { "name": "ROYDEN OAKS ASSOCIATION OF PROPERTY OWNERS" }, "geometry": { "type": "Polygon", "coordinates": [ [ [ -95.44155, 29.7467 ], [ -95.44153, 29.74317 ], [ -95.43927, 29.74309 ], [ -95.43925, 29.74177 ], [ -95.4366, 29.74168 ], [ -95.43665, 29.74528 ], [ -95.43784, 29.74701 ], [ -95.44155, 29.7467 ] ] ] } },
{ "type": "Feature", "properties": { "name": "NORTHFORK COMMUNITY ASSOCIATION" }, "geometry": { "type": "Polygon", "coordinates": [ [ [ -95.13581, 29.59498 ], [ -95.13526, 29.59688 ], [ -95.13483, 29.59787 ], [ -95.13443, 29.59859 ], [ -95.13364, 29.59957 ], [ -95.1329, 29.60028 ], [ -95.13212, 29.60086 ], [ -95.13096, 29.60152 ], [ -95.12977, 29.60202 ], [ -95.13037, 29.60295 ], [ -95.13266, 29.60292 ], [ -95.13317, 29.60333 ], [ -95.13343, 29.60365 ], [ -95.13159, 29.60487 ], [ -95.1357, 29.61132 ], [ -95.14579, 29.59926 ], [ -95.14564, 29.59824 ], [ -95.14542, 29.59756 ], [ -95.14469, 29.59632 ], [ -95.14419, 29.59579 ], [ -95.14324, 29.59503 ], [ -95.14264, 29.59468 ], [ -95.14046, 29.59377 ], [ -95.13952, 29.59328 ], [ -95.13863, 29.59263 ], [ -95.13808, 29.59205 ], [ -95.13686, 29.5932 ], [ -95.13621, 29.59411 ], [ -95.13581, 29.59498 ] ] ] } },
{ "type": "Feature", "properties": { "name": "SHAMROCK MANOR CIVIC CLUB" }, "geometry": { "type": "Polygon", "coordinates": [ [ [ -95.35552, 29.62548 ], [ -95.36297, 29.62562 ], [ -95.36306, 29.61675 ], [ -95.35535, 29.61658 ], [ -95.35552, 29.62548 ] ] ] } },
{ "type": "Feature", "properties": { "name": "NORTHBROOK PATTO HOME I" }, "geometry": { "type": "Polygon", "coordinates": [ [ [ -95.50113, 29.66059 ], [ -95.50308, 29.66057 ], [ -95.50306, 29.6585 ], [ -95.50109, 29.65853 ], [ -95.50113, 29.66059 ] ] ] } },
{ "type": "Feature", "properties": { "name": "WILLOW MEADOWS CIVIC CLUB" }, "geometry": { "type": "Polygon", "coordinates": [ [ [ -95.44671, 29.66451 ], [ -95.44703, 29.67933 ], [ -95.4533, 29.67924 ], [ -95.4556, 29.6793 ], [ -95.45709, 29.67947 ], [ -95.45864, 29.67978 ], [ -95.45865, 29.67925 ], [ -95.4588, 29.67863 ], [ -95.45993, 29.67553 ], [ -95.46182, 29.67078 ], [ -95.46368, 29.66556 ], [ -95.46399, 29.66431 ], [ -95.44671, 29.66451 ] ] ] } },
{ "type": "Feature", "properties": { "name": "MANGUM MANOR CIVIC CLUB" }, "geometry": { "type": "Polygon", "coordinates": [ [ [ -95.47289, 29.83046 ], [ -95.47292, 29.82523 ], [ -95.47306, 29.82436 ], [ -95.47331, 29.82374 ], [ -95.47176, 29.8223 ], [ -95.46163, 29.8225 ], [ -95.4614, 29.82251 ], [ -95.4611, 29.82273 ], [ -95.46173, 29.82326 ], [ -95.4622, 29.82378 ], [ -95.46225, 29.82534 ], [ -95.46211, 29.82774 ], [ -95.46709, 29.82996 ], [ -95.46708, 29.83047 ], [ -95.47289, 29.83046 ] ] ] } },
{ "type": "Feature", "properties": { "name": "COLLEGE OAKS CIVIC CLUB" }, "geometry": { "type": "Polygon", "coordinates": [ [ [ -95.35282, 29.71924 ], [ -95.352, 29.72127 ], [ -95.35423, 29.72191 ], [ -95.35501, 29.71992 ], [ -95.35282, 29.71924 ] ] ] } },
{ "type": "Feature", "properties": { "name": "RUSTLING PINES CIVIC ASSOCIATION" }, "geometry": { "type": "Polygon", "coordinates": [ [ [ -95.56983, 29.76526 ], [ -95.56627, 29.76529 ], [ -95.56639, 29.77269 ], [ -95.57184, 29.77265 ], [ -95.57181, 29.77156 ], [ -95.57169, 29.77092 ], [ -95.57036, 29.76832 ], [ -95.57003, 29.76736 ], [ -95.56986, 29.76645 ], [ -95.56983, 29.76526 ] ] ] } },
{ "type": "Feature", "properties": { "name": "REVEILLE - PARK PLACE CIVIC CLUB" }, "geometry": { "type": "Polygon", "coordinates": [ [ [ -95.28984, 29.6971 ], [ -95.29066, 29.69699 ], [ -95.29426, 29.69573 ], [ -95.29583, 29.69541 ], [ -95.29698, 29.69541 ], [ -95.30043, 29.69583 ], [ -95.2992, 29.69319 ], [ -95.29887, 29.69232 ], [ -95.29876, 29.6894 ], [ -95.29857, 29.6887 ], [ -95.29342, 29.68064 ], [ -95.28941, 29.67516 ], [ -95.28919, 29.67448 ], [ -95.28917, 29.67316 ], [ -95.28723, 29.6726 ], [ -95.28565, 29.67237 ], [ -95.28275, 29.67226 ], [ -95.27711, 29.67241 ], [ -95.27743, 29.68396 ], [ -95.27739, 29.68524 ], [ -95.2853, 29.6934 ], [ -95.28755, 29.69639 ], [ -95.28811, 29.69676 ], [ -95.28853, 29.6969 ], [ -95.28984, 29.6971 ] ] ] } },
{ "type": "Feature", "properties": { "name": "WILDHEATHER CIVIC CLUB" }, "geometry": { "type": "Polygon", "coordinates": [ [ [ -95.43439, 29.61346 ], [ -95.43892, 29.61343 ], [ -95.43888, 29.61165 ], [ -95.43887, 29.61157 ], [ -95.43878, 29.61157 ], [ -95.4387, 29.60617 ], [ -95.43428, 29.60622 ], [ -95.43439, 29.61346 ] ] ] } },
{ "type": "Feature", "properties": { "name": "PINE BROOK COMMUNITY ASSOCIATION, INC." }, "geometry": { "type": "Polygon", "coordinates": [ [ [ -95.12394, 29.605 ], [ -95.12187, 29.60068 ], [ -95.1196, 29.60137 ], [ -95.11635, 29.60182 ], [ -95.11658, 29.60229 ], [ -95.11497, 29.60324 ], [ -95.11345, 29.60265 ], [ -95.11354, 29.60159 ], [ -95.1133, 29.60145 ], [ -95.11137, 29.60177 ], [ -95.111, 29.60169 ], [ -95.1079, 29.60208 ], [ -95.10828, 29.60764 ], [ -95.10904, 29.6134 ], [ -95.11679, 29.61321 ], [ -95.12056, 29.61084 ], [ -95.12292, 29.60586 ], [ -95.12275, 29.60556 ], [ -95.12394, 29.605 ] ] ] } },
{ "type": "Feature", "properties": { "name": "CAMP LOGAN MEMORIAL CIVIC CLUB" }, "geometry": { "type": "Polygon", "coordinates": [ [ [ -95.42655, 29.77004 ], [ -95.42377, 29.77086 ], [ -95.4257, 29.77321 ], [ -95.42861, 29.77651 ], [ -95.43132, 29.77297 ], [ -95.42655, 29.77004 ] ] ] } },
{ "type": "Feature", "properties": { "name": "QUAIL BRIDGE COMMUNITY IMPROVEMENT ASSOCIATION" }, "geometry": { "type": "Polygon", "coordinates": [ [ [ -95.47231, 29.58605 ], [ -95.47225, 29.58413 ], [ -95.4764, 29.58402 ], [ -95.4764, 29.58437 ], [ -95.48189, 29.58426 ], [ -95.48059, 29.58258 ], [ -95.48014, 29.58161 ], [ -95.47765, 29.58166 ], [ -95.47767, 29.58248 ], [ -95.47131, 29.58262 ], [ -95.47139, 29.58571 ], [ -95.47146, 29.58606 ], [ -95.47231, 29.58605 ] ] ] } },
{ "type": "Feature", "properties": { "name": "STONEHENGE ASSOCIATION" }, "geometry": { "type": "Polygon", "coordinates": [ [ [ -95.6062, 29.76107 ], [ -95.60757, 29.76098 ], [ -95.61228, 29.75968 ], [ -95.61699, 29.76202 ], [ -95.61702, 29.75449 ], [ -95.60613, 29.75463 ], [ -95.6062, 29.76107 ] ] ] } },
{ "type": "Feature", "properties": { "name": "BELLBROOK CIVIC CLUB" }, "geometry": { "type": "Polygon", "coordinates": [ [ [ -95.50396, 29.66056 ], [ -95.50394, 29.65803 ], [ -95.50306, 29.65804 ], [ -95.50308, 29.66057 ], [ -95.50396, 29.66056 ] ] ] } },
{ "type": "Feature", "properties": { "name": "ASHFORD COMMUNITY ASSOCIATION INC" }, "geometry": { "type": "Polygon", "coordinates": [ [ [ -95.6062, 29.76107 ], [ -95.60599, 29.74792 ], [ -95.60608, 29.74624 ], [ -95.60227, 29.74629 ], [ -95.60169, 29.74646 ], [ -95.59931, 29.74752 ], [ -95.59846, 29.74765 ], [ -95.5978, 29.74765 ], [ -95.59802, 29.75951 ], [ -95.60189, 29.76096 ], [ -95.60347, 29.7611 ], [ -95.6062, 29.76107 ] ] ] } },
{ "type": "Feature", "properties": { "name": "STERLING KNOLL COMMUNITY ASSOCIATION" }, "geometry": { "type": "Polygon", "coordinates": [ [ [ -95.15072, 29.55891 ], [ -95.14975, 29.55896 ], [ -95.14452, 29.56224 ], [ -95.14815, 29.56609 ], [ -95.14931, 29.56675 ], [ -95.15158, 29.56654 ], [ -95.15072, 29.55891 ] ] ] } },
{ "type": "Feature", "properties": { "name": "SECOND WARD RESIDENCE ASSOCIATION" }, "geometry": { "type": "Polygon", "coordinates": [ [ [ -95.34673, 29.76573 ], [ -95.34738, 29.76636 ], [ -95.34881, 29.76564 ], [ -95.34946, 29.76449 ], [ -95.34948, 29.76006 ], [ -95.34926, 29.75684 ], [ -95.34799, 29.75313 ], [ -95.34673, 29.75269 ], [ -95.34537, 29.75121 ], [ -95.34401, 29.75033 ], [ -95.34316, 29.74961 ], [ -95.33838, 29.74674 ], [ -95.33158, 29.74433 ], [ -95.32852, 29.74387 ], [ -95.32677, 29.74794 ], [ -95.32017, 29.7564 ], [ -95.32082, 29.75688 ], [ -95.32346, 29.75789 ], [ -95.32494, 29.75968 ], [ -95.32593, 29.76011 ], [ -95.32734, 29.75998 ], [ -95.32927, 29.76021 ], [ -95.33021, 29.76011 ], [ -95.33213, 29.75877 ], [ -95.33313, 29.75897 ], [ -95.33342, 29.76014 ], [ -95.33331, 29.76125 ], [ -95.3339, 29.76179 ], [ -95.33577, 29.76184 ], [ -95.33716, 29.76229 ], [ -95.3387, 29.76221 ], [ -95.34053, 29.76162 ], [ -95.34252, 29.76209 ], [ -95.34324, 29.76234 ], [ -95.34605, 29.76253 ], [ -95.34664, 29.76301 ], [ -95.34673, 29.76573 ] ] ] } },
{ "type": "Feature", "properties": { "name": "MEADOW LEA CIVIC CLUB" }, "geometry": { "type": "Polygon", "coordinates": [ [ [ -95.37149, 29.83757 ], [ -95.37161, 29.83824 ], [ -95.37175, 29.84569 ], [ -95.38446, 29.84553 ], [ -95.39278, 29.84552 ], [ -95.38767, 29.83775 ], [ -95.38689, 29.8381 ], [ -95.38631, 29.83814 ], [ -95.38602, 29.83804 ], [ -95.38485, 29.83729 ], [ -95.38393, 29.83726 ], [ -95.37746, 29.83734 ], [ -95.37604, 29.83758 ], [ -95.37149, 29.83757 ] ] ] } },
{ "type": "Feature", "properties": { "name": "FOREST PINES CIVIC CLUB INC" }, "geometry": { "type": "Polygon", "coordinates": [ [ [ -95.47293, 29.83302 ], [ -95.47298, 29.83685 ], [ -95.47311, 29.83719 ], [ -95.47315, 29.83759 ], [ -95.4732, 29.84094 ], [ -95.47382, 29.84091 ], [ -95.47553, 29.84043 ], [ -95.47599, 29.84038 ], [ -95.48469, 29.84033 ], [ -95.48882, 29.84144 ], [ -95.48885, 29.83921 ], [ -95.48899, 29.83706 ], [ -95.49086, 29.83331 ], [ -95.48982, 29.83305 ], [ -95.48734, 29.83308 ], [ -95.48601, 29.83325 ], [ -95.48154, 29.833 ], [ -95.47293, 29.83302 ] ] ] } },
{ "type": "Feature", "properties": { "name": "ROBINDELL CIVIC CLUB" }, "geometry": { "type": "Polygon", "coordinates": [ [ [ -95.49283, 29.68547 ], [ -95.49298, 29.68545 ], [ -95.49308, 29.68897 ], [ -95.50089, 29.68892 ], [ -95.5013, 29.68898 ], [ -95.50145, 29.68878 ], [ -95.50224, 29.68922 ], [ -95.5029, 29.68979 ], [ -95.50328, 29.68959 ], [ -95.50307, 29.67785 ], [ -95.50287, 29.67784 ], [ -95.50238, 29.67855 ], [ -95.50201, 29.67891 ], [ -95.50109, 29.67936 ], [ -95.5002, 29.67907 ], [ -95.49919, 29.67836 ], [ -95.498, 29.67915 ], [ -95.49756, 29.67931 ], [ -95.49712, 29.67936 ], [ -95.49603, 29.6793 ], [ -95.4937, 29.67893 ], [ -95.49297, 29.67873 ], [ -95.4928, 29.67942 ], [ -95.49283, 29.68547 ] ] ] } },
{ "type": "Feature", "properties": { "name": "AVONDALE CIVIC ASSOCIATION" }, "geometry": { "type": "Polygon", "coordinates": [ [ [ -95.39186, 29.74802 ], [ -95.39183, 29.74691 ], [ -95.39171, 29.74641 ], [ -95.39125, 29.74545 ], [ -95.3911, 29.74477 ], [ -95.39105, 29.74245 ], [ -95.38603, 29.7425 ], [ -95.38605, 29.74419 ], [ -95.38162, 29.74426 ], [ -95.38139, 29.74437 ], [ -95.38004, 29.74607 ], [ -95.37939, 29.74671 ], [ -95.3804, 29.74723 ], [ -95.38362, 29.74917 ], [ -95.38391, 29.74878 ], [ -95.3839, 29.74825 ], [ -95.38405, 29.74819 ], [ -95.39186, 29.74802 ] ] ] } },
{ "type": "Feature", "properties": { "name": "TERRACES ON MEMORIAL HOMEOWNERS ASSOCIATION" }, "geometry": { "type": "Polygon", "coordinates": [ [ [ -95.63774, 29.76764 ], [ -95.64091, 29.76775 ], [ -95.64091, 29.76741 ], [ -95.64204, 29.76732 ], [ -95.64196, 29.76803 ], [ -95.64301, 29.76804 ], [ -95.64287, 29.7673 ], [ -95.64359, 29.76732 ], [ -95.64426, 29.76429 ], [ -95.63776, 29.7643 ], [ -95.63774, 29.76764 ] ] ] } },
{ "type": "Feature", "properties": { "name": "WESTGROVE COURT" }, "geometry": { "type": "Polygon", "coordinates": [ [ [ -95.44024, 29.74158 ], [ -95.4402, 29.73908 ], [ -95.43867, 29.73901 ], [ -95.4387, 29.74153 ], [ -95.44024, 29.74158 ] ] ] } },
{ "type": "Feature", "properties": { "name": "TIMBER TRAIL TOWN HOMES CIVIC CLUB" }, "geometry": { "type": "Polygon", "coordinates": [ [ [ -95.28367, 29.85149 ], [ -95.28277, 29.85325 ], [ -95.28298, 29.85361 ], [ -95.28321, 29.85378 ], [ -95.28335, 29.85399 ], [ -95.28349, 29.85402 ], [ -95.28342, 29.8541 ], [ -95.28348, 29.85415 ], [ -95.28338, 29.85532 ], [ -95.28351, 29.85559 ], [ -95.28332, 29.85596 ], [ -95.28347, 29.85603 ], [ -95.28342, 29.85632 ], [ -95.28314, 29.85672 ], [ -95.28341, 29.85672 ], [ -95.28338, 29.85695 ], [ -95.28379, 29.85656 ], [ -95.28355, 29.85638 ], [ -95.28624, 29.85378 ], [ -95.28645, 29.85395 ], [ -95.28702, 29.85339 ], [ -95.28701, 29.85267 ], [ -95.28538, 29.85271 ], [ -95.28535, 29.85213 ], [ -95.28367, 29.85149 ] ] ] } },
{ "type": "Feature", "properties": { "name": "WESTPARK VILLAGE MAINTENANCE FUND, INC" }, "geometry": { "type": "Polygon", "coordinates": [ [ [ -95.61661, 29.72139 ], [ -95.61565, 29.7214 ], [ -95.61521, 29.72162 ], [ -95.60899, 29.72164 ], [ -95.60906, 29.7246 ], [ -95.60918, 29.72474 ], [ -95.60945, 29.72482 ], [ -95.61547, 29.72475 ], [ -95.61547, 29.72459 ], [ -95.61663, 29.72459 ], [ -95.61661, 29.72139 ] ] ] } },
{ "type": "Feature", "properties": { "name": "RIDGECREST CIVIC CLUB" }, "geometry": { "type": "Polygon", "coordinates": [ [ [ -95.5009, 29.80304 ], [ -95.48999, 29.80296 ], [ -95.48998, 29.80454 ], [ -95.48961, 29.80453 ], [ -95.48944, 29.80467 ], [ -95.48894, 29.80473 ], [ -95.48917, 29.80539 ], [ -95.48915, 29.80715 ], [ -95.48494, 29.80707 ], [ -95.48505, 29.81054 ], [ -95.49105, 29.8107 ], [ -95.49322, 29.81087 ], [ -95.49449, 29.81112 ], [ -95.50089, 29.81084 ], [ -95.5009, 29.80304 ] ] ] } },
{ "type": "Feature", "properties": { "name": "KENTWOOD MANOR CIVIC CLUB" }, "geometry": { "type": "Polygon", "coordinates": [ [ [ -95.4107, 29.83146 ], [ -95.41066, 29.83039 ], [ -95.40278, 29.8305 ], [ -95.4028, 29.83153 ], [ -95.4107, 29.83146 ] ] ] } },
{ "type": "Feature", "properties": { "name": "AFTON OAKS CIVIC CLUB" }, "geometry": { "type": "Polygon", "coordinates": [ [ [ -95.4557, 29.73053 ], [ -95.44956, 29.73069 ], [ -95.44962, 29.733 ], [ -95.45099, 29.73298 ], [ -95.45109, 29.73801 ], [ -95.45102, 29.73818 ], [ -95.45103, 29.74136 ], [ -95.45595, 29.74106 ], [ -95.45594, 29.74008 ], [ -95.4578, 29.74008 ], [ -95.45799, 29.73898 ], [ -95.45788, 29.73873 ], [ -95.45786, 29.73809 ], [ -95.45589, 29.73809 ], [ -95.45587, 29.73684 ], [ -95.45587, 29.736 ], [ -95.45784, 29.73597 ], [ -95.4578, 29.73323 ], [ -95.45583, 29.73325 ], [ -95.45572, 29.73256 ], [ -95.4557, 29.73053 ] ] ] } },
{ "type": "Feature", "properties": { "name": "NORTH LINDALE CIVIC ORGANIZATION" }, "geometry": { "type": "Polygon", "coordinates": [ [ [ -95.35544, 29.81955 ], [ -95.37799, 29.81927 ], [ -95.3766, 29.81682 ], [ -95.3751, 29.81376 ], [ -95.35586, 29.81404 ], [ -95.35282, 29.81378 ], [ -95.35264, 29.81528 ], [ -95.35275, 29.81608 ], [ -95.35544, 29.81955 ] ] ] } },
{ "type": "Feature", "properties": { "name": "SOUTHWEST MANOR CIVIC CLUB" }, "geometry": { "type": "Polygon", "coordinates": [ [ [ -95.46527, 29.63063 ], [ -95.46513, 29.62725 ], [ -95.45644, 29.62738 ], [ -95.4565, 29.63054 ], [ -95.46527, 29.63063 ] ] ] } },
{ "type": "Feature", "properties": { "name": "WOODGLEN SUBDIVISION" }, "geometry": { "type": "Polygon", "coordinates": [ [ [ -95.26242, 29.85742 ], [ -95.26242, 29.85654 ], [ -95.25915, 29.85654 ], [ -95.25913, 29.85434 ], [ -95.25888, 29.85426 ], [ -95.2527, 29.8543 ], [ -95.25189, 29.85453 ], [ -95.25094, 29.85456 ], [ -95.25098, 29.85745 ], [ -95.26242, 29.85742 ] ] ] } },
{ "type": "Feature", "properties": { "name": "SHADY PARK ACRE VILLA CIVIC CLUB" }, "geometry": { "type": "Polygon", "coordinates": [ [ [ -95.26583, 29.6958 ], [ -95.27464, 29.70523 ], [ -95.27781, 29.70271 ], [ -95.27786, 29.70033 ], [ -95.2778, 29.69738 ], [ -95.2774, 29.69739 ], [ -95.27707, 29.69727 ], [ -95.2763, 29.69665 ], [ -95.27607, 29.69657 ], [ -95.27543, 29.69679 ], [ -95.27514, 29.6966 ], [ -95.27491, 29.69689 ], [ -95.27447, 29.69696 ], [ -95.27425, 29.69695 ], [ -95.27374, 29.69672 ], [ -95.27313, 29.69683 ], [ -95.27299, 29.69676 ], [ -95.27244, 29.69686 ], [ -95.27217, 29.69682 ], [ -95.27222, 29.69664 ], [ -95.27121, 29.69627 ], [ -95.27126, 29.69614 ], [ -95.2709, 29.69596 ], [ -95.27075, 29.69582 ], [ -95.27068, 29.69562 ], [ -95.27032, 29.69564 ], [ -95.27024, 29.69556 ], [ -95.27021, 29.69531 ], [ -95.26998, 29.69529 ], [ -95.26971, 29.69513 ], [ -95.26923, 29.69505 ], [ -95.26772, 29.69542 ], [ -95.26731, 29.69529 ], [ -95.26688, 29.69545 ], [ -95.26656, 29.6954 ], [ -95.26646, 29.69581 ], [ -95.26593, 29.69573 ], [ -95.26583, 29.6958 ] ] ] } },
{ "type": "Feature", "properties": { "name": "BAYOU OAKS CIVIC CLUB" }, "geometry": { "type": "Polygon", "coordinates": [ [ [ -95.2974, 29.66825 ], [ -95.30195, 29.67178 ], [ -95.30359, 29.67047 ], [ -95.30604, 29.66901 ], [ -95.30735, 29.66852 ], [ -95.30874, 29.66815 ], [ -95.30848, 29.66723 ], [ -95.31038, 29.66553 ], [ -95.30588, 29.66169 ], [ -95.30552, 29.6621 ], [ -95.30523, 29.66228 ], [ -95.30493, 29.66231 ], [ -95.30486, 29.6625 ], [ -95.3043, 29.66278 ], [ -95.30368, 29.66372 ], [ -95.30308, 29.66429 ], [ -95.30265, 29.66456 ], [ -95.30256, 29.66452 ], [ -95.30231, 29.66469 ], [ -95.30175, 29.66486 ], [ -95.30142, 29.66515 ], [ -95.30122, 29.66548 ], [ -95.30098, 29.66546 ], [ -95.30078, 29.66562 ], [ -95.29992, 29.66575 ], [ -95.29946, 29.66595 ], [ -95.2993, 29.66608 ], [ -95.29908, 29.66657 ], [ -95.29888, 29.66675 ], [ -95.2983, 29.66679 ], [ -95.29787, 29.667 ], [ -95.29764, 29.66727 ], [ -95.29762, 29.66796 ], [ -95.2974, 29.66825 ] ] ] } },
{ "type": "Feature", "properties": { "name": "LITTLE YORK CIVIC CLUB" }, "geometry": { "type": "Polygon", "coordinates": [ [ [ -95.37179, 29.84569 ], [ -95.37214, 29.86609 ], [ -95.37188, 29.86733 ], [ -95.37194, 29.87023 ], [ -95.38487, 29.87004 ], [ -95.38446, 29.84553 ], [ -95.37179, 29.84569 ] ] ] } },
{ "type": "Feature", "properties": { "name": "KING ESTATES CIVIC CLUB" }, "geometry": { "type": "Polygon", "coordinates": [ [ [ -95.34541, 29.62044 ], [ -95.34162, 29.62101 ], [ -95.34095, 29.62099 ], [ -95.34075, 29.62248 ], [ -95.34035, 29.62334 ], [ -95.33935, 29.62647 ], [ -95.33934, 29.62784 ], [ -95.3554, 29.62789 ], [ -95.35542, 29.62813 ], [ -95.35528, 29.61679 ], [ -95.35505, 29.61668 ], [ -95.35409, 29.61665 ], [ -95.3493, 29.61895 ], [ -95.34807, 29.61946 ], [ -95.34541, 29.62044 ] ] ] } },
{ "type": "Feature", "properties": { "name": "GEORGETOWN HOMEOWNERS ASSOCIATION, INC" }, "geometry": { "type": "Polygon", "coordinates": [ [ [ -95.56982, 29.78437 ], [ -95.56982, 29.77911 ], [ -95.56989, 29.77896 ], [ -95.5702, 29.77889 ], [ -95.57081, 29.77833 ], [ -95.57104, 29.77821 ], [ -95.57171, 29.77747 ], [ -95.5722, 29.77719 ], [ -95.57265, 29.77707 ], [ -95.57332, 29.77652 ], [ -95.57346, 29.77649 ], [ -95.57345, 29.77632 ], [ -95.56287, 29.77648 ], [ -95.56308, 29.78436 ], [ -95.56982, 29.78437 ] ] ] } },
{ "type": "Feature", "properties": { "name": "RIVER FOREST CIVIC ASSOCIATION" }, "geometry": { "type": "Polygon", "coordinates": [ [ [ -95.59166, 29.76032 ], [ -95.59072, 29.7604 ], [ -95.58981, 29.76096 ], [ -95.58989, 29.76374 ], [ -95.5898, 29.76374 ], [ -95.58981, 29.76512 ], [ -95.5897, 29.76624 ], [ -95.5919, 29.7662 ], [ -95.59181, 29.76234 ], [ -95.59172, 29.76235 ], [ -95.59166, 29.76032 ] ] ] } },
{ "type": "Feature", "properties": { "name": "SUNSET TERRACE / MONTCLAIR PLACE CIVIC CLUB" }, "geometry": { "type": "Polygon", "coordinates": [ [ [ -95.44131, 29.72739 ], [ -95.44122, 29.72491 ], [ -95.44085, 29.72493 ], [ -95.44027, 29.72479 ], [ -95.43865, 29.72397 ], [ -95.43817, 29.7241 ], [ -95.43799, 29.72363 ], [ -95.43768, 29.72317 ], [ -95.43358, 29.72528 ], [ -95.43368, 29.728 ], [ -95.44131, 29.72739 ] ] ] } },
{ "type": "Feature", "properties": { "name": "CRESTWOOD/GLENCOVE CIVIC CLUB" }, "geometry": { "type": "Polygon", "coordinates": [ [ [ -95.42353, 29.77094 ], [ -95.42735, 29.7698 ], [ -95.42731, 29.76316 ], [ -95.42705, 29.76262 ], [ -95.4273, 29.76175 ], [ -95.4272, 29.75923 ], [ -95.42474, 29.75924 ], [ -95.42474, 29.75941 ], [ -95.4236, 29.75951 ], [ -95.42138, 29.75991 ], [ -95.42144, 29.76133 ], [ -95.42153, 29.76133 ], [ -95.42179, 29.76745 ], [ -95.42188, 29.76824 ], [ -95.42211, 29.76886 ], [ -95.42353, 29.77094 ] ] ] } },
{ "type": "Feature", "properties": { "name": "LYNN PARK CIVIC ASSOCIATION" }, "geometry": { "type": "Polygon", "coordinates": [ [ [ -95.44796, 29.73807 ], [ -95.44782, 29.73313 ], [ -95.44464, 29.73316 ], [ -95.44481, 29.73812 ], [ -95.44796, 29.73807 ] ] ] } },
{ "type": "Feature", "properties": { "name": "SAGEMONT PARK COMMUNITY IMPROVEMENT ASSOCIATION" }, "geometry": { "type": "Polygon", "coordinates": [ [ [ -95.21832, 29.60147 ], [ -95.21835, 29.60253 ], [ -95.21698, 29.60322 ], [ -95.21632, 29.60338 ], [ -95.21645, 29.60438 ], [ -95.2169, 29.60551 ], [ -95.21724, 29.6061 ], [ -95.21769, 29.60666 ], [ -95.21848, 29.60739 ], [ -95.22126, 29.60564 ], [ -95.22339, 29.60371 ], [ -95.22345, 29.60364 ], [ -95.22336, 29.6036 ], [ -95.22367, 29.60331 ], [ -95.22136, 29.60141 ], [ -95.21832, 29.60147 ] ] ] } },
{ "type": "Feature", "properties": { "name": "SECOND WARD ASSOCIATION" }, "geometry": { "type": "Polygon", "coordinates": [ [ [ -95.34645, 29.76251 ], [ -95.3469, 29.76549 ], [ -95.34732, 29.76621 ], [ -95.349, 29.76531 ], [ -95.34945, 29.76457 ], [ -95.34951, 29.75728 ], [ -95.34679, 29.74921 ], [ -95.34571, 29.74766 ], [ -95.34401, 29.74668 ], [ -95.33601, 29.74401 ], [ -95.32807, 29.74157 ], [ -95.32661, 29.74486 ], [ -95.32558, 29.74758 ], [ -95.3196, 29.7557 ], [ -95.32057, 29.75655 ], [ -95.32248, 29.75724 ], [ -95.32399, 29.75816 ], [ -95.32488, 29.75935 ], [ -95.32567, 29.7599 ], [ -95.32741, 29.75983 ], [ -95.32988, 29.7599 ], [ -95.33036, 29.75968 ], [ -95.33186, 29.75872 ], [ -95.33254, 29.75868 ], [ -95.33339, 29.75917 ], [ -95.33362, 29.76011 ], [ -95.33346, 29.76099 ], [ -95.3339, 29.76164 ], [ -95.33551, 29.76168 ], [ -95.33723, 29.76208 ], [ -95.33837, 29.76205 ], [ -95.34073, 29.76142 ], [ -95.34325, 29.76219 ], [ -95.34645, 29.76251 ] ] ] } },
{ "type": "Feature", "properties": { "name": "MARILYN ESTATES CIVIC CLUB" }, "geometry": { "type": "Polygon", "coordinates": [ [ [ -95.47676, 29.66889 ], [ -95.4769, 29.67682 ], [ -95.48272, 29.67519 ], [ -95.4826, 29.66747 ], [ -95.47685, 29.66755 ], [ -95.47676, 29.66889 ] ] ] } },
{ "type": "Feature", "properties": { "name": "LINDALE PARK CIVIC CLUB" }, "geometry": { "type": "Polygon", "coordinates": [ [ [ -95.36975, 29.81341 ], [ -95.36962, 29.80939 ], [ -95.36854, 29.80369 ], [ -95.36111, 29.80379 ], [ -95.36128, 29.81361 ], [ -95.36975, 29.81341 ] ] ] } },
{ "type": "Feature", "properties": { "name": "MACGREGOR TRAIL CIVIC CLUB" }, "geometry": { "type": "Polygon", "coordinates": [ [ [ -95.34355, 29.70608 ], [ -95.34564, 29.70089 ], [ -95.34212, 29.69978 ], [ -95.33674, 29.69791 ], [ -95.33424, 29.70428 ], [ -95.33426, 29.70481 ], [ -95.33444, 29.70534 ], [ -95.33564, 29.70774 ], [ -95.33589, 29.70811 ], [ -95.33624, 29.70838 ], [ -95.3365, 29.70848 ], [ -95.33744, 29.70846 ], [ -95.34355, 29.70608 ] ] ] } },
{ "type": "Feature", "properties": { "name": "FALCON WING OWNERS ASSOCIATION, INC." }, "geometry": { "type": "Polygon", "coordinates": [ [ [ -95.39563, 29.9494 ], [ -95.39319, 29.94943 ], [ -95.3932, 29.95067 ], [ -95.39565, 29.95064 ], [ -95.39563, 29.9494 ] ] ] } },
{ "type": "Feature", "properties": { "name": "HERZOG CIVIC ASSN INC." }, "geometry": { "type": "Polygon", "coordinates": [ [ [ -95.48488, 29.79811 ], [ -95.48499, 29.79492 ], [ -95.48377, 29.79468 ], [ -95.47864, 29.79458 ], [ -95.47865, 29.79791 ], [ -95.47914, 29.79807 ], [ -95.48488, 29.79811 ] ] ] } },
{ "type": "Feature", "properties": { "name": "WOODKIND HEIGHTS CIVIC ASSOCIATION" }, "geometry": { "type": "Polygon", "coordinates": [ [ [ -95.37217, 29.79018 ], [ -95.37331, 29.79105 ], [ -95.37635, 29.79102 ], [ -95.37637, 29.79153 ], [ -95.37866, 29.7915 ], [ -95.37866, 29.79157 ], [ -95.38428, 29.79148 ], [ -95.38427, 29.79089 ], [ -95.38783, 29.79086 ], [ -95.38768, 29.78152 ], [ -95.3872, 29.78034 ], [ -95.38704, 29.77956 ], [ -95.38714, 29.77876 ], [ -95.3874, 29.77811 ], [ -95.38824, 29.77688 ], [ -95.38617, 29.77692 ], [ -95.38493, 29.77703 ], [ -95.38169, 29.77765 ], [ -95.37666, 29.77972 ], [ -95.37585, 29.77963 ], [ -95.37528, 29.77948 ], [ -95.37245, 29.77836 ], [ -95.37245, 29.78052 ], [ -95.37194, 29.78229 ], [ -95.37191, 29.78266 ], [ -95.3721, 29.78355 ], [ -95.37217, 29.79018 ] ] ] } },
{ "type": "Feature", "properties": { "name": "NOTTINGHAM FOREST SECTION VIII HOMEOWNERS' ASSOC." }, "geometry": { "type": "Polygon", "coordinates": [ [ [ -95.61295, 29.76936 ], [ -95.61746, 29.76933 ], [ -95.61827, 29.76548 ], [ -95.61755, 29.7642 ], [ -95.61259, 29.76172 ], [ -95.61246, 29.76226 ], [ -95.61248, 29.76302 ], [ -95.6085, 29.76308 ], [ -95.60861, 29.77007 ], [ -95.61012, 29.77039 ], [ -95.61293, 29.77188 ], [ -95.61295, 29.76936 ] ] ] } },
{ "type": "Feature", "properties": { "name": "MEMORIAL HEIGHTS" }, "geometry": { "type": "Polygon", "coordinates": [ [ [ -95.38892, 29.76249 ], [ -95.38901, 29.76291 ], [ -95.38916, 29.76866 ], [ -95.38908, 29.76865 ], [ -95.38908, 29.76875 ], [ -95.39226, 29.76901 ], [ -95.39815, 29.76966 ], [ -95.39815, 29.76577 ], [ -95.39764, 29.7644 ], [ -95.39243, 29.76321 ], [ -95.38983, 29.76281 ], [ -95.38892, 29.76249 ] ] ] } },
{ "type": "Feature", "properties": { "name": "WESTWOOD GROVE" }, "geometry": { "type": "Polygon", "coordinates": [ [ [ -95.40947, 29.77047 ], [ -95.40952, 29.77269 ], [ -95.41255, 29.77326 ], [ -95.41798, 29.77476 ], [ -95.41792, 29.77307 ], [ -95.41759, 29.77192 ], [ -95.41744, 29.77066 ], [ -95.41334, 29.77043 ], [ -95.40947, 29.77047 ] ] ] } },
{ "type": "Feature", "properties": { "name": "WOODCREST" }, "geometry": { "type": "Polygon", "coordinates": [ [ [ -95.41744, 29.77066 ], [ -95.41682, 29.77062 ], [ -95.41744, 29.77067 ], [ -95.41759, 29.77192 ], [ -95.41792, 29.77307 ], [ -95.41798, 29.77476 ], [ -95.42023, 29.77549 ], [ -95.42457, 29.77707 ], [ -95.42838, 29.77702 ], [ -95.42291, 29.77104 ], [ -95.42184, 29.77102 ], [ -95.41744, 29.77066 ] ] ] } },
{ "type": "Feature", "properties": { "name": "DEARBORN PLACE" }, "geometry": { "type": "Polygon", "coordinates": [ [ [ -95.40458, 29.73441 ], [ -95.40465, 29.73853 ], [ -95.41061, 29.73849 ], [ -95.4105, 29.73436 ], [ -95.40458, 29.73441 ] ] ] } },
{ "type": "Feature", "properties": { "name": "MENIL COLLECTION" }, "geometry": { "type": "Polygon", "coordinates": [ [ [ -95.39484, 29.73458 ], [ -95.3948, 29.73519 ], [ -95.39564, 29.73518 ], [ -95.39564, 29.73619 ], [ -95.3958, 29.73657 ], [ -95.39583, 29.73864 ], [ -95.39921, 29.7386 ], [ -95.39917, 29.73453 ], [ -95.39484, 29.73458 ] ] ] } },
{ "type": "Feature", "properties": { "name": "UNIVERSITY OF ST THOMAS" }, "geometry": { "type": "Polygon", "coordinates": [ [ [ -95.39132, 29.73459 ], [ -95.39133, 29.73867 ], [ -95.39467, 29.73858 ], [ -95.39564, 29.73864 ], [ -95.39561, 29.73657 ], [ -95.39546, 29.73617 ], [ -95.39545, 29.73535 ], [ -95.39462, 29.73535 ], [ -95.39457, 29.73456 ], [ -95.39132, 29.73459 ] ] ] } },
{ "type": "Feature", "properties": { "name": "CLAIRMONT PLACE CIVIC ORGANIZATION " }, "geometry": { "type": "Polygon", "coordinates": [ [ [ -95.28126, 29.84973 ], [ -95.28307, 29.8494 ], [ -95.28704, 29.84801 ], [ -95.28695, 29.83134 ], [ -95.27009, 29.83146 ], [ -95.27016, 29.83605 ], [ -95.27011, 29.83626 ], [ -95.26992, 29.83647 ], [ -95.26963, 29.83657 ], [ -95.26718, 29.83659 ], [ -95.2674, 29.85 ], [ -95.27902, 29.84983 ], [ -95.28126, 29.84973 ] ] ] } },
{ "type": "Feature", "properties": { "name": "EAST HOUSTON CIVIC CLUB" }, "geometry": { "type": "Polygon", "coordinates": [ [ [ -95.28738, 29.80032 ], [ -95.22712, 29.82585 ], [ -95.22749, 29.84182 ], [ -95.22708, 29.843 ], [ -95.22429, 29.84741 ], [ -95.22843, 29.84736 ], [ -95.22852, 29.84815 ], [ -95.22852, 29.84974 ], [ -95.22834, 29.85226 ], [ -95.22856, 29.85475 ], [ -95.22848, 29.85607 ], [ -95.22861, 29.85664 ], [ -95.22932, 29.8578 ], [ -95.24775, 29.85743 ], [ -95.24779, 29.87226 ], [ -95.26819, 29.87193 ], [ -95.28717, 29.85354 ], [ -95.28711, 29.84802 ], [ -95.28701, 29.84787 ], [ -95.28706, 29.84441 ], [ -95.28814, 29.8444 ], [ -95.28817, 29.83277 ], [ -95.28776, 29.83278 ], [ -95.28738, 29.80032 ] ] ] } },
{ "type": "Feature", "properties": { "name": "VERDE FOREST SECTION ll " }, "geometry": { "type": "Polygon", "coordinates": [ [ [ -95.24135, 29.85502 ], [ -95.2413, 29.85097 ], [ -95.2357, 29.85104 ], [ -95.23578, 29.85508 ], [ -95.24135, 29.85502 ] ] ] } },
{ "type": "Feature", "properties": { "name": "VERDE FOREST CIVIC ASSOCIATION " }, "geometry": { "type": "Polygon", "coordinates": [ [ [ -95.2413, 29.85097 ], [ -95.24132, 29.84718 ], [ -95.23594, 29.84727 ], [ -95.23593, 29.84804 ], [ -95.23501, 29.84805 ], [ -95.23504, 29.84881 ], [ -95.23596, 29.8488 ], [ -95.23598, 29.85033 ], [ -95.23577, 29.85033 ], [ -95.23578, 29.85089 ], [ -95.2357, 29.85104 ], [ -95.2413, 29.85097 ] ] ] } },
{ "type": "Feature", "properties": { "name": "PARKWOOD EAST CIVIC ASSOCATION " }, "geometry": { "type": "Polygon", "coordinates": [ [ [ -95.23594, 29.84727 ], [ -95.22952, 29.84735 ], [ -95.22958, 29.84975 ], [ -95.23071, 29.84972 ], [ -95.23144, 29.8498 ], [ -95.23397, 29.85074 ], [ -95.23472, 29.8509 ], [ -95.2351, 29.8509 ], [ -95.23508, 29.85046 ], [ -95.23561, 29.85045 ], [ -95.23574, 29.85033 ], [ -95.23598, 29.85033 ], [ -95.23596, 29.8488 ], [ -95.23504, 29.84881 ], [ -95.23501, 29.84805 ], [ -95.23593, 29.84804 ], [ -95.23594, 29.84727 ] ] ] } }
]
}
