{
"type": "FeatureCollection",
"name": "nyc-neighborhood-overlay",
"crs": { "type": "name", "properties": { "name": "urn:ogc:def:crs:OGC:1.3:CRS84" } },
"xy_coordinate_resolution": 1e-05,
"features": [
{ "type": "Feature", "properties": { "name": "Allerton" }, "geometry": { "type": "Polygon", "coordinates": [ [ [ -73.85849, 40.87129 ], [ -73.85867, 40.8655 ], [ -73.85961, 40.86552 ], [ -73.85891, 40.86465 ], [ -73.85771, 40.86229 ], [ -73.85731, 40.85946 ], [ -73.85664, 40.85812 ], [ -73.86759, 40.85784 ], [ -73.86808, 40.85786 ], [ -73.86817, 40.85793 ], [ -73.86819, 40.85807 ], [ -73.86842, 40.85779 ], [ -73.86955, 40.85773 ], [ -73.87089, 40.85728 ], [ -73.87105, 40.85731 ], [ -73.87058, 40.86141 ], [ -73.87041, 40.8638 ], [ -73.87054, 40.86968 ], [ -73.86433, 40.86966 ], [ -73.86427, 40.8714 ], [ -73.85849, 40.87129 ] ] ] } },
{ "type": "Feature", "properties": { "name": "Alley Pond Park" }, "geometry": { "type": "Polygon", "coordinates": [ [ [ -73.73375, 40.74286 ], [ -73.73835, 40.74035 ], [ -73.7394, 40.73953 ], [ -73.74029, 40.73852 ], [ -73.7402, 40.73904 ], [ -73.74107, 40.73899 ], [ -73.74155, 40.73877 ], [ -73.74307, 40.73845 ], [ -73.7436, 40.73902 ], [ -73.74396, 40.7408 ], [ -73.74997, 40.73975 ], [ -73.75139, 40.7402 ], [ -73.75347, 40.74241 ], [ -73.75073, 40.74301 ], [ -73.74856, 40.74335 ], [ -73.74568, 40.74304 ], [ -73.74478, 40.74329 ], [ -73.74593, 40.74572 ], [ -73.74626, 40.74672 ], [ -73.74382, 40.74744 ], [ -73.7441, 40.74821 ], [ -73.74571, 40.75159 ], [ -73.74622, 40.75169 ], [ -73.74653, 40.75185 ], [ -73.7471, 40.75236 ], [ -73.74774, 40.75386 ], [ -73.74711, 40.75418 ], [ -73.7481, 40.75591 ], [ -73.75005, 40.75841 ], [ -73.75058, 40.75802 ], [ -73.75116, 40.75908 ], [ -73.7523, 40.75946 ], [ -73.75321, 40.75825 ], [ -73.75405, 40.75852 ], [ -73.75512, 40.75849 ], [ -73.75557, 40.75829 ], [ -73.75584, 40.75775 ], [ -73.75626, 40.75844 ], [ -73.75682, 40.75974 ], [ -73.758, 40.76039 ], [ -73.75848, 40.762 ], [ -73.75803, 40.76212 ], [ -73.75785, 40.76238 ], [ -73.75785, 40.76258 ], [ -73.75836, 40.76351 ], [ -73.75887, 40.76328 ], [ -73.7592, 40.76434 ], [ -73.75567, 40.7647 ], [ -73.75468, 40.76495 ], [ -73.75377, 40.76531 ], [ -73.75381, 40.76508 ], [ -73.75341, 40.7647 ], [ -73.75219, 40.76384 ], [ -73.7515, 40.76237 ], [ -73.75105, 40.76191 ], [ -73.75108, 40.76177 ], [ -73.7509, 40.76167 ], [ -73.75073, 40.76175 ], [ -73.75041, 40.76152 ], [ -73.74999, 40.76134 ], [ -73.74915, 40.7612 ], [ -73.74861, 40.76094 ], [ -73.74754, 40.75987 ], [ -73.74656, 40.75935 ], [ -73.74629, 40.75907 ], [ -73.7463, 40.75858 ], [ -73.74642, 40.75848 ], [ -73.74643, 40.75822 ], [ -73.74637, 40.75804 ], [ -73.74624, 40.75793 ], [ -73.74626, 40.75778 ], [ -73.7461, 40.75769 ], [ -73.74578, 40.75786 ], [ -73.74464, 40.7569 ], [ -73.74469, 40.75661 ], [ -73.74456, 40.75657 ], [ -73.74458, 40.75693 ], [ -73.74487, 40.75721 ], [ -73.74576, 40.75792 ], [ -73.74605, 40.75782 ], [ -73.74631, 40.75806 ], [ -73.74627, 40.75844 ], [ -73.74606, 40.75877 ], [ -73.74636, 40.7593 ], [ -73.7475, 40.75998 ], [ -73.74825, 40.76085 ], [ -73.74841, 40.76126 ], [ -73.74889, 40.76158 ], [ -73.74887, 40.76168 ], [ -73.74908, 40.76168 ], [ -73.74906, 40.76158 ], [ -73.74922, 40.76159 ], [ -73.74918, 40.76139 ], [ -73.75004, 40.76158 ], [ -73.75057, 40.76192 ], [ -73.75064, 40.76207 ], [ -73.75111, 40.76241 ], [ -73.75142, 40.76277 ], [ -73.7517, 40.76366 ], [ -73.75251, 40.76454 ], [ -73.75274, 40.76459 ], [ -73.75305, 40.76483 ], [ -73.75339, 40.76534 ], [ -73.74941, 40.76756 ], [ -73.74688, 40.76453 ], [ -73.75021, 40.76376 ], [ -73.74937, 40.76294 ], [ -73.74598, 40.76398 ], [ -73.74474, 40.76077 ], [ -73.74347, 40.75935 ], [ -73.74311, 40.7585 ], [ -73.7425, 40.7586 ], [ -73.74126, 40.75672 ], [ -73.74121, 40.75621 ], [ -73.74042, 40.75668 ], [ -73.73964, 40.75675 ], [ -73.73971, 40.75663 ], [ -73.73926, 40.75693 ], [ -73.73915, 40.7564 ], [ -73.7393, 40.75588 ], [ -73.73979, 40.75541 ], [ -73.74076, 40.75498 ], [ -73.74128, 40.75458 ], [ -73.74178, 40.75349 ], [ -73.74173, 40.75329 ], [ -73.74143, 40.75272 ], [ -73.74087, 40.75198 ], [ -73.73986, 40.75131 ], [ -73.73831, 40.74926 ], [ -73.73709, 40.74814 ], [ -73.73592, 40.74755 ], [ -73.73543, 40.74717 ], [ -73.73504, 40.74619 ], [ -73.73504, 40.74515 ], [ -73.73487, 40.74447 ], [ -73.73452, 40.74383 ], [ -73.73375, 40.74286 ] ] ] } },
{ "type": "Feature", "properties": { "name": "Annadale-Huguenot-Prince's Bay-Woodrow" }, "geometry": { "type": "Polygon", "coordinates": [ [ [ -74.18757, 40.55016 ], [ -74.17517, 40.54378 ], [ -74.1691, 40.54104 ], [ -74.16892, 40.54047 ], [ -74.16902, 40.5401 ], [ -74.16873, 40.53953 ], [ -74.16486, 40.53411 ], [ -74.15988, 40.52738 ], [ -74.16006, 40.52735 ], [ -74.16034, 40.52756 ], [ -74.16158, 40.52702 ], [ -74.16227, 40.5272 ], [ -74.16313, 40.52677 ], [ -74.16372, 40.52636 ], [ -74.16389, 40.52633 ], [ -74.16554, 40.52543 ], [ -74.16658, 40.52502 ], [ -74.16885, 40.5236 ], [ -74.17, 40.52305 ], [ -74.17051, 40.52306 ], [ -74.17109, 40.52344 ], [ -74.17129, 40.52347 ], [ -74.1727, 40.52298 ], [ -74.17343, 40.52258 ], [ -74.17601, 40.52088 ], [ -74.17762, 40.51934 ], [ -74.17758, 40.51924 ], [ -74.17831, 40.51995 ], [ -74.17883, 40.52005 ], [ -74.17924, 40.51999 ], [ -74.17939, 40.52029 ], [ -74.17981, 40.52056 ], [ -74.18105, 40.52067 ], [ -74.18244, 40.52033 ], [ -74.18317, 40.51991 ], [ -74.18343, 40.5199 ], [ -74.18483, 40.51935 ], [ -74.18657, 40.51812 ], [ -74.1885, 40.51632 ], [ -74.18927, 40.51535 ], [ -74.18885, 40.51509 ], [ -74.18945, 40.51536 ], [ -74.18971, 40.51533 ], [ -74.19179, 40.51306 ], [ -74.19221, 40.5128 ], [ -74.19344, 40.51158 ], [ -74.1941, 40.51065 ], [ -74.19521, 40.50999 ], [ -74.19594, 40.50986 ], [ -74.19651, 40.50994 ], [ -74.19858, 40.51119 ], [ -74.19969, 40.51145 ], [ -74.19993, 40.51186 ], [ -74.19994, 40.5121 ], [ -74.20008, 40.51242 ], [ -74.20006, 40.51263 ], [ -74.1999, 40.51273 ], [ -74.19893, 40.51279 ], [ -74.19907, 40.51309 ], [ -74.19919, 40.5131 ], [ -74.19929, 40.513 ], [ -74.19997, 40.51294 ], [ -74.20083, 40.51304 ], [ -74.20268, 40.51275 ], [ -74.20483, 40.5123 ], [ -74.20532, 40.51233 ], [ -74.20757, 40.51186 ], [ -74.20815, 40.51167 ], [ -74.20897, 40.51128 ], [ -74.20969, 40.51081 ], [ -74.20928, 40.51049 ], [ -74.20919, 40.51051 ], [ -74.20932, 40.51041 ], [ -74.2093, 40.51047 ], [ -74.20972, 40.51079 ], [ -74.21008, 40.51048 ], [ -74.2107, 40.50976 ], [ -74.21111, 40.50905 ], [ -74.21131, 40.50893 ], [ -74.2117, 40.50845 ], [ -74.21182, 40.50827 ], [ -74.21179, 40.50818 ], [ -74.21197, 40.50813 ], [ -74.21227, 40.50768 ], [ -74.21241, 40.50764 ], [ -74.21262, 40.50738 ], [ -74.21339, 40.50677 ], [ -74.21353, 40.5066 ], [ -74.21353, 40.50641 ], [ -74.21384, 40.50661 ], [ -74.21434, 40.50653 ], [ -74.21502, 40.50613 ], [ -74.21569, 40.5056 ], [ -74.21755, 40.50337 ], [ -74.21795, 40.50337 ], [ -74.21829, 40.50319 ], [ -74.21975, 40.50276 ], [ -74.22064, 40.50276 ], [ -74.22184, 40.50255 ], [ -74.22211, 40.50319 ], [ -74.22209, 40.50428 ], [ -74.22312, 40.50485 ], [ -74.22319, 40.50555 ], [ -74.22292, 40.50724 ], [ -74.22322, 40.50867 ], [ -74.22658, 40.51728 ], [ -74.22672, 40.51917 ], [ -74.22607, 40.51888 ], [ -74.22568, 40.51857 ], [ -74.22476, 40.51833 ], [ -74.2238, 40.5182 ], [ -74.225, 40.52047 ], [ -74.22424, 40.522 ], [ -74.22399, 40.52288 ], [ -74.22482, 40.523 ], [ -74.22469, 40.52324 ], [ -74.22412, 40.52321 ], [ -74.22399, 40.52328 ], [ -74.2237, 40.525 ], [ -74.2236, 40.52631 ], [ -74.22395, 40.53084 ], [ -74.22457, 40.53703 ], [ -74.22448, 40.53892 ], [ -74.22416, 40.54108 ], [ -74.22343, 40.54361 ], [ -74.22214, 40.54634 ], [ -74.22065, 40.5486 ], [ -74.21779, 40.54113 ], [ -74.21475, 40.54141 ], [ -74.21218, 40.5414 ], [ -74.20699, 40.54175 ], [ -74.20349, 40.54216 ], [ -74.20024, 40.54286 ], [ -74.19833, 40.54304 ], [ -74.19731, 40.54327 ], [ -74.19586, 40.54433 ], [ -74.19274, 40.54615 ], [ -74.1893, 40.54839 ], [ -74.18859, 40.54895 ], [ -74.18757, 40.55016 ] ] ] } },
{ "type": "Feature", "properties": { "name": "Arden Heights-Rossville" }, "geometry": { "type": "Polygon", "coordinates": [ [ [ -74.17795, 40.56399 ], [ -74.1766, 40.56325 ], [ -74.17503, 40.56289 ], [ -74.17347, 40.5623 ], [ -74.17185, 40.56153 ], [ -74.17322, 40.56009 ], [ -74.17349, 40.55968 ], [ -74.17409, 40.55808 ], [ -74.17566, 40.5557 ], [ -74.17598, 40.55511 ], [ -74.17594, 40.55492 ], [ -74.17622, 40.55438 ], [ -74.17943, 40.54835 ], [ -74.17989, 40.54767 ], [ -74.18073, 40.54669 ], [ -74.18757, 40.55016 ], [ -74.18859, 40.54895 ], [ -74.1893, 40.54839 ], [ -74.19274, 40.54615 ], [ -74.19586, 40.54433 ], [ -74.19731, 40.54327 ], [ -74.19833, 40.54304 ], [ -74.20024, 40.54286 ], [ -74.20349, 40.54216 ], [ -74.20699, 40.54175 ], [ -74.21218, 40.5414 ], [ -74.21475, 40.54141 ], [ -74.21779, 40.54113 ], [ -74.21844, 40.54297 ], [ -74.22132, 40.55026 ], [ -74.22115, 40.5505 ], [ -74.21912, 40.55224 ], [ -74.21779, 40.55306 ], [ -74.2179, 40.55375 ], [ -74.21788, 40.55425 ], [ -74.21754, 40.55461 ], [ -74.21492, 40.55555 ], [ -74.2135, 40.55568 ], [ -74.2122, 40.55645 ], [ -74.21051, 40.55707 ], [ -74.207, 40.55758 ], [ -74.20614, 40.55755 ], [ -74.2052, 40.55734 ], [ -74.20441, 40.55697 ], [ -74.20359, 40.55626 ], [ -74.20323, 40.55609 ], [ -74.20195, 40.55588 ], [ -74.20089, 40.55602 ], [ -74.20018, 40.55646 ], [ -74.1977, 40.5589 ], [ -74.19386, 40.56223 ], [ -74.19353, 40.56243 ], [ -74.19318, 40.56261 ], [ -74.19288, 40.56266 ], [ -74.19174, 40.56252 ], [ -74.19088, 40.56264 ], [ -74.19066, 40.56272 ], [ -74.18998, 40.56332 ], [ -74.18948, 40.56359 ], [ -74.18526, 40.56456 ], [ -74.1844, 40.56506 ], [ -74.18363, 40.56538 ], [ -74.18273, 40.5655 ], [ -74.18181, 40.56539 ], [ -74.17795, 40.56399 ] ] ] } },
{ "type": "Feature", "properties": { "name": "Astoria (Central)" }, "geometry": { "type": "Polygon", "coordinates": [ [ [ -73.91194, 40.76902 ], [ -73.9145, 40.76586 ], [ -73.9137, 40.76549 ], [ -73.91499, 40.7639 ], [ -73.91579, 40.76428 ], [ -73.92416, 40.75397 ], [ -73.93215, 40.75772 ], [ -73.92965, 40.76081 ], [ -73.93055, 40.76123 ], [ -73.92944, 40.76239 ], [ -73.93134, 40.76328 ], [ -73.92647, 40.76928 ], [ -73.92781, 40.7699 ], [ -73.92398, 40.77462 ], [ -73.92217, 40.77356 ], [ -73.9177, 40.7704 ], [ -73.91808, 40.77007 ], [ -73.91726, 40.76986 ], [ -73.91194, 40.76902 ] ] ] } },
{ "type": "Feature", "properties": { "name": "Astoria (East)-Woodside (North)" }, "geometry": { "type": "Polygon", "coordinates": [ [ [ -73.90203, 40.76743 ], [ -73.90269, 40.76681 ], [ -73.90351, 40.76586 ], [ -73.90207, 40.76239 ], [ -73.90167, 40.7608 ], [ -73.90182, 40.76077 ], [ -73.90153, 40.75964 ], [ -73.89856, 40.75993 ], [ -73.89945, 40.75861 ], [ -73.89974, 40.75752 ], [ -73.89959, 40.75656 ], [ -73.89886, 40.75472 ], [ -73.89854, 40.75418 ], [ -73.91023, 40.75298 ], [ -73.91257, 40.75331 ], [ -73.91447, 40.75368 ], [ -73.91651, 40.7539 ], [ -73.91763, 40.75387 ], [ -73.91892, 40.75364 ], [ -73.92563, 40.75215 ], [ -73.91579, 40.76428 ], [ -73.91499, 40.7639 ], [ -73.9137, 40.76549 ], [ -73.9145, 40.76586 ], [ -73.91194, 40.76902 ], [ -73.90577, 40.76804 ], [ -73.90414, 40.76753 ], [ -73.90276, 40.76751 ], [ -73.90203, 40.76743 ] ] ] } },
{ "type": "Feature", "properties": { "name": "Astoria (North)-Ditmars-Steinway" }, "geometry": { "type": "Polygon", "coordinates": [ [ [ -73.90647, 40.79019 ], [ -73.90251, 40.78948 ], [ -73.9024, 40.78956 ], [ -73.90206, 40.7895 ], [ -73.90204, 40.78942 ], [ -73.90033, 40.78902 ], [ -73.89962, 40.78841 ], [ -73.89726, 40.78676 ], [ -73.89694, 40.78663 ], [ -73.89651, 40.78608 ], [ -73.89635, 40.78619 ], [ -73.89631, 40.78613 ], [ -73.8965, 40.78607 ], [ -73.89638, 40.78592 ], [ -73.89622, 40.78602 ], [ -73.89605, 40.78581 ], [ -73.89624, 40.78575 ], [ -73.89614, 40.78562 ], [ -73.89598, 40.78572 ], [ -73.89593, 40.78566 ], [ -73.89613, 40.7856 ], [ -73.89583, 40.78523 ], [ -73.89683, 40.78444 ], [ -73.89672, 40.78439 ], [ -73.89676, 40.78433 ], [ -73.89686, 40.78441 ], [ -73.89716, 40.7842 ], [ -73.89706, 40.78408 ], [ -73.89719, 40.78418 ], [ -73.89742, 40.784 ], [ -73.89732, 40.78388 ], [ -73.89746, 40.78398 ], [ -73.89762, 40.78385 ], [ -73.89772, 40.78375 ], [ -73.8976, 40.78366 ], [ -73.89781, 40.78369 ], [ -73.89768, 40.78359 ], [ -73.89876, 40.78276 ], [ -73.89886, 40.78281 ], [ -73.90115, 40.78272 ], [ -73.90218, 40.78179 ], [ -73.90268, 40.7806 ], [ -73.90268, 40.78036 ], [ -73.90258, 40.7803 ], [ -73.90234, 40.7802 ], [ -73.90218, 40.78037 ], [ -73.90204, 40.78121 ], [ -73.90129, 40.78187 ], [ -73.90122, 40.78183 ], [ -73.90035, 40.78207 ], [ -73.90035, 40.78217 ], [ -73.89948, 40.78218 ], [ -73.89866, 40.782 ], [ -73.89719, 40.78282 ], [ -73.89712, 40.78273 ], [ -73.89468, 40.7841 ], [ -73.89444, 40.78414 ], [ -73.89438, 40.78425 ], [ -73.89428, 40.78421 ], [ -73.8943, 40.78413 ], [ -73.89454, 40.78407 ], [ -73.89456, 40.78398 ], [ -73.89607, 40.78317 ], [ -73.89478, 40.78226 ], [ -73.89542, 40.78173 ], [ -73.89536, 40.78167 ], [ -73.8946, 40.78226 ], [ -73.89535, 40.78166 ], [ -73.89535, 40.78159 ], [ -73.89529, 40.78155 ], [ -73.89417, 40.78248 ], [ -73.89382, 40.78239 ], [ -73.89306, 40.78186 ], [ -73.89231, 40.78247 ], [ -73.8923, 40.78254 ], [ -73.89282, 40.78292 ], [ -73.89275, 40.78297 ], [ -73.89166, 40.7822 ], [ -73.89172, 40.78215 ], [ -73.89214, 40.78244 ], [ -73.89224, 40.78242 ], [ -73.89301, 40.78181 ], [ -73.89228, 40.78131 ], [ -73.89211, 40.7814 ], [ -73.89222, 40.78121 ], [ -73.89193, 40.78105 ], [ -73.89187, 40.7809 ], [ -73.89167, 40.78086 ], [ -73.89159, 40.78059 ], [ -73.89254, 40.77978 ], [ -73.89254, 40.77956 ], [ -73.89182, 40.7796 ], [ -73.89167, 40.7795 ], [ -73.89151, 40.77911 ], [ -73.8913, 40.77892 ], [ -73.8912, 40.77857 ], [ -73.89252, 40.77741 ], [ -73.89213, 40.7771 ], [ -73.89177, 40.7766 ], [ -73.89142, 40.77635 ], [ -73.8914, 40.77605 ], [ -73.89153, 40.77561 ], [ -73.89177, 40.77537 ], [ -73.89183, 40.77489 ], [ -73.89145, 40.77563 ], [ -73.89136, 40.77606 ], [ -73.89137, 40.77635 ], [ -73.89145, 40.77652 ], [ -73.89111, 40.77703 ], [ -73.89112, 40.77713 ], [ -73.89095, 40.77729 ], [ -73.89056, 40.77741 ], [ -73.89046, 40.77756 ], [ -73.89047, 40.77771 ], [ -73.89035, 40.77781 ], [ -73.89018, 40.77786 ], [ -73.89009, 40.77779 ], [ -73.89003, 40.77726 ], [ -73.88952, 40.77594 ], [ -73.88947, 40.77554 ], [ -73.88979, 40.77425 ], [ -73.88989, 40.77403 ], [ -73.89007, 40.77397 ], [ -73.89019, 40.77366 ], [ -73.89009, 40.77363 ], [ -73.88985, 40.77376 ], [ -73.88946, 40.77354 ], [ -73.88869, 40.76899 ], [ -73.88875, 40.76893 ], [ -73.88841, 40.76882 ], [ -73.88822, 40.76863 ], [ -73.88773, 40.76692 ], [ -73.88837, 40.76678 ], [ -73.88834, 40.76661 ], [ -73.88877, 40.76652 ], [ -73.88919, 40.76631 ], [ -73.89089, 40.76587 ], [ -73.89109, 40.76634 ], [ -73.89246, 40.76629 ], [ -73.89386, 40.76643 ], [ -73.89433, 40.76615 ], [ -73.90227, 40.76747 ], [ -73.90414, 40.76753 ], [ -73.90577, 40.76804 ], [ -73.91726, 40.76986 ], [ -73.91808, 40.77007 ], [ -73.9177, 40.7704 ], [ -73.92217, 40.77356 ], [ -73.92398, 40.77462 ], [ -73.92303, 40.77539 ], [ -73.92376, 40.77656 ], [ -73.91797, 40.78126 ], [ -73.91997, 40.78264 ], [ -73.91909, 40.78338 ], [ -73.91819, 40.78394 ], [ -73.91717, 40.7842 ], [ -73.91718, 40.78456 ], [ -73.91683, 40.7852 ], [ -73.91575, 40.78612 ], [ -73.91542, 40.78607 ], [ -73.91526, 40.7862 ], [ -73.91559, 40.78644 ], [ -73.91424, 40.78786 ], [ -73.9126, 40.78938 ], [ -73.91241, 40.78928 ], [ -73.91267, 40.78901 ], [ -73.91223, 40.78919 ], [ -73.91195, 40.78941 ], [ -73.91208, 40.78953 ], [ -73.91184, 40.78969 ], [ -73.91169, 40.78958 ], [ -73.91125, 40.78975 ], [ -73.91094, 40.78976 ], [ -73.91091, 40.79005 ], [ -73.91022, 40.79047 ], [ -73.90986, 40.79095 ], [ -73.90678, 40.79038 ], [ -73.90647, 40.79019 ] ] ] } },
{ "type": "Feature", "properties": { "name": "Astoria Park" }, "geometry": { "type": "Polygon", "coordinates": [ [ [ -73.92398, 40.77462 ], [ -73.92785, 40.77673 ], [ -73.92828, 40.77691 ], [ -73.92632, 40.77825 ], [ -73.92487, 40.77863 ], [ -73.92424, 40.77911 ], [ -73.92296, 40.78045 ], [ -73.9221, 40.78086 ], [ -73.91997, 40.78264 ], [ -73.91797, 40.78126 ], [ -73.92376, 40.77656 ], [ -73.92303, 40.77539 ], [ -73.92398, 40.77462 ] ] ] } },
{ "type": "Feature", "properties": { "name": "Auburndale" }, "geometry": { "type": "Polygon", "coordinates": [ [ [ -73.77164, 40.74421 ], [ -73.77245, 40.74393 ], [ -73.77343, 40.74373 ], [ -73.78041, 40.74264 ], [ -73.79536, 40.73855 ], [ -73.79641, 40.73833 ], [ -73.79644, 40.73845 ], [ -73.79673, 40.73842 ], [ -73.79629, 40.73856 ], [ -73.79641, 40.7386 ], [ -73.79723, 40.74011 ], [ -73.79728, 40.74046 ], [ -73.79723, 40.7417 ], [ -73.79614, 40.74258 ], [ -73.79521, 40.7435 ], [ -73.79462, 40.74432 ], [ -73.79447, 40.74498 ], [ -73.79448, 40.74568 ], [ -73.79472, 40.74761 ], [ -73.79705, 40.74934 ], [ -73.7973, 40.74944 ], [ -73.79544, 40.75036 ], [ -73.79472, 40.75063 ], [ -73.79458, 40.75357 ], [ -73.79493, 40.75781 ], [ -73.79403, 40.75774 ], [ -73.79032, 40.75783 ], [ -73.79076, 40.76099 ], [ -73.79344, 40.76077 ], [ -73.79344, 40.76161 ], [ -73.79303, 40.76463 ], [ -73.79396, 40.7647 ], [ -73.79318, 40.77041 ], [ -73.79494, 40.77241 ], [ -73.79566, 40.77304 ], [ -73.79365, 40.77337 ], [ -73.79164, 40.77425 ], [ -73.78827, 40.77508 ], [ -73.78459, 40.77615 ], [ -73.78448, 40.77396 ], [ -73.78401, 40.77201 ], [ -73.78309, 40.77012 ], [ -73.77838, 40.76123 ], [ -73.77778, 40.75963 ], [ -73.7768, 40.75608 ], [ -73.77565, 40.75264 ], [ -73.77433, 40.74984 ], [ -73.77417, 40.74989 ], [ -73.77174, 40.74485 ], [ -73.77193, 40.7448 ], [ -73.77164, 40.74421 ] ] ] } },
{ "type": "Feature", "properties": { "name": "Baisley Park" }, "geometry": { "type": "Polygon", "coordinates": [ [ [ -73.77789, 40.68993 ], [ -73.77662, 40.68837 ], [ -73.77571, 40.68762 ], [ -73.7724, 40.68529 ], [ -73.76974, 40.68379 ], [ -73.77014, 40.68312 ], [ -73.77232, 40.6815 ], [ -73.7747, 40.68049 ], [ -73.77723, 40.67966 ], [ -73.77842, 40.67904 ], [ -73.78026, 40.67785 ], [ -73.78354, 40.67551 ], [ -73.78398, 40.67513 ], [ -73.78435, 40.6747 ], [ -73.78575, 40.67239 ], [ -73.78658, 40.67277 ], [ -73.78809, 40.67302 ], [ -73.78916, 40.66835 ], [ -73.78941, 40.66685 ], [ -73.79307, 40.66708 ], [ -73.79711, 40.66696 ], [ -73.79852, 40.6666 ], [ -73.7992, 40.66653 ], [ -73.80164, 40.66677 ], [ -73.80142, 40.66779 ], [ -73.80125, 40.66985 ], [ -73.80126, 40.6719 ], [ -73.80132, 40.67279 ], [ -73.80149, 40.67355 ], [ -73.80179, 40.6744 ], [ -73.80586, 40.68292 ], [ -73.79898, 40.68487 ], [ -73.79995, 40.68684 ], [ -73.79562, 40.68867 ], [ -73.79391, 40.68631 ], [ -73.79039, 40.68776 ], [ -73.78698, 40.68862 ], [ -73.78581, 40.689 ], [ -73.78078, 40.69104 ], [ -73.77977, 40.68929 ], [ -73.77789, 40.68993 ] ] ] } },
{ "type": "Feature", "properties": { "name": "Barren Island-Floyd Bennett Field" }, "geometry": { "type": "Polygon", "coordinates": [ [ [ -73.8877, 40.57807 ], [ -73.88813, 40.57874 ], [ -73.88924, 40.57978 ], [ -73.89148, 40.58177 ], [ -73.89156, 40.58173 ], [ -73.89384, 40.58367 ], [ -73.89767, 40.58712 ], [ -73.90099, 40.59011 ], [ -73.9009, 40.59016 ], [ -73.90495, 40.59388 ], [ -73.91853, 40.60612 ], [ -73.91795, 40.60622 ], [ -73.91702, 40.60539 ], [ -73.91713, 40.60532 ], [ -73.9156, 40.60394 ], [ -73.91542, 40.60396 ], [ -73.91477, 40.60337 ], [ -73.91489, 40.6033 ], [ -73.91443, 40.60287 ], [ -73.9139, 40.60271 ], [ -73.91382, 40.6029 ], [ -73.91369, 40.60286 ], [ -73.91379, 40.60288 ], [ -73.91386, 40.6027 ], [ -73.91364, 40.60253 ], [ -73.91333, 40.60277 ], [ -73.91347, 40.60292 ], [ -73.9133, 40.60277 ], [ -73.91366, 40.60248 ], [ -73.9135, 40.60238 ], [ -73.91327, 40.60256 ], [ -73.91339, 40.60264 ], [ -73.9132, 40.60279 ], [ -73.91336, 40.60264 ], [ -73.91325, 40.60257 ], [ -73.91302, 40.60276 ], [ -73.91348, 40.60236 ], [ -73.9133, 40.60226 ], [ -73.91312, 40.60223 ], [ -73.91274, 40.60272 ], [ -73.91285, 40.60252 ], [ -73.91273, 40.60246 ], [ -73.91289, 40.60249 ], [ -73.9131, 40.60222 ], [ -73.91159, 40.60214 ], [ -73.91158, 40.60223 ], [ -73.91231, 40.60228 ], [ -73.91254, 40.60237 ], [ -73.91165, 40.60229 ], [ -73.91158, 40.6023 ], [ -73.91155, 40.60245 ], [ -73.91261, 40.60254 ], [ -73.91257, 40.60269 ], [ -73.91259, 40.60256 ], [ -73.91252, 40.60255 ], [ -73.91249, 40.60268 ], [ -73.91248, 40.6026 ], [ -73.91152, 40.60247 ], [ -73.91097, 40.60243 ], [ -73.91094, 40.60251 ], [ -73.91095, 40.60237 ], [ -73.91087, 40.6025 ], [ -73.91088, 40.60235 ], [ -73.91099, 40.60236 ], [ -73.91098, 40.60241 ], [ -73.91152, 40.60241 ], [ -73.91154, 40.60223 ], [ -73.91095, 40.60216 ], [ -73.91092, 40.60222 ], [ -73.91094, 40.60214 ], [ -73.91155, 40.60222 ], [ -73.91156, 40.60216 ], [ -73.91076, 40.60204 ], [ -73.91075, 40.60245 ], [ -73.90905, 40.60261 ], [ -73.90904, 40.60269 ], [ -73.90902, 40.60253 ], [ -73.90905, 40.60259 ], [ -73.91071, 40.60243 ], [ -73.91071, 40.60215 ], [ -73.90943, 40.60221 ], [ -73.90942, 40.60228 ], [ -73.90941, 40.6022 ], [ -73.91072, 40.60212 ], [ -73.91073, 40.60203 ], [ -73.91032, 40.60196 ], [ -73.90985, 40.60205 ], [ -73.90949, 40.60194 ], [ -73.90904, 40.60163 ], [ -73.90861, 40.60183 ], [ -73.90861, 40.60192 ], [ -73.90836, 40.60206 ], [ -73.9079, 40.60216 ], [ -73.90784, 40.60228 ], [ -73.90759, 40.60231 ], [ -73.90741, 40.60224 ], [ -73.90721, 40.60239 ], [ -73.9068, 40.60232 ], [ -73.90667, 40.60242 ], [ -73.90568, 40.60261 ], [ -73.90491, 40.60249 ], [ -73.9043, 40.60268 ], [ -73.90376, 40.60251 ], [ -73.90373, 40.60242 ], [ -73.9036, 40.60261 ], [ -73.90332, 40.6026 ], [ -73.90326, 40.60271 ], [ -73.90302, 40.60274 ], [ -73.90248, 40.60304 ], [ -73.90193, 40.60319 ], [ -73.90106, 40.60319 ], [ -73.90084, 40.60329 ], [ -73.90042, 40.60325 ], [ -73.89933, 40.60356 ], [ -73.8988, 40.60347 ], [ -73.89833, 40.60322 ], [ -73.89826, 40.60332 ], [ -73.89791, 40.60325 ], [ -73.89777, 40.60331 ], [ -73.89694, 40.60315 ], [ -73.89659, 40.60322 ], [ -73.89562, 40.60302 ], [ -73.89498, 40.60322 ], [ -73.89406, 40.60309 ], [ -73.89352, 40.60339 ], [ -73.89287, 40.60329 ], [ -73.89241, 40.60331 ], [ -73.89136, 40.60353 ], [ -73.8913, 40.6037 ], [ -73.89098, 40.60392 ], [ -73.8891, 40.60452 ], [ -73.88907, 40.60467 ], [ -73.88892, 40.60479 ], [ -73.88773, 40.60528 ], [ -73.88717, 40.60533 ], [ -73.88578, 40.60516 ], [ -73.8848, 40.60515 ], [ -73.88463, 40.6052 ], [ -73.88452, 40.60537 ], [ -73.88397, 40.60556 ], [ -73.88299, 40.60462 ], [ -73.88272, 40.60419 ], [ -73.88301, 40.60375 ], [ -73.88295, 40.60347 ], [ -73.88339, 40.60302 ], [ -73.88336, 40.60287 ], [ -73.88309, 40.60219 ], [ -73.8827, 40.60171 ], [ -73.88266, 40.60124 ], [ -73.88236, 40.60066 ], [ -73.8823, 40.60018 ], [ -73.88181, 40.59937 ], [ -73.88182, 40.59916 ], [ -73.88168, 40.59888 ], [ -73.88175, 40.59846 ], [ -73.88167, 40.59792 ], [ -73.88143, 40.59727 ], [ -73.88084, 40.59634 ], [ -73.88087, 40.59544 ], [ -73.88079, 40.59476 ], [ -73.87991, 40.59206 ], [ -73.87942, 40.59214 ], [ -73.8799, 40.59203 ], [ -73.87972, 40.59141 ], [ -73.87936, 40.59085 ], [ -73.87897, 40.59091 ], [ -73.87893, 40.59072 ], [ -73.87929, 40.59067 ], [ -73.87924, 40.59027 ], [ -73.879, 40.59004 ], [ -73.87897, 40.58991 ], [ -73.87897, 40.58974 ], [ -73.87914, 40.58938 ], [ -73.87883, 40.58815 ], [ -73.87817, 40.58682 ], [ -73.87672, 40.58492 ], [ -73.8797, 40.58014 ], [ -73.88174, 40.5796 ], [ -73.88187, 40.57946 ], [ -73.88175, 40.57917 ], [ -73.88207, 40.57908 ], [ -73.88257, 40.57912 ], [ -73.88307, 40.57905 ], [ -73.88352, 40.57889 ], [ -73.88391, 40.57864 ], [ -73.88614, 40.57814 ], [ -73.8877, 40.57807 ] ] ] } },
{ "type": "Feature", "properties": { "name": "Bath Beach" }, "geometry": { "type": "Polygon", "coordinates": [ [ [ -73.99559, 40.60024 ], [ -74.00204, 40.59407 ], [ -74.00345, 40.59585 ], [ -74.00512, 40.59723 ], [ -74.00922, 40.59985 ], [ -74.01047, 40.60051 ], [ -74.01237, 40.60136 ], [ -74.01473, 40.60207 ], [ -74.01714, 40.60247 ], [ -74.01799, 40.6025 ], [ -74.01832, 40.60243 ], [ -74.01914, 40.60262 ], [ -74.01943, 40.60288 ], [ -74.01823, 40.60412 ], [ -74.01812, 40.60432 ], [ -74.0155, 40.60685 ], [ -74.01702, 40.60766 ], [ -74.01051, 40.6139 ], [ -74.0079, 40.61233 ], [ -74.00095, 40.60865 ], [ -74.00265, 40.60727 ], [ -74.00494, 40.60508 ], [ -74.00032, 40.60263 ], [ -74.00002, 40.60292 ], [ -73.99559, 40.60024 ] ] ] } },
{ "type": "Feature", "properties": { "name": "Bay Ridge" }, "geometry": { "type": "Polygon", "coordinates": [ [ [ -74.03264, 40.6438 ], [ -74.02983, 40.64233 ], [ -74.02906, 40.64173 ], [ -74.0289, 40.64122 ], [ -74.02718, 40.64045 ], [ -74.02624, 40.64013 ], [ -74.02695, 40.63945 ], [ -74.02476, 40.63813 ], [ -74.02355, 40.63933 ], [ -74.0234, 40.63969 ], [ -74.02322, 40.63991 ], [ -74.02228, 40.6407 ], [ -74.02112, 40.64152 ], [ -74.02165, 40.64061 ], [ -74.02185, 40.63982 ], [ -74.02169, 40.63984 ], [ -74.0216, 40.63909 ], [ -74.02128, 40.6385 ], [ -74.02086, 40.63805 ], [ -74.02006, 40.63745 ], [ -74.01792, 40.63624 ], [ -74.01678, 40.63544 ], [ -74.01616, 40.63468 ], [ -74.01595, 40.63413 ], [ -74.01586, 40.6334 ], [ -74.0156, 40.63353 ], [ -74.01515, 40.63323 ], [ -74.01784, 40.6266 ], [ -74.01915, 40.62366 ], [ -74.01905, 40.62361 ], [ -74.01971, 40.62219 ], [ -74.02009, 40.62243 ], [ -74.02036, 40.62213 ], [ -74.02043, 40.62217 ], [ -74.02062, 40.62181 ], [ -74.02288, 40.61947 ], [ -74.02122, 40.61848 ], [ -74.02145, 40.61804 ], [ -74.02478, 40.6097 ], [ -74.02711, 40.61025 ], [ -74.02638, 40.61246 ], [ -74.02653, 40.61243 ], [ -74.02754, 40.61295 ], [ -74.02575, 40.61607 ], [ -74.02629, 40.61634 ], [ -74.02839, 40.61426 ], [ -74.02897, 40.61352 ], [ -74.03012, 40.61261 ], [ -74.03093, 40.6116 ], [ -74.03145, 40.61113 ], [ -74.03192, 40.61083 ], [ -74.03306, 40.61037 ], [ -74.03315, 40.61024 ], [ -74.03604, 40.6093 ], [ -74.03659, 40.61065 ], [ -74.03691, 40.6112 ], [ -74.03736, 40.6117 ], [ -74.03903, 40.61317 ], [ -74.04013, 40.6148 ], [ -74.04048, 40.61563 ], [ -74.04138, 40.62 ], [ -74.0416, 40.6205 ], [ -74.04158, 40.62128 ], [ -74.04175, 40.62247 ], [ -74.04171, 40.62331 ], [ -74.04187, 40.62386 ], [ -74.04189, 40.62438 ], [ -74.04168, 40.62539 ], [ -74.0413, 40.62901 ], [ -74.04109, 40.62973 ], [ -74.04107, 40.63018 ], [ -74.04066, 40.6309 ], [ -74.0393, 40.63389 ], [ -74.03681, 40.63899 ], [ -74.03876, 40.6396 ], [ -74.03869, 40.63975 ], [ -74.03673, 40.63915 ], [ -74.0362, 40.64002 ], [ -74.03571, 40.64065 ], [ -74.03598, 40.64095 ], [ -74.03674, 40.64148 ], [ -74.0367, 40.64169 ], [ -74.03445, 40.64384 ], [ -74.03454, 40.64388 ], [ -74.03407, 40.64432 ], [ -74.03288, 40.64359 ], [ -74.03264, 40.6438 ] ] ] } },
{ "type": "Feature", "properties": { "name": "Bay Terrace-Clearview" }, "geometry": { "type": "Polygon", "coordinates": [ [ [ -73.78172, 40.79054 ], [ -73.78121, 40.7896 ], [ -73.77966, 40.78907 ], [ -73.77796, 40.78837 ], [ -73.7741, 40.7863 ], [ -73.77408, 40.78593 ], [ -73.77161, 40.783 ], [ -73.76931, 40.78079 ], [ -73.76834, 40.77964 ], [ -73.76816, 40.77964 ], [ -73.7682, 40.77945 ], [ -73.76716, 40.77979 ], [ -73.76721, 40.77988 ], [ -73.767, 40.77994 ], [ -73.76707, 40.78008 ], [ -73.76703, 40.78009 ], [ -73.76689, 40.77979 ], [ -73.76678, 40.77982 ], [ -73.76816, 40.77941 ], [ -73.76761, 40.77831 ], [ -73.76816, 40.77813 ], [ -73.76861, 40.7791 ], [ -73.77554, 40.77703 ], [ -73.77584, 40.77862 ], [ -73.77948, 40.77767 ], [ -73.78827, 40.77508 ], [ -73.79164, 40.77425 ], [ -73.79365, 40.77337 ], [ -73.79566, 40.77304 ], [ -73.79742, 40.77402 ], [ -73.79853, 40.7752 ], [ -73.80379, 40.77562 ], [ -73.80303, 40.78095 ], [ -73.80325, 40.78128 ], [ -73.803, 40.78142 ], [ -73.80242, 40.78603 ], [ -73.79783, 40.78585 ], [ -73.79685, 40.78592 ], [ -73.79494, 40.78628 ], [ -73.7939, 40.78664 ], [ -73.79058, 40.78814 ], [ -73.79186, 40.78931 ], [ -73.791, 40.78995 ], [ -73.79028, 40.79033 ], [ -73.78931, 40.79039 ], [ -73.7875, 40.79032 ], [ -73.78568, 40.79035 ], [ -73.78384, 40.79065 ], [ -73.78318, 40.79087 ], [ -73.78253, 40.79129 ], [ -73.78252, 40.79136 ], [ -73.78441, 40.79168 ], [ -73.78434, 40.79176 ], [ -73.78227, 40.79138 ], [ -73.78175, 40.79114 ], [ -73.78172, 40.79054 ] ] ] } },
{ "type": "Feature", "properties": { "name": "Bayside" }, "geometry": { "type": "Polygon", "coordinates": [ [ [ -73.76761, 40.77831 ], [ -73.76762, 40.778 ], [ -73.76709, 40.77685 ], [ -73.76633, 40.77585 ], [ -73.76573, 40.77461 ], [ -73.76511, 40.77381 ], [ -73.76418, 40.77284 ], [ -73.76126, 40.7704 ], [ -73.76061, 40.76977 ], [ -73.76044, 40.76949 ], [ -73.7596, 40.76873 ], [ -73.75894, 40.76834 ], [ -73.75881, 40.76819 ], [ -73.75883, 40.76778 ], [ -73.75864, 40.76737 ], [ -73.75787, 40.76695 ], [ -73.75761, 40.76698 ], [ -73.75739, 40.76717 ], [ -73.75703, 40.76683 ], [ -73.75641, 40.76652 ], [ -73.7565, 40.76635 ], [ -73.75629, 40.76635 ], [ -73.75602, 40.76647 ], [ -73.75547, 40.76637 ], [ -73.75494, 40.7661 ], [ -73.7541, 40.76536 ], [ -73.75377, 40.76531 ], [ -73.75468, 40.76495 ], [ -73.75567, 40.7647 ], [ -73.7592, 40.76434 ], [ -73.75887, 40.76328 ], [ -73.75836, 40.76351 ], [ -73.75785, 40.76258 ], [ -73.75785, 40.76238 ], [ -73.75803, 40.76212 ], [ -73.75848, 40.762 ], [ -73.758, 40.76039 ], [ -73.75682, 40.75974 ], [ -73.75626, 40.75844 ], [ -73.75584, 40.75775 ], [ -73.75557, 40.75829 ], [ -73.75512, 40.75849 ], [ -73.75405, 40.75852 ], [ -73.75321, 40.75825 ], [ -73.7523, 40.75946 ], [ -73.75116, 40.75908 ], [ -73.75058, 40.75802 ], [ -73.75005, 40.75841 ], [ -73.7481, 40.75591 ], [ -73.74711, 40.75418 ], [ -73.74774, 40.75386 ], [ -73.7471, 40.75236 ], [ -73.74681, 40.75204 ], [ -73.74779, 40.75147 ], [ -73.74903, 40.75099 ], [ -73.75033, 40.75067 ], [ -73.75037, 40.75079 ], [ -73.75231, 40.75047 ], [ -73.75759, 40.74916 ], [ -73.76058, 40.74786 ], [ -73.7614, 40.74758 ], [ -73.76863, 40.74559 ], [ -73.76948, 40.74526 ], [ -73.77164, 40.74421 ], [ -73.77193, 40.7448 ], [ -73.77174, 40.74485 ], [ -73.77417, 40.74989 ], [ -73.77433, 40.74984 ], [ -73.77565, 40.75264 ], [ -73.7768, 40.75608 ], [ -73.77778, 40.75963 ], [ -73.77838, 40.76123 ], [ -73.78309, 40.77012 ], [ -73.78401, 40.77201 ], [ -73.78448, 40.77396 ], [ -73.78459, 40.77615 ], [ -73.77948, 40.77767 ], [ -73.77584, 40.77862 ], [ -73.77554, 40.77703 ], [ -73.76861, 40.7791 ], [ -73.76816, 40.77813 ], [ -73.76761, 40.77831 ] ] ] } },
{ "type": "Feature", "properties": { "name": "Bedford Park" }, "geometry": { "type": "Polygon", "coordinates": [ [ [ -73.88713, 40.88282 ], [ -73.88717, 40.88258 ], [ -73.88595, 40.88052 ], [ -73.88568, 40.87888 ], [ -73.88528, 40.87923 ], [ -73.88346, 40.87606 ], [ -73.8834, 40.87395 ], [ -73.88319, 40.8734 ], [ -73.88256, 40.87247 ], [ -73.88147, 40.86858 ], [ -73.88683, 40.8654 ], [ -73.88812, 40.86426 ], [ -73.8889, 40.86476 ], [ -73.89016, 40.86348 ], [ -73.89323, 40.86528 ], [ -73.89347, 40.86539 ], [ -73.89372, 40.8653 ], [ -73.89386, 40.86576 ], [ -73.89412, 40.86595 ], [ -73.89631, 40.86705 ], [ -73.8974, 40.86748 ], [ -73.89656, 40.86857 ], [ -73.89892, 40.86967 ], [ -73.89779, 40.87086 ], [ -73.89782, 40.87197 ], [ -73.89811, 40.87312 ], [ -73.89844, 40.87377 ], [ -73.89874, 40.87401 ], [ -73.89915, 40.87415 ], [ -73.89986, 40.87421 ], [ -73.90022, 40.8744 ], [ -73.90041, 40.87473 ], [ -73.90042, 40.87513 ], [ -73.89981, 40.87641 ], [ -73.89905, 40.87712 ], [ -73.89827, 40.87829 ], [ -73.89751, 40.87895 ], [ -73.89703, 40.87953 ], [ -73.89669, 40.88016 ], [ -73.89657, 40.88126 ], [ -73.89638, 40.88183 ], [ -73.89553, 40.88246 ], [ -73.89458, 40.88294 ], [ -73.8942, 40.88303 ], [ -73.89325, 40.88275 ], [ -73.89275, 40.88271 ], [ -73.89218, 40.88245 ], [ -73.89163, 40.88235 ], [ -73.88801, 40.88284 ], [ -73.88797, 40.88291 ], [ -73.88713, 40.88282 ] ] ] } },
{ "type": "Feature", "properties": { "name": "Bedford-Stuyvesant (East)" }, "geometry": { "type": "Polygon", "coordinates": [ [ [ -73.94193, 40.70073 ], [ -73.91805, 40.68722 ], [ -73.9163, 40.67859 ], [ -73.92165, 40.67888 ], [ -73.92182, 40.67703 ], [ -73.94414, 40.67825 ], [ -73.94397, 40.6801 ], [ -73.94033, 40.6799 ], [ -73.94439, 40.70043 ], [ -73.94193, 40.70073 ] ] ] } },
{ "type": "Feature", "properties": { "name": "Bedford-Stuyvesant (West)" }, "geometry": { "type": "Polygon", "coordinates": [ [ [ -73.94414, 40.67825 ], [ -73.95205, 40.67868 ], [ -73.95531, 40.67928 ], [ -73.9553, 40.67921 ], [ -73.96135, 40.68047 ], [ -73.96127, 40.68053 ], [ -73.96167, 40.6827 ], [ -73.95884, 40.68303 ], [ -73.96029, 40.69035 ], [ -73.95943, 40.69046 ], [ -73.96105, 40.69833 ], [ -73.95702, 40.69898 ], [ -73.94439, 40.70043 ], [ -73.94033, 40.6799 ], [ -73.94397, 40.6801 ], [ -73.94414, 40.67825 ] ] ] } },
{ "type": "Feature", "properties": { "name": "Bellerose" }, "geometry": { "type": "Polygon", "coordinates": [ [ [ -73.7105, 40.72724 ], [ -73.71693, 40.72639 ], [ -73.72567, 40.72405 ], [ -73.72816, 40.72309 ], [ -73.72837, 40.72362 ], [ -73.72991, 40.72328 ], [ -73.73147, 40.72742 ], [ -73.74556, 40.73065 ], [ -73.7463, 40.73119 ], [ -73.74649, 40.73142 ], [ -73.74666, 40.73182 ], [ -73.74674, 40.73259 ], [ -73.74306, 40.73549 ], [ -73.7416, 40.73692 ], [ -73.73996, 40.73893 ], [ -73.73901, 40.73986 ], [ -73.73804, 40.74054 ], [ -73.73432, 40.7425 ], [ -73.73321, 40.74321 ], [ -73.73253, 40.74377 ], [ -73.73233, 40.74365 ], [ -73.73096, 40.74487 ], [ -73.72922, 40.74696 ], [ -73.72865, 40.74808 ], [ -73.72829, 40.74747 ], [ -73.72795, 40.74895 ], [ -73.72768, 40.74965 ], [ -73.72627, 40.74931 ], [ -73.7234, 40.7504 ], [ -73.72259, 40.74886 ], [ -73.7201, 40.74978 ], [ -73.7195, 40.7485 ], [ -73.71892, 40.7469 ], [ -73.71545, 40.73923 ], [ -73.71477, 40.73791 ], [ -73.71148, 40.73251 ], [ -73.71075, 40.73053 ], [ -73.7105, 40.72724 ] ] ] } },
{ "type": "Feature", "properties": { "name": "Belmont" }, "geometry": { "type": "Polygon", "coordinates": [ [ [ -73.88363, 40.86727 ], [ -73.88268, 40.8661 ], [ -73.88344, 40.86562 ], [ -73.88377, 40.86532 ], [ -73.88397, 40.86483 ], [ -73.88393, 40.86443 ], [ -73.8838, 40.86418 ], [ -73.88201, 40.86206 ], [ -73.88193, 40.8621 ], [ -73.88074, 40.86113 ], [ -73.88059, 40.86089 ], [ -73.88051, 40.86049 ], [ -73.88052, 40.86035 ], [ -73.88061, 40.86037 ], [ -73.88101, 40.85828 ], [ -73.88073, 40.85668 ], [ -73.88312, 40.84823 ], [ -73.88736, 40.85088 ], [ -73.88824, 40.85104 ], [ -73.88997, 40.85211 ], [ -73.88989, 40.85223 ], [ -73.8899, 40.85267 ], [ -73.88963, 40.85318 ], [ -73.88961, 40.85363 ], [ -73.89039, 40.8547 ], [ -73.89217, 40.85278 ], [ -73.89421, 40.85386 ], [ -73.894, 40.85426 ], [ -73.89535, 40.8547 ], [ -73.89545, 40.85453 ], [ -73.89644, 40.85492 ], [ -73.89322, 40.85988 ], [ -73.89138, 40.86171 ], [ -73.89177, 40.86188 ], [ -73.8889, 40.86476 ], [ -73.88812, 40.86426 ], [ -73.88683, 40.8654 ], [ -73.88363, 40.86727 ] ] ] } },
{ "type": "Feature", "properties": { "name": "Bensonhurst" }, "geometry": { "type": "Polygon", "coordinates": [ [ [ -73.99433, 40.62535 ], [ -73.9857, 40.62014 ], [ -73.98628, 40.61957 ], [ -73.97478, 40.61265 ], [ -73.97403, 40.60871 ], [ -73.98842, 40.60713 ], [ -73.98913, 40.60646 ], [ -73.98685, 40.60511 ], [ -73.98869, 40.60343 ], [ -73.99087, 40.60478 ], [ -73.99559, 40.60024 ], [ -74.00002, 40.60292 ], [ -74.00032, 40.60263 ], [ -74.00494, 40.60508 ], [ -74.00265, 40.60727 ], [ -74.00095, 40.60865 ], [ -74.0079, 40.61233 ], [ -74.01051, 40.6139 ], [ -73.99932, 40.62466 ], [ -73.99772, 40.62369 ], [ -73.99679, 40.62683 ], [ -73.99508, 40.62581 ], [ -73.99465, 40.62571 ], [ -73.99489, 40.62547 ], [ -73.99433, 40.62535 ] ] ] } },
{ "type": "Feature", "properties": { "name": "Borough Park" }, "geometry": { "type": "Polygon", "coordinates": [ [ [ -73.97605, 40.63128 ], [ -73.97717, 40.63075 ], [ -73.97658, 40.62758 ], [ -73.97679, 40.62755 ], [ -73.97753, 40.62799 ], [ -73.98215, 40.62354 ], [ -73.9844, 40.6249 ], [ -73.9861, 40.62319 ], [ -73.9883, 40.62452 ], [ -73.99009, 40.6228 ], [ -73.99433, 40.62535 ], [ -73.99489, 40.62547 ], [ -73.99465, 40.62571 ], [ -73.99508, 40.62581 ], [ -73.99679, 40.62683 ], [ -73.99724, 40.6253 ], [ -74.00252, 40.62848 ], [ -74.00193, 40.62904 ], [ -74.00702, 40.63212 ], [ -73.98835, 40.64457 ], [ -73.983, 40.64133 ], [ -73.98042, 40.64239 ], [ -73.97911, 40.63545 ], [ -73.97689, 40.63568 ], [ -73.97605, 40.63128 ] ] ] } },
{ "type": "Feature", "properties": { "name": "Breezy Point-Belle Harbor-Rockaway Park-Broad Channel" }, "geometry": { "type": "MultiPolygon", "coordinates": [ [ [ [ -73.88337, 40.56834 ], [ -73.88313, 40.56839 ], [ -73.88276, 40.56758 ], [ -73.90333, 40.56185 ], [ -73.90807, 40.5608 ], [ -73.9101, 40.56078 ], [ -73.90995, 40.56051 ], [ -73.91008, 40.55732 ], [ -73.9099, 40.55713 ], [ -73.90989, 40.55668 ], [ -73.91317, 40.55635 ], [ -73.91361, 40.55648 ], [ -73.92099, 40.55628 ], [ -73.92207, 40.55516 ], [ -73.92644, 40.55387 ], [ -73.92734, 40.55352 ], [ -73.92826, 40.55338 ], [ -73.9291, 40.5531 ], [ -73.92966, 40.55413 ], [ -73.92982, 40.55408 ], [ -73.93057, 40.55553 ], [ -73.93043, 40.55559 ], [ -73.93119, 40.55702 ], [ -73.93167, 40.55686 ], [ -73.93222, 40.55768 ], [ -73.93178, 40.55791 ], [ -73.92879, 40.55993 ], [ -73.92758, 40.56056 ], [ -73.92616, 40.56156 ], [ -73.9253, 40.56182 ], [ -73.92422, 40.56201 ], [ -73.9233, 40.5621 ], [ -73.92108, 40.56209 ], [ -73.92037, 40.56223 ], [ -73.9202, 40.56254 ], [ -73.92026, 40.56262 ], [ -73.92012, 40.56265 ], [ -73.9201, 40.56258 ], [ -73.92033, 40.56223 ], [ -73.91766, 40.56283 ], [ -73.9168, 40.56319 ], [ -73.91519, 40.5641 ], [ -73.91455, 40.56436 ], [ -73.91387, 40.56462 ], [ -73.91313, 40.56465 ], [ -73.9122, 40.56506 ], [ -73.91216, 40.56498 ], [ -73.91188, 40.565 ], [ -73.91193, 40.56512 ], [ -73.91196, 40.56582 ], [ -73.91215, 40.56579 ], [ -73.91216, 40.56584 ], [ -73.91174, 40.56588 ], [ -73.91174, 40.56582 ], [ -73.91193, 40.56582 ], [ -73.91186, 40.565 ], [ -73.91145, 40.56511 ], [ -73.91108, 40.56506 ], [ -73.9108, 40.56512 ], [ -73.9108, 40.56505 ], [ -73.9101, 40.56496 ], [ -73.91004, 40.5648 ], [ -73.90977, 40.56531 ], [ -73.90972, 40.5653 ], [ -73.91002, 40.56479 ], [ -73.90976, 40.56429 ], [ -73.90928, 40.56401 ], [ -73.90873, 40.56394 ], [ -73.90821, 40.564 ], [ -73.908, 40.56417 ], [ -73.90792, 40.56416 ], [ -73.90788, 40.56407 ], [ -73.90809, 40.56373 ], [ -73.90799, 40.56345 ], [ -73.90775, 40.56331 ], [ -73.90745, 40.56326 ], [ -73.90709, 40.56299 ], [ -73.90665, 40.56279 ], [ -73.90595, 40.5627 ], [ -73.9047, 40.56284 ], [ -73.90371, 40.56312 ], [ -73.90287, 40.56352 ], [ -73.90271, 40.56313 ], [ -73.90252, 40.56296 ], [ -73.90219, 40.5628 ], [ -73.90171, 40.56275 ], [ -73.90069, 40.56296 ], [ -73.90001, 40.56322 ], [ -73.89613, 40.56537 ], [ -73.89582, 40.56563 ], [ -73.89534, 40.56634 ], [ -73.89567, 40.56704 ], [ -73.89559, 40.56704 ], [ -73.89545, 40.56687 ], [ -73.89519, 40.56692 ], [ -73.89505, 40.5672 ], [ -73.89413, 40.56783 ], [ -73.89314, 40.5684 ], [ -73.89261, 40.5686 ], [ -73.8905, 40.56819 ], [ -73.89017, 40.56824 ], [ -73.89002, 40.5681 ], [ -73.8896, 40.56795 ], [ -73.88911, 40.56792 ], [ -73.88866, 40.56798 ], [ -73.88837, 40.56815 ], [ -73.88834, 40.56807 ], [ -73.88819, 40.56804 ], [ -73.88786, 40.56805 ], [ -73.88655, 40.56848 ], [ -73.88593, 40.56849 ], [ -73.88534, 40.56861 ], [ -73.8849, 40.56851 ], [ -73.88431, 40.5687 ], [ -73.88489, 40.56848 ], [ -73.88476, 40.5683 ], [ -73.88464, 40.56835 ], [ -73.88468, 40.56845 ], [ -73.88463, 40.56838 ], [ -73.88434, 40.5685 ], [ -73.8843, 40.56845 ], [ -73.88474, 40.56828 ], [ -73.88446, 40.5679 ], [ -73.88417, 40.56801 ], [ -73.88426, 40.56817 ], [ -73.88415, 40.56802 ], [ -73.88399, 40.56807 ], [ -73.88407, 40.5682 ], [ -73.88398, 40.56807 ], [ -73.88379, 40.56813 ], [ -73.88402, 40.56851 ], [ -73.88378, 40.56814 ], [ -73.88358, 40.56822 ], [ -73.88369, 40.5684 ], [ -73.88348, 40.56848 ], [ -73.8837, 40.56884 ], [ -73.88391, 40.56891 ], [ -73.88369, 40.56885 ], [ -73.88337, 40.56834 ] ] ], [ [ [ -73.82404, 40.58564 ], [ -73.8226, 40.58316 ], [ -73.82192, 40.58211 ], [ -73.82155, 40.58168 ], [ -73.82134, 40.58127 ], [ -73.82229, 40.5811 ], [ -73.82496, 40.58015 ], [ -73.8267, 40.57967 ], [ -73.82718, 40.57945 ], [ -73.82957, 40.57879 ], [ -73.83017, 40.57876 ], [ -73.8309, 40.5785 ], [ -73.83146, 40.57843 ], [ -73.83387, 40.57766 ], [ -73.83779, 40.57593 ], [ -73.84378, 40.5739 ], [ -73.84995, 40.5716 ], [ -73.85128, 40.57118 ], [ -73.8522, 40.57075 ], [ -73.85358, 40.57035 ], [ -73.85397, 40.57032 ], [ -73.85472, 40.56994 ], [ -73.8572, 40.56911 ], [ -73.85827, 40.56863 ], [ -73.86022, 40.56793 ], [ -73.86255, 40.56682 ], [ -73.86287, 40.56684 ], [ -73.86309, 40.56761 ], [ -73.86407, 40.56931 ], [ -73.86447, 40.56915 ], [ -73.86454, 40.56925 ], [ -73.86668, 40.573 ], [ -73.86457, 40.5737 ], [ -73.86449, 40.57355 ], [ -73.86361, 40.57383 ], [ -73.86335, 40.57403 ], [ -73.86397, 40.57504 ], [ -73.86341, 40.57532 ], [ -73.86275, 40.57587 ], [ -73.86288, 40.57607 ], [ -73.85306, 40.58126 ], [ -73.85045, 40.58214 ], [ -73.84861, 40.5822 ], [ -73.84521, 40.58159 ], [ -73.83936, 40.58187 ], [ -73.83913, 40.58211 ], [ -73.83896, 40.58258 ], [ -73.83854, 40.58274 ], [ -73.83855, 40.5828 ], [ -73.83829, 40.58272 ], [ -73.83584, 40.58289 ], [ -73.82853, 40.58486 ], [ -73.82826, 40.58576 ], [ -73.82804, 40.58606 ], [ -73.82525, 40.58691 ], [ -73.82466, 40.58546 ], [ -73.82404, 40.58564 ] ] ], [ [ [ -73.81653, 40.61496 ], [ -73.81659, 40.61475 ], [ -73.81655, 40.61448 ], [ -73.81643, 40.61429 ], [ -73.81624, 40.61424 ], [ -73.81472, 40.6145 ], [ -73.81444, 40.61476 ], [ -73.81421, 40.61471 ], [ -73.81408, 40.61457 ], [ -73.81417, 40.6143 ], [ -73.81468, 40.61398 ], [ -73.81487, 40.61402 ], [ -73.81486, 40.61431 ], [ -73.81504, 40.61431 ], [ -73.8155, 40.61405 ], [ -73.81536, 40.61394 ], [ -73.81537, 40.61384 ], [ -73.815, 40.61359 ], [ -73.8148, 40.6132 ], [ -73.81504, 40.61298 ], [ -73.81524, 40.61299 ], [ -73.81528, 40.61321 ], [ -73.81547, 40.61335 ], [ -73.81572, 40.61328 ], [ -73.81589, 40.61303 ], [ -73.81616, 40.61295 ], [ -73.81605, 40.61277 ], [ -73.81603, 40.61237 ], [ -73.81586, 40.61203 ], [ -73.81582, 40.61161 ], [ -73.81564, 40.6112 ], [ -73.8156, 40.61068 ], [ -73.81541, 40.61039 ], [ -73.81504, 40.61073 ], [ -73.8145, 40.61107 ], [ -73.8145, 40.61074 ], [ -73.81521, 40.60982 ], [ -73.81477, 40.60886 ], [ -73.81476, 40.60847 ], [ -73.81487, 40.60803 ], [ -73.815, 40.60783 ], [ -73.81496, 40.60765 ], [ -73.81506, 40.60733 ], [ -73.81574, 40.60647 ], [ -73.81546, 40.60644 ], [ -73.81553, 40.60617 ], [ -73.81559, 40.60618 ], [ -73.81553, 40.60642 ], [ -73.81571, 40.60645 ], [ -73.81573, 40.60636 ], [ -73.81596, 40.60627 ], [ -73.81601, 40.60615 ], [ -73.81589, 40.60594 ], [ -73.81599, 40.60574 ], [ -73.81609, 40.60575 ], [ -73.81643, 40.60523 ], [ -73.81739, 40.60517 ], [ -73.81726, 40.60395 ], [ -73.81772, 40.60223 ], [ -73.81831, 40.60135 ], [ -73.81849, 40.5994 ], [ -73.81928, 40.59754 ], [ -73.82016, 40.59688 ], [ -73.82039, 40.59658 ], [ -73.82054, 40.59615 ], [ -73.82045, 40.59576 ], [ -73.8206, 40.59561 ], [ -73.82067, 40.5952 ], [ -73.82093, 40.59512 ], [ -73.8212, 40.59472 ], [ -73.82196, 40.59475 ], [ -73.82317, 40.59462 ], [ -73.82414, 40.59464 ], [ -73.82548, 40.59509 ], [ -73.82573, 40.59496 ], [ -73.82612, 40.59503 ], [ -73.82725, 40.59478 ], [ -73.8277, 40.59482 ], [ -73.82837, 40.59471 ], [ -73.82888, 40.59481 ], [ -73.82921, 40.59467 ], [ -73.83199, 40.59442 ], [ -73.83322, 40.59423 ], [ -73.83374, 40.59436 ], [ -73.83425, 40.59467 ], [ -73.83472, 40.59506 ], [ -73.83485, 40.59555 ], [ -73.83446, 40.59624 ], [ -73.8344, 40.59647 ], [ -73.8342, 40.59667 ], [ -73.83349, 40.59692 ], [ -73.83336, 40.59724 ], [ -73.83251, 40.59758 ], [ -73.8324, 40.59781 ], [ -73.83154, 40.59796 ], [ -73.83108, 40.5978 ], [ -73.83076, 40.59745 ], [ -73.83063, 40.59744 ], [ -73.8305, 40.5975 ], [ -73.83051, 40.59763 ], [ -73.83039, 40.59774 ], [ -73.82986, 40.59788 ], [ -73.82948, 40.59814 ], [ -73.82935, 40.59809 ], [ -73.8291, 40.59777 ], [ -73.82875, 40.59777 ], [ -73.82833, 40.59765 ], [ -73.82806, 40.59769 ], [ -73.82785, 40.59801 ], [ -73.82722, 40.59834 ], [ -73.8271, 40.59853 ], [ -73.82717, 40.59862 ], [ -73.8271, 40.5987 ], [ -73.8269, 40.59871 ], [ -73.82618, 40.59939 ], [ -73.82598, 40.59948 ], [ -73.82585, 40.59945 ], [ -73.82591, 40.59912 ], [ -73.82557, 40.59856 ], [ -73.82508, 40.59822 ], [ -73.82466, 40.59816 ], [ -73.82432, 40.59832 ], [ -73.82396, 40.59889 ], [ -73.82452, 40.59896 ], [ -73.82477, 40.5984 ], [ -73.82453, 40.59914 ], [ -73.82439, 40.59911 ], [ -73.82447, 40.59912 ], [ -73.82452, 40.59897 ], [ -73.82408, 40.59892 ], [ -73.82422, 40.59908 ], [ -73.82417, 40.59931 ], [ -73.82407, 40.5993 ], [ -73.82377, 40.60005 ], [ -73.82258, 40.5999 ], [ -73.82256, 40.59995 ], [ -73.82236, 40.59993 ], [ -73.82195, 40.59981 ], [ -73.82147, 40.6 ], [ -73.82172, 40.60013 ], [ -73.82235, 40.60023 ], [ -73.82261, 40.60019 ], [ -73.82444, 40.60035 ], [ -73.82445, 40.60081 ], [ -73.82431, 40.60079 ], [ -73.8243, 40.60086 ], [ -73.82399, 40.60101 ], [ -73.82388, 40.60126 ], [ -73.82354, 40.60157 ], [ -73.8235, 40.60178 ], [ -73.82368, 40.60205 ], [ -73.82362, 40.60229 ], [ -73.82307, 40.60235 ], [ -73.82295, 40.60259 ], [ -73.82277, 40.60421 ], [ -73.82278, 40.60454 ], [ -73.8229, 40.6047 ], [ -73.82282, 40.60495 ], [ -73.8226, 40.6051 ], [ -73.82247, 40.60553 ], [ -73.82291, 40.60586 ], [ -73.82236, 40.60648 ], [ -73.82225, 40.60643 ], [ -73.82212, 40.60648 ], [ -73.82168, 40.60683 ], [ -73.82127, 40.60701 ], [ -73.82119, 40.60729 ], [ -73.82089, 40.60765 ], [ -73.82091, 40.60779 ], [ -73.82003, 40.60893 ], [ -73.81994, 40.60934 ], [ -73.81998, 40.60957 ], [ -73.81981, 40.60984 ], [ -73.81962, 40.61049 ], [ -73.82052, 40.61196 ], [ -73.82044, 40.61208 ], [ -73.82058, 40.61224 ], [ -73.82088, 40.61227 ], [ -73.82109, 40.6119 ], [ -73.82099, 40.6117 ], [ -73.82111, 40.61144 ], [ -73.82126, 40.61132 ], [ -73.82129, 40.61111 ], [ -73.82106, 40.61077 ], [ -73.82063, 40.61054 ], [ -73.82049, 40.61023 ], [ -73.82086, 40.60924 ], [ -73.82115, 40.60907 ], [ -73.82138, 40.60855 ], [ -73.82162, 40.60849 ], [ -73.82176, 40.60862 ], [ -73.82168, 40.60872 ], [ -73.82183, 40.60897 ], [ -73.82167, 40.60924 ], [ -73.8218, 40.60941 ], [ -73.82186, 40.60988 ], [ -73.8221, 40.61017 ], [ -73.82233, 40.6103 ], [ -73.82254, 40.61024 ], [ -73.82289, 40.61035 ], [ -73.8232, 40.61095 ], [ -73.82401, 40.61164 ], [ -73.82395, 40.61186 ], [ -73.8241, 40.61233 ], [ -73.82235, 40.61427 ], [ -73.82142, 40.61506 ], [ -73.82076, 40.61524 ], [ -73.82017, 40.61519 ], [ -73.8175, 40.61422 ], [ -73.81653, 40.61496 ] ] ] ] } },
{ "type": "Feature", "properties": { "name": "Brighton Beach" }, "geometry": { "type": "Polygon", "coordinates": [ [ [ -73.9524, 40.57426 ], [ -73.95279, 40.57421 ], [ -73.95374, 40.57431 ], [ -73.954, 40.57427 ], [ -73.95408, 40.57408 ], [ -73.95414, 40.57434 ], [ -73.9557, 40.57434 ], [ -73.95635, 40.57422 ], [ -73.95635, 40.57381 ], [ -73.95647, 40.57415 ], [ -73.95657, 40.57418 ], [ -73.95844, 40.5741 ], [ -73.95897, 40.57396 ], [ -73.95899, 40.57344 ], [ -73.95907, 40.57385 ], [ -73.95939, 40.57392 ], [ -73.95942, 40.57519 ], [ -73.96575, 40.5748 ], [ -73.96757, 40.57489 ], [ -73.96766, 40.57505 ], [ -73.96826, 40.57505 ], [ -73.96889, 40.57527 ], [ -73.96868, 40.57564 ], [ -73.96662, 40.58458 ], [ -73.96344, 40.58467 ], [ -73.96026, 40.58504 ], [ -73.96015, 40.58358 ], [ -73.96005, 40.58328 ], [ -73.95911, 40.58286 ], [ -73.95734, 40.58303 ], [ -73.95723, 40.58315 ], [ -73.95646, 40.58267 ], [ -73.95414, 40.58311 ], [ -73.95392, 40.58188 ], [ -73.95381, 40.58176 ], [ -73.9524, 40.57426 ] ] ] } },
{ "type": "Feature", "properties": { "name": "Bronx Park" }, "geometry": { "type": "Polygon", "coordinates": [ [ [ -73.87056, 40.87152 ], [ -73.87041, 40.8638 ], [ -73.87058, 40.86141 ], [ -73.87108, 40.85739 ], [ -73.87089, 40.85728 ], [ -73.86955, 40.85773 ], [ -73.86842, 40.85779 ], [ -73.86989, 40.85598 ], [ -73.86991, 40.85578 ], [ -73.86869, 40.85231 ], [ -73.86847, 40.85198 ], [ -73.86855, 40.85179 ], [ -73.86825, 40.85097 ], [ -73.86953, 40.8487 ], [ -73.86956, 40.84803 ], [ -73.86889, 40.84812 ], [ -73.86942, 40.84752 ], [ -73.86988, 40.84663 ], [ -73.87007, 40.84656 ], [ -73.87036, 40.84663 ], [ -73.87034, 40.84654 ], [ -73.87054, 40.84627 ], [ -73.87097, 40.84597 ], [ -73.87117, 40.84478 ], [ -73.87137, 40.84462 ], [ -73.87172, 40.8446 ], [ -73.87186, 40.8445 ], [ -73.87211, 40.84371 ], [ -73.87311, 40.84326 ], [ -73.87402, 40.84255 ], [ -73.87459, 40.84153 ], [ -73.8768, 40.84231 ], [ -73.87818, 40.84263 ], [ -73.87734, 40.844 ], [ -73.88285, 40.84783 ], [ -73.88312, 40.84823 ], [ -73.88073, 40.85668 ], [ -73.88101, 40.85828 ], [ -73.88061, 40.86037 ], [ -73.88052, 40.86035 ], [ -73.88051, 40.86049 ], [ -73.88059, 40.86089 ], [ -73.88084, 40.86125 ], [ -73.88193, 40.8621 ], [ -73.88201, 40.86206 ], [ -73.8838, 40.86418 ], [ -73.88396, 40.86456 ], [ -73.88397, 40.86483 ], [ -73.88385, 40.86521 ], [ -73.88367, 40.86543 ], [ -73.88268, 40.8661 ], [ -73.8831, 40.86661 ], [ -73.87694, 40.86996 ], [ -73.87619, 40.87049 ], [ -73.87519, 40.87158 ], [ -73.87255, 40.87518 ], [ -73.87161, 40.87693 ], [ -73.87095, 40.87852 ], [ -73.86936, 40.87812 ], [ -73.87009, 40.87635 ], [ -73.87023, 40.87573 ], [ -73.87032, 40.87563 ], [ -73.87038, 40.87329 ], [ -73.87056, 40.87152 ] ] ] } },
{ "type": "Feature", "properties": { "name": "Brooklyn Heights" }, "geometry": { "type": "Polygon", "coordinates": [ [ [ -73.99237, 40.6897 ], [ -73.99992, 40.69178 ], [ -74.00162, 40.69256 ], [ -74.00175, 40.69242 ], [ -74.00096, 40.69408 ], [ -74.00027, 40.69497 ], [ -73.99941, 40.69637 ], [ -73.99953, 40.69658 ], [ -73.99948, 40.69671 ], [ -73.99918, 40.69689 ], [ -73.999, 40.69682 ], [ -73.99894, 40.69695 ], [ -73.99887, 40.69693 ], [ -73.99877, 40.69713 ], [ -73.99887, 40.69717 ], [ -73.9975, 40.69965 ], [ -73.99737, 40.69964 ], [ -73.99716, 40.6998 ], [ -73.99718, 40.70011 ], [ -73.99725, 40.70015 ], [ -73.99505, 40.70314 ], [ -73.99382, 40.70267 ], [ -73.99261, 40.70207 ], [ -73.99088, 40.70068 ], [ -73.99082, 40.70036 ], [ -73.99133, 40.69911 ], [ -73.99143, 40.69829 ], [ -73.99129, 40.6966 ], [ -73.99081, 40.69504 ], [ -73.99074, 40.69504 ], [ -73.99045, 40.69384 ], [ -73.99097, 40.69256 ], [ -73.98947, 40.6923 ], [ -73.98894, 40.69209 ], [ -73.98922, 40.69097 ], [ -73.99048, 40.68915 ], [ -73.99071, 40.68914 ], [ -73.99237, 40.6897 ] ] ] } },
{ "type": "Feature", "properties": { "name": "Brooklyn Navy Yard" }, "geometry": { "type": "MultiPolygon", "coordinates": [ [ [ [ -73.97067, 40.70727 ], [ -73.97054, 40.70732 ], [ -73.97026, 40.7069 ], [ -73.97049, 40.70541 ], [ -73.97017, 40.70537 ], [ -73.97018, 40.70494 ], [ -73.96762, 40.70336 ], [ -73.96752, 40.70345 ], [ -73.96748, 40.70396 ], [ -73.9693, 40.7051 ], [ -73.96924, 40.706 ], [ -73.96929, 40.7071 ], [ -73.96838, 40.70684 ], [ -73.96762, 40.70497 ], [ -73.96721, 40.70426 ], [ -73.96218, 40.70023 ], [ -73.96284, 40.69805 ], [ -73.96578, 40.69764 ], [ -73.98055, 40.69825 ], [ -73.98041, 40.70071 ], [ -73.98056, 40.70103 ], [ -73.98085, 40.7013 ], [ -73.98065, 40.70157 ], [ -73.98091, 40.70187 ], [ -73.98003, 40.70215 ], [ -73.98028, 40.70305 ], [ -73.97933, 40.70475 ], [ -73.97912, 40.70554 ], [ -73.97896, 40.70551 ], [ -73.97887, 40.70588 ], [ -73.97893, 40.7055 ], [ -73.97874, 40.70547 ], [ -73.97864, 40.70584 ], [ -73.9787, 40.70546 ], [ -73.97865, 40.7056 ], [ -73.97847, 40.70557 ], [ -73.9784, 40.70599 ], [ -73.97885, 40.70607 ], [ -73.97835, 40.70601 ], [ -73.97859, 40.70499 ], [ -73.97802, 40.7043 ], [ -73.97721, 40.70422 ], [ -73.97751, 40.70321 ], [ -73.97736, 40.70315 ], [ -73.9773, 40.7032 ], [ -73.97714, 40.70301 ], [ -73.97624, 40.70478 ], [ -73.97596, 40.70472 ], [ -73.97693, 40.70281 ], [ -73.97664, 40.70251 ], [ -73.97616, 40.70218 ], [ -73.97554, 40.70305 ], [ -73.97533, 40.70296 ], [ -73.97601, 40.70195 ], [ -73.9755, 40.70177 ], [ -73.9754, 40.70192 ], [ -73.97455, 40.7016 ], [ -73.9758, 40.69976 ], [ -73.97572, 40.69958 ], [ -73.97552, 40.69953 ], [ -73.97536, 40.69959 ], [ -73.97432, 40.7012 ], [ -73.97412, 40.70131 ], [ -73.97389, 40.70109 ], [ -73.97376, 40.70109 ], [ -73.97293, 40.7003 ], [ -73.97257, 40.70009 ], [ -73.97239, 40.70017 ], [ -73.97376, 40.70154 ], [ -73.97319, 40.70168 ], [ -73.97114, 40.69993 ], [ -73.97098, 40.69986 ], [ -73.97078, 40.69999 ], [ -73.97081, 40.70011 ], [ -73.97333, 40.70242 ], [ -73.97284, 40.70274 ], [ -73.96983, 40.70025 ], [ -73.96949, 40.70053 ], [ -73.97284, 40.70335 ], [ -73.97267, 40.70351 ], [ -73.96925, 40.70137 ], [ -73.96894, 40.70162 ], [ -73.96899, 40.70176 ], [ -73.97231, 40.70385 ], [ -73.97216, 40.70398 ], [ -73.97146, 40.70352 ], [ -73.9711, 40.70347 ], [ -73.97093, 40.70363 ], [ -73.97102, 40.70382 ], [ -73.97466, 40.70608 ], [ -73.97439, 40.70633 ], [ -73.97339, 40.70574 ], [ -73.97255, 40.70621 ], [ -73.97463, 40.70769 ], [ -73.97424, 40.70803 ], [ -73.97123, 40.7058 ], [ -73.9711, 40.70586 ], [ -73.97101, 40.70684 ], [ -73.97106, 40.70695 ], [ -73.97276, 40.70884 ], [ -73.97232, 40.70909 ], [ -73.97067, 40.70727 ] ] ], [ [ [ -73.97893, 40.70593 ], [ -73.97906, 40.70595 ], [ -73.97906, 40.70596 ], [ -73.97893, 40.70593 ] ] ] ] } },
{ "type": "Feature", "properties": { "name": "Brownsville" }, "geometry": { "type": "Polygon", "coordinates": [ [ [ -73.90348, 40.67551 ], [ -73.90043, 40.66382 ], [ -73.90145, 40.66367 ], [ -73.90066, 40.66059 ], [ -73.89989, 40.66065 ], [ -73.89965, 40.66074 ], [ -73.89879, 40.65742 ], [ -73.90049, 40.65716 ], [ -73.90119, 40.65652 ], [ -73.90251, 40.65566 ], [ -73.90318, 40.65532 ], [ -73.90784, 40.6546 ], [ -73.9074, 40.65285 ], [ -73.90856, 40.6521 ], [ -73.90934, 40.65282 ], [ -73.91012, 40.65586 ], [ -73.91237, 40.65552 ], [ -73.91819, 40.66073 ], [ -73.9191, 40.66424 ], [ -73.92166, 40.66385 ], [ -73.92439, 40.66639 ], [ -73.91996, 40.66833 ], [ -73.91942, 40.66841 ], [ -73.91923, 40.66864 ], [ -73.90842, 40.67332 ], [ -73.90451, 40.67506 ], [ -73.90439, 40.67521 ], [ -73.90348, 40.67551 ] ] ] } },
{ "type": "Feature", "properties": { "name": "Bushwick (East)" }, "geometry": { "type": "Polygon", "coordinates": [ [ [ -73.9014, 40.6916 ], [ -73.90311, 40.68985 ], [ -73.90488, 40.68774 ], [ -73.90534, 40.68683 ], [ -73.9045, 40.68631 ], [ -73.90576, 40.68401 ], [ -73.90281, 40.68235 ], [ -73.90286, 40.68095 ], [ -73.90262, 40.68067 ], [ -73.90405, 40.67923 ], [ -73.92778, 40.69277 ], [ -73.92648, 40.69415 ], [ -73.9275, 40.6947 ], [ -73.9265, 40.69572 ], [ -73.92425, 40.69444 ], [ -73.92083, 40.69793 ], [ -73.91932, 40.69707 ], [ -73.91632, 40.70013 ], [ -73.91406, 40.69885 ], [ -73.91142, 40.70149 ], [ -73.91068, 40.70105 ], [ -73.91181, 40.69996 ], [ -73.90426, 40.69571 ], [ -73.9058, 40.69414 ], [ -73.9014, 40.6916 ] ] ] } },
{ "type": "Feature", "properties": { "name": "Bushwick (West)" }, "geometry": { "type": "Polygon", "coordinates": [ [ [ -73.91142, 40.70149 ], [ -73.91406, 40.69885 ], [ -73.91632, 40.70013 ], [ -73.91932, 40.69707 ], [ -73.92083, 40.69793 ], [ -73.92425, 40.69444 ], [ -73.9265, 40.69572 ], [ -73.9275, 40.6947 ], [ -73.92648, 40.69415 ], [ -73.92778, 40.69277 ], [ -73.94193, 40.70073 ], [ -73.93395, 40.70268 ], [ -73.92665, 40.70554 ], [ -73.92609, 40.70569 ], [ -73.92189, 40.7094 ], [ -73.91181, 40.70344 ], [ -73.91291, 40.70237 ], [ -73.91142, 40.70149 ] ] ] } },
{ "type": "Feature", "properties": { "name": "Calvary & Mount Zion Cemeteries" }, "geometry": { "type": "Polygon", "coordinates": [ [ [ -73.91383, 40.74242 ], [ -73.90756, 40.74167 ], [ -73.90856, 40.73794 ], [ -73.91069, 40.73348 ], [ -73.90629, 40.73241 ], [ -73.90569, 40.73392 ], [ -73.90602, 40.73402 ], [ -73.90517, 40.73587 ], [ -73.90108, 40.73392 ], [ -73.90518, 40.72896 ], [ -73.90707, 40.72747 ], [ -73.91013, 40.72933 ], [ -73.91173, 40.72997 ], [ -73.91201, 40.72924 ], [ -73.91205, 40.72855 ], [ -73.91505, 40.72861 ], [ -73.91507, 40.72798 ], [ -73.91797, 40.72851 ], [ -73.91752, 40.73101 ], [ -73.91732, 40.73145 ], [ -73.91902, 40.7321 ], [ -73.91882, 40.73322 ], [ -73.91835, 40.73316 ], [ -73.91749, 40.73543 ], [ -73.9169, 40.73545 ], [ -73.91652, 40.73677 ], [ -73.91718, 40.73691 ], [ -73.91651, 40.73895 ], [ -73.9163, 40.73908 ], [ -73.91574, 40.7408 ], [ -73.91444, 40.74054 ], [ -73.91383, 40.74242 ] ] ] } },
{ "type": "Feature", "properties": { "name": "Calvert Vaux Park" }, "geometry": { "type": "Polygon", "coordinates": [ [ [ -73.98996, 40.58067 ], [ -73.9912, 40.58104 ], [ -73.99163, 40.58109 ], [ -73.99174, 40.58121 ], [ -73.99168, 40.58139 ], [ -73.99186, 40.58163 ], [ -73.99034, 40.58423 ], [ -73.99026, 40.58463 ], [ -73.99268, 40.5836 ], [ -73.9937, 40.58299 ], [ -73.99515, 40.58243 ], [ -73.9954, 40.58224 ], [ -73.99606, 40.58214 ], [ -73.9974, 40.58244 ], [ -73.99781, 40.58262 ], [ -74.00018, 40.58308 ], [ -74.00031, 40.58319 ], [ -74.00042, 40.58355 ], [ -74.00044, 40.58406 ], [ -74.00036, 40.58419 ], [ -73.99986, 40.58455 ], [ -73.99879, 40.58516 ], [ -73.99809, 40.58537 ], [ -73.99777, 40.58569 ], [ -73.99259, 40.58811 ], [ -73.9919, 40.58694 ], [ -73.99133, 40.58626 ], [ -73.99088, 40.58586 ], [ -73.98882, 40.58438 ], [ -73.98833, 40.58367 ], [ -73.9883, 40.58347 ], [ -73.98929, 40.58197 ], [ -73.98972, 40.58085 ], [ -73.98996, 40.58067 ] ] ] } },
{ "type": "Feature", "properties": { "name": "Cambria Heights" }, "geometry": { "type": "Polygon", "coordinates": [ [ [ -73.74078, 40.70269 ], [ -73.73431, 40.70249 ], [ -73.73427, 40.70323 ], [ -73.72777, 40.70303 ], [ -73.72678, 40.70307 ], [ -73.72673, 40.70215 ], [ -73.72679, 40.70195 ], [ -73.72666, 40.70112 ], [ -73.72655, 40.69899 ], [ -73.7262, 40.68899 ], [ -73.7258, 40.68436 ], [ -73.72586, 40.68325 ], [ -73.73744, 40.68671 ], [ -73.7376, 40.68637 ], [ -73.74747, 40.68933 ], [ -73.74723, 40.68972 ], [ -73.74729, 40.68975 ], [ -73.74624, 40.69129 ], [ -73.74468, 40.69342 ], [ -73.74427, 40.69427 ], [ -73.74359, 40.69622 ], [ -73.74508, 40.6964 ], [ -73.74618, 40.69613 ], [ -73.74773, 40.69956 ], [ -73.745, 40.70027 ], [ -73.74591, 40.7023 ], [ -73.74109, 40.70349 ], [ -73.7405, 40.70344 ], [ -73.74078, 40.70269 ] ] ] } },
{ "type": "Feature", "properties": { "name": "Canarsie" }, "geometry": { "type": "MultiPolygon", "coordinates": [ [ [ [ -73.89057, 40.64922 ], [ -73.89085, 40.64938 ], [ -73.89102, 40.64935 ], [ -73.89121, 40.64914 ], [ -73.89111, 40.64884 ], [ -73.88945, 40.64718 ], [ -73.88935, 40.64704 ], [ -73.88948, 40.64692 ], [ -73.8888, 40.64606 ], [ -73.88942, 40.6469 ], [ -73.88938, 40.64698 ], [ -73.88919, 40.64709 ], [ -73.88905, 40.64706 ], [ -73.88887, 40.64723 ], [ -73.88854, 40.64698 ], [ -73.88866, 40.64689 ], [ -73.8886, 40.64672 ], [ -73.88808, 40.64663 ], [ -73.8881, 40.64622 ], [ -73.88829, 40.64605 ], [ -73.888, 40.64604 ], [ -73.88741, 40.64534 ], [ -73.88792, 40.64508 ], [ -73.88809, 40.64517 ], [ -73.88806, 40.64513 ], [ -73.88791, 40.64501 ], [ -73.8873, 40.6452 ], [ -73.88709, 40.64493 ], [ -73.88691, 40.64448 ], [ -73.88679, 40.64445 ], [ -73.88679, 40.64453 ], [ -73.88655, 40.64432 ], [ -73.88623, 40.64396 ], [ -73.88624, 40.64383 ], [ -73.88603, 40.64367 ], [ -73.88585, 40.64366 ], [ -73.88469, 40.64313 ], [ -73.88374, 40.64246 ], [ -73.88079, 40.63977 ], [ -73.88077, 40.63959 ], [ -73.88595, 40.63624 ], [ -73.88289, 40.63344 ], [ -73.88453, 40.63204 ], [ -73.88748, 40.63013 ], [ -73.88891, 40.62992 ], [ -73.88952, 40.62937 ], [ -73.89011, 40.62898 ], [ -73.8921, 40.62867 ], [ -73.89227, 40.62912 ], [ -73.89082, 40.63086 ], [ -73.89277, 40.63182 ], [ -73.89955, 40.62747 ], [ -73.90012, 40.62702 ], [ -73.90146, 40.62524 ], [ -73.90371, 40.62623 ], [ -73.90413, 40.62631 ], [ -73.90825, 40.62826 ], [ -73.90912, 40.62856 ], [ -73.91446, 40.631 ], [ -73.91606, 40.63204 ], [ -73.91664, 40.63204 ], [ -73.9172, 40.63175 ], [ -73.9186, 40.63208 ], [ -73.91995, 40.64472 ], [ -73.90945, 40.65153 ], [ -73.90869, 40.65073 ], [ -73.90828, 40.65051 ], [ -73.90398, 40.64664 ], [ -73.89586, 40.65189 ], [ -73.89761, 40.65346 ], [ -73.89355, 40.65521 ], [ -73.89176, 40.65281 ], [ -73.89001, 40.65116 ], [ -73.89125, 40.65003 ], [ -73.89057, 40.64922 ] ] ], [ [ [ -73.88829, 40.64673 ], [ -73.88854, 40.6468 ], [ -73.88853, 40.64687 ], [ -73.88847, 40.64691 ], [ -73.88829, 40.64673 ] ] ] ] } },
{ "type": "Feature", "properties": { "name": "Canarsie Park & Pier" }, "geometry": { "type": "Polygon", "coordinates": [ [ [ -73.87908, 40.63831 ], [ -73.87905, 40.63844 ], [ -73.87897, 40.63847 ], [ -73.87864, 40.6383 ], [ -73.87839, 40.63791 ], [ -73.87858, 40.63753 ], [ -73.87842, 40.63747 ], [ -73.87781, 40.63689 ], [ -73.87715, 40.63598 ], [ -73.8775, 40.6354 ], [ -73.87794, 40.63503 ], [ -73.87821, 40.63458 ], [ -73.87999, 40.63352 ], [ -73.88038, 40.63299 ], [ -73.88127, 40.63238 ], [ -73.88198, 40.63218 ], [ -73.88216, 40.63201 ], [ -73.88302, 40.63163 ], [ -73.88365, 40.63095 ], [ -73.88377, 40.63023 ], [ -73.88346, 40.62992 ], [ -73.88405, 40.62957 ], [ -73.88263, 40.62828 ], [ -73.88369, 40.62757 ], [ -73.88513, 40.62884 ], [ -73.88572, 40.62845 ], [ -73.88601, 40.62865 ], [ -73.88634, 40.62868 ], [ -73.88753, 40.62834 ], [ -73.88829, 40.6279 ], [ -73.89042, 40.62629 ], [ -73.89149, 40.62449 ], [ -73.89301, 40.62336 ], [ -73.89327, 40.62342 ], [ -73.89352, 40.62336 ], [ -73.89534, 40.62248 ], [ -73.89554, 40.62252 ], [ -73.89552, 40.62263 ], [ -73.89562, 40.62268 ], [ -73.89583, 40.6227 ], [ -73.90146, 40.62524 ], [ -73.90012, 40.62702 ], [ -73.89955, 40.62747 ], [ -73.89277, 40.63182 ], [ -73.89082, 40.63086 ], [ -73.89227, 40.62912 ], [ -73.8921, 40.62867 ], [ -73.89011, 40.62898 ], [ -73.88952, 40.62937 ], [ -73.88891, 40.62992 ], [ -73.88748, 40.63013 ], [ -73.88453, 40.63204 ], [ -73.88289, 40.63344 ], [ -73.88595, 40.63624 ], [ -73.88077, 40.63959 ], [ -73.88055, 40.63917 ], [ -73.87954, 40.63823 ], [ -73.87936, 40.63819 ], [ -73.87908, 40.63831 ] ] ] } },
{ "type": "Feature", "properties": { "name": "Carroll Gardens-Cobble Hill-Gowanus-Red Hook" }, "geometry": { "type": "Polygon", "coordinates": [ [ [ -73.99237, 40.6897 ], [ -73.99393, 40.68646 ], [ -73.98913, 40.6846 ], [ -73.98828, 40.68588 ], [ -73.97962, 40.6825 ], [ -73.9839, 40.67616 ], [ -73.99277, 40.66552 ], [ -73.9947, 40.66667 ], [ -73.99585, 40.66798 ], [ -73.99598, 40.66801 ], [ -73.99648, 40.66893 ], [ -73.99662, 40.66886 ], [ -73.99855, 40.67193 ], [ -73.99931, 40.67078 ], [ -74.0003, 40.66873 ], [ -74.00106, 40.66895 ], [ -74.00142, 40.66837 ], [ -74.00222, 40.66859 ], [ -74.0029, 40.66736 ], [ -74.00319, 40.66727 ], [ -74.0037, 40.66744 ], [ -74.00363, 40.66758 ], [ -74.0051, 40.66798 ], [ -74.00553, 40.66791 ], [ -74.00587, 40.668 ], [ -74.006, 40.6679 ], [ -74.00678, 40.66619 ], [ -74.00687, 40.66614 ], [ -74.00684, 40.66606 ], [ -74.00696, 40.66605 ], [ -74.00476, 40.67073 ], [ -74.00544, 40.67093 ], [ -74.00662, 40.66863 ], [ -74.0068, 40.6686 ], [ -74.00755, 40.66706 ], [ -74.0078, 40.66717 ], [ -74.00709, 40.6686 ], [ -74.00986, 40.66853 ], [ -74.01154, 40.66509 ], [ -74.01575, 40.66458 ], [ -74.0169, 40.66485 ], [ -74.01745, 40.66528 ], [ -74.01789, 40.66586 ], [ -74.01858, 40.6704 ], [ -74.01876, 40.67108 ], [ -74.01934, 40.67163 ], [ -74.01888, 40.67161 ], [ -74.01751, 40.67104 ], [ -74.01669, 40.66545 ], [ -74.01649, 40.66494 ], [ -74.01603, 40.66487 ], [ -74.01594, 40.66548 ], [ -74.01228, 40.66574 ], [ -74.01088, 40.66861 ], [ -74.01036, 40.66865 ], [ -74.01034, 40.66909 ], [ -74.01056, 40.6692 ], [ -74.01091, 40.6692 ], [ -74.01087, 40.66972 ], [ -74.01154, 40.66979 ], [ -74.01162, 40.67012 ], [ -74.01152, 40.67042 ], [ -74.01163, 40.67059 ], [ -74.01406, 40.66971 ], [ -74.01425, 40.66974 ], [ -74.01424, 40.66982 ], [ -74.01175, 40.67067 ], [ -74.01189, 40.67085 ], [ -74.01208, 40.67094 ], [ -74.01237, 40.67096 ], [ -74.01262, 40.67085 ], [ -74.01355, 40.67127 ], [ -74.01392, 40.67118 ], [ -74.01428, 40.67139 ], [ -74.01508, 40.67069 ], [ -74.0152, 40.67076 ], [ -74.01387, 40.67189 ], [ -74.01423, 40.67214 ], [ -74.0156, 40.67098 ], [ -74.01569, 40.67105 ], [ -74.01298, 40.67334 ], [ -74.01337, 40.6736 ], [ -74.01512, 40.67217 ], [ -74.01632, 40.67292 ], [ -74.01458, 40.67442 ], [ -74.01497, 40.67469 ], [ -74.01817, 40.67195 ], [ -74.0188, 40.67226 ], [ -74.01727, 40.67362 ], [ -74.01775, 40.67406 ], [ -74.01795, 40.67389 ], [ -74.01801, 40.67392 ], [ -74.0178, 40.6741 ], [ -74.01818, 40.67447 ], [ -74.01802, 40.67502 ], [ -74.01793, 40.67508 ], [ -74.01799, 40.67513 ], [ -74.01784, 40.67527 ], [ -74.01815, 40.67548 ], [ -74.0183, 40.67547 ], [ -74.01841, 40.67537 ], [ -74.01817, 40.6753 ], [ -74.01839, 40.67511 ], [ -74.01852, 40.67528 ], [ -74.01878, 40.67505 ], [ -74.01889, 40.67511 ], [ -74.01841, 40.67553 ], [ -74.01854, 40.67578 ], [ -74.0185, 40.67585 ], [ -74.01799, 40.67593 ], [ -74.01788, 40.67624 ], [ -74.01792, 40.67652 ], [ -74.01798, 40.67658 ], [ -74.01911, 40.67655 ], [ -74.01912, 40.67662 ], [ -74.01977, 40.67662 ], [ -74.01995, 40.67711 ], [ -74.01908, 40.67715 ], [ -74.01918, 40.67784 ], [ -74.01843, 40.67792 ], [ -74.01841, 40.67842 ], [ -74.01954, 40.67831 ], [ -74.01966, 40.67839 ], [ -74.01955, 40.67849 ], [ -74.01943, 40.67841 ], [ -74.01841, 40.67845 ], [ -74.01842, 40.67856 ], [ -74.01827, 40.67856 ], [ -74.01828, 40.67874 ], [ -74.01838, 40.67875 ], [ -74.01858, 40.67899 ], [ -74.01953, 40.67897 ], [ -74.01928, 40.67966 ], [ -74.01893, 40.67985 ], [ -74.01899, 40.67991 ], [ -74.01773, 40.68067 ], [ -74.01747, 40.68062 ], [ -74.0152, 40.68199 ], [ -74.01532, 40.68212 ], [ -74.01282, 40.68363 ], [ -74.01214, 40.68291 ], [ -74.01411, 40.68172 ], [ -74.01361, 40.68123 ], [ -74.01388, 40.68102 ], [ -74.01302, 40.68042 ], [ -74.00967, 40.68328 ], [ -74.01077, 40.68437 ], [ -74.01178, 40.68377 ], [ -74.01193, 40.6839 ], [ -74.00798, 40.68628 ], [ -74.00777, 40.68626 ], [ -74.00702, 40.68653 ], [ -74.00644, 40.6863 ], [ -74.00588, 40.6862 ], [ -74.00563, 40.68679 ], [ -74.00459, 40.68822 ], [ -74.00382, 40.68894 ], [ -74.00298, 40.69043 ], [ -74.00196, 40.69014 ], [ -74.00185, 40.6904 ], [ -74.00096, 40.69014 ], [ -74.0007, 40.69062 ], [ -74.00133, 40.69147 ], [ -74.00197, 40.69185 ], [ -74.00162, 40.69256 ], [ -73.99992, 40.69178 ], [ -73.99237, 40.6897 ] ] ] } },
{ "type": "Feature", "properties": { "name": "Castle Hill-Unionport" }, "geometry": { "type": "MultiPolygon", "coordinates": [ [ [ [ -73.83595, 40.8189 ], [ -73.83604, 40.81779 ], [ -73.83644, 40.81782 ], [ -73.8364, 40.8189 ], [ -73.8365, 40.8187 ], [ -73.83666, 40.818 ], [ -73.83669, 40.81736 ], [ -73.83697, 40.81637 ], [ -73.83974, 40.81641 ], [ -73.8398, 40.81659 ], [ -73.83997, 40.81671 ], [ -73.84019, 40.8172 ], [ -73.84007, 40.81756 ], [ -73.84005, 40.81793 ], [ -73.83921, 40.8189 ], [ -73.83893, 40.81901 ], [ -73.83879, 40.81954 ], [ -73.83868, 40.8196 ], [ -73.83881, 40.81975 ], [ -73.83907, 40.81981 ], [ -73.83893, 40.82134 ], [ -73.83901, 40.82196 ], [ -73.83888, 40.82215 ], [ -73.83907, 40.82226 ], [ -73.83901, 40.82239 ], [ -73.83905, 40.8227 ], [ -73.83921, 40.82288 ], [ -73.83946, 40.82293 ], [ -73.83953, 40.82305 ], [ -73.83945, 40.82327 ], [ -73.83958, 40.82344 ], [ -73.83961, 40.82387 ], [ -73.83974, 40.82412 ], [ -73.84013, 40.82433 ], [ -73.84027, 40.82477 ], [ -73.84111, 40.82616 ], [ -73.84132, 40.82677 ], [ -73.84222, 40.82835 ], [ -73.84229, 40.82871 ], [ -73.83702, 40.82906 ], [ -73.83656, 40.82723 ], [ -73.836, 40.82361 ], [ -73.83595, 40.8189 ] ] ], [ [ [ -73.84849, 40.83453 ], [ -73.84728, 40.82932 ], [ -73.84585, 40.82892 ], [ -73.84505, 40.82881 ], [ -73.84544, 40.82849 ], [ -73.84532, 40.82843 ], [ -73.84423, 40.82852 ], [ -73.84399, 40.82844 ], [ -73.84292, 40.82863 ], [ -73.84272, 40.82828 ], [ -73.84253, 40.82754 ], [ -73.84203, 40.82656 ], [ -73.84171, 40.82578 ], [ -73.84176, 40.82576 ], [ -73.8412, 40.82483 ], [ -73.84101, 40.82425 ], [ -73.84087, 40.82416 ], [ -73.84045, 40.82335 ], [ -73.84047, 40.82309 ], [ -73.84002, 40.8222 ], [ -73.83983, 40.82158 ], [ -73.83988, 40.82091 ], [ -73.83999, 40.8208 ], [ -73.8401, 40.82033 ], [ -73.83997, 40.82019 ], [ -73.84, 40.81994 ], [ -73.84029, 40.81982 ], [ -73.84023, 40.81974 ], [ -73.84037, 40.81959 ], [ -73.84062, 40.81956 ], [ -73.84105, 40.81924 ], [ -73.84199, 40.81878 ], [ -73.84213, 40.81847 ], [ -73.8421, 40.81807 ], [ -73.84238, 40.8175 ], [ -73.84307, 40.81657 ], [ -73.84304, 40.81639 ], [ -73.84315, 40.81628 ], [ -73.84317, 40.81606 ], [ -73.84374, 40.81533 ], [ -73.84419, 40.81434 ], [ -73.84439, 40.81365 ], [ -73.84487, 40.81276 ], [ -73.84521, 40.8119 ], [ -73.84528, 40.81179 ], [ -73.84547, 40.81177 ], [ -73.84577, 40.81159 ], [ -73.84633, 40.8117 ], [ -73.84647, 40.81231 ], [ -73.84611, 40.81311 ], [ -73.84664, 40.81304 ], [ -73.84706, 40.81483 ], [ -73.85093, 40.81434 ], [ -73.85115, 40.8144 ], [ -73.85164, 40.81637 ], [ -73.85362, 40.8161 ], [ -73.85597, 40.82607 ], [ -73.8562, 40.82605 ], [ -73.85636, 40.82676 ], [ -73.8597, 40.82629 ], [ -73.86067, 40.82843 ], [ -73.86264, 40.82818 ], [ -73.86367, 40.8327 ], [ -73.86272, 40.83293 ], [ -73.86156, 40.83334 ], [ -73.86129, 40.83354 ], [ -73.86085, 40.83362 ], [ -73.86049, 40.83347 ], [ -73.86034, 40.83326 ], [ -73.84849, 40.83453 ] ] ] ] } },
{ "type": "Feature", "properties": { "name": "Central Park" }, "geometry": { "type": "Polygon", "coordinates": [ [ [ -73.94923, 40.79688 ], [ -73.97302, 40.76429 ], [ -73.98149, 40.76789 ], [ -73.98144, 40.76817 ], [ -73.98168, 40.7684 ], [ -73.95817, 40.80059 ], [ -73.95787, 40.80052 ], [ -73.94923, 40.79688 ] ] ] } },
{ "type": "Feature", "properties": { "name": "Chelsea-Hudson Yards" }, "geometry": { "type": "Polygon", "coordinates": [ [ [ -74.00179, 40.7623 ], [ -73.99548, 40.75964 ], [ -73.9973, 40.75712 ], [ -73.99163, 40.75472 ], [ -73.9971, 40.74721 ], [ -73.99142, 40.74481 ], [ -73.99684, 40.73737 ], [ -74.0087, 40.74237 ], [ -74.00915, 40.7425 ], [ -74.00909, 40.74289 ], [ -74.00962, 40.74296 ], [ -74.00957, 40.74327 ], [ -74.01215, 40.74357 ], [ -74.01209, 40.74391 ], [ -74.01202, 40.74395 ], [ -74.00951, 40.74368 ], [ -74.00944, 40.74398 ], [ -74.0089, 40.74393 ], [ -74.00873, 40.74489 ], [ -74.00961, 40.74501 ], [ -74.00956, 40.7453 ], [ -74.00992, 40.74534 ], [ -74.01, 40.74496 ], [ -74.00987, 40.74492 ], [ -74.01017, 40.74495 ], [ -74.01004, 40.74497 ], [ -74.00998, 40.74533 ], [ -74.01047, 40.7454 ], [ -74.01055, 40.74502 ], [ -74.01042, 40.74499 ], [ -74.01077, 40.74501 ], [ -74.01059, 40.74503 ], [ -74.01053, 40.74539 ], [ -74.01111, 40.74546 ], [ -74.01117, 40.74509 ], [ -74.01105, 40.74505 ], [ -74.01139, 40.74508 ], [ -74.01123, 40.74508 ], [ -74.01116, 40.74545 ], [ -74.01174, 40.74553 ], [ -74.0118, 40.74516 ], [ -74.01167, 40.74512 ], [ -74.01184, 40.74513 ], [ -74.01178, 40.74561 ], [ -74.01168, 40.74599 ], [ -74.00947, 40.74576 ], [ -74.00937, 40.74634 ], [ -74.01159, 40.74661 ], [ -74.01149, 40.747 ], [ -74.00924, 40.74677 ], [ -74.00914, 40.74737 ], [ -74.00997, 40.74739 ], [ -74.0099, 40.74745 ], [ -74.01141, 40.74764 ], [ -74.0113, 40.74802 ], [ -74.00906, 40.74779 ], [ -74.00895, 40.74842 ], [ -74.01122, 40.74869 ], [ -74.01111, 40.74906 ], [ -74.00995, 40.74894 ], [ -74.00956, 40.74998 ], [ -74.00925, 40.74999 ], [ -74.00911, 40.75038 ], [ -74.01068, 40.75103 ], [ -74.01057, 40.75133 ], [ -74.009, 40.75066 ], [ -74.00853, 40.75189 ], [ -74.00914, 40.75211 ], [ -74.00865, 40.75195 ], [ -74.00911, 40.75215 ], [ -74.00906, 40.75222 ], [ -74.00893, 40.75215 ], [ -74.00858, 40.75205 ], [ -74.00934, 40.75236 ], [ -74.00848, 40.75203 ], [ -74.00843, 40.75217 ], [ -74.00999, 40.75282 ], [ -74.00992, 40.75292 ], [ -74.00997, 40.75294 ], [ -74.00992, 40.75301 ], [ -74.00979, 40.75296 ], [ -74.00989, 40.75282 ], [ -74.00879, 40.75236 ], [ -74.00869, 40.7525 ], [ -74.00835, 40.75236 ], [ -74.00762, 40.75429 ], [ -74.00775, 40.75435 ], [ -74.0076, 40.75454 ], [ -74.00747, 40.75449 ], [ -74.00729, 40.75474 ], [ -74.00742, 40.7548 ], [ -74.00727, 40.75499 ], [ -74.00715, 40.75494 ], [ -74.00542, 40.75733 ], [ -74.00521, 40.75724 ], [ -74.00481, 40.75782 ], [ -74.00528, 40.75804 ], [ -74.00503, 40.75837 ], [ -74.00701, 40.75924 ], [ -74.00651, 40.7599 ], [ -74.00451, 40.75909 ], [ -74.00421, 40.75951 ], [ -74.00391, 40.75938 ], [ -74.00381, 40.75952 ], [ -74.00425, 40.75971 ], [ -74.00415, 40.75984 ], [ -74.00432, 40.75992 ], [ -74.00427, 40.75997 ], [ -74.00367, 40.75971 ], [ -74.00357, 40.75985 ], [ -74.00393, 40.76001 ], [ -74.00313, 40.76109 ], [ -74.00279, 40.76094 ], [ -74.00234, 40.76155 ], [ -74.00455, 40.7625 ], [ -74.00445, 40.76267 ], [ -74.0022, 40.76174 ], [ -74.00179, 40.7623 ] ] ] } },
{ "type": "Feature", "properties": { "name": "Chinatown-Two Bridges" }, "geometry": { "type": "Polygon", "coordinates": [ [ [ -73.9845, 40.70952 ], [ -73.98839, 40.70914 ], [ -73.9885, 40.70918 ], [ -73.98864, 40.70992 ], [ -73.9888, 40.70997 ], [ -73.99728, 40.70874 ], [ -73.99829, 40.70844 ], [ -73.99914, 40.70799 ], [ -74.00142, 40.70982 ], [ -74.00051, 40.71099 ], [ -74.00074, 40.71128 ], [ -74.00086, 40.71161 ], [ -74.00093, 40.71327 ], [ -74.00157, 40.71369 ], [ -74.00097, 40.71391 ], [ -74.00075, 40.71452 ], [ -74.00046, 40.71437 ], [ -74.00053, 40.71518 ], [ -74.00079, 40.7153 ], [ -73.99931, 40.71756 ], [ -73.99859, 40.71711 ], [ -73.99606, 40.71624 ], [ -73.99481, 40.71847 ], [ -73.98916, 40.71672 ], [ -73.9902, 40.71467 ], [ -73.99022, 40.71441 ], [ -73.98934, 40.71414 ], [ -73.98535, 40.71447 ], [ -73.98523, 40.7138 ], [ -73.98507, 40.71382 ], [ -73.98512, 40.71336 ], [ -73.9845, 40.70952 ] ] ] } },
{ "type": "Feature", "properties": { "name": "Claremont Park" }, "geometry": { "type": "Polygon", "coordinates": [ [ [ -73.90502, 40.84241 ], [ -73.90516, 40.84102 ], [ -73.90536, 40.84036 ], [ -73.90581, 40.83951 ], [ -73.90672, 40.83836 ], [ -73.90802, 40.8372 ], [ -73.90916, 40.83697 ], [ -73.90964, 40.83713 ], [ -73.90932, 40.83734 ], [ -73.9091, 40.83774 ], [ -73.90891, 40.83838 ], [ -73.90888, 40.83891 ], [ -73.90899, 40.8397 ], [ -73.90963, 40.84212 ], [ -73.90954, 40.84307 ], [ -73.90863, 40.84303 ], [ -73.90866, 40.84273 ], [ -73.90596, 40.84264 ], [ -73.90515, 40.84256 ], [ -73.90502, 40.84241 ] ] ] } },
{ "type": "Feature", "properties": { "name": "Claremont Village-Claremont (East)" }, "geometry": { "type": "Polygon", "coordinates": [ [ [ -73.90483, 40.84485 ], [ -73.89479, 40.84373 ], [ -73.89538, 40.84295 ], [ -73.89666, 40.84353 ], [ -73.90123, 40.83551 ], [ -73.90134, 40.83545 ], [ -73.90553, 40.82911 ], [ -73.91049, 40.83075 ], [ -73.9074, 40.83624 ], [ -73.90598, 40.83851 ], [ -73.90539, 40.83978 ], [ -73.90571, 40.83973 ], [ -73.90536, 40.84036 ], [ -73.90516, 40.84102 ], [ -73.90483, 40.84485 ] ] ] } },
{ "type": "Feature", "properties": { "name": "Clinton Hill" }, "geometry": { "type": "Polygon", "coordinates": [ [ [ -73.96135, 40.68047 ], [ -73.96869, 40.68201 ], [ -73.97013, 40.68951 ], [ -73.96911, 40.68948 ], [ -73.96983, 40.69314 ], [ -73.96881, 40.69313 ], [ -73.9694, 40.69609 ], [ -73.96547, 40.69594 ], [ -73.96466, 40.69608 ], [ -73.96397, 40.69639 ], [ -73.96348, 40.69681 ], [ -73.96306, 40.6974 ], [ -73.96284, 40.69805 ], [ -73.96105, 40.69833 ], [ -73.95943, 40.69046 ], [ -73.96029, 40.69035 ], [ -73.95884, 40.68303 ], [ -73.96167, 40.6827 ], [ -73.96127, 40.68053 ], [ -73.96135, 40.68047 ] ] ] } },
{ "type": "Feature", "properties": { "name": "Co-op City" }, "geometry": { "type": "Polygon", "coordinates": [ [ [ -73.82024, 40.8855 ], [ -73.82006, 40.88212 ], [ -73.8211, 40.87898 ], [ -73.8233, 40.87311 ], [ -73.82127, 40.86908 ], [ -73.81579, 40.86577 ], [ -73.817, 40.86447 ], [ -73.81685, 40.86432 ], [ -73.81916, 40.86231 ], [ -73.81992, 40.86178 ], [ -73.82178, 40.86096 ], [ -73.82722, 40.85921 ], [ -73.8275, 40.85996 ], [ -73.82802, 40.86065 ], [ -73.82841, 40.86096 ], [ -73.82956, 40.86217 ], [ -73.83023, 40.86344 ], [ -73.83075, 40.86468 ], [ -73.83265, 40.86825 ], [ -73.83369, 40.87046 ], [ -73.83446, 40.87237 ], [ -73.8348, 40.87373 ], [ -73.83489, 40.87508 ], [ -73.8347, 40.87655 ], [ -73.83445, 40.87728 ], [ -73.83377, 40.87873 ], [ -73.83246, 40.88022 ], [ -73.83145, 40.88111 ], [ -73.82986, 40.88218 ], [ -73.82606, 40.88416 ], [ -73.82661, 40.88466 ], [ -73.82206, 40.88612 ], [ -73.82161, 40.88612 ], [ -73.82119, 40.88595 ], [ -73.82099, 40.88576 ], [ -73.82082, 40.88535 ], [ -73.82024, 40.8855 ] ] ] } },
{ "type": "Feature", "properties": { "name": "College Point" }, "geometry": { "type": "MultiPolygon", "coordinates": [ [ [ [ -73.83936, 40.76542 ], [ -73.83946, 40.76545 ], [ -73.83913, 40.766 ], [ -73.83905, 40.76597 ], [ -73.83936, 40.76542 ] ] ], [ [ [ -73.84023, 40.79762 ], [ -73.83997, 40.79691 ], [ -73.83904, 40.79706 ], [ -73.8384, 40.79676 ], [ -73.83736, 40.79427 ], [ -73.83707, 40.79386 ], [ -73.83713, 40.7937 ], [ -73.83663, 40.79252 ], [ -73.83659, 40.79209 ], [ -73.83662, 40.79177 ], [ -73.83691, 40.79155 ], [ -73.83732, 40.7914 ], [ -73.83752, 40.79102 ], [ -73.83744, 40.79084 ], [ -73.83753, 40.7907 ], [ -73.8375, 40.79047 ], [ -73.83682, 40.79048 ], [ -73.83701, 40.79042 ], [ -73.83748, 40.79044 ], [ -73.83739, 40.79032 ], [ -73.83739, 40.78983 ], [ -73.83726, 40.78971 ], [ -73.83718, 40.78944 ], [ -73.83728, 40.78902 ], [ -73.83714, 40.78957 ], [ -73.83638, 40.78947 ], [ -73.83566, 40.78958 ], [ -73.83555, 40.78953 ], [ -73.83547, 40.78929 ], [ -73.83533, 40.78922 ], [ -73.83415, 40.78908 ], [ -73.83403, 40.78895 ], [ -73.8339, 40.78859 ], [ -73.83347, 40.78847 ], [ -73.83251, 40.78863 ], [ -73.8321, 40.7888 ], [ -73.83176, 40.78924 ], [ -73.83158, 40.78926 ], [ -73.83144, 40.78918 ], [ -73.83149, 40.78925 ], [ -73.83195, 40.78942 ], [ -73.83215, 40.79004 ], [ -73.83186, 40.79057 ], [ -73.83169, 40.79108 ], [ -73.83136, 40.79139 ], [ -73.83099, 40.79158 ], [ -73.83057, 40.79167 ], [ -73.83001, 40.79156 ], [ -73.82911, 40.79191 ], [ -73.82871, 40.79221 ], [ -73.82852, 40.7925 ], [ -73.8293, 40.79294 ], [ -73.82923, 40.79301 ], [ -73.8284, 40.79256 ], [ -73.82792, 40.7929 ], [ -73.82779, 40.7933 ], [ -73.82801, 40.79492 ], [ -73.82821, 40.79516 ], [ -73.82839, 40.79559 ], [ -73.82863, 40.79569 ], [ -73.82863, 40.79585 ], [ -73.82878, 40.79593 ], [ -73.82881, 40.79619 ], [ -73.82905, 40.79626 ], [ -73.82907, 40.79646 ], [ -73.82945, 40.79667 ], [ -73.82994, 40.79609 ], [ -73.83003, 40.79614 ], [ -73.82988, 40.79625 ], [ -73.82992, 40.7963 ], [ -73.82982, 40.79631 ], [ -73.82986, 40.79636 ], [ -73.82976, 40.79638 ], [ -73.82982, 40.79642 ], [ -73.82971, 40.79643 ], [ -73.82975, 40.79648 ], [ -73.82965, 40.7965 ], [ -73.82969, 40.79655 ], [ -73.82959, 40.79656 ], [ -73.82963, 40.79661 ], [ -73.82956, 40.79658 ], [ -73.82947, 40.79668 ], [ -73.82977, 40.79684 ], [ -73.82983, 40.7968 ], [ -73.82977, 40.79672 ], [ -73.82991, 40.79673 ], [ -73.82984, 40.79666 ], [ -73.82998, 40.79666 ], [ -73.82992, 40.79659 ], [ -73.83005, 40.79659 ], [ -73.82998, 40.79653 ], [ -73.83013, 40.79653 ], [ -73.83005, 40.79646 ], [ -73.83016, 40.7965 ], [ -73.8302, 40.79644 ], [ -73.83014, 40.79638 ], [ -73.83028, 40.79639 ], [ -73.8302, 40.79633 ], [ -73.83035, 40.79632 ], [ -73.83029, 40.79625 ], [ -73.83052, 40.7964 ], [ -73.83038, 40.79634 ], [ -73.8303, 40.79641 ], [ -73.8304, 40.79651 ], [ -73.83026, 40.79644 ], [ -73.83018, 40.79652 ], [ -73.83029, 40.79661 ], [ -73.83015, 40.79654 ], [ -73.83008, 40.79663 ], [ -73.83019, 40.7967 ], [ -73.83004, 40.79664 ], [ -73.82996, 40.79673 ], [ -73.83008, 40.7968 ], [ -73.82993, 40.79674 ], [ -73.82985, 40.79682 ], [ -73.82996, 40.79692 ], [ -73.82979, 40.79688 ], [ -73.82906, 40.79647 ], [ -73.82891, 40.79654 ], [ -73.82867, 40.79648 ], [ -73.82811, 40.79673 ], [ -73.82743, 40.79676 ], [ -73.82729, 40.79695 ], [ -73.82717, 40.79692 ], [ -73.82699, 40.79709 ], [ -73.827, 40.79728 ], [ -73.8272, 40.79755 ], [ -73.82703, 40.79773 ], [ -73.82404, 40.79305 ], [ -73.82369, 40.79273 ], [ -73.82287, 40.79149 ], [ -73.82251, 40.79035 ], [ -73.82249, 40.7895 ], [ -73.8227, 40.7889 ], [ -73.8235, 40.78764 ], [ -73.82384, 40.78676 ], [ -73.82463, 40.78287 ], [ -73.82499, 40.78171 ], [ -73.82529, 40.78171 ], [ -73.82587, 40.78051 ], [ -73.82824, 40.77647 ], [ -73.82897, 40.77532 ], [ -73.83016, 40.77383 ], [ -73.83183, 40.7724 ], [ -73.83522, 40.77038 ], [ -73.83627, 40.76962 ], [ -73.83758, 40.76841 ], [ -73.83821, 40.76766 ], [ -73.83926, 40.76604 ], [ -73.83953, 40.76615 ], [ -73.8397, 40.7664 ], [ -73.83974, 40.76674 ], [ -73.8395, 40.76703 ], [ -73.83959, 40.76712 ], [ -73.83976, 40.76713 ], [ -73.83979, 40.76706 ], [ -73.83994, 40.76707 ], [ -73.8399, 40.76683 ], [ -73.84001, 40.76663 ], [ -73.84023, 40.76654 ], [ -73.84031, 40.7663 ], [ -73.84087, 40.76622 ], [ -73.84086, 40.76615 ], [ -73.84089, 40.76622 ], [ -73.84102, 40.76619 ], [ -73.84101, 40.76613 ], [ -73.84108, 40.76612 ], [ -73.84106, 40.76619 ], [ -73.84121, 40.76616 ], [ -73.8412, 40.76609 ], [ -73.84123, 40.76615 ], [ -73.84172, 40.76605 ], [ -73.84166, 40.76598 ], [ -73.84171, 40.76597 ], [ -73.84175, 40.76605 ], [ -73.84197, 40.766 ], [ -73.84197, 40.76594 ], [ -73.84186, 40.76593 ], [ -73.84232, 40.76583 ], [ -73.84232, 40.76592 ], [ -73.84251, 40.76588 ], [ -73.84247, 40.76579 ], [ -73.84252, 40.76578 ], [ -73.84254, 40.76587 ], [ -73.84296, 40.76586 ], [ -73.84347, 40.76566 ], [ -73.84371, 40.76569 ], [ -73.84395, 40.7655 ], [ -73.84449, 40.76547 ], [ -73.84528, 40.76567 ], [ -73.8462, 40.7662 ], [ -73.84652, 40.7663 ], [ -73.84723, 40.76632 ], [ -73.84781, 40.76678 ], [ -73.84821, 40.76764 ], [ -73.84842, 40.76792 ], [ -73.8485, 40.76789 ], [ -73.84862, 40.76812 ], [ -73.84827, 40.76821 ], [ -73.84819, 40.76849 ], [ -73.84837, 40.76865 ], [ -73.84875, 40.76872 ], [ -73.849, 40.76916 ], [ -73.84882, 40.76948 ], [ -73.84847, 40.76973 ], [ -73.84867, 40.77077 ], [ -73.8495, 40.77134 ], [ -73.84977, 40.77181 ], [ -73.84994, 40.77194 ], [ -73.85031, 40.77195 ], [ -73.85034, 40.77175 ], [ -73.85037, 40.77182 ], [ -73.85126, 40.77188 ], [ -73.8513, 40.77181 ], [ -73.85127, 40.77199 ], [ -73.85126, 40.7719 ], [ -73.85036, 40.77184 ], [ -73.85034, 40.77203 ], [ -73.84995, 40.77197 ], [ -73.84987, 40.77219 ], [ -73.85004, 40.77223 ], [ -73.84984, 40.77224 ], [ -73.84957, 40.77257 ], [ -73.84919, 40.77311 ], [ -73.84898, 40.77357 ], [ -73.84896, 40.77375 ], [ -73.84922, 40.77466 ], [ -73.84917, 40.77498 ], [ -73.84893, 40.77557 ], [ -73.8491, 40.7758 ], [ -73.84919, 40.7758 ], [ -73.84919, 40.77587 ], [ -73.84909, 40.77587 ], [ -73.84903, 40.77691 ], [ -73.84913, 40.7769 ], [ -73.84913, 40.77698 ], [ -73.84902, 40.77698 ], [ -73.84896, 40.77797 ], [ -73.84904, 40.7781 ], [ -73.84937, 40.77818 ], [ -73.84954, 40.77843 ], [ -73.84975, 40.77842 ], [ -73.84954, 40.77847 ], [ -73.84946, 40.77866 ], [ -73.84993, 40.77878 ], [ -73.8498, 40.7788 ], [ -73.84978, 40.77912 ], [ -73.84957, 40.7792 ], [ -73.84964, 40.77949 ], [ -73.85095, 40.77908 ], [ -73.85149, 40.779 ], [ -73.85101, 40.77913 ], [ -73.85108, 40.77931 ], [ -73.85014, 40.7794 ], [ -73.84979, 40.77951 ], [ -73.84982, 40.77964 ], [ -73.85235, 40.77949 ], [ -73.85232, 40.77918 ], [ -73.85239, 40.77954 ], [ -73.84982, 40.77966 ], [ -73.84985, 40.77978 ], [ -73.84957, 40.77988 ], [ -73.84955, 40.77996 ], [ -73.85032, 40.78005 ], [ -73.85045, 40.78004 ], [ -73.85046, 40.7799 ], [ -73.85049, 40.77997 ], [ -73.85162, 40.77995 ], [ -73.85169, 40.77988 ], [ -73.85167, 40.78004 ], [ -73.85163, 40.77997 ], [ -73.85049, 40.77999 ], [ -73.85048, 40.78006 ], [ -73.85042, 40.78009 ], [ -73.8495, 40.78007 ], [ -73.84959, 40.78024 ], [ -73.84962, 40.78055 ], [ -73.84982, 40.78065 ], [ -73.84989, 40.7811 ], [ -73.85094, 40.78113 ], [ -73.84989, 40.78113 ], [ -73.84984, 40.78161 ], [ -73.84919, 40.78165 ], [ -73.84949, 40.78176 ], [ -73.84955, 40.78185 ], [ -73.84949, 40.78198 ], [ -73.84927, 40.78213 ], [ -73.84925, 40.78227 ], [ -73.85028, 40.78247 ], [ -73.8505, 40.78236 ], [ -73.85123, 40.78241 ], [ -73.85315, 40.78233 ], [ -73.85322, 40.78207 ], [ -73.85332, 40.78204 ], [ -73.85528, 40.78198 ], [ -73.85539, 40.78208 ], [ -73.85545, 40.78315 ], [ -73.85574, 40.78316 ], [ -73.85588, 40.78332 ], [ -73.85593, 40.7832 ], [ -73.85596, 40.78334 ], [ -73.85646, 40.78336 ], [ -73.85644, 40.78317 ], [ -73.85668, 40.78316 ], [ -73.8566, 40.7829 ], [ -73.85665, 40.7829 ], [ -73.85672, 40.78321 ], [ -73.85684, 40.78338 ], [ -73.85734, 40.78338 ], [ -73.85766, 40.78365 ], [ -73.85808, 40.78373 ], [ -73.85817, 40.78402 ], [ -73.85813, 40.78419 ], [ -73.85789, 40.78429 ], [ -73.85798, 40.78468 ], [ -73.85853, 40.78522 ], [ -73.859, 40.7852 ], [ -73.85906, 40.78544 ], [ -73.8591, 40.78545 ], [ -73.85908, 40.78525 ], [ -73.85911, 40.78547 ], [ -73.85925, 40.78549 ], [ -73.85924, 40.78531 ], [ -73.8593, 40.78548 ], [ -73.85946, 40.7855 ], [ -73.85935, 40.78504 ], [ -73.85951, 40.78554 ], [ -73.85899, 40.7855 ], [ -73.85894, 40.78558 ], [ -73.85914, 40.78571 ], [ -73.85901, 40.78581 ], [ -73.85913, 40.78586 ], [ -73.85901, 40.78584 ], [ -73.85899, 40.78601 ], [ -73.85859, 40.78616 ], [ -73.85868, 40.78654 ], [ -73.85813, 40.78706 ], [ -73.85754, 40.78694 ], [ -73.85701, 40.78666 ], [ -73.85681, 40.78668 ], [ -73.85683, 40.78673 ], [ -73.8566, 40.78679 ], [ -73.85651, 40.78696 ], [ -73.85636, 40.78699 ], [ -73.8562, 40.78716 ], [ -73.85617, 40.7875 ], [ -73.85594, 40.7877 ], [ -73.85345, 40.78783 ], [ -73.85323, 40.7879 ], [ -73.85284, 40.78822 ], [ -73.85289, 40.78835 ], [ -73.85439, 40.78833 ], [ -73.85463, 40.78843 ], [ -73.8548, 40.78863 ], [ -73.85477, 40.78904 ], [ -73.85456, 40.78968 ], [ -73.85447, 40.79027 ], [ -73.8531, 40.79085 ], [ -73.85266, 40.79111 ], [ -73.85267, 40.79126 ], [ -73.85286, 40.79154 ], [ -73.85374, 40.7923 ], [ -73.85378, 40.79243 ], [ -73.85363, 40.79311 ], [ -73.85373, 40.79394 ], [ -73.85353, 40.79415 ], [ -73.85277, 40.7944 ], [ -73.85264, 40.79455 ], [ -73.85263, 40.79495 ], [ -73.85243, 40.79462 ], [ -73.85159, 40.79409 ], [ -73.84934, 40.79338 ], [ -73.84906, 40.79337 ], [ -73.84885, 40.79351 ], [ -73.84908, 40.79415 ], [ -73.84903, 40.79435 ], [ -73.84879, 40.79455 ], [ -73.84888, 40.79514 ], [ -73.84871, 40.79542 ], [ -73.84793, 40.79576 ], [ -73.84625, 40.79617 ], [ -73.84597, 40.79603 ], [ -73.84558, 40.79603 ], [ -73.84561, 40.79586 ], [ -73.84528, 40.79546 ], [ -73.8446, 40.79492 ], [ -73.84355, 40.79492 ], [ -73.84334, 40.79503 ], [ -73.84331, 40.79551 ], [ -73.84305, 40.79522 ], [ -73.84285, 40.79522 ], [ -73.84329, 40.79618 ], [ -73.84321, 40.7962 ], [ -73.84281, 40.79543 ], [ -73.84226, 40.79559 ], [ -73.84292, 40.79691 ], [ -73.84287, 40.79693 ], [ -73.84217, 40.79562 ], [ -73.84191, 40.79563 ], [ -73.84151, 40.79515 ], [ -73.84142, 40.79516 ], [ -73.84131, 40.79528 ], [ -73.84131, 40.79572 ], [ -73.84142, 40.79601 ], [ -73.84131, 40.79611 ], [ -73.8413, 40.79623 ], [ -73.8406, 40.79682 ], [ -73.84014, 40.79689 ], [ -73.84042, 40.79769 ], [ -73.83921, 40.79785 ], [ -73.83843, 40.79838 ], [ -73.8379, 40.79852 ], [ -73.83787, 40.79845 ], [ -73.83839, 40.79831 ], [ -73.83919, 40.79779 ], [ -73.84023, 40.79762 ] ] ], [ [ [ -73.86813, 40.78724 ], [ -73.86918, 40.78595 ], [ -73.86924, 40.78598 ], [ -73.86817, 40.78726 ], [ -73.86824, 40.78729 ], [ -73.8681, 40.78747 ], [ -73.86789, 40.78737 ], [ -73.86803, 40.78719 ], [ -73.86813, 40.78724 ] ] ] ] } },
{ "type": "Feature", "properties": { "name": "Concourse-Concourse Village" }, "geometry": { "type": "Polygon", "coordinates": [ [ [ -73.90869, 40.83395 ], [ -73.91049, 40.83075 ], [ -73.90896, 40.83023 ], [ -73.91031, 40.82878 ], [ -73.9117, 40.82777 ], [ -73.9118, 40.82644 ], [ -73.91131, 40.82486 ], [ -73.91317, 40.82546 ], [ -73.91351, 40.82481 ], [ -73.91475, 40.82521 ], [ -73.91541, 40.82578 ], [ -73.91662, 40.825 ], [ -73.91609, 40.82485 ], [ -73.9204, 40.82207 ], [ -73.92265, 40.8205 ], [ -73.92403, 40.81929 ], [ -73.92519, 40.81802 ], [ -73.92732, 40.81857 ], [ -73.92886, 40.81489 ], [ -73.92897, 40.81484 ], [ -73.92921, 40.81439 ], [ -73.93028, 40.81326 ], [ -73.93131, 40.81371 ], [ -73.93129, 40.81379 ], [ -73.93215, 40.81413 ], [ -73.93242, 40.81416 ], [ -73.93233, 40.81497 ], [ -73.93238, 40.8196 ], [ -73.93246, 40.82113 ], [ -73.9324, 40.82115 ], [ -73.93266, 40.82455 ], [ -73.93307, 40.82816 ], [ -73.93096, 40.82835 ], [ -73.93069, 40.82707 ], [ -73.92986, 40.82672 ], [ -73.92976, 40.82659 ], [ -73.92715, 40.82573 ], [ -73.92222, 40.83417 ], [ -73.92318, 40.83454 ], [ -73.92237, 40.83612 ], [ -73.92002, 40.83766 ], [ -73.92048, 40.83715 ], [ -73.91648, 40.83579 ], [ -73.91587, 40.8364 ], [ -73.91379, 40.83561 ], [ -73.90869, 40.83395 ] ] ] } },
{ "type": "Feature", "properties": { "name": "Coney Island-Sea Gate" }, "geometry": { "type": "Polygon", "coordinates": [ [ [ -73.96662, 40.58458 ], [ -73.96868, 40.57564 ], [ -73.96889, 40.57527 ], [ -73.96826, 40.57505 ], [ -73.96766, 40.57505 ], [ -73.96757, 40.57489 ], [ -73.96575, 40.5748 ], [ -73.95942, 40.57519 ], [ -73.95939, 40.57392 ], [ -73.96091, 40.57387 ], [ -73.9672, 40.57333 ], [ -73.96744, 40.57322 ], [ -73.96737, 40.57305 ], [ -73.96743, 40.57299 ], [ -73.96753, 40.5732 ], [ -73.96839, 40.57316 ], [ -73.96945, 40.57287 ], [ -73.96925, 40.57231 ], [ -73.96956, 40.57282 ], [ -73.96996, 40.57287 ], [ -73.97086, 40.57278 ], [ -73.97135, 40.57261 ], [ -73.97138, 40.57252 ], [ -73.97114, 40.57206 ], [ -73.97118, 40.57195 ], [ -73.97152, 40.57259 ], [ -73.97161, 40.57264 ], [ -73.9725, 40.57258 ], [ -73.97335, 40.57233 ], [ -73.97323, 40.57191 ], [ -73.97325, 40.57163 ], [ -73.97333, 40.57168 ], [ -73.97345, 40.57228 ], [ -73.97373, 40.5723 ], [ -73.97485, 40.57217 ], [ -73.97547, 40.57198 ], [ -73.97541, 40.57143 ], [ -73.97549, 40.57146 ], [ -73.97552, 40.5717 ], [ -73.97568, 40.57196 ], [ -73.97593, 40.57203 ], [ -73.97727, 40.57187 ], [ -73.97767, 40.57174 ], [ -73.97757, 40.57125 ], [ -73.97767, 40.57118 ], [ -73.97808, 40.57124 ], [ -73.97772, 40.57126 ], [ -73.97781, 40.57176 ], [ -73.97846, 40.5719 ], [ -73.9791, 40.57185 ], [ -73.97985, 40.57155 ], [ -73.97981, 40.57141 ], [ -73.97943, 40.57129 ], [ -73.97943, 40.57123 ], [ -73.97977, 40.57125 ], [ -73.97998, 40.57144 ], [ -73.98001, 40.57172 ], [ -73.98021, 40.57173 ], [ -73.98094, 40.57169 ], [ -73.98182, 40.57147 ], [ -73.98204, 40.57149 ], [ -73.98199, 40.57136 ], [ -73.98157, 40.57126 ], [ -73.98195, 40.57125 ], [ -73.9821, 40.57135 ], [ -73.98218, 40.57157 ], [ -73.98226, 40.57158 ], [ -73.98367, 40.57142 ], [ -73.98341, 40.57017 ], [ -73.98306, 40.57022 ], [ -73.98304, 40.57015 ], [ -73.98339, 40.5701 ], [ -73.98327, 40.56955 ], [ -73.98336, 40.56954 ], [ -73.98349, 40.5701 ], [ -73.98382, 40.57005 ], [ -73.98384, 40.57012 ], [ -73.98349, 40.57016 ], [ -73.98376, 40.5714 ], [ -73.98645, 40.57116 ], [ -73.98647, 40.57109 ], [ -73.98655, 40.57114 ], [ -73.98804, 40.57099 ], [ -73.98862, 40.5709 ], [ -73.98858, 40.57071 ], [ -73.98872, 40.57089 ], [ -73.99026, 40.57072 ], [ -73.99077, 40.57061 ], [ -73.99072, 40.57027 ], [ -73.99079, 40.57026 ], [ -73.99087, 40.57061 ], [ -73.99119, 40.57062 ], [ -73.99273, 40.57044 ], [ -73.99297, 40.57037 ], [ -73.99298, 40.57021 ], [ -73.99316, 40.57039 ], [ -73.99494, 40.57036 ], [ -73.99514, 40.57032 ], [ -73.99519, 40.57003 ], [ -73.99529, 40.57033 ], [ -73.9972, 40.57036 ], [ -73.99736, 40.57029 ], [ -73.99737, 40.57015 ], [ -73.99745, 40.57029 ], [ -73.99767, 40.57038 ], [ -73.99847, 40.57051 ], [ -73.99962, 40.57047 ], [ -73.99966, 40.57039 ], [ -73.99975, 40.5705 ], [ -74.00078, 40.5705 ], [ -74.00201, 40.57022 ], [ -74.00199, 40.5696 ], [ -74.00209, 40.56959 ], [ -74.00249, 40.57175 ], [ -74.0048, 40.57289 ], [ -74.00669, 40.57341 ], [ -74.0088, 40.57377 ], [ -74.01008, 40.57384 ], [ -74.01116, 40.57417 ], [ -74.01202, 40.57489 ], [ -74.01232, 40.57566 ], [ -74.01246, 40.57662 ], [ -74.0128, 40.5775 ], [ -74.01303, 40.57781 ], [ -74.01282, 40.57844 ], [ -74.01235, 40.57923 ], [ -74.01193, 40.57971 ], [ -74.01141, 40.58014 ], [ -74.01055, 40.58062 ], [ -74.00959, 40.58087 ], [ -74.00838, 40.58153 ], [ -74.00746, 40.58181 ], [ -74.00605, 40.58199 ], [ -74.00398, 40.58173 ], [ -74.00295, 40.58144 ], [ -74.00221, 40.58137 ], [ -74.00119, 40.58143 ], [ -74.00056, 40.58131 ], [ -73.99964, 40.58132 ], [ -73.99896, 40.58164 ], [ -73.99818, 40.58173 ], [ -73.99777, 40.58146 ], [ -73.99772, 40.58072 ], [ -73.99183, 40.57926 ], [ -73.99145, 40.57924 ], [ -73.99036, 40.57943 ], [ -73.98958, 40.5792 ], [ -73.98899, 40.57884 ], [ -73.98843, 40.57882 ], [ -73.98761, 40.57904 ], [ -73.98787, 40.57903 ], [ -73.98745, 40.57914 ], [ -73.98759, 40.57905 ], [ -73.98739, 40.5791 ], [ -73.9867, 40.57982 ], [ -73.98702, 40.58003 ], [ -73.98617, 40.58096 ], [ -73.98589, 40.58115 ], [ -73.98605, 40.58173 ], [ -73.98685, 40.58124 ], [ -73.98728, 40.58073 ], [ -73.98764, 40.57993 ], [ -73.98805, 40.57964 ], [ -73.98858, 40.57983 ], [ -73.98954, 40.58042 ], [ -73.9897, 40.58043 ], [ -73.98996, 40.58067 ], [ -73.98972, 40.58085 ], [ -73.98929, 40.58197 ], [ -73.9883, 40.58347 ], [ -73.98655, 40.58367 ], [ -73.9871, 40.58465 ], [ -73.98628, 40.58449 ], [ -73.98493, 40.5846 ], [ -73.98482, 40.58418 ], [ -73.98176, 40.58359 ], [ -73.97743, 40.58291 ], [ -73.97468, 40.58313 ], [ -73.97046, 40.5839 ], [ -73.969, 40.58407 ], [ -73.96786, 40.58452 ], [ -73.96662, 40.58458 ] ] ] } },
{ "type": "Feature", "properties": { "name": "Corona" }, "geometry": { "type": "Polygon", "coordinates": [ [ [ -73.84756, 40.73907 ], [ -73.84961, 40.73819 ], [ -73.85191, 40.73743 ], [ -73.85632, 40.73651 ], [ -73.85877, 40.73579 ], [ -73.85887, 40.73595 ], [ -73.86462, 40.73429 ], [ -73.86583, 40.73665 ], [ -73.86756, 40.74095 ], [ -73.86756, 40.74169 ], [ -73.86747, 40.7421 ], [ -73.86749, 40.74331 ], [ -73.86853, 40.7476 ], [ -73.86892, 40.74838 ], [ -73.86943, 40.74917 ], [ -73.86112, 40.75003 ], [ -73.85221, 40.75267 ], [ -73.85087, 40.75 ], [ -73.85443, 40.74886 ], [ -73.85361, 40.74751 ], [ -73.85012, 40.74073 ], [ -73.84997, 40.74071 ], [ -73.84986, 40.74058 ], [ -73.8481, 40.74004 ], [ -73.84794, 40.73982 ], [ -73.84779, 40.73984 ], [ -73.84778, 40.73935 ], [ -73.84756, 40.73907 ] ] ] } },
{ "type": "Feature", "properties": { "name": "Crotona Park" }, "geometry": { "type": "Polygon", "coordinates": [ [ [ -73.89538, 40.84295 ], [ -73.88942, 40.83943 ], [ -73.88869, 40.83917 ], [ -73.88814, 40.83987 ], [ -73.8866, 40.83929 ], [ -73.8873, 40.83814 ], [ -73.88841, 40.83856 ], [ -73.88874, 40.83798 ], [ -73.89058, 40.83691 ], [ -73.8911, 40.83674 ], [ -73.89338, 40.83655 ], [ -73.89386, 40.8364 ], [ -73.8947, 40.83592 ], [ -73.89535, 40.83524 ], [ -73.89583, 40.83489 ], [ -73.89697, 40.83435 ], [ -73.90122, 40.83542 ], [ -73.90123, 40.83551 ], [ -73.89666, 40.84353 ], [ -73.89538, 40.84295 ] ] ] } },
{ "type": "Feature", "properties": { "name": "Crotona Park East" }, "geometry": { "type": "Polygon", "coordinates": [ [ [ -73.88005, 40.83471 ], [ -73.8839, 40.82981 ], [ -73.88358, 40.82949 ], [ -73.88352, 40.82927 ], [ -73.88379, 40.82828 ], [ -73.88439, 40.82683 ], [ -73.88461, 40.82528 ], [ -73.88465, 40.82382 ], [ -73.88439, 40.82296 ], [ -73.88719, 40.82265 ], [ -73.88789, 40.82237 ], [ -73.88748, 40.82265 ], [ -73.88707, 40.8232 ], [ -73.88711, 40.82331 ], [ -73.88688, 40.82382 ], [ -73.88646, 40.82529 ], [ -73.8861, 40.82766 ], [ -73.8879, 40.82675 ], [ -73.89293, 40.8268 ], [ -73.89484, 40.82626 ], [ -73.89515, 40.82784 ], [ -73.89511, 40.82805 ], [ -73.8964, 40.82877 ], [ -73.8967, 40.83042 ], [ -73.89717, 40.83038 ], [ -73.8969, 40.83104 ], [ -73.89647, 40.83306 ], [ -73.8963, 40.83355 ], [ -73.89697, 40.83435 ], [ -73.89583, 40.83489 ], [ -73.89535, 40.83524 ], [ -73.8947, 40.83592 ], [ -73.89386, 40.8364 ], [ -73.89338, 40.83655 ], [ -73.8911, 40.83674 ], [ -73.89058, 40.83691 ], [ -73.88874, 40.83798 ], [ -73.88841, 40.83856 ], [ -73.8873, 40.83814 ], [ -73.88619, 40.84011 ], [ -73.88465, 40.83918 ], [ -73.88418, 40.83934 ], [ -73.88357, 40.83899 ], [ -73.88347, 40.83907 ], [ -73.88271, 40.83863 ], [ -73.88286, 40.8385 ], [ -73.88229, 40.83808 ], [ -73.88201, 40.83745 ], [ -73.88214, 40.8369 ], [ -73.88206, 40.83602 ], [ -73.88223, 40.83546 ], [ -73.88005, 40.83471 ] ] ] } },
{ "type": "Feature", "properties": { "name": "Crown Heights (North)" }, "geometry": { "type": "Polygon", "coordinates": [ [ [ -73.95205, 40.67868 ], [ -73.92182, 40.67703 ], [ -73.92275, 40.66711 ], [ -73.92425, 40.66645 ], [ -73.92478, 40.66765 ], [ -73.92553, 40.66851 ], [ -73.95527, 40.67013 ], [ -73.96134, 40.67137 ], [ -73.96007, 40.67487 ], [ -73.96318, 40.67554 ], [ -73.96135, 40.68047 ], [ -73.9553, 40.67921 ], [ -73.95531, 40.67928 ], [ -73.95205, 40.67868 ] ] ] } },
{ "type": "Feature", "properties": { "name": "Crown Heights (South)" }, "geometry": { "type": "Polygon", "coordinates": [ [ [ -73.96257, 40.67163 ], [ -73.95527, 40.67013 ], [ -73.92835, 40.66866 ], [ -73.92872, 40.6645 ], [ -73.93069, 40.66363 ], [ -73.94283, 40.66286 ], [ -73.9427, 40.66406 ], [ -73.94546, 40.66423 ], [ -73.95721, 40.66353 ], [ -73.95729, 40.66431 ], [ -73.95808, 40.66427 ], [ -73.96034, 40.66412 ], [ -73.96062, 40.66331 ], [ -73.96096, 40.66329 ], [ -73.96257, 40.67163 ] ] ] } },
{ "type": "Feature", "properties": { "name": "Cunningham Park" }, "geometry": { "type": "Polygon", "coordinates": [ [ [ -73.75678, 40.72631 ], [ -73.75848, 40.72596 ], [ -73.75986, 40.72588 ], [ -73.76504, 40.7265 ], [ -73.76617, 40.72642 ], [ -73.76924, 40.72591 ], [ -73.7714, 40.72536 ], [ -73.77287, 40.72488 ], [ -73.77437, 40.72427 ], [ -73.77549, 40.72373 ], [ -73.77733, 40.7224 ], [ -73.77775, 40.72285 ], [ -73.77804, 40.72329 ], [ -73.77739, 40.72351 ], [ -73.777, 40.72373 ], [ -73.77668, 40.724 ], [ -73.77634, 40.72447 ], [ -73.77524, 40.72525 ], [ -73.77758, 40.7302 ], [ -73.77491, 40.73092 ], [ -73.77011, 40.73179 ], [ -73.77122, 40.73335 ], [ -73.7723, 40.73512 ], [ -73.77316, 40.737 ], [ -73.77455, 40.74082 ], [ -73.77576, 40.74338 ], [ -73.77245, 40.74393 ], [ -73.7714, 40.7443 ], [ -73.76948, 40.74526 ], [ -73.76776, 40.74585 ], [ -73.76688, 40.7441 ], [ -73.76649, 40.74376 ], [ -73.76557, 40.74327 ], [ -73.7626, 40.7371 ], [ -73.76249, 40.73674 ], [ -73.76249, 40.73619 ], [ -73.76273, 40.73527 ], [ -73.76511, 40.73457 ], [ -73.7637, 40.73287 ], [ -73.76555, 40.73255 ], [ -73.76454, 40.73148 ], [ -73.76341, 40.73047 ], [ -73.76226, 40.72961 ], [ -73.76066, 40.72862 ], [ -73.75846, 40.72755 ], [ -73.75704, 40.72662 ], [ -73.75678, 40.72638 ], [ -73.75678, 40.72631 ] ] ] } },
{ "type": "Feature", "properties": { "name": "Cypress Hills" }, "geometry": { "type": "Polygon", "coordinates": [ [ [ -73.8663, 40.68319 ], [ -73.87156, 40.68169 ], [ -73.8712, 40.68023 ], [ -73.87328, 40.67993 ], [ -73.87359, 40.6811 ], [ -73.87586, 40.68046 ], [ -73.87633, 40.68042 ], [ -73.87741, 40.68011 ], [ -73.87743, 40.68002 ], [ -73.88106, 40.67899 ], [ -73.88051, 40.67678 ], [ -73.88826, 40.67563 ], [ -73.88901, 40.67857 ], [ -73.88988, 40.67831 ], [ -73.89622, 40.67737 ], [ -73.89654, 40.6786 ], [ -73.89776, 40.67807 ], [ -73.89836, 40.67767 ], [ -73.90005, 40.6769 ], [ -73.90405, 40.67923 ], [ -73.90262, 40.68067 ], [ -73.90025, 40.67943 ], [ -73.8997, 40.67955 ], [ -73.8989, 40.67957 ], [ -73.89807, 40.6798 ], [ -73.89749, 40.68008 ], [ -73.89711, 40.68048 ], [ -73.89687, 40.68089 ], [ -73.89653, 40.68241 ], [ -73.89647, 40.68234 ], [ -73.89629, 40.68277 ], [ -73.89555, 40.6838 ], [ -73.89418, 40.68529 ], [ -73.89258, 40.6835 ], [ -73.89016, 40.68501 ], [ -73.88893, 40.68313 ], [ -73.88819, 40.68256 ], [ -73.88027, 40.68629 ], [ -73.87571, 40.68857 ], [ -73.8726, 40.68993 ], [ -73.87095, 40.69051 ], [ -73.86806, 40.69119 ], [ -73.86746, 40.68841 ], [ -73.8666, 40.68528 ], [ -73.8663, 40.68319 ] ] ] } },
{ "type": "Feature", "properties": { "name": "Douglaston-Little Neck" }, "geometry": { "type": "MultiPolygon", "coordinates": [ [ [ [ -73.74896, 40.78107 ], [ -73.74825, 40.78077 ], [ -73.74803, 40.78049 ], [ -73.74806, 40.78029 ], [ -73.74815, 40.78025 ], [ -73.74787, 40.78008 ], [ -73.74736, 40.77939 ], [ -73.74749, 40.77921 ], [ -73.74778, 40.77912 ], [ -73.7474, 40.77907 ], [ -73.74717, 40.77886 ], [ -73.74689, 40.7789 ], [ -73.7468, 40.77904 ], [ -73.74687, 40.77889 ], [ -73.74646, 40.77858 ], [ -73.74646, 40.7785 ], [ -73.74601, 40.77827 ], [ -73.74576, 40.77788 ], [ -73.74564, 40.77784 ], [ -73.74563, 40.77769 ], [ -73.74549, 40.77758 ], [ -73.74553, 40.77738 ], [ -73.7454, 40.77735 ], [ -73.74545, 40.77731 ], [ -73.74535, 40.77716 ], [ -73.7453, 40.77729 ], [ -73.74553, 40.77766 ], [ -73.74569, 40.77816 ], [ -73.74578, 40.77829 ], [ -73.74611, 40.77846 ], [ -73.74611, 40.77853 ], [ -73.74597, 40.77863 ], [ -73.74601, 40.77888 ], [ -73.74541, 40.77899 ], [ -73.74519, 40.77875 ], [ -73.74522, 40.77853 ], [ -73.74508, 40.77826 ], [ -73.74484, 40.77818 ], [ -73.74462, 40.77793 ], [ -73.74493, 40.77763 ], [ -73.74513, 40.77757 ], [ -73.74524, 40.77741 ], [ -73.74515, 40.77719 ], [ -73.74525, 40.77697 ], [ -73.74502, 40.77661 ], [ -73.74494, 40.77664 ], [ -73.74495, 40.77672 ], [ -73.74514, 40.77701 ], [ -73.74507, 40.77714 ], [ -73.74508, 40.77746 ], [ -73.74467, 40.77769 ], [ -73.74472, 40.7775 ], [ -73.74443, 40.77746 ], [ -73.74438, 40.77764 ], [ -73.74448, 40.77774 ], [ -73.74442, 40.77813 ], [ -73.74415, 40.77818 ], [ -73.74409, 40.77826 ], [ -73.74413, 40.77837 ], [ -73.74434, 40.77844 ], [ -73.74404, 40.7786 ], [ -73.74076, 40.7767 ], [ -73.74008, 40.77622 ], [ -73.73938, 40.77602 ], [ -73.73912, 40.77571 ], [ -73.7377, 40.7748 ], [ -73.73389, 40.77254 ], [ -73.73129, 40.77082 ], [ -73.72153, 40.76483 ], [ -73.72098, 40.76477 ], [ -73.71658, 40.76179 ], [ -73.71333, 40.75974 ], [ -73.7155, 40.75965 ], [ -73.71699, 40.75944 ], [ -73.71778, 40.75921 ], [ -73.71876, 40.7588 ], [ -73.7195, 40.7584 ], [ -73.72015, 40.75792 ], [ -73.72114, 40.75695 ], [ -73.72149, 40.75643 ], [ -73.72212, 40.75522 ], [ -73.72294, 40.75414 ], [ -73.72377, 40.75342 ], [ -73.72626, 40.75188 ], [ -73.72687, 40.75138 ], [ -73.72736, 40.75085 ], [ -73.72798, 40.74999 ], [ -73.72865, 40.74808 ], [ -73.72905, 40.74724 ], [ -73.73096, 40.74487 ], [ -73.73233, 40.74365 ], [ -73.73253, 40.74377 ], [ -73.73375, 40.74286 ], [ -73.73452, 40.74383 ], [ -73.73487, 40.74447 ], [ -73.73504, 40.74515 ], [ -73.73504, 40.74619 ], [ -73.73543, 40.74717 ], [ -73.73592, 40.74755 ], [ -73.73709, 40.74814 ], [ -73.73831, 40.74926 ], [ -73.73986, 40.75131 ], [ -73.74087, 40.75198 ], [ -73.74143, 40.75272 ], [ -73.74173, 40.75329 ], [ -73.74178, 40.75349 ], [ -73.74128, 40.75458 ], [ -73.74076, 40.75498 ], [ -73.73979, 40.75541 ], [ -73.7393, 40.75588 ], [ -73.73915, 40.7564 ], [ -73.73926, 40.75693 ], [ -73.73971, 40.75663 ], [ -73.73964, 40.75675 ], [ -73.74042, 40.75668 ], [ -73.74121, 40.75621 ], [ -73.74126, 40.75672 ], [ -73.7425, 40.7586 ], [ -73.74311, 40.7585 ], [ -73.74347, 40.75935 ], [ -73.74474, 40.76077 ], [ -73.74598, 40.76398 ], [ -73.74937, 40.76294 ], [ -73.75021, 40.76376 ], [ -73.74688, 40.76453 ], [ -73.74941, 40.76756 ], [ -73.75339, 40.76534 ], [ -73.75404, 40.76606 ], [ -73.75415, 40.76631 ], [ -73.75436, 40.76647 ], [ -73.75507, 40.76754 ], [ -73.75487, 40.76813 ], [ -73.75486, 40.76841 ], [ -73.7547, 40.76863 ], [ -73.7544, 40.76876 ], [ -73.75472, 40.7688 ], [ -73.75471, 40.76975 ], [ -73.75533, 40.77101 ], [ -73.75554, 40.77099 ], [ -73.75534, 40.77103 ], [ -73.75557, 40.77154 ], [ -73.75543, 40.77165 ], [ -73.75508, 40.77172 ], [ -73.75512, 40.77184 ], [ -73.75506, 40.77173 ], [ -73.75438, 40.77205 ], [ -73.75357, 40.7727 ], [ -73.75341, 40.77297 ], [ -73.75337, 40.77322 ], [ -73.75368, 40.77398 ], [ -73.75396, 40.77431 ], [ -73.75415, 40.77505 ], [ -73.75428, 40.77519 ], [ -73.75424, 40.77528 ], [ -73.75466, 40.77584 ], [ -73.7548, 40.77591 ], [ -73.75489, 40.7762 ], [ -73.75519, 40.77651 ], [ -73.75486, 40.7769 ], [ -73.75498, 40.77705 ], [ -73.75481, 40.77763 ], [ -73.75552, 40.77759 ], [ -73.75552, 40.77771 ], [ -73.75481, 40.77764 ], [ -73.75471, 40.77773 ], [ -73.75457, 40.77796 ], [ -73.75465, 40.778 ], [ -73.75444, 40.77813 ], [ -73.7543, 40.77841 ], [ -73.75411, 40.77903 ], [ -73.75413, 40.77939 ], [ -73.75403, 40.77961 ], [ -73.75301, 40.78087 ], [ -73.753, 40.7813 ], [ -73.75236, 40.78188 ], [ -73.75232, 40.78201 ], [ -73.75184, 40.78235 ], [ -73.75107, 40.78261 ], [ -73.75062, 40.78261 ], [ -73.75021, 40.78241 ], [ -73.74998, 40.78214 ], [ -73.74992, 40.78194 ], [ -73.74954, 40.78179 ], [ -73.74925, 40.78154 ], [ -73.74896, 40.78107 ] ] ], [ [ [ -73.74429, 40.77876 ], [ -73.74455, 40.77886 ], [ -73.74462, 40.77868 ], [ -73.74481, 40.77857 ], [ -73.74506, 40.77915 ], [ -73.745, 40.77921 ], [ -73.74429, 40.77876 ] ] ], [ [ [ -73.74559, 40.77959 ], [ -73.74582, 40.77967 ], [ -73.74626, 40.77958 ], [ -73.74664, 40.77937 ], [ -73.74682, 40.77938 ], [ -73.74704, 40.77963 ], [ -73.74706, 40.77987 ], [ -73.7472, 40.77996 ], [ -73.74725, 40.78008 ], [ -73.74673, 40.78031 ], [ -73.74559, 40.77959 ] ] ] ] } },
{ "type": "Feature", "properties": { "name": "Downtown Brooklyn-DUMBO-Boerum Hill" }, "geometry": { "type": "Polygon", "coordinates": [ [ [ -73.97906, 40.70596 ], [ -73.97924, 40.70556 ], [ -73.97912, 40.70554 ], [ -73.97933, 40.70475 ], [ -73.98028, 40.70305 ], [ -73.98003, 40.70215 ], [ -73.98091, 40.70187 ], [ -73.98065, 40.70157 ], [ -73.98085, 40.7013 ], [ -73.98056, 40.70103 ], [ -73.98041, 40.70071 ], [ -73.98055, 40.69825 ], [ -73.98051, 40.69745 ], [ -73.98014, 40.69472 ], [ -73.97996, 40.69439 ], [ -73.97938, 40.6939 ], [ -73.97917, 40.6935 ], [ -73.98251, 40.69361 ], [ -73.98252, 40.69299 ], [ -73.98176, 40.69296 ], [ -73.98179, 40.69165 ], [ -73.98206, 40.69132 ], [ -73.9814, 40.68994 ], [ -73.98351, 40.69001 ], [ -73.98351, 40.68993 ], [ -73.98084, 40.68887 ], [ -73.98065, 40.68847 ], [ -73.97808, 40.68492 ], [ -73.97962, 40.6825 ], [ -73.98828, 40.68588 ], [ -73.98913, 40.6846 ], [ -73.99393, 40.68646 ], [ -73.99237, 40.6897 ], [ -73.99071, 40.68914 ], [ -73.99048, 40.68915 ], [ -73.98922, 40.69097 ], [ -73.98894, 40.69209 ], [ -73.98947, 40.6923 ], [ -73.99097, 40.69256 ], [ -73.99045, 40.69384 ], [ -73.99074, 40.69504 ], [ -73.99081, 40.69504 ], [ -73.99129, 40.6966 ], [ -73.99143, 40.69829 ], [ -73.99133, 40.69911 ], [ -73.99082, 40.70036 ], [ -73.99088, 40.70068 ], [ -73.99261, 40.70207 ], [ -73.99382, 40.70267 ], [ -73.99505, 40.70314 ], [ -73.99466, 40.70344 ], [ -73.995, 40.70366 ], [ -73.99472, 40.704 ], [ -73.99479, 40.70408 ], [ -73.9947, 40.70417 ], [ -73.99478, 40.70425 ], [ -73.99457, 40.70438 ], [ -73.99386, 40.70456 ], [ -73.99378, 40.70446 ], [ -73.99359, 40.70452 ], [ -73.99363, 40.7046 ], [ -73.99351, 40.70463 ], [ -73.99213, 40.7047 ], [ -73.99212, 40.7044 ], [ -73.99186, 40.70409 ], [ -73.99142, 40.70401 ], [ -73.99095, 40.70404 ], [ -73.99072, 40.70436 ], [ -73.99055, 40.70442 ], [ -73.99023, 40.70494 ], [ -73.98899, 40.7047 ], [ -73.9887, 40.70457 ], [ -73.9883, 40.70455 ], [ -73.98829, 40.70508 ], [ -73.98796, 40.70514 ], [ -73.98688, 40.70517 ], [ -73.98653, 40.70499 ], [ -73.98643, 40.70508 ], [ -73.98644, 40.70536 ], [ -73.98344, 40.70565 ], [ -73.98337, 40.70547 ], [ -73.98274, 40.70558 ], [ -73.98093, 40.70538 ], [ -73.98091, 40.70592 ], [ -73.98022, 40.70586 ], [ -73.98024, 40.70577 ], [ -73.97956, 40.70575 ], [ -73.97933, 40.70577 ], [ -73.97927, 40.70593 ], [ -73.97906, 40.70596 ] ] ] } },
{ "type": "Feature", "properties": { "name": "Dyker Beach Park" }, "geometry": { "type": "Polygon", "coordinates": [ [ [ -74.01171, 40.61274 ], [ -74.01702, 40.60766 ], [ -74.0155, 40.60685 ], [ -74.01812, 40.60432 ], [ -74.01872, 40.60359 ], [ -74.02144, 40.60442 ], [ -74.02079, 40.60568 ], [ -74.02248, 40.60668 ], [ -74.02151, 40.60783 ], [ -74.02478, 40.6097 ], [ -74.02145, 40.61804 ], [ -74.02122, 40.61848 ], [ -74.01171, 40.61274 ] ] ] } },
{ "type": "Feature", "properties": { "name": "Dyker Heights" }, "geometry": { "type": "Polygon", "coordinates": [ [ [ -74.01074, 40.63436 ], [ -74.00193, 40.62904 ], [ -74.00252, 40.62848 ], [ -73.99724, 40.6253 ], [ -73.99772, 40.62369 ], [ -73.99932, 40.62466 ], [ -74.01171, 40.61274 ], [ -74.02288, 40.61947 ], [ -74.02062, 40.62181 ], [ -74.02043, 40.62217 ], [ -74.02036, 40.62213 ], [ -74.02009, 40.62243 ], [ -74.01971, 40.62219 ], [ -74.01905, 40.62361 ], [ -74.01915, 40.62366 ], [ -74.01784, 40.6266 ], [ -74.01543, 40.63252 ], [ -74.01515, 40.63323 ], [ -74.0156, 40.63353 ], [ -74.01586, 40.6334 ], [ -74.01595, 40.63413 ], [ -74.01616, 40.63468 ], [ -74.01678, 40.63544 ], [ -74.01629, 40.63592 ], [ -74.01191, 40.63324 ], [ -74.01074, 40.63436 ] ] ] } },
{ "type": "Feature", "properties": { "name": "East Elmhurst" }, "geometry": { "type": "Polygon", "coordinates": [ [ [ -73.86094, 40.76374 ], [ -73.85956, 40.76198 ], [ -73.85976, 40.76184 ], [ -73.85913, 40.76128 ], [ -73.85806, 40.76062 ], [ -73.85604, 40.75973 ], [ -73.85525, 40.75916 ], [ -73.85464, 40.75847 ], [ -73.85856, 40.75792 ], [ -73.86568, 40.75764 ], [ -73.87514, 40.75664 ], [ -73.87602, 40.76145 ], [ -73.87896, 40.76199 ], [ -73.8864, 40.76122 ], [ -73.88709, 40.76502 ], [ -73.88773, 40.76692 ], [ -73.88571, 40.7675 ], [ -73.88432, 40.76799 ], [ -73.88239, 40.76887 ], [ -73.87877, 40.7708 ], [ -73.877, 40.77143 ], [ -73.87553, 40.77174 ], [ -73.87441, 40.77186 ], [ -73.87299, 40.77186 ], [ -73.87185, 40.77175 ], [ -73.87026, 40.77137 ], [ -73.86883, 40.77074 ], [ -73.868, 40.77026 ], [ -73.86598, 40.76887 ], [ -73.86427, 40.76744 ], [ -73.86312, 40.76631 ], [ -73.86094, 40.76374 ] ] ] } },
{ "type": "Feature", "properties": { "name": "East Flatbush-Erasmus" }, "geometry": { "type": "Polygon", "coordinates": [ [ [ -73.9424, 40.65589 ], [ -73.94189, 40.65118 ], [ -73.94283, 40.65112 ], [ -73.94263, 40.64935 ], [ -73.94312, 40.64932 ], [ -73.94301, 40.6486 ], [ -73.94353, 40.64859 ], [ -73.94338, 40.64712 ], [ -73.94435, 40.64709 ], [ -73.94417, 40.64544 ], [ -73.94607, 40.64532 ], [ -73.94587, 40.64343 ], [ -73.94779, 40.64331 ], [ -73.94744, 40.64006 ], [ -73.94841, 40.64 ], [ -73.94827, 40.63862 ], [ -73.95116, 40.63843 ], [ -73.9536, 40.63843 ], [ -73.95405, 40.63889 ], [ -73.95413, 40.63917 ], [ -73.95473, 40.64478 ], [ -73.95565, 40.64664 ], [ -73.95811, 40.64653 ], [ -73.95815, 40.64778 ], [ -73.95826, 40.64854 ], [ -73.95871, 40.6504 ], [ -73.95583, 40.65054 ], [ -73.95639, 40.65588 ], [ -73.95016, 40.65627 ], [ -73.95007, 40.65543 ], [ -73.9424, 40.65589 ] ] ] } },
{ "type": "Feature", "properties": { "name": "East Flatbush-Farragut" }, "geometry": { "type": "Polygon", "coordinates": [ [ [ -73.93738, 40.64491 ], [ -73.93729, 40.64397 ], [ -73.92572, 40.64468 ], [ -73.9255, 40.64238 ], [ -73.92538, 40.64239 ], [ -73.92586, 40.63922 ], [ -73.92606, 40.63853 ], [ -73.92613, 40.63775 ], [ -73.92653, 40.6365 ], [ -73.92745, 40.63527 ], [ -73.93727, 40.63466 ], [ -73.93702, 40.63232 ], [ -73.94562, 40.63179 ], [ -73.94587, 40.63413 ], [ -73.94777, 40.63401 ], [ -73.94841, 40.64 ], [ -73.94744, 40.64006 ], [ -73.94779, 40.64331 ], [ -73.94587, 40.64343 ], [ -73.94607, 40.64532 ], [ -73.94417, 40.64544 ], [ -73.94435, 40.64709 ], [ -73.94338, 40.64712 ], [ -73.94331, 40.64653 ], [ -73.9428, 40.64655 ], [ -73.94261, 40.64467 ], [ -73.93738, 40.64491 ] ] ] } },
{ "type": "Feature", "properties": { "name": "East Flatbush-Remsen Village" }, "geometry": { "type": "Polygon", "coordinates": [ [ [ -73.90856, 40.6521 ], [ -73.91995, 40.64472 ], [ -73.9209, 40.65363 ], [ -73.92541, 40.65769 ], [ -73.92464, 40.65819 ], [ -73.93069, 40.66363 ], [ -73.92439, 40.66639 ], [ -73.92166, 40.66385 ], [ -73.9191, 40.66424 ], [ -73.91819, 40.66073 ], [ -73.91237, 40.65552 ], [ -73.91012, 40.65586 ], [ -73.90934, 40.65282 ], [ -73.90856, 40.6521 ] ] ] } },
{ "type": "Feature", "properties": { "name": "East Flatbush-Rugby" }, "geometry": { "type": "Polygon", "coordinates": [ [ [ -73.9209, 40.65363 ], [ -73.91974, 40.64279 ], [ -73.9233, 40.63993 ], [ -73.92357, 40.64251 ], [ -73.9255, 40.64238 ], [ -73.92572, 40.64468 ], [ -73.93729, 40.64397 ], [ -73.93738, 40.64491 ], [ -73.93358, 40.64509 ], [ -73.93262, 40.64525 ], [ -73.933, 40.64879 ], [ -73.93871, 40.64853 ], [ -73.93886, 40.64958 ], [ -73.94263, 40.64935 ], [ -73.94283, 40.65112 ], [ -73.94189, 40.65118 ], [ -73.9424, 40.65589 ], [ -73.9309, 40.65662 ], [ -73.93108, 40.6583 ], [ -73.934, 40.65813 ], [ -73.93423, 40.66042 ], [ -73.93133, 40.6606 ], [ -73.93161, 40.66356 ], [ -73.93069, 40.66363 ], [ -73.92464, 40.65819 ], [ -73.92541, 40.65769 ], [ -73.9209, 40.65363 ] ] ] } },
{ "type": "Feature", "properties": { "name": "East Flushing" }, "geometry": { "type": "Polygon", "coordinates": [ [ [ -73.79493, 40.75781 ], [ -73.79458, 40.75357 ], [ -73.79472, 40.75063 ], [ -73.79544, 40.75036 ], [ -73.7973, 40.74944 ], [ -73.79705, 40.74934 ], [ -73.79472, 40.74761 ], [ -73.79458, 40.74641 ], [ -73.79479, 40.74645 ], [ -73.79505, 40.74665 ], [ -73.79537, 40.74667 ], [ -73.7968, 40.7466 ], [ -73.79736, 40.74648 ], [ -73.79766, 40.74658 ], [ -73.7981, 40.74693 ], [ -73.79826, 40.74697 ], [ -73.80335, 40.74644 ], [ -73.80294, 40.74742 ], [ -73.80277, 40.74813 ], [ -73.80288, 40.74977 ], [ -73.80751, 40.75014 ], [ -73.81416, 40.74615 ], [ -73.81537, 40.74723 ], [ -73.81575, 40.74699 ], [ -73.81782, 40.74739 ], [ -73.82109, 40.74857 ], [ -73.82427, 40.75184 ], [ -73.82192, 40.75318 ], [ -73.82085, 40.75225 ], [ -73.81841, 40.75384 ], [ -73.8203, 40.75552 ], [ -73.81789, 40.75709 ], [ -73.82064, 40.75888 ], [ -73.81105, 40.76143 ], [ -73.80952, 40.76131 ], [ -73.804, 40.76028 ], [ -73.8003, 40.75971 ], [ -73.79493, 40.75781 ] ] ] } },
{ "type": "Feature", "properties": { "name": "East Harlem (North)" }, "geometry": { "type": "MultiPolygon", "coordinates": [ [ [ [ -73.92719, 40.79736 ], [ -73.92767, 40.79723 ], [ -73.92771, 40.79731 ], [ -73.92719, 40.79736 ] ] ], [ [ [ -73.9267, 40.80016 ], [ -73.92725, 40.8004 ], [ -73.92707, 40.80055 ], [ -73.92717, 40.80041 ], [ -73.9267, 40.80016 ] ] ], [ [ [ -73.92672, 40.80042 ], [ -73.92655, 40.80032 ], [ -73.92674, 40.80041 ], [ -73.92672, 40.80042 ] ] ], [ [ [ -73.92655, 40.80061 ], [ -73.92687, 40.80079 ], [ -73.92705, 40.80066 ], [ -73.92689, 40.80085 ], [ -73.92651, 40.80067 ], [ -73.92655, 40.80061 ] ] ], [ [ [ -73.93383, 40.8195 ], [ -73.93383, 40.81559 ], [ -73.93395, 40.8156 ], [ -73.93402, 40.81449 ], [ -73.93386, 40.81449 ], [ -73.93387, 40.81416 ], [ -73.93404, 40.81235 ], [ -73.93428, 40.81083 ], [ -73.93434, 40.80957 ], [ -73.93412, 40.80866 ], [ -73.93356, 40.80761 ], [ -73.93116, 40.80498 ], [ -73.93031, 40.80379 ], [ -73.92998, 40.8032 ], [ -73.93005, 40.80311 ], [ -73.92946, 40.80192 ], [ -73.92921, 40.80116 ], [ -73.92904, 40.80109 ], [ -73.9289, 40.79986 ], [ -73.92904, 40.79677 ], [ -73.92928, 40.79586 ], [ -73.92988, 40.79504 ], [ -73.92983, 40.79496 ], [ -73.92992, 40.79496 ], [ -73.93007, 40.79471 ], [ -73.93349, 40.79278 ], [ -73.93506, 40.79169 ], [ -73.9354, 40.79198 ], [ -73.93555, 40.79185 ], [ -73.93774, 40.79282 ], [ -73.93865, 40.79157 ], [ -73.94327, 40.7935 ], [ -73.94188, 40.79541 ], [ -73.94831, 40.79814 ], [ -73.9446, 40.80323 ], [ -73.9462, 40.80391 ], [ -73.94436, 40.80642 ], [ -73.94276, 40.80575 ], [ -73.93487, 40.81654 ], [ -73.93408, 40.81783 ], [ -73.9343, 40.81891 ], [ -73.93434, 40.81877 ], [ -73.93444, 40.81916 ], [ -73.93448, 40.81971 ], [ -73.93383, 40.8195 ] ] ] ] } },
{ "type": "Feature", "properties": { "name": "East Harlem (South)" }, "geometry": { "type": "Polygon", "coordinates": [ [ [ -73.94327, 40.7935 ], [ -73.93865, 40.79157 ], [ -73.93774, 40.79282 ], [ -73.93555, 40.79185 ], [ -73.9354, 40.79198 ], [ -73.93506, 40.79169 ], [ -73.93527, 40.79154 ], [ -73.93519, 40.79148 ], [ -73.93583, 40.7911 ], [ -73.93708, 40.78937 ], [ -73.93614, 40.78896 ], [ -73.93622, 40.78881 ], [ -73.93715, 40.78918 ], [ -73.93812, 40.78719 ], [ -73.93983, 40.78526 ], [ -73.94247, 40.7839 ], [ -73.94321, 40.78338 ], [ -73.94365, 40.78266 ], [ -73.94376, 40.78284 ], [ -73.94406, 40.78297 ], [ -73.95578, 40.78792 ], [ -73.94831, 40.79814 ], [ -73.94188, 40.79541 ], [ -73.94327, 40.7935 ] ] ] } },
{ "type": "Feature", "properties": { "name": "East Midtown-Turtle Bay" }, "geometry": { "type": "Polygon", "coordinates": [ [ [ -73.9698, 40.76292 ], [ -73.95894, 40.75834 ], [ -73.95872, 40.75865 ], [ -73.95849, 40.75855 ], [ -73.95918, 40.75786 ], [ -73.96066, 40.75593 ], [ -73.96163, 40.75516 ], [ -73.96471, 40.75173 ], [ -73.96486, 40.75202 ], [ -73.96506, 40.75182 ], [ -73.96522, 40.75182 ], [ -73.96515, 40.75193 ], [ -73.96542, 40.75196 ], [ -73.96723, 40.7527 ], [ -73.9677, 40.75205 ], [ -73.96778, 40.75163 ], [ -73.96891, 40.75012 ], [ -73.9735, 40.75207 ], [ -73.97445, 40.75077 ], [ -73.97835, 40.75242 ], [ -73.97652, 40.75498 ], [ -73.97581, 40.75469 ], [ -73.9698, 40.76292 ] ] ] } },
{ "type": "Feature", "properties": { "name": "East New York (North)" }, "geometry": { "type": "Polygon", "coordinates": [ [ [ -73.87423, 40.67087 ], [ -73.87887, 40.6702 ], [ -73.87849, 40.66866 ], [ -73.90085, 40.66535 ], [ -73.90348, 40.67551 ], [ -73.90005, 40.6769 ], [ -73.89836, 40.67767 ], [ -73.89776, 40.67807 ], [ -73.89654, 40.6786 ], [ -73.89622, 40.67737 ], [ -73.88988, 40.67831 ], [ -73.88901, 40.67857 ], [ -73.88826, 40.67563 ], [ -73.88051, 40.67678 ], [ -73.88106, 40.67899 ], [ -73.87743, 40.68002 ], [ -73.87745, 40.67994 ], [ -73.87658, 40.68018 ], [ -73.87423, 40.67087 ] ] ] } },
{ "type": "Feature", "properties": { "name": "East New York-City Line" }, "geometry": { "type": "Polygon", "coordinates": [ [ [ -73.8641, 40.68238 ], [ -73.86328, 40.67909 ], [ -73.86235, 40.67917 ], [ -73.86039, 40.67126 ], [ -73.85763, 40.67166 ], [ -73.85569, 40.66388 ], [ -73.85843, 40.66346 ], [ -73.85762, 40.66013 ], [ -73.85852, 40.65991 ], [ -73.86031, 40.65964 ], [ -73.86317, 40.65828 ], [ -73.8627, 40.65763 ], [ -73.863, 40.6575 ], [ -73.863, 40.65728 ], [ -73.86313, 40.65722 ], [ -73.86328, 40.65695 ], [ -73.863, 40.65666 ], [ -73.86306, 40.65648 ], [ -73.863, 40.65637 ], [ -73.8632, 40.65637 ], [ -73.86303, 40.65609 ], [ -73.86264, 40.65568 ], [ -73.86173, 40.6553 ], [ -73.86099, 40.65522 ], [ -73.86087, 40.65509 ], [ -73.86245, 40.6553 ], [ -73.86366, 40.6559 ], [ -73.86404, 40.65625 ], [ -73.87388, 40.66946 ], [ -73.87658, 40.68018 ], [ -73.87745, 40.67994 ], [ -73.87741, 40.68011 ], [ -73.87359, 40.6811 ], [ -73.87328, 40.67993 ], [ -73.8712, 40.68023 ], [ -73.87156, 40.68169 ], [ -73.8663, 40.68319 ], [ -73.86602, 40.68193 ], [ -73.8641, 40.68238 ] ] ] } },
{ "type": "Feature", "properties": { "name": "East New York-New Lots" }, "geometry": { "type": "Polygon", "coordinates": [ [ [ -73.86718, 40.66046 ], [ -73.86847, 40.6603 ], [ -73.86916, 40.66013 ], [ -73.89001, 40.65116 ], [ -73.89167, 40.6527 ], [ -73.89355, 40.65521 ], [ -73.89761, 40.65346 ], [ -73.89586, 40.65189 ], [ -73.90398, 40.64664 ], [ -73.90828, 40.65051 ], [ -73.90869, 40.65073 ], [ -73.90945, 40.65153 ], [ -73.9074, 40.65285 ], [ -73.90784, 40.6546 ], [ -73.90318, 40.65532 ], [ -73.90251, 40.65566 ], [ -73.90119, 40.65652 ], [ -73.90049, 40.65716 ], [ -73.89879, 40.65742 ], [ -73.89965, 40.66074 ], [ -73.89989, 40.66065 ], [ -73.90066, 40.66059 ], [ -73.90145, 40.66367 ], [ -73.90043, 40.66382 ], [ -73.90085, 40.66535 ], [ -73.87849, 40.66866 ], [ -73.87887, 40.6702 ], [ -73.87423, 40.67087 ], [ -73.87388, 40.66946 ], [ -73.86718, 40.66046 ] ] ] } },
{ "type": "Feature", "properties": { "name": "East Village" }, "geometry": { "type": "MultiPolygon", "coordinates": [ [ [ [ -73.9666, 40.71798 ], [ -73.96718, 40.71828 ], [ -73.96731, 40.71832 ], [ -73.96718, 40.71849 ], [ -73.96707, 40.71845 ], [ -73.96715, 40.71832 ], [ -73.96656, 40.71802 ], [ -73.9666, 40.71798 ] ] ], [ [ [ -73.9665, 40.7192 ], [ -73.96632, 40.71911 ], [ -73.96637, 40.71906 ], [ -73.96574, 40.71872 ], [ -73.96664, 40.71914 ], [ -73.96647, 40.71925 ], [ -73.96654, 40.7194 ], [ -73.96649, 40.71944 ], [ -73.96643, 40.7194 ], [ -73.96644, 40.71925 ], [ -73.9665, 40.7192 ] ] ], [ [ [ -73.9656, 40.72075 ], [ -73.96503, 40.72039 ], [ -73.96512, 40.72032 ], [ -73.96568, 40.72069 ], [ -73.9656, 40.72075 ] ] ], [ [ [ -73.96487, 40.72078 ], [ -73.96493, 40.72073 ], [ -73.96503, 40.7208 ], [ -73.96485, 40.72096 ], [ -73.96475, 40.72089 ], [ -73.96484, 40.7208 ], [ -73.96436, 40.72049 ], [ -73.96487, 40.72078 ] ] ], [ [ [ -73.96431, 40.72106 ], [ -73.96403, 40.72089 ], [ -73.96407, 40.72081 ], [ -73.96438, 40.721 ], [ -73.96431, 40.72106 ] ] ], [ [ [ -73.96484, 40.72147 ], [ -73.9642, 40.72066 ], [ -73.96428, 40.72058 ], [ -73.96495, 40.72143 ], [ -73.96484, 40.72147 ] ] ], [ [ [ -73.97163, 40.72664 ], [ -73.97315, 40.72 ], [ -73.97357, 40.71861 ], [ -73.97474, 40.71885 ], [ -73.97506, 40.71879 ], [ -73.97548, 40.7189 ], [ -73.97545, 40.71895 ], [ -73.97723, 40.71932 ], [ -73.97875, 40.71994 ], [ -73.9926, 40.72414 ], [ -73.99155, 40.7271 ], [ -73.99124, 40.72774 ], [ -73.9913, 40.72776 ], [ -73.99114, 40.7286 ], [ -73.99051, 40.73057 ], [ -73.98987, 40.73354 ], [ -73.9899, 40.73444 ], [ -73.97205, 40.72689 ], [ -73.97163, 40.72664 ] ] ] ] } },
{ "type": "Feature", "properties": { "name": "East Williamsburg" }, "geometry": { "type": "Polygon", "coordinates": [ [ [ -73.92406, 40.71412 ], [ -73.92404, 40.71402 ], [ -73.92224, 40.71286 ], [ -73.92155, 40.71105 ], [ -73.92075, 40.71054 ], [ -73.92189, 40.7094 ], [ -73.92609, 40.70569 ], [ -73.92665, 40.70554 ], [ -73.93395, 40.70268 ], [ -73.94193, 40.70073 ], [ -73.95024, 40.70548 ], [ -73.95088, 40.70952 ], [ -73.94866, 40.70973 ], [ -73.94937, 40.71408 ], [ -73.95349, 40.71408 ], [ -73.95115, 40.71604 ], [ -73.94904, 40.71744 ], [ -73.94561, 40.71958 ], [ -73.94196, 40.72166 ], [ -73.94022, 40.7229 ], [ -73.93727, 40.72441 ], [ -73.93412, 40.72686 ], [ -73.93214, 40.72817 ], [ -73.93033, 40.7278 ], [ -73.92966, 40.72754 ], [ -73.92958, 40.72762 ], [ -73.92924, 40.72741 ], [ -73.9285, 40.72662 ], [ -73.92787, 40.72586 ], [ -73.9278, 40.72493 ], [ -73.92562, 40.72007 ], [ -73.92482, 40.72027 ], [ -73.92452, 40.71956 ], [ -73.92469, 40.71873 ], [ -73.92487, 40.71845 ], [ -73.92838, 40.71759 ], [ -73.92888, 40.71773 ], [ -73.92971, 40.71706 ], [ -73.92932, 40.71612 ], [ -73.92947, 40.71573 ], [ -73.93179, 40.71519 ], [ -73.93221, 40.71497 ], [ -73.93215, 40.7147 ], [ -73.93175, 40.71475 ], [ -73.93159, 40.71441 ], [ -73.93143, 40.71439 ], [ -73.93131, 40.71415 ], [ -73.93144, 40.71413 ], [ -73.93124, 40.71373 ], [ -73.93145, 40.71345 ], [ -73.93165, 40.71335 ], [ -73.93264, 40.71306 ], [ -73.93203, 40.7116 ], [ -73.93339, 40.71124 ], [ -73.93328, 40.71099 ], [ -73.9319, 40.71135 ], [ -73.93093, 40.70917 ], [ -73.93078, 40.70911 ], [ -73.93076, 40.70898 ], [ -73.9305, 40.70869 ], [ -73.93036, 40.70873 ], [ -73.93038, 40.70881 ], [ -73.93025, 40.70894 ], [ -73.93155, 40.71186 ], [ -73.93086, 40.71207 ], [ -73.93078, 40.71217 ], [ -73.93086, 40.71223 ], [ -73.93161, 40.71205 ], [ -73.93184, 40.71264 ], [ -73.93174, 40.71276 ], [ -73.93053, 40.71307 ], [ -73.93042, 40.71318 ], [ -73.93105, 40.71462 ], [ -73.93085, 40.71491 ], [ -73.92844, 40.71554 ], [ -73.92891, 40.71663 ], [ -73.92875, 40.71683 ], [ -73.92823, 40.71711 ], [ -73.92473, 40.71795 ], [ -73.92455, 40.71795 ], [ -73.9241, 40.71768 ], [ -73.92342, 40.71708 ], [ -73.92306, 40.71635 ], [ -73.92361, 40.71611 ], [ -73.92359, 40.71604 ], [ -73.92431, 40.71586 ], [ -73.92489, 40.71528 ], [ -73.92476, 40.71498 ], [ -73.92456, 40.71476 ], [ -73.92434, 40.71413 ], [ -73.92406, 40.71412 ] ] ] } },
{ "type": "Feature", "properties": { "name": "Eastchester-Edenwald-Baychester" }, "geometry": { "type": "Polygon", "coordinates": [ [ [ -73.79323, 40.88283 ], [ -73.79449, 40.88308 ], [ -73.79938, 40.88436 ], [ -73.8052, 40.88601 ], [ -73.80647, 40.88578 ], [ -73.8079, 40.88579 ], [ -73.81277, 40.88669 ], [ -73.81442, 40.88673 ], [ -73.816, 40.88657 ], [ -73.82082, 40.88535 ], [ -73.82099, 40.88576 ], [ -73.82119, 40.88595 ], [ -73.82161, 40.88612 ], [ -73.82206, 40.88612 ], [ -73.82661, 40.88466 ], [ -73.82606, 40.88416 ], [ -73.82986, 40.88218 ], [ -73.83145, 40.88111 ], [ -73.83246, 40.88022 ], [ -73.83377, 40.87873 ], [ -73.83445, 40.87728 ], [ -73.83484, 40.8758 ], [ -73.83489, 40.87475 ], [ -73.8348, 40.87373 ], [ -73.83434, 40.87204 ], [ -73.83369, 40.87046 ], [ -73.83265, 40.86825 ], [ -73.83075, 40.86468 ], [ -73.83023, 40.86344 ], [ -73.82956, 40.86217 ], [ -73.8316, 40.86265 ], [ -73.83579, 40.86502 ], [ -73.8486, 40.87168 ], [ -73.85364, 40.87331 ], [ -73.85069, 40.87549 ], [ -73.85172, 40.87685 ], [ -73.85255, 40.8771 ], [ -73.85092, 40.8779 ], [ -73.85207, 40.87931 ], [ -73.85248, 40.87947 ], [ -73.84745, 40.88699 ], [ -73.84591, 40.88975 ], [ -73.85069, 40.89131 ], [ -73.83804, 40.89415 ], [ -73.83631, 40.89361 ], [ -73.83526, 40.8934 ], [ -73.83357, 40.89281 ], [ -73.83268, 40.89261 ], [ -73.82723, 40.89092 ], [ -73.82367, 40.88991 ], [ -73.82253, 40.88944 ], [ -73.82241, 40.88962 ], [ -73.82255, 40.88981 ], [ -73.82275, 40.88986 ], [ -73.82314, 40.88977 ], [ -73.82338, 40.88993 ], [ -73.8233, 40.8904 ], [ -73.82348, 40.89064 ], [ -73.82337, 40.89098 ], [ -73.82285, 40.89122 ], [ -73.81949, 40.8903 ], [ -73.81828, 40.88986 ], [ -73.80872, 40.88749 ], [ -73.80756, 40.88712 ], [ -73.80291, 40.88604 ], [ -73.80193, 40.88572 ], [ -73.79406, 40.88371 ], [ -73.79301, 40.88337 ], [ -73.79323, 40.88283 ] ] ] } },
{ "type": "Feature", "properties": { "name": "Elmhurst" }, "geometry": { "type": "Polygon", "coordinates": [ [ [ -73.86583, 40.73665 ], [ -73.86457, 40.7342 ], [ -73.86879, 40.73294 ], [ -73.87405, 40.73118 ], [ -73.87484, 40.73085 ], [ -73.87664, 40.73031 ], [ -73.88005, 40.729 ], [ -73.8814, 40.72874 ], [ -73.88528, 40.72842 ], [ -73.88639, 40.72816 ], [ -73.88721, 40.72788 ], [ -73.88724, 40.72894 ], [ -73.88756, 40.73021 ], [ -73.88806, 40.7301 ], [ -73.88852, 40.73454 ], [ -73.88936, 40.73585 ], [ -73.88961, 40.73595 ], [ -73.89138, 40.73593 ], [ -73.89137, 40.73607 ], [ -73.88754, 40.73677 ], [ -73.88725, 40.73884 ], [ -73.89469, 40.74024 ], [ -73.89089, 40.7407 ], [ -73.89169, 40.74215 ], [ -73.89565, 40.74848 ], [ -73.89175, 40.74682 ], [ -73.86943, 40.74917 ], [ -73.86892, 40.74838 ], [ -73.86853, 40.7476 ], [ -73.86749, 40.74331 ], [ -73.86747, 40.7421 ], [ -73.86756, 40.74169 ], [ -73.86756, 40.74095 ], [ -73.86583, 40.73665 ] ] ] } },
{ "type": "Feature", "properties": { "name": "Far Rockaway-Bayswater" }, "geometry": { "type": "Polygon", "coordinates": [ [ [ -73.76965, 40.59078 ], [ -73.77023, 40.59398 ], [ -73.77136, 40.59344 ], [ -73.7727, 40.59313 ], [ -73.77281, 40.59408 ], [ -73.77368, 40.5939 ], [ -73.77388, 40.59578 ], [ -73.77233, 40.59583 ], [ -73.77066, 40.59601 ], [ -73.77109, 40.59802 ], [ -73.7711, 40.59831 ], [ -73.77037, 40.5981 ], [ -73.76982, 40.59813 ], [ -73.76946, 40.59826 ], [ -73.76816, 40.59783 ], [ -73.76794, 40.59813 ], [ -73.76829, 40.59835 ], [ -73.76891, 40.59841 ], [ -73.76904, 40.59852 ], [ -73.7697, 40.59865 ], [ -73.77034, 40.59899 ], [ -73.77073, 40.59882 ], [ -73.7709, 40.59885 ], [ -73.77102, 40.59895 ], [ -73.77116, 40.5994 ], [ -73.77109, 40.5997 ], [ -73.77111, 40.60055 ], [ -73.77074, 40.60154 ], [ -73.77084, 40.60182 ], [ -73.77075, 40.60195 ], [ -73.77062, 40.60188 ], [ -73.77019, 40.60276 ], [ -73.77042, 40.60295 ], [ -73.77033, 40.60307 ], [ -73.77016, 40.60309 ], [ -73.77038, 40.60359 ], [ -73.77046, 40.60452 ], [ -73.77057, 40.60483 ], [ -73.77046, 40.60498 ], [ -73.77017, 40.60513 ], [ -73.77001, 40.60536 ], [ -73.77006, 40.60569 ], [ -73.76984, 40.60628 ], [ -73.77002, 40.60721 ], [ -73.76978, 40.60754 ], [ -73.76983, 40.60785 ], [ -73.76951, 40.6083 ], [ -73.76923, 40.60844 ], [ -73.76894, 40.6092 ], [ -73.76915, 40.60968 ], [ -73.76977, 40.61007 ], [ -73.77025, 40.61026 ], [ -73.77059, 40.61017 ], [ -73.77087, 40.61036 ], [ -73.77129, 40.61043 ], [ -73.77185, 40.61083 ], [ -73.77199, 40.61126 ], [ -73.77222, 40.61151 ], [ -73.77307, 40.61131 ], [ -73.77341, 40.6111 ], [ -73.7729, 40.61024 ], [ -73.77288, 40.61017 ], [ -73.77297, 40.61017 ], [ -73.77377, 40.61126 ], [ -73.77394, 40.61213 ], [ -73.77417, 40.61184 ], [ -73.77384, 40.61292 ], [ -73.7734, 40.61368 ], [ -73.77294, 40.61357 ], [ -73.77169, 40.61398 ], [ -73.77126, 40.61394 ], [ -73.7702, 40.61407 ], [ -73.76933, 40.61398 ], [ -73.76836, 40.61424 ], [ -73.76692, 40.6143 ], [ -73.76631, 40.6142 ], [ -73.76598, 40.61394 ], [ -73.7653, 40.61383 ], [ -73.76517, 40.61376 ], [ -73.76502, 40.6135 ], [ -73.76516, 40.61309 ], [ -73.76512, 40.61249 ], [ -73.76498, 40.61234 ], [ -73.7651, 40.61221 ], [ -73.76506, 40.61204 ], [ -73.76451, 40.61183 ], [ -73.76324, 40.61169 ], [ -73.7623, 40.61137 ], [ -73.76173, 40.61186 ], [ -73.76024, 40.61083 ], [ -73.76178, 40.60916 ], [ -73.76155, 40.60904 ], [ -73.75999, 40.61089 ], [ -73.75949, 40.61082 ], [ -73.75971, 40.61016 ], [ -73.75947, 40.61035 ], [ -73.7592, 40.61038 ], [ -73.75842, 40.61029 ], [ -73.75732, 40.6103 ], [ -73.75666, 40.61022 ], [ -73.75656, 40.61015 ], [ -73.75599, 40.61021 ], [ -73.75587, 40.61032 ], [ -73.75561, 40.61009 ], [ -73.75588, 40.61039 ], [ -73.7557, 40.61037 ], [ -73.75576, 40.61037 ], [ -73.75557, 40.61013 ], [ -73.75499, 40.61014 ], [ -73.75473, 40.61041 ], [ -73.75346, 40.61053 ], [ -73.75009, 40.61165 ], [ -73.74822, 40.61202 ], [ -73.74799, 40.61232 ], [ -73.74762, 40.61201 ], [ -73.74722, 40.61219 ], [ -73.74686, 40.61158 ], [ -73.74576, 40.612 ], [ -73.74537, 40.61121 ], [ -73.74457, 40.61013 ], [ -73.74311, 40.60772 ], [ -73.7434, 40.60748 ], [ -73.74029, 40.60461 ], [ -73.73921, 40.60405 ], [ -73.73841, 40.60313 ], [ -73.7384, 40.60281 ], [ -73.73823, 40.60257 ], [ -73.73836, 40.59761 ], [ -73.73865, 40.59733 ], [ -73.73856, 40.59727 ], [ -73.73849, 40.59737 ], [ -73.73872, 40.59696 ], [ -73.73859, 40.59726 ], [ -73.73879, 40.59698 ], [ -73.73905, 40.59717 ], [ -73.73939, 40.59725 ], [ -73.73963, 40.59722 ], [ -73.73993, 40.59706 ], [ -73.74012, 40.59675 ], [ -73.74001, 40.59656 ], [ -73.7398, 40.59644 ], [ -73.7401, 40.59622 ], [ -73.74039, 40.59619 ], [ -73.74029, 40.59642 ], [ -73.74036, 40.59678 ], [ -73.7406, 40.59688 ], [ -73.74065, 40.59701 ], [ -73.741, 40.59694 ], [ -73.74096, 40.59689 ], [ -73.74108, 40.59683 ], [ -73.74129, 40.59681 ], [ -73.74144, 40.59695 ], [ -73.74157, 40.59691 ], [ -73.74183, 40.5967 ], [ -73.74177, 40.5966 ], [ -73.74151, 40.59654 ], [ -73.74052, 40.59658 ], [ -73.74062, 40.5963 ], [ -73.74055, 40.59613 ], [ -73.74029, 40.59605 ], [ -73.73993, 40.59607 ], [ -73.73981, 40.59628 ], [ -73.73958, 40.59638 ], [ -73.73953, 40.59654 ], [ -73.73961, 40.59677 ], [ -73.73947, 40.59689 ], [ -73.7395, 40.59703 ], [ -73.73988, 40.59678 ], [ -73.73974, 40.59658 ], [ -73.73965, 40.59658 ], [ -73.73975, 40.59655 ], [ -73.73991, 40.59678 ], [ -73.7398, 40.59689 ], [ -73.73951, 40.59705 ], [ -73.7394, 40.59705 ], [ -73.73893, 40.59688 ], [ -73.7394, 40.59704 ], [ -73.73944, 40.59691 ], [ -73.73895, 40.59677 ], [ -73.73838, 40.59713 ], [ -73.73841, 40.59593 ], [ -73.73799, 40.59456 ], [ -73.7384, 40.59449 ], [ -73.73849, 40.59436 ], [ -73.73877, 40.59453 ], [ -73.73878, 40.59436 ], [ -73.73882, 40.59437 ], [ -73.73879, 40.59454 ], [ -73.739, 40.59459 ], [ -73.7392, 40.59459 ], [ -73.7393, 40.59446 ], [ -73.73957, 40.59457 ], [ -73.73959, 40.59443 ], [ -73.73962, 40.59459 ], [ -73.7397, 40.5946 ], [ -73.73968, 40.59451 ], [ -73.73996, 40.59451 ], [ -73.73999, 40.59464 ], [ -73.74014, 40.59452 ], [ -73.74021, 40.59463 ], [ -73.74063, 40.59473 ], [ -73.74079, 40.59466 ], [ -73.7409, 40.5945 ], [ -73.7409, 40.59462 ], [ -73.74132, 40.5948 ], [ -73.74162, 40.59479 ], [ -73.7417, 40.59465 ], [ -73.7418, 40.59478 ], [ -73.74223, 40.59491 ], [ -73.74243, 40.59488 ], [ -73.74239, 40.59474 ], [ -73.74276, 40.59475 ], [ -73.74292, 40.59484 ], [ -73.74335, 40.5948 ], [ -73.74347, 40.59474 ], [ -73.74349, 40.5946 ], [ -73.74359, 40.59467 ], [ -73.74463, 40.59467 ], [ -73.74666, 40.5943 ], [ -73.74693, 40.59413 ], [ -73.74745, 40.59403 ], [ -73.74818, 40.59352 ], [ -73.74913, 40.59322 ], [ -73.7505, 40.59236 ], [ -73.7517, 40.59132 ], [ -73.75291, 40.59116 ], [ -73.75345, 40.59097 ], [ -73.75596, 40.59088 ], [ -73.75789, 40.59137 ], [ -73.76134, 40.59173 ], [ -73.76295, 40.59162 ], [ -73.76797, 40.59074 ], [ -73.76859, 40.59088 ], [ -73.76965, 40.59078 ] ] ] } },
{ "type": "Feature", "properties": { "name": "Ferry Point Park-St. Raymond Cemetery" }, "geometry": { "type": "Polygon", "coordinates": [ [ [ -73.83534, 40.8282 ], [ -73.83132, 40.82673 ], [ -73.8311, 40.82683 ], [ -73.82465, 40.82477 ], [ -73.82946, 40.82239 ], [ -73.82833, 40.82105 ], [ -73.82672, 40.82183 ], [ -73.82537, 40.82022 ], [ -73.82371, 40.81766 ], [ -73.82317, 40.81669 ], [ -73.82842, 40.81488 ], [ -73.82631, 40.81129 ], [ -73.82769, 40.81147 ], [ -73.82907, 40.8113 ], [ -73.83019, 40.81084 ], [ -73.83124, 40.81001 ], [ -73.83184, 40.80927 ], [ -73.83221, 40.80795 ], [ -73.8321, 40.80731 ], [ -73.83162, 40.80665 ], [ -73.83165, 40.80617 ], [ -73.8314, 40.80518 ], [ -73.83161, 40.80504 ], [ -73.83162, 40.80495 ], [ -73.83262, 40.80496 ], [ -73.83377, 40.80507 ], [ -73.83467, 40.80525 ], [ -73.83691, 40.80594 ], [ -73.83744, 40.80621 ], [ -73.83806, 40.80705 ], [ -73.83806, 40.80766 ], [ -73.83826, 40.80822 ], [ -73.83848, 40.8085 ], [ -73.83897, 40.80952 ], [ -73.83919, 40.80975 ], [ -73.84009, 40.81127 ], [ -73.84026, 40.81145 ], [ -73.84026, 40.81204 ], [ -73.84043, 40.81255 ], [ -73.8403, 40.81286 ], [ -73.84027, 40.81329 ], [ -73.83963, 40.81402 ], [ -73.83953, 40.81519 ], [ -73.83962, 40.81539 ], [ -73.83954, 40.81583 ], [ -73.83974, 40.81641 ], [ -73.83697, 40.81637 ], [ -73.83669, 40.81736 ], [ -73.83666, 40.818 ], [ -73.8364, 40.8189 ], [ -73.83644, 40.81782 ], [ -73.83604, 40.81779 ], [ -73.83595, 40.8189 ], [ -73.836, 40.82361 ], [ -73.83617, 40.825 ], [ -73.83683, 40.82845 ], [ -73.83534, 40.8282 ] ] ] } },
{ "type": "Feature", "properties": { "name": "Financial District-Battery Park City" }, "geometry": { "type": "MultiPolygon", "coordinates": [ [ [ [ -74.00302, 40.69479 ], [ -74.0024, 40.69572 ], [ -74.00027, 40.69497 ], [ -74.00096, 40.69408 ], [ -74.00302, 40.69479 ] ] ], [ [ [ -74.00049, 40.69877 ], [ -73.99838, 40.69807 ], [ -73.99887, 40.69717 ], [ -74.00105, 40.69792 ], [ -74.00049, 40.69877 ] ] ], [ [ [ -73.99948, 40.70033 ], [ -73.9975, 40.69965 ], [ -73.99802, 40.69877 ], [ -74.00002, 40.69947 ], [ -73.99948, 40.70033 ] ] ], [ [ [ -73.9967, 40.70089 ], [ -73.99682, 40.701 ], [ -73.99776, 40.70137 ], [ -73.9978, 40.70133 ], [ -73.99814, 40.70153 ], [ -73.99619, 40.70339 ], [ -73.99514, 40.70298 ], [ -73.9967, 40.70089 ] ] ], [ [ [ -73.99529, 40.70356 ], [ -73.9948, 40.7033 ], [ -73.99505, 40.70314 ], [ -73.99545, 40.70328 ], [ -73.99529, 40.70356 ] ] ], [ [ [ -73.99493, 40.70378 ], [ -73.99503, 40.70382 ], [ -73.99488, 40.70402 ], [ -73.99477, 40.70396 ], [ -73.99493, 40.70378 ] ] ], [ [ [ -74.01229, 40.71905 ], [ -74.01344, 40.71444 ], [ -74.01373, 40.71369 ], [ -74.0086, 40.7114 ], [ -74.00835, 40.71137 ], [ -74.00797, 40.71146 ], [ -74.00822, 40.71153 ], [ -74.00821, 40.71164 ], [ -74.00808, 40.71173 ], [ -74.00751, 40.71168 ], [ -74.00528, 40.71226 ], [ -74.00486, 40.71246 ], [ -74.00429, 40.71292 ], [ -74.00449, 40.71255 ], [ -74.00442, 40.7122 ], [ -73.99914, 40.70799 ], [ -73.99954, 40.7077 ], [ -73.99961, 40.70777 ], [ -73.99995, 40.7076 ], [ -74.00024, 40.70736 ], [ -74.00119, 40.70687 ], [ -74.00113, 40.70681 ], [ -74.00123, 40.70675 ], [ -74.00098, 40.70642 ], [ -74.00141, 40.70619 ], [ -74.00059, 40.70542 ], [ -74.00146, 40.70488 ], [ -74.00206, 40.70543 ], [ -74.00216, 40.70537 ], [ -74.00257, 40.70553 ], [ -74.00269, 40.70546 ], [ -74.00197, 40.70475 ], [ -74.00217, 40.70461 ], [ -74.00233, 40.70476 ], [ -74.00243, 40.70469 ], [ -74.00249, 40.70474 ], [ -74.00239, 40.7048 ], [ -74.00332, 40.70564 ], [ -74.00383, 40.70531 ], [ -74.00366, 40.70516 ], [ -74.00355, 40.70517 ], [ -74.00363, 40.70513 ], [ -74.00263, 40.70423 ], [ -74.00287, 40.70408 ], [ -74.00406, 40.70516 ], [ -74.00602, 40.70388 ], [ -74.00614, 40.70399 ], [ -74.0066, 40.70369 ], [ -74.00549, 40.70272 ], [ -74.00553, 40.70269 ], [ -74.00531, 40.70257 ], [ -74.0055, 40.70244 ], [ -74.00562, 40.70254 ], [ -74.00554, 40.70265 ], [ -74.00568, 40.70259 ], [ -74.00679, 40.70358 ], [ -74.00752, 40.70313 ], [ -74.0077, 40.70286 ], [ -74.00929, 40.70194 ], [ -74.0087, 40.70115 ], [ -74.00776, 40.70156 ], [ -74.00759, 40.70134 ], [ -74.00854, 40.70093 ], [ -74.00835, 40.70068 ], [ -74.00862, 40.70056 ], [ -74.00959, 40.70185 ], [ -74.01118, 40.70146 ], [ -74.01111, 40.70128 ], [ -74.01129, 40.70126 ], [ -74.01121, 40.70105 ], [ -74.01113, 40.70107 ], [ -74.0108, 40.70022 ], [ -74.01115, 40.70091 ], [ -74.01136, 40.70086 ], [ -74.01134, 40.70058 ], [ -74.0115, 40.70082 ], [ -74.01173, 40.70078 ], [ -74.01163, 40.70047 ], [ -74.01173, 40.70049 ], [ -74.01186, 40.70075 ], [ -74.01209, 40.70069 ], [ -74.01186, 40.70012 ], [ -74.01196, 40.70005 ], [ -74.01209, 40.70009 ], [ -74.01239, 40.70063 ], [ -74.0126, 40.70058 ], [ -74.01252, 40.70016 ], [ -74.01262, 40.70012 ], [ -74.01291, 40.70053 ], [ -74.01311, 40.70052 ], [ -74.01301, 40.69983 ], [ -74.01311, 40.69978 ], [ -74.01327, 40.70051 ], [ -74.01349, 40.70049 ], [ -74.01353, 40.70012 ], [ -74.01368, 40.70013 ], [ -74.01353, 40.70032 ], [ -74.01356, 40.70095 ], [ -74.01434, 40.70114 ], [ -74.01371, 40.70108 ], [ -74.01398, 40.70154 ], [ -74.01401, 40.70198 ], [ -74.01381, 40.70213 ], [ -74.01384, 40.70241 ], [ -74.01426, 40.70281 ], [ -74.01443, 40.70316 ], [ -74.01429, 40.70456 ], [ -74.01566, 40.70484 ], [ -74.01663, 40.70481 ], [ -74.01664, 40.70464 ], [ -74.01685, 40.70464 ], [ -74.01713, 40.70429 ], [ -74.01757, 40.70419 ], [ -74.0178, 40.70424 ], [ -74.01786, 40.70409 ], [ -74.01775, 40.70406 ], [ -74.01779, 40.70396 ], [ -74.01781, 40.70404 ], [ -74.01791, 40.70406 ], [ -74.01796, 40.70398 ], [ -74.01785, 40.70425 ], [ -74.01845, 40.70417 ], [ -74.01866, 40.70444 ], [ -74.01752, 40.70459 ], [ -74.01748, 40.70468 ], [ -74.01803, 40.70465 ], [ -74.01811, 40.70456 ], [ -74.01889, 40.70474 ], [ -74.01934, 40.7061 ], [ -74.01912, 40.70698 ], [ -74.01863, 40.70715 ], [ -74.01855, 40.70712 ], [ -74.01876, 40.70708 ], [ -74.01885, 40.70698 ], [ -74.01865, 40.70703 ], [ -74.01854, 40.70693 ], [ -74.01819, 40.70783 ], [ -74.01866, 40.70793 ], [ -74.01886, 40.70806 ], [ -74.01811, 40.71104 ], [ -74.01777, 40.71284 ], [ -74.01772, 40.71279 ], [ -74.0178, 40.71235 ], [ -74.01663, 40.71217 ], [ -74.01655, 40.71246 ], [ -74.01662, 40.71276 ], [ -74.01639, 40.71311 ], [ -74.01632, 40.71342 ], [ -74.01758, 40.7136 ], [ -74.01767, 40.71308 ], [ -74.01773, 40.71308 ], [ -74.01671, 40.71863 ], [ -74.015, 40.71846 ], [ -74.01495, 40.71855 ], [ -74.01321, 40.71832 ], [ -74.01303, 40.71914 ], [ -74.01229, 40.71905 ] ] ] ] } },
{ "type": "Feature", "properties": { "name": "Flatbush" }, "geometry": { "type": "Polygon", "coordinates": [ [ [ -73.9563, 40.65506 ], [ -73.95583, 40.65054 ], [ -73.95871, 40.6504 ], [ -73.95826, 40.64854 ], [ -73.95815, 40.64778 ], [ -73.95811, 40.64653 ], [ -73.95565, 40.64664 ], [ -73.95473, 40.64478 ], [ -73.95413, 40.63917 ], [ -73.95405, 40.63889 ], [ -73.9536, 40.63843 ], [ -73.95116, 40.63843 ], [ -73.94827, 40.63862 ], [ -73.94777, 40.63401 ], [ -73.94587, 40.63413 ], [ -73.94562, 40.63179 ], [ -73.94648, 40.63172 ], [ -73.94416, 40.62952 ], [ -73.95685, 40.62813 ], [ -73.95938, 40.64148 ], [ -73.96319, 40.63968 ], [ -73.96409, 40.64441 ], [ -73.96501, 40.64431 ], [ -73.96547, 40.64671 ], [ -73.96454, 40.64681 ], [ -73.96491, 40.64873 ], [ -73.96219, 40.6498 ], [ -73.96302, 40.65154 ], [ -73.96466, 40.6509 ], [ -73.96621, 40.6532 ], [ -73.95986, 40.65564 ], [ -73.9597, 40.65485 ], [ -73.9563, 40.65506 ] ] ] } },
{ "type": "Feature", "properties": { "name": "Flatbush (West)-Ditmas Park-Parkville" }, "geometry": { "type": "Polygon", "coordinates": [ [ [ -73.95685, 40.62813 ], [ -73.95996, 40.62779 ], [ -73.96041, 40.63017 ], [ -73.96233, 40.62998 ], [ -73.97137, 40.62894 ], [ -73.97092, 40.62658 ], [ -73.97624, 40.62598 ], [ -73.97717, 40.63075 ], [ -73.96987, 40.6342 ], [ -73.97029, 40.63641 ], [ -73.96804, 40.63666 ], [ -73.9714, 40.64827 ], [ -73.96302, 40.65154 ], [ -73.96219, 40.6498 ], [ -73.96491, 40.64873 ], [ -73.96454, 40.64681 ], [ -73.96547, 40.64671 ], [ -73.96501, 40.64431 ], [ -73.96409, 40.64441 ], [ -73.96319, 40.63968 ], [ -73.95938, 40.64148 ], [ -73.95685, 40.62813 ] ] ] } },
{ "type": "Feature", "properties": { "name": "Flatlands" }, "geometry": { "type": "Polygon", "coordinates": [ [ [ -73.91974, 40.64279 ], [ -73.9169, 40.61628 ], [ -73.92053, 40.61395 ], [ -73.92063, 40.61485 ], [ -73.9264, 40.61449 ], [ -73.9263, 40.6132 ], [ -73.9274, 40.61406 ], [ -73.93173, 40.61794 ], [ -73.93321, 40.61698 ], [ -73.93687, 40.62026 ], [ -73.94079, 40.61771 ], [ -73.94347, 40.61739 ], [ -73.94396, 40.61682 ], [ -73.94468, 40.61617 ], [ -73.94574, 40.61537 ], [ -73.94652, 40.6195 ], [ -73.94452, 40.61972 ], [ -73.94543, 40.6245 ], [ -73.94642, 40.62439 ], [ -73.94733, 40.62917 ], [ -73.94416, 40.62952 ], [ -73.94648, 40.63172 ], [ -73.93702, 40.63232 ], [ -73.93727, 40.63466 ], [ -73.92745, 40.63527 ], [ -73.92653, 40.6365 ], [ -73.92617, 40.63758 ], [ -73.92606, 40.63853 ], [ -73.92586, 40.63922 ], [ -73.92538, 40.64239 ], [ -73.92357, 40.64251 ], [ -73.9233, 40.63993 ], [ -73.91974, 40.64279 ] ] ] } },
{ "type": "Feature", "properties": { "name": "Flushing Meadows-Corona Park" }, "geometry": { "type": "Polygon", "coordinates": [ [ [ -73.84671, 40.76135 ], [ -73.84597, 40.76071 ], [ -73.84325, 40.75535 ], [ -73.842, 40.75572 ], [ -73.83862, 40.75705 ], [ -73.83821, 40.75526 ], [ -73.83792, 40.75455 ], [ -73.83768, 40.75414 ], [ -73.83743, 40.75411 ], [ -73.83684, 40.75335 ], [ -73.83559, 40.75139 ], [ -73.8323, 40.75195 ], [ -73.83222, 40.75143 ], [ -73.8327, 40.74931 ], [ -73.83309, 40.748 ], [ -73.83412, 40.74737 ], [ -73.83463, 40.74689 ], [ -73.83538, 40.74553 ], [ -73.83544, 40.74553 ], [ -73.83568, 40.74486 ], [ -73.83595, 40.74374 ], [ -73.83586, 40.74324 ], [ -73.8361, 40.74244 ], [ -73.83699, 40.7421 ], [ -73.83707, 40.74184 ], [ -73.83711, 40.7414 ], [ -73.8367, 40.73955 ], [ -73.83663, 40.73937 ], [ -73.83628, 40.73958 ], [ -73.83565, 40.7385 ], [ -73.8354, 40.73692 ], [ -73.83561, 40.73514 ], [ -73.83605, 40.73427 ], [ -73.83585, 40.73384 ], [ -73.8349, 40.73298 ], [ -73.83448, 40.73217 ], [ -73.83401, 40.73158 ], [ -73.83386, 40.73056 ], [ -73.83307, 40.72993 ], [ -73.83248, 40.72895 ], [ -73.83171, 40.72805 ], [ -73.83073, 40.72656 ], [ -73.83022, 40.72613 ], [ -73.8298, 40.72591 ], [ -73.82866, 40.72559 ], [ -73.82805, 40.72533 ], [ -73.82756, 40.72497 ], [ -73.82731, 40.72465 ], [ -73.82713, 40.72431 ], [ -73.82557, 40.71973 ], [ -73.8254, 40.71742 ], [ -73.82519, 40.71733 ], [ -73.8229, 40.7175 ], [ -73.82165, 40.7174 ], [ -73.82171, 40.71737 ], [ -73.81952, 40.71735 ], [ -73.81931, 40.71714 ], [ -73.81998, 40.71658 ], [ -73.82012, 40.71652 ], [ -73.82157, 40.71666 ], [ -73.82341, 40.71656 ], [ -73.82355, 40.71635 ], [ -73.82393, 40.71618 ], [ -73.82442, 40.71607 ], [ -73.82518, 40.71602 ], [ -73.82546, 40.71582 ], [ -73.82595, 40.71566 ], [ -73.8299, 40.71458 ], [ -73.83098, 40.71432 ], [ -73.83146, 40.71456 ], [ -73.83051, 40.71487 ], [ -73.83011, 40.71518 ], [ -73.82983, 40.71558 ], [ -73.83207, 40.7173 ], [ -73.83488, 40.71931 ], [ -73.83502, 40.71954 ], [ -73.83538, 40.72073 ], [ -73.83596, 40.72169 ], [ -73.8365, 40.72235 ], [ -73.83732, 40.72358 ], [ -73.83906, 40.72689 ], [ -73.83986, 40.72819 ], [ -73.84033, 40.72882 ], [ -73.84147, 40.73001 ], [ -73.84286, 40.73115 ], [ -73.84419, 40.73265 ], [ -73.84543, 40.73496 ], [ -73.84591, 40.73641 ], [ -73.84606, 40.73711 ], [ -73.8469, 40.73868 ], [ -73.84722, 40.73865 ], [ -73.84776, 40.73931 ], [ -73.84779, 40.73984 ], [ -73.84794, 40.73982 ], [ -73.8481, 40.74004 ], [ -73.84986, 40.74058 ], [ -73.84997, 40.74071 ], [ -73.85012, 40.74073 ], [ -73.85361, 40.74751 ], [ -73.85437, 40.74875 ], [ -73.85443, 40.74886 ], [ -73.85087, 40.75 ], [ -73.85262, 40.75341 ], [ -73.85301, 40.75456 ], [ -73.85335, 40.75602 ], [ -73.85366, 40.75684 ], [ -73.85408, 40.75767 ], [ -73.85464, 40.75847 ], [ -73.85525, 40.75916 ], [ -73.85577, 40.75955 ], [ -73.85638, 40.75991 ], [ -73.85818, 40.76068 ], [ -73.85913, 40.76128 ], [ -73.85976, 40.76184 ], [ -73.85956, 40.76198 ], [ -73.86094, 40.76374 ], [ -73.86043, 40.76388 ], [ -73.85941, 40.76249 ], [ -73.85908, 40.76253 ], [ -73.85892, 40.76241 ], [ -73.85899, 40.76225 ], [ -73.85892, 40.76213 ], [ -73.85865, 40.76252 ], [ -73.85889, 40.76214 ], [ -73.85869, 40.76223 ], [ -73.85885, 40.76207 ], [ -73.85862, 40.76194 ], [ -73.85766, 40.76309 ], [ -73.85842, 40.76346 ], [ -73.8585, 40.76338 ], [ -73.85834, 40.76357 ], [ -73.8584, 40.76349 ], [ -73.85764, 40.76311 ], [ -73.85684, 40.76401 ], [ -73.85696, 40.76408 ], [ -73.85668, 40.76394 ], [ -73.8568, 40.76399 ], [ -73.85758, 40.76308 ], [ -73.85669, 40.76264 ], [ -73.85659, 40.76273 ], [ -73.85678, 40.76252 ], [ -73.85671, 40.76262 ], [ -73.85761, 40.76306 ], [ -73.85818, 40.7624 ], [ -73.85661, 40.76166 ], [ -73.8582, 40.76238 ], [ -73.85859, 40.76193 ], [ -73.85712, 40.7612 ], [ -73.8553, 40.76066 ], [ -73.85467, 40.76018 ], [ -73.85373, 40.76025 ], [ -73.8528, 40.75998 ], [ -73.85278, 40.76013 ], [ -73.85299, 40.7602 ], [ -73.8527, 40.76014 ], [ -73.85278, 40.75997 ], [ -73.85269, 40.75994 ], [ -73.85255, 40.76008 ], [ -73.85224, 40.75993 ], [ -73.8525, 40.76002 ], [ -73.85267, 40.75993 ], [ -73.85211, 40.75969 ], [ -73.85159, 40.75936 ], [ -73.85069, 40.75946 ], [ -73.85017, 40.75959 ], [ -73.84971, 40.75985 ], [ -73.8493, 40.76025 ], [ -73.84988, 40.76111 ], [ -73.85198, 40.76026 ], [ -73.85207, 40.7604 ], [ -73.84981, 40.76128 ], [ -73.84917, 40.7603 ], [ -73.84892, 40.76028 ], [ -73.84869, 40.76015 ], [ -73.84671, 40.76135 ] ] ] } },
{ "type": "Feature", "properties": { "name": "Flushing-Willets Point" }, "geometry": { "type": "Polygon", "coordinates": [ [ [ -73.82081, 40.75895 ], [ -73.81789, 40.75709 ], [ -73.8203, 40.75552 ], [ -73.81841, 40.75384 ], [ -73.82085, 40.75225 ], [ -73.82192, 40.75318 ], [ -73.82577, 40.75098 ], [ -73.82572, 40.75039 ], [ -73.82585, 40.74936 ], [ -73.82724, 40.74987 ], [ -73.82766, 40.74987 ], [ -73.82827, 40.74969 ], [ -73.82923, 40.74926 ], [ -73.83098, 40.74894 ], [ -73.83127, 40.74863 ], [ -73.83126, 40.74811 ], [ -73.833, 40.74784 ], [ -73.83309, 40.748 ], [ -73.8327, 40.74931 ], [ -73.83222, 40.75143 ], [ -73.8323, 40.75195 ], [ -73.83559, 40.75139 ], [ -73.83684, 40.75335 ], [ -73.83743, 40.75411 ], [ -73.83768, 40.75414 ], [ -73.83792, 40.75455 ], [ -73.83821, 40.75526 ], [ -73.83862, 40.75705 ], [ -73.842, 40.75572 ], [ -73.84325, 40.75535 ], [ -73.84597, 40.76071 ], [ -73.84671, 40.76135 ], [ -73.84475, 40.76276 ], [ -73.8436, 40.76338 ], [ -73.84369, 40.76362 ], [ -73.84344, 40.76344 ], [ -73.84307, 40.7636 ], [ -73.84298, 40.76384 ], [ -73.84304, 40.76433 ], [ -73.84273, 40.76464 ], [ -73.84212, 40.76491 ], [ -73.84053, 40.7654 ], [ -73.84047, 40.76531 ], [ -73.83993, 40.76536 ], [ -73.83958, 40.76526 ], [ -73.83946, 40.76545 ], [ -73.83936, 40.76542 ], [ -73.83905, 40.76597 ], [ -73.83926, 40.76604 ], [ -73.83872, 40.76691 ], [ -73.83821, 40.76766 ], [ -73.83722, 40.76875 ], [ -73.83627, 40.76962 ], [ -73.83522, 40.77038 ], [ -73.83159, 40.77257 ], [ -73.8315, 40.7725 ], [ -73.83152, 40.77167 ], [ -73.83059, 40.77165 ], [ -73.83055, 40.77023 ], [ -73.83011, 40.77054 ], [ -73.82957, 40.77072 ], [ -73.82657, 40.77065 ], [ -73.82656, 40.77015 ], [ -73.82467, 40.77042 ], [ -73.82348, 40.76466 ], [ -73.82081, 40.75895 ] ] ] } },
{ "type": "Feature", "properties": { "name": "Fordham Heights" }, "geometry": { "type": "Polygon", "coordinates": [ [ [ -73.89177, 40.86188 ], [ -73.89138, 40.86171 ], [ -73.89322, 40.85988 ], [ -73.89644, 40.85492 ], [ -73.8971, 40.85518 ], [ -73.89831, 40.85407 ], [ -73.89864, 40.85392 ], [ -73.89817, 40.85515 ], [ -73.90078, 40.85606 ], [ -73.90186, 40.85459 ], [ -73.90397, 40.85497 ], [ -73.90557, 40.8558 ], [ -73.90469, 40.85707 ], [ -73.90566, 40.85741 ], [ -73.90352, 40.86093 ], [ -73.90255, 40.86059 ], [ -73.90188, 40.8617 ], [ -73.90108, 40.86276 ], [ -73.89944, 40.86213 ], [ -73.89798, 40.86241 ], [ -73.89694, 40.86245 ], [ -73.89483, 40.86207 ], [ -73.89285, 40.86184 ], [ -73.89177, 40.86188 ] ] ] } },
{ "type": "Feature", "properties": { "name": "Forest Hills" }, "geometry": { "type": "Polygon", "coordinates": [ [ [ -73.83098, 40.71432 ], [ -73.83316, 40.71325 ], [ -73.83598, 40.71171 ], [ -73.83612, 40.71183 ], [ -73.83704, 40.71132 ], [ -73.83771, 40.71104 ], [ -73.84134, 40.70995 ], [ -73.84454, 40.70867 ], [ -73.84567, 40.70842 ], [ -73.84666, 40.70833 ], [ -73.84877, 40.70845 ], [ -73.84933, 40.7084 ], [ -73.85594, 40.7064 ], [ -73.85668, 40.7077 ], [ -73.85729, 40.71148 ], [ -73.85745, 40.7137 ], [ -73.85777, 40.71646 ], [ -73.85868, 40.72262 ], [ -73.85991, 40.72435 ], [ -73.86204, 40.72597 ], [ -73.85806, 40.72445 ], [ -73.85727, 40.72569 ], [ -73.85942, 40.72647 ], [ -73.85798, 40.72874 ], [ -73.85763, 40.72862 ], [ -73.85851, 40.7303 ], [ -73.85626, 40.73097 ], [ -73.85877, 40.73579 ], [ -73.85632, 40.73651 ], [ -73.85278, 40.73722 ], [ -73.85135, 40.7376 ], [ -73.84864, 40.73857 ], [ -73.84756, 40.73907 ], [ -73.84722, 40.73865 ], [ -73.8469, 40.73868 ], [ -73.84606, 40.73711 ], [ -73.84591, 40.73641 ], [ -73.84543, 40.73496 ], [ -73.84419, 40.73265 ], [ -73.84286, 40.73115 ], [ -73.84147, 40.73001 ], [ -73.84033, 40.72882 ], [ -73.83986, 40.72819 ], [ -73.83906, 40.72689 ], [ -73.83732, 40.72358 ], [ -73.8365, 40.72235 ], [ -73.83596, 40.72169 ], [ -73.83538, 40.72073 ], [ -73.83502, 40.71954 ], [ -73.83488, 40.71931 ], [ -73.83207, 40.7173 ], [ -73.82983, 40.71558 ], [ -73.83011, 40.71518 ], [ -73.83051, 40.71487 ], [ -73.83146, 40.71456 ], [ -73.83098, 40.71432 ] ] ] } },
{ "type": "Feature", "properties": { "name": "Forest Park" }, "geometry": { "type": "Polygon", "coordinates": [ [ [ -73.83696, 40.70422 ], [ -73.83948, 40.7027 ], [ -73.84157, 40.70111 ], [ -73.84276, 40.70067 ], [ -73.84503, 40.69937 ], [ -73.84821, 40.69853 ], [ -73.84868, 40.69847 ], [ -73.84914, 40.69829 ], [ -73.85071, 40.70021 ], [ -73.8541, 40.70052 ], [ -73.85413, 40.70077 ], [ -73.85449, 40.70065 ], [ -73.85457, 40.7006 ], [ -73.85386, 40.69987 ], [ -73.85283, 40.69842 ], [ -73.85271, 40.69798 ], [ -73.85275, 40.69757 ], [ -73.85745, 40.69692 ], [ -73.86841, 40.69474 ], [ -73.86892, 40.69515 ], [ -73.87068, 40.69785 ], [ -73.86932, 40.69936 ], [ -73.86953, 40.70161 ], [ -73.86899, 40.70175 ], [ -73.86916, 40.7029 ], [ -73.86281, 40.70342 ], [ -73.85809, 40.70291 ], [ -73.85824, 40.70284 ], [ -73.85893, 40.70133 ], [ -73.85828, 40.70123 ], [ -73.85728, 40.70122 ], [ -73.85723, 40.70166 ], [ -73.8553, 40.702 ], [ -73.85529, 40.7026 ], [ -73.85252, 40.7023 ], [ -73.85306, 40.70315 ], [ -73.85471, 40.70522 ], [ -73.85472, 40.70678 ], [ -73.84933, 40.7084 ], [ -73.84858, 40.70845 ], [ -73.84702, 40.70832 ], [ -73.84567, 40.70842 ], [ -73.84454, 40.70867 ], [ -73.84315, 40.70923 ], [ -73.83829, 40.70842 ], [ -73.83715, 40.70797 ], [ -73.83808, 40.70657 ], [ -73.83814, 40.70627 ], [ -73.83807, 40.70597 ], [ -73.83696, 40.70422 ] ] ] } },
{ "type": "Feature", "properties": { "name": "Fort Greene" }, "geometry": { "type": "Polygon", "coordinates": [ [ [ -73.96284, 40.69805 ], [ -73.96306, 40.6974 ], [ -73.96348, 40.69681 ], [ -73.96397, 40.69639 ], [ -73.96455, 40.69612 ], [ -73.96547, 40.69594 ], [ -73.9694, 40.69609 ], [ -73.96881, 40.69313 ], [ -73.96983, 40.69314 ], [ -73.96911, 40.68948 ], [ -73.97013, 40.68951 ], [ -73.96869, 40.68201 ], [ -73.97595, 40.68352 ], [ -73.97746, 40.68406 ], [ -73.98065, 40.68847 ], [ -73.98084, 40.68887 ], [ -73.98351, 40.68993 ], [ -73.98351, 40.69001 ], [ -73.9814, 40.68994 ], [ -73.98206, 40.69132 ], [ -73.98179, 40.69165 ], [ -73.98176, 40.69296 ], [ -73.98252, 40.69299 ], [ -73.98251, 40.69361 ], [ -73.97917, 40.6935 ], [ -73.97938, 40.6939 ], [ -73.97996, 40.69439 ], [ -73.98014, 40.69472 ], [ -73.98041, 40.69657 ], [ -73.98055, 40.69825 ], [ -73.96578, 40.69764 ], [ -73.96284, 40.69805 ] ] ] } },
{ "type": "Feature", "properties": { "name": "Fort Hamilton" }, "geometry": { "type": "Polygon", "coordinates": [ [ [ -74.02478, 40.6097 ], [ -74.02151, 40.60783 ], [ -74.02248, 40.60668 ], [ -74.02079, 40.60568 ], [ -74.02144, 40.60442 ], [ -74.01872, 40.60359 ], [ -74.01943, 40.60288 ], [ -74.02027, 40.60334 ], [ -74.02105, 40.60357 ], [ -74.02931, 40.60461 ], [ -74.03005, 40.60477 ], [ -74.03102, 40.60526 ], [ -74.0318, 40.60579 ], [ -74.03213, 40.60591 ], [ -74.03271, 40.60634 ], [ -74.03427, 40.60773 ], [ -74.03489, 40.60861 ], [ -74.03604, 40.6093 ], [ -74.03315, 40.61024 ], [ -74.03306, 40.61037 ], [ -74.03192, 40.61083 ], [ -74.03145, 40.61113 ], [ -74.03093, 40.6116 ], [ -74.03012, 40.61261 ], [ -74.02897, 40.61352 ], [ -74.02839, 40.61426 ], [ -74.02629, 40.61634 ], [ -74.02575, 40.61607 ], [ -74.02754, 40.61295 ], [ -74.02653, 40.61243 ], [ -74.02638, 40.61246 ], [ -74.02711, 40.61025 ], [ -74.02478, 40.6097 ] ] ] } },
{ "type": "Feature", "properties": { "name": "Fort Totten" }, "geometry": { "type": "Polygon", "coordinates": [ [ [ -73.77198, 40.78737 ], [ -73.77397, 40.78679 ], [ -73.77435, 40.78678 ], [ -73.77439, 40.78687 ], [ -73.7742, 40.78697 ], [ -73.77423, 40.78707 ], [ -73.77502, 40.7874 ], [ -73.77629, 40.78852 ], [ -73.77634, 40.7885 ], [ -73.77481, 40.78698 ], [ -73.77463, 40.78693 ], [ -73.77446, 40.78669 ], [ -73.77427, 40.78666 ], [ -73.7741, 40.7863 ], [ -73.77796, 40.78837 ], [ -73.77966, 40.78907 ], [ -73.78121, 40.7896 ], [ -73.78172, 40.79054 ], [ -73.78175, 40.79114 ], [ -73.78124, 40.79149 ], [ -73.78108, 40.79169 ], [ -73.7809, 40.7922 ], [ -73.78078, 40.7932 ], [ -73.78084, 40.79329 ], [ -73.78159, 40.79347 ], [ -73.78169, 40.79333 ], [ -73.78164, 40.79353 ], [ -73.78073, 40.79334 ], [ -73.7807, 40.79366 ], [ -73.78079, 40.79404 ], [ -73.78101, 40.79439 ], [ -73.78191, 40.79491 ], [ -73.78311, 40.79492 ], [ -73.78332, 40.79477 ], [ -73.78326, 40.79493 ], [ -73.78311, 40.795 ], [ -73.782, 40.79498 ], [ -73.78183, 40.79509 ], [ -73.78173, 40.79544 ], [ -73.78154, 40.79567 ], [ -73.7799, 40.79625 ], [ -73.7798, 40.79621 ], [ -73.77936, 40.79669 ], [ -73.77872, 40.79661 ], [ -73.77827, 40.79673 ], [ -73.77752, 40.79665 ], [ -73.77687, 40.79645 ], [ -73.77618, 40.7961 ], [ -73.77472, 40.79487 ], [ -73.77403, 40.79406 ], [ -73.774, 40.79371 ], [ -73.77363, 40.79276 ], [ -73.77321, 40.79225 ], [ -73.77236, 40.79155 ], [ -73.77225, 40.79049 ], [ -73.77212, 40.79017 ], [ -73.77178, 40.78991 ], [ -73.77167, 40.7896 ], [ -73.77063, 40.78847 ], [ -73.77082, 40.78799 ], [ -73.77198, 40.78737 ] ] ] } },
{ "type": "Feature", "properties": { "name": "Fort Wadsworth" }, "geometry": { "type": "Polygon", "coordinates": [ [ [ -74.05975, 40.59386 ], [ -74.06376, 40.59894 ], [ -74.06109, 40.59982 ], [ -74.06196, 40.60124 ], [ -74.06398, 40.60215 ], [ -74.0643, 40.6031 ], [ -74.06517, 40.60422 ], [ -74.06043, 40.60636 ], [ -74.05677, 40.60791 ], [ -74.0565, 40.60726 ], [ -74.05601, 40.60679 ], [ -74.05552, 40.60649 ], [ -74.05529, 40.60655 ], [ -74.05516, 40.60674 ], [ -74.05499, 40.60667 ], [ -74.05518, 40.60648 ], [ -74.05506, 40.60627 ], [ -74.05381, 40.60592 ], [ -74.05361, 40.60525 ], [ -74.05402, 40.60494 ], [ -74.05354, 40.60364 ], [ -74.05304, 40.6015 ], [ -74.0531, 40.60122 ], [ -74.05339, 40.60088 ], [ -74.05342, 40.60052 ], [ -74.05319, 40.60029 ], [ -74.05226, 40.59986 ], [ -74.05223, 40.59978 ], [ -74.05237, 40.59973 ], [ -74.05287, 40.59988 ], [ -74.05434, 40.59883 ], [ -74.05431, 40.59879 ], [ -74.05448, 40.59876 ], [ -74.0572, 40.5964 ], [ -74.05975, 40.59386 ] ] ] } },
{ "type": "Feature", "properties": { "name": "Fresh Meadows-Utopia" }, "geometry": { "type": "Polygon", "coordinates": [ [ [ -73.77491, 40.73092 ], [ -73.78116, 40.72922 ], [ -73.79175, 40.7258 ], [ -73.79379, 40.73071 ], [ -73.79382, 40.73167 ], [ -73.79391, 40.73173 ], [ -73.79398, 40.73231 ], [ -73.79428, 40.7327 ], [ -73.79857, 40.73287 ], [ -73.79866, 40.73144 ], [ -73.80407, 40.73165 ], [ -73.80385, 40.73491 ], [ -73.80294, 40.73487 ], [ -73.80273, 40.73809 ], [ -73.80466, 40.73812 ], [ -73.80467, 40.73845 ], [ -73.79822, 40.73823 ], [ -73.79641, 40.73833 ], [ -73.79536, 40.73855 ], [ -73.78041, 40.74264 ], [ -73.77576, 40.74338 ], [ -73.77455, 40.74082 ], [ -73.77316, 40.737 ], [ -73.7723, 40.73512 ], [ -73.77122, 40.73335 ], [ -73.77011, 40.73179 ], [ -73.77491, 40.73092 ] ] ] } },
{ "type": "Feature", "properties": { "name": "Freshkills Park (North)" }, "geometry": { "type": "Polygon", "coordinates": [ [ [ -74.16997, 40.57293 ], [ -74.16963, 40.56829 ], [ -74.16983, 40.5611 ], [ -74.17151, 40.56141 ], [ -74.17347, 40.5623 ], [ -74.17495, 40.56287 ], [ -74.1766, 40.56325 ], [ -74.17758, 40.56376 ], [ -74.17908, 40.56988 ], [ -74.17937, 40.57056 ], [ -74.18377, 40.57257 ], [ -74.1844, 40.57302 ], [ -74.1861, 40.57254 ], [ -74.1875, 40.57279 ], [ -74.18904, 40.57267 ], [ -74.18904, 40.57389 ], [ -74.18922, 40.57533 ], [ -74.18918, 40.57553 ], [ -74.18956, 40.57628 ], [ -74.19006, 40.57628 ], [ -74.1902, 40.57635 ], [ -74.19055, 40.57631 ], [ -74.19064, 40.57669 ], [ -74.19195, 40.57658 ], [ -74.1975, 40.57887 ], [ -74.19888, 40.57931 ], [ -74.20059, 40.57952 ], [ -74.20049, 40.57996 ], [ -74.20017, 40.58015 ], [ -74.19997, 40.58058 ], [ -74.20008, 40.58156 ], [ -74.19965, 40.58227 ], [ -74.19803, 40.58289 ], [ -74.19599, 40.58422 ], [ -74.19423, 40.58516 ], [ -74.19333, 40.58505 ], [ -74.19254, 40.58533 ], [ -74.19233, 40.58558 ], [ -74.19132, 40.58571 ], [ -74.19077, 40.58514 ], [ -74.18788, 40.58669 ], [ -74.18539, 40.58761 ], [ -74.1854, 40.5877 ], [ -74.18468, 40.58855 ], [ -74.18468, 40.58886 ], [ -74.18479, 40.58905 ], [ -74.18499, 40.58925 ], [ -74.18527, 40.58937 ], [ -74.18651, 40.58945 ], [ -74.18292, 40.59329 ], [ -74.18255, 40.59357 ], [ -74.18208, 40.59426 ], [ -74.17955, 40.59675 ], [ -74.17823, 40.59984 ], [ -74.17492, 40.60222 ], [ -74.17256, 40.60299 ], [ -74.17179, 40.60265 ], [ -74.17122, 40.60251 ], [ -74.1672, 40.60208 ], [ -74.16829, 40.59644 ], [ -74.16887, 40.59474 ], [ -74.16779, 40.59419 ], [ -74.16674, 40.59384 ], [ -74.16577, 40.59365 ], [ -74.1636, 40.59338 ], [ -74.16347, 40.593 ], [ -74.16342, 40.59245 ], [ -74.16579, 40.59072 ], [ -74.16764, 40.58891 ], [ -74.16796, 40.58831 ], [ -74.16842, 40.58659 ], [ -74.16962, 40.57844 ], [ -74.16997, 40.57293 ] ] ] } },
{ "type": "Feature", "properties": { "name": "Freshkills Park (South)" }, "geometry": { "type": "Polygon", "coordinates": [ [ [ -74.1975, 40.57887 ], [ -74.19195, 40.57658 ], [ -74.19064, 40.57669 ], [ -74.19055, 40.57631 ], [ -74.1902, 40.57635 ], [ -74.19006, 40.57628 ], [ -74.18956, 40.57628 ], [ -74.18918, 40.57553 ], [ -74.18922, 40.57533 ], [ -74.18904, 40.57389 ], [ -74.18904, 40.57267 ], [ -74.1875, 40.57279 ], [ -74.1861, 40.57254 ], [ -74.1844, 40.57302 ], [ -74.18377, 40.57257 ], [ -74.17937, 40.57056 ], [ -74.17908, 40.56988 ], [ -74.17758, 40.56376 ], [ -74.17795, 40.56399 ], [ -74.1816, 40.56533 ], [ -74.18226, 40.56548 ], [ -74.18296, 40.56549 ], [ -74.18384, 40.56532 ], [ -74.18526, 40.56456 ], [ -74.18948, 40.56359 ], [ -74.18998, 40.56332 ], [ -74.19066, 40.56272 ], [ -74.19088, 40.56264 ], [ -74.19174, 40.56252 ], [ -74.19274, 40.56266 ], [ -74.19318, 40.56261 ], [ -74.19386, 40.56223 ], [ -74.1977, 40.5589 ], [ -74.20032, 40.55635 ], [ -74.2008, 40.55605 ], [ -74.20117, 40.55595 ], [ -74.20205, 40.55589 ], [ -74.20323, 40.55609 ], [ -74.20359, 40.55626 ], [ -74.20441, 40.55697 ], [ -74.2052, 40.55734 ], [ -74.20614, 40.55755 ], [ -74.207, 40.55758 ], [ -74.2057, 40.55852 ], [ -74.21324, 40.55668 ], [ -74.21314, 40.55706 ], [ -74.21294, 40.55721 ], [ -74.21264, 40.5573 ], [ -74.21267, 40.55766 ], [ -74.21227, 40.55798 ], [ -74.212, 40.55839 ], [ -74.21176, 40.55913 ], [ -74.21197, 40.55931 ], [ -74.21188, 40.55961 ], [ -74.21118, 40.56047 ], [ -74.21117, 40.56074 ], [ -74.2113, 40.56087 ], [ -74.21134, 40.56124 ], [ -74.21119, 40.56155 ], [ -74.2111, 40.56214 ], [ -74.21135, 40.56293 ], [ -74.21138, 40.5635 ], [ -74.21096, 40.5643 ], [ -74.21073, 40.56528 ], [ -74.20963, 40.56733 ], [ -74.20953, 40.56759 ], [ -74.20954, 40.56794 ], [ -74.20932, 40.56803 ], [ -74.20924, 40.56842 ], [ -74.20887, 40.56892 ], [ -74.20893, 40.56963 ], [ -74.20862, 40.56987 ], [ -74.20844, 40.57019 ], [ -74.20802, 40.57053 ], [ -74.20802, 40.57063 ], [ -74.20817, 40.57073 ], [ -74.20784, 40.57262 ], [ -74.20726, 40.57412 ], [ -74.20708, 40.57427 ], [ -74.20708, 40.57438 ], [ -74.20723, 40.5745 ], [ -74.20709, 40.57461 ], [ -74.20707, 40.57475 ], [ -74.20729, 40.57526 ], [ -74.20698, 40.57553 ], [ -74.20681, 40.57593 ], [ -74.20689, 40.57623 ], [ -74.20709, 40.57631 ], [ -74.20693, 40.57655 ], [ -74.2067, 40.57655 ], [ -74.20658, 40.57666 ], [ -74.20653, 40.57691 ], [ -74.20669, 40.577 ], [ -74.20681, 40.57719 ], [ -74.20664, 40.5774 ], [ -74.20632, 40.57755 ], [ -74.20618, 40.57791 ], [ -74.20618, 40.57817 ], [ -74.20592, 40.57862 ], [ -74.20607, 40.57961 ], [ -74.20603, 40.57977 ], [ -74.2054, 40.57985 ], [ -74.20441, 40.58018 ], [ -74.20295, 40.58011 ], [ -74.20059, 40.57952 ], [ -74.19888, 40.57931 ], [ -74.1975, 40.57887 ] ] ] } },
{ "type": "Feature", "properties": { "name": "Glen Oaks-Floral Park-New Hyde Park" }, "geometry": { "type": "Polygon", "coordinates": [ [ [ -73.71333, 40.75974 ], [ -73.71245, 40.75925 ], [ -73.70783, 40.75622 ], [ -73.70274, 40.75326 ], [ -73.70163, 40.7525 ], [ -73.70135, 40.75079 ], [ -73.70117, 40.74893 ], [ -73.7009, 40.74714 ], [ -73.70058, 40.74319 ], [ -73.70001, 40.73933 ], [ -73.70002, 40.73924 ], [ -73.70081, 40.73845 ], [ -73.70147, 40.73752 ], [ -73.70206, 40.73645 ], [ -73.70766, 40.72784 ], [ -73.7105, 40.72724 ], [ -73.71075, 40.73053 ], [ -73.71148, 40.73251 ], [ -73.71477, 40.73791 ], [ -73.71545, 40.73923 ], [ -73.71892, 40.7469 ], [ -73.7195, 40.7485 ], [ -73.7201, 40.74978 ], [ -73.72259, 40.74886 ], [ -73.7234, 40.7504 ], [ -73.72627, 40.74931 ], [ -73.72768, 40.74965 ], [ -73.72795, 40.74895 ], [ -73.72829, 40.74747 ], [ -73.72865, 40.74808 ], [ -73.72812, 40.74967 ], [ -73.72782, 40.75024 ], [ -73.72736, 40.75085 ], [ -73.72687, 40.75138 ], [ -73.72626, 40.75188 ], [ -73.72377, 40.75342 ], [ -73.72294, 40.75414 ], [ -73.72212, 40.75522 ], [ -73.72149, 40.75643 ], [ -73.72114, 40.75695 ], [ -73.72015, 40.75792 ], [ -73.7195, 40.7584 ], [ -73.71876, 40.7588 ], [ -73.71778, 40.75921 ], [ -73.71699, 40.75944 ], [ -73.7155, 40.75965 ], [ -73.71333, 40.75974 ] ] ] } },
{ "type": "Feature", "properties": { "name": "Glendale" }, "geometry": { "type": "Polygon", "coordinates": [ [ [ -73.85729, 40.71148 ], [ -73.85668, 40.7077 ], [ -73.85594, 40.7064 ], [ -73.85472, 40.70678 ], [ -73.85471, 40.70522 ], [ -73.85306, 40.70315 ], [ -73.85252, 40.7023 ], [ -73.85529, 40.7026 ], [ -73.8553, 40.702 ], [ -73.85723, 40.70166 ], [ -73.85728, 40.70122 ], [ -73.85828, 40.70123 ], [ -73.85893, 40.70133 ], [ -73.85824, 40.70284 ], [ -73.85809, 40.70291 ], [ -73.86281, 40.70342 ], [ -73.8764, 40.7023 ], [ -73.87622, 40.7016 ], [ -73.88174, 40.69954 ], [ -73.88281, 40.70069 ], [ -73.88432, 40.70021 ], [ -73.88771, 40.69969 ], [ -73.88818, 40.69887 ], [ -73.88788, 40.69802 ], [ -73.88794, 40.69801 ], [ -73.88784, 40.69767 ], [ -73.88739, 40.69703 ], [ -73.88649, 40.69645 ], [ -73.88866, 40.69584 ], [ -73.88818, 40.69507 ], [ -73.89191, 40.69432 ], [ -73.89245, 40.69523 ], [ -73.89508, 40.6946 ], [ -73.89559, 40.69399 ], [ -73.89398, 40.69308 ], [ -73.89358, 40.69309 ], [ -73.89326, 40.69221 ], [ -73.89474, 40.69265 ], [ -73.89696, 40.69196 ], [ -73.89769, 40.69337 ], [ -73.89764, 40.69342 ], [ -73.89743, 40.6933 ], [ -73.89691, 40.69385 ], [ -73.89736, 40.69412 ], [ -73.89858, 40.69391 ], [ -73.90003, 40.69345 ], [ -73.89838, 40.69614 ], [ -73.89677, 40.69681 ], [ -73.89559, 40.69714 ], [ -73.89578, 40.69852 ], [ -73.89485, 40.6986 ], [ -73.895, 40.69972 ], [ -73.8942, 40.70052 ], [ -73.89388, 40.70074 ], [ -73.89384, 40.70087 ], [ -73.89306, 40.70169 ], [ -73.89272, 40.70187 ], [ -73.8928, 40.70198 ], [ -73.89105, 40.70382 ], [ -73.88912, 40.70561 ], [ -73.88653, 40.70623 ], [ -73.88555, 40.70616 ], [ -73.88553, 40.70645 ], [ -73.88377, 40.7063 ], [ -73.87154, 40.70705 ], [ -73.86911, 40.7071 ], [ -73.87018, 40.70924 ], [ -73.86662, 40.71041 ], [ -73.86501, 40.71079 ], [ -73.85966, 40.71339 ], [ -73.85976, 40.71185 ], [ -73.85729, 40.71148 ] ] ] } },
{ "type": "Feature", "properties": { "name": "Gramercy" }, "geometry": { "type": "Polygon", "coordinates": [ [ [ -73.97854, 40.7369 ], [ -73.97858, 40.73669 ], [ -73.97946, 40.7354 ], [ -73.98239, 40.73142 ], [ -73.98256, 40.73136 ], [ -73.9899, 40.73444 ], [ -73.98995, 40.73507 ], [ -73.98988, 40.73542 ], [ -73.98408, 40.74333 ], [ -73.98086, 40.74198 ], [ -73.98267, 40.73951 ], [ -73.97805, 40.73756 ], [ -73.97854, 40.7369 ] ] ] } },
{ "type": "Feature", "properties": { "name": "Grasmere-Arrochar-South Beach-Dongan Hills" }, "geometry": { "type": "Polygon", "coordinates": [ [ [ -74.06398, 40.60215 ], [ -74.06196, 40.60124 ], [ -74.06109, 40.59982 ], [ -74.06376, 40.59894 ], [ -74.05964, 40.59372 ], [ -74.05977, 40.59384 ], [ -74.06055, 40.59339 ], [ -74.06215, 40.59203 ], [ -74.06503, 40.589 ], [ -74.06503, 40.58892 ], [ -74.06436, 40.58828 ], [ -74.06478, 40.5885 ], [ -74.06722, 40.58674 ], [ -74.07021, 40.58399 ], [ -74.07096, 40.58319 ], [ -74.07145, 40.58244 ], [ -74.07149, 40.58218 ], [ -74.0706, 40.5817 ], [ -74.07066, 40.58163 ], [ -74.07147, 40.58204 ], [ -74.07178, 40.58188 ], [ -74.07336, 40.58069 ], [ -74.075, 40.57924 ], [ -74.07351, 40.57841 ], [ -74.07332, 40.57847 ], [ -74.07335, 40.57829 ], [ -74.0735, 40.5782 ], [ -74.07358, 40.57824 ], [ -74.0735, 40.57834 ], [ -74.07508, 40.57917 ], [ -74.0758, 40.57832 ], [ -74.07524, 40.57801 ], [ -74.07535, 40.5779 ], [ -74.07833, 40.57954 ], [ -74.0885, 40.5848 ], [ -74.08912, 40.58415 ], [ -74.09262, 40.58595 ], [ -74.09844, 40.58125 ], [ -74.10526, 40.58593 ], [ -74.10208, 40.58875 ], [ -74.1015, 40.58935 ], [ -74.10088, 40.59019 ], [ -74.10098, 40.59194 ], [ -74.10093, 40.59236 ], [ -74.10065, 40.59302 ], [ -74.1001, 40.59367 ], [ -74.09706, 40.59546 ], [ -74.09586, 40.59596 ], [ -74.09428, 40.59646 ], [ -74.09376, 40.59675 ], [ -74.09272, 40.59747 ], [ -74.09178, 40.59873 ], [ -74.09172, 40.59923 ], [ -74.09197, 40.59983 ], [ -74.09284, 40.6011 ], [ -74.0929, 40.60137 ], [ -74.09244, 40.60413 ], [ -74.09272, 40.60637 ], [ -74.09265, 40.60667 ], [ -74.0924, 40.60708 ], [ -74.09173, 40.60773 ], [ -74.09141, 40.60823 ], [ -74.09056, 40.60901 ], [ -74.08576, 40.60702 ], [ -74.08371, 40.60645 ], [ -74.08127, 40.60616 ], [ -74.0778, 40.60608 ], [ -74.0758, 40.60594 ], [ -74.07361, 40.60551 ], [ -74.07179, 40.60494 ], [ -74.06646, 40.60291 ], [ -74.06398, 40.60215 ] ] ] } },
{ "type": "Feature", "properties": { "name": "Gravesend (East)-Homecrest" }, "geometry": { "type": "Polygon", "coordinates": [ [ [ -73.95859, 40.61041 ], [ -73.95683, 40.6011 ], [ -73.95776, 40.60099 ], [ -73.95608, 40.59211 ], [ -73.957, 40.59201 ], [ -73.9562, 40.58777 ], [ -73.96035, 40.58731 ], [ -73.96068, 40.59161 ], [ -73.97557, 40.58996 ], [ -73.97752, 40.59115 ], [ -73.9777, 40.59219 ], [ -73.98071, 40.59401 ], [ -73.97996, 40.59408 ], [ -73.98036, 40.5962 ], [ -73.97148, 40.59718 ], [ -73.97191, 40.59943 ], [ -73.97291, 40.59932 ], [ -73.97218, 40.6042 ], [ -73.973, 40.60882 ], [ -73.9643, 40.60978 ], [ -73.96478, 40.61234 ], [ -73.96286, 40.61256 ], [ -73.96239, 40.60999 ], [ -73.95859, 40.61041 ] ] ] } },
{ "type": "Feature", "properties": { "name": "Gravesend (South)" }, "geometry": { "type": "Polygon", "coordinates": [ [ [ -73.98071, 40.59401 ], [ -73.9777, 40.59219 ], [ -73.97752, 40.59115 ], [ -73.97557, 40.58996 ], [ -73.96068, 40.59161 ], [ -73.96035, 40.58731 ], [ -73.96026, 40.58504 ], [ -73.96344, 40.58467 ], [ -73.96786, 40.58452 ], [ -73.969, 40.58407 ], [ -73.97046, 40.5839 ], [ -73.97468, 40.58313 ], [ -73.97743, 40.58291 ], [ -73.98176, 40.58359 ], [ -73.98482, 40.58418 ], [ -73.98493, 40.5846 ], [ -73.98628, 40.58449 ], [ -73.9871, 40.58465 ], [ -73.98655, 40.58367 ], [ -73.9883, 40.58347 ], [ -73.98838, 40.58376 ], [ -73.98882, 40.58438 ], [ -73.99088, 40.58586 ], [ -73.99154, 40.58648 ], [ -73.99206, 40.58718 ], [ -73.99259, 40.58811 ], [ -73.99777, 40.58569 ], [ -73.99809, 40.58537 ], [ -73.99809, 40.58548 ], [ -73.99929, 40.58556 ], [ -73.99947, 40.5857 ], [ -73.99971, 40.5857 ], [ -73.9997, 40.58576 ], [ -73.99953, 40.58577 ], [ -73.99964, 40.58608 ], [ -73.99957, 40.58625 ], [ -73.99936, 40.58639 ], [ -73.99815, 40.58654 ], [ -73.99417, 40.58839 ], [ -73.99424, 40.58845 ], [ -73.9956, 40.58785 ], [ -73.99566, 40.58794 ], [ -73.99408, 40.5887 ], [ -73.99422, 40.58888 ], [ -73.99556, 40.58829 ], [ -73.99513, 40.58849 ], [ -73.9951, 40.5886 ], [ -73.99796, 40.58728 ], [ -73.99488, 40.58878 ], [ -73.99535, 40.58934 ], [ -74.00012, 40.58696 ], [ -74.00011, 40.58657 ], [ -74.00032, 40.58646 ], [ -74.00043, 40.58655 ], [ -74.00049, 40.58705 ], [ -74.00038, 40.58714 ], [ -73.99788, 40.58835 ], [ -73.99794, 40.58841 ], [ -73.99376, 40.59034 ], [ -73.99331, 40.58959 ], [ -73.99154, 40.5904 ], [ -73.99037, 40.59144 ], [ -73.98962, 40.59099 ], [ -73.98602, 40.59445 ], [ -73.98468, 40.59367 ], [ -73.98464, 40.59356 ], [ -73.98071, 40.59401 ] ] ] } },
{ "type": "Feature", "properties": { "name": "Gravesend (West)" }, "geometry": { "type": "Polygon", "coordinates": [ [ [ -73.97996, 40.59408 ], [ -73.98464, 40.59356 ], [ -73.98468, 40.59367 ], [ -73.98602, 40.59445 ], [ -73.98962, 40.59099 ], [ -73.99037, 40.59144 ], [ -73.99154, 40.5904 ], [ -73.99331, 40.58959 ], [ -73.99376, 40.59034 ], [ -73.99794, 40.58841 ], [ -73.99867, 40.5892 ], [ -73.99924, 40.58894 ], [ -73.99947, 40.58924 ], [ -73.99838, 40.58978 ], [ -73.99842, 40.58982 ], [ -73.99884, 40.58963 ], [ -73.99887, 40.58968 ], [ -73.99845, 40.58987 ], [ -73.99878, 40.59024 ], [ -73.99878, 40.59032 ], [ -73.99844, 40.59025 ], [ -73.99776, 40.59096 ], [ -73.99711, 40.59129 ], [ -73.9972, 40.59162 ], [ -73.99723, 40.59166 ], [ -73.99807, 40.59122 ], [ -73.99813, 40.5913 ], [ -73.99728, 40.59172 ], [ -73.99755, 40.59193 ], [ -73.99857, 40.5915 ], [ -73.99917, 40.59116 ], [ -73.99951, 40.59111 ], [ -74.00002, 40.5912 ], [ -74.00023, 40.59151 ], [ -74.00006, 40.59172 ], [ -73.99903, 40.59232 ], [ -73.99934, 40.59261 ], [ -73.99948, 40.59298 ], [ -73.99898, 40.59331 ], [ -73.99839, 40.59354 ], [ -73.99854, 40.5936 ], [ -74.0011, 40.59253 ], [ -74.00204, 40.59407 ], [ -73.99087, 40.60478 ], [ -73.98869, 40.60343 ], [ -73.98685, 40.60511 ], [ -73.98913, 40.60646 ], [ -73.98842, 40.60713 ], [ -73.973, 40.60882 ], [ -73.97218, 40.6042 ], [ -73.97291, 40.59932 ], [ -73.97191, 40.59943 ], [ -73.97148, 40.59718 ], [ -73.98036, 40.5962 ], [ -73.97996, 40.59408 ] ] ] } },
{ "type": "Feature", "properties": { "name": "Great Kills Park" }, "geometry": { "type": "Polygon", "coordinates": [ [ [ -74.11338, 40.54808 ], [ -74.11474, 40.548 ], [ -74.11497, 40.5479 ], [ -74.11527, 40.54758 ], [ -74.11546, 40.54752 ], [ -74.11562, 40.54755 ], [ -74.11607, 40.54787 ], [ -74.11655, 40.54788 ], [ -74.11734, 40.54746 ], [ -74.11804, 40.54731 ], [ -74.11863, 40.54679 ], [ -74.11951, 40.54568 ], [ -74.11982, 40.54546 ], [ -74.12048, 40.54529 ], [ -74.12147, 40.54531 ], [ -74.12222, 40.54507 ], [ -74.1225, 40.54487 ], [ -74.12425, 40.54312 ], [ -74.12638, 40.54053 ], [ -74.13071, 40.53454 ], [ -74.13357, 40.53152 ], [ -74.13619, 40.52963 ], [ -74.13691, 40.52929 ], [ -74.13729, 40.52975 ], [ -74.13744, 40.52968 ], [ -74.13817, 40.52969 ], [ -74.13857, 40.52978 ], [ -74.13887, 40.52994 ], [ -74.13903, 40.53033 ], [ -74.139, 40.53093 ], [ -74.13915, 40.53153 ], [ -74.14027, 40.53331 ], [ -74.14061, 40.53414 ], [ -74.14058, 40.53474 ], [ -74.14044, 40.53521 ], [ -74.14026, 40.53545 ], [ -74.13999, 40.53549 ], [ -74.13838, 40.53522 ], [ -74.13577, 40.53524 ], [ -74.13483, 40.53531 ], [ -74.13392, 40.53559 ], [ -74.13341, 40.53591 ], [ -74.13303, 40.53625 ], [ -74.13337, 40.53636 ], [ -74.13301, 40.53626 ], [ -74.13297, 40.5363 ], [ -74.13316, 40.53638 ], [ -74.13294, 40.53633 ], [ -74.1312, 40.53788 ], [ -74.13128, 40.53794 ], [ -74.13153, 40.53773 ], [ -74.13129, 40.53796 ], [ -74.13182, 40.53832 ], [ -74.13211, 40.53806 ], [ -74.13177, 40.53783 ], [ -74.1317, 40.53787 ], [ -74.13185, 40.53774 ], [ -74.13179, 40.53781 ], [ -74.13214, 40.53804 ], [ -74.13243, 40.53778 ], [ -74.132, 40.53749 ], [ -74.13191, 40.53754 ], [ -74.13208, 40.5374 ], [ -74.13202, 40.53747 ], [ -74.13245, 40.53777 ], [ -74.13276, 40.53751 ], [ -74.13232, 40.53721 ], [ -74.13224, 40.53727 ], [ -74.1324, 40.53713 ], [ -74.13234, 40.5372 ], [ -74.13278, 40.53749 ], [ -74.13308, 40.53724 ], [ -74.13265, 40.53695 ], [ -74.13256, 40.537 ], [ -74.13274, 40.53686 ], [ -74.13267, 40.53693 ], [ -74.1331, 40.53722 ], [ -74.13339, 40.53697 ], [ -74.13296, 40.53667 ], [ -74.13288, 40.53673 ], [ -74.13304, 40.53658 ], [ -74.13297, 40.53665 ], [ -74.13341, 40.53695 ], [ -74.13381, 40.53657 ], [ -74.13386, 40.53661 ], [ -74.12997, 40.53998 ], [ -74.13021, 40.53971 ], [ -74.12977, 40.53942 ], [ -74.12969, 40.53948 ], [ -74.12985, 40.53934 ], [ -74.12979, 40.53941 ], [ -74.13023, 40.53969 ], [ -74.13052, 40.53943 ], [ -74.13009, 40.53913 ], [ -74.13, 40.53918 ], [ -74.13017, 40.53904 ], [ -74.13011, 40.53911 ], [ -74.13054, 40.53942 ], [ -74.13084, 40.53916 ], [ -74.13041, 40.53886 ], [ -74.13032, 40.53891 ], [ -74.13049, 40.53877 ], [ -74.13043, 40.53884 ], [ -74.13086, 40.53914 ], [ -74.13115, 40.53888 ], [ -74.13072, 40.53859 ], [ -74.13066, 40.53863 ], [ -74.1308, 40.5385 ], [ -74.13074, 40.53857 ], [ -74.13118, 40.53886 ], [ -74.13148, 40.53861 ], [ -74.13104, 40.53831 ], [ -74.13098, 40.53835 ], [ -74.13112, 40.53823 ], [ -74.13106, 40.5383 ], [ -74.1315, 40.53859 ], [ -74.13179, 40.53833 ], [ -74.13117, 40.53791 ], [ -74.12817, 40.54052 ], [ -74.1276, 40.54139 ], [ -74.12744, 40.54186 ], [ -74.12739, 40.54234 ], [ -74.12746, 40.54279 ], [ -74.12767, 40.54339 ], [ -74.12773, 40.54343 ], [ -74.1279, 40.54337 ], [ -74.12789, 40.54332 ], [ -74.12793, 40.54338 ], [ -74.12757, 40.54351 ], [ -74.12763, 40.54362 ], [ -74.12799, 40.54349 ], [ -74.12803, 40.54356 ], [ -74.12782, 40.54357 ], [ -74.12846, 40.54445 ], [ -74.12952, 40.54556 ], [ -74.13012, 40.54598 ], [ -74.13158, 40.54654 ], [ -74.13311, 40.54684 ], [ -74.13431, 40.5468 ], [ -74.13586, 40.54646 ], [ -74.13711, 40.54703 ], [ -74.13865, 40.54849 ], [ -74.13841, 40.5487 ], [ -74.13837, 40.54867 ], [ -74.13735, 40.54957 ], [ -74.13739, 40.5496 ], [ -74.13607, 40.55044 ], [ -74.13456, 40.55126 ], [ -74.13178, 40.5535 ], [ -74.13043, 40.55445 ], [ -74.1273, 40.5573 ], [ -74.11946, 40.55223 ], [ -74.11857, 40.55148 ], [ -74.1187, 40.55133 ], [ -74.11866, 40.55116 ], [ -74.11656, 40.54914 ], [ -74.11494, 40.5496 ], [ -74.11395, 40.54873 ], [ -74.11338, 40.54808 ] ] ] } },
{ "type": "Feature", "properties": { "name": "Great Kills-Eltingville" }, "geometry": { "type": "Polygon", "coordinates": [ [ [ -74.14699, 40.57049 ], [ -74.14635, 40.57053 ], [ -74.14131, 40.56844 ], [ -74.13528, 40.56553 ], [ -74.1346, 40.56528 ], [ -74.13174, 40.56455 ], [ -74.13311, 40.56288 ], [ -74.13341, 40.56214 ], [ -74.13481, 40.56084 ], [ -74.13531, 40.55943 ], [ -74.13561, 40.55899 ], [ -74.1366, 40.5584 ], [ -74.13818, 40.5576 ], [ -74.13885, 40.55696 ], [ -74.13317, 40.55236 ], [ -74.13456, 40.55126 ], [ -74.13607, 40.55044 ], [ -74.13739, 40.5496 ], [ -74.13735, 40.54957 ], [ -74.13837, 40.54867 ], [ -74.13841, 40.5487 ], [ -74.13865, 40.54849 ], [ -74.13711, 40.54703 ], [ -74.13586, 40.54646 ], [ -74.13641, 40.54626 ], [ -74.13652, 40.54592 ], [ -74.13697, 40.54598 ], [ -74.13707, 40.54597 ], [ -74.13702, 40.54589 ], [ -74.1371, 40.54596 ], [ -74.13706, 40.54587 ], [ -74.13718, 40.5458 ], [ -74.13626, 40.54497 ], [ -74.13612, 40.54503 ], [ -74.13639, 40.54486 ], [ -74.13629, 40.54496 ], [ -74.13719, 40.54579 ], [ -74.13751, 40.54559 ], [ -74.13674, 40.54481 ], [ -74.13659, 40.54485 ], [ -74.13687, 40.54469 ], [ -74.13675, 40.54479 ], [ -74.13743, 40.54547 ], [ -74.1375, 40.54543 ], [ -74.13745, 40.5455 ], [ -74.13795, 40.54601 ], [ -74.13869, 40.54544 ], [ -74.13887, 40.54514 ], [ -74.1387, 40.545 ], [ -74.13872, 40.54494 ], [ -74.13811, 40.54451 ], [ -74.13804, 40.54456 ], [ -74.13763, 40.54426 ], [ -74.13776, 40.54415 ], [ -74.13768, 40.54427 ], [ -74.13803, 40.54451 ], [ -74.1381, 40.54447 ], [ -74.13876, 40.54494 ], [ -74.13902, 40.54472 ], [ -74.13799, 40.544 ], [ -74.13787, 40.54406 ], [ -74.13804, 40.54391 ], [ -74.13801, 40.54398 ], [ -74.13903, 40.54471 ], [ -74.13954, 40.5443 ], [ -74.13943, 40.54423 ], [ -74.13911, 40.54448 ], [ -74.13915, 40.54452 ], [ -74.13903, 40.54444 ], [ -74.13909, 40.54447 ], [ -74.13942, 40.54421 ], [ -74.13929, 40.54412 ], [ -74.13898, 40.54438 ], [ -74.13891, 40.54434 ], [ -74.13916, 40.54421 ], [ -74.13922, 40.54407 ], [ -74.13908, 40.54398 ], [ -74.13884, 40.54418 ], [ -74.13888, 40.54425 ], [ -74.13873, 40.54414 ], [ -74.13883, 40.54417 ], [ -74.13908, 40.54397 ], [ -74.13884, 40.5438 ], [ -74.13854, 40.54405 ], [ -74.13859, 40.54411 ], [ -74.13842, 40.54399 ], [ -74.13851, 40.54403 ], [ -74.13882, 40.54379 ], [ -74.13854, 40.5436 ], [ -74.13846, 40.54372 ], [ -74.13836, 40.54366 ], [ -74.13821, 40.54378 ], [ -74.13828, 40.54387 ], [ -74.13815, 40.54378 ], [ -74.13837, 40.54361 ], [ -74.13844, 40.54365 ], [ -74.13853, 40.54359 ], [ -74.13844, 40.54363 ], [ -74.13848, 40.54355 ], [ -74.13834, 40.54356 ], [ -74.13852, 40.54341 ], [ -74.13846, 40.54351 ], [ -74.13859, 40.54346 ], [ -74.13853, 40.54355 ], [ -74.13957, 40.54428 ], [ -74.13984, 40.54406 ], [ -74.13871, 40.5433 ], [ -74.13891, 40.54314 ], [ -74.13877, 40.5433 ], [ -74.13886, 40.54337 ], [ -74.13904, 40.54324 ], [ -74.13895, 40.54335 ], [ -74.13899, 40.54339 ], [ -74.13968, 40.5439 ], [ -74.13989, 40.54376 ], [ -74.1397, 40.54392 ], [ -74.13987, 40.54404 ], [ -74.14004, 40.54389 ], [ -74.14001, 40.54384 ], [ -74.14031, 40.54406 ], [ -74.14039, 40.54404 ], [ -74.14046, 40.54394 ], [ -74.14033, 40.54381 ], [ -74.14024, 40.54383 ], [ -74.14029, 40.54378 ], [ -74.13935, 40.5431 ], [ -74.13922, 40.54317 ], [ -74.13941, 40.54302 ], [ -74.13939, 40.5431 ], [ -74.14023, 40.5437 ], [ -74.1403, 40.54365 ], [ -74.14013, 40.54352 ], [ -74.14029, 40.54339 ], [ -74.13946, 40.54279 ], [ -74.13936, 40.54283 ], [ -74.13954, 40.54269 ], [ -74.13948, 40.54278 ], [ -74.14031, 40.54338 ], [ -74.14063, 40.54312 ], [ -74.13976, 40.54249 ], [ -74.13963, 40.54255 ], [ -74.13986, 40.54237 ], [ -74.13978, 40.54247 ], [ -74.14065, 40.5431 ], [ -74.14085, 40.54295 ], [ -74.14105, 40.5431 ], [ -74.14109, 40.54306 ], [ -74.14099, 40.54296 ], [ -74.14126, 40.54316 ], [ -74.14133, 40.5431 ], [ -74.14039, 40.54243 ], [ -74.14041, 40.54237 ], [ -74.14029, 40.54246 ], [ -74.14017, 40.54237 ], [ -74.14034, 40.54224 ], [ -74.14021, 40.54237 ], [ -74.14029, 40.54243 ], [ -74.14041, 40.54234 ], [ -74.14048, 40.54239 ], [ -74.14043, 40.54243 ], [ -74.1413, 40.54307 ], [ -74.14141, 40.54303 ], [ -74.14108, 40.5428 ], [ -74.14116, 40.54273 ], [ -74.14109, 40.54265 ], [ -74.14133, 40.54276 ], [ -74.14114, 40.5426 ], [ -74.14125, 40.54267 ], [ -74.14134, 40.5426 ], [ -74.14057, 40.54206 ], [ -74.14047, 40.54214 ], [ -74.14026, 40.54197 ], [ -74.1405, 40.54207 ], [ -74.14068, 40.54192 ], [ -74.14062, 40.54206 ], [ -74.14135, 40.54259 ], [ -74.14146, 40.54249 ], [ -74.1413, 40.54234 ], [ -74.14148, 40.54248 ], [ -74.14153, 40.54243 ], [ -74.14135, 40.5423 ], [ -74.14155, 40.54242 ], [ -74.1418, 40.54221 ], [ -74.1409, 40.54158 ], [ -74.14064, 40.5417 ], [ -74.14096, 40.54144 ], [ -74.1409, 40.54155 ], [ -74.14187, 40.54217 ], [ -74.14167, 40.54234 ], [ -74.1423, 40.54227 ], [ -74.14218, 40.54203 ], [ -74.14235, 40.54169 ], [ -74.14234, 40.54152 ], [ -74.14248, 40.54134 ], [ -74.14221, 40.54097 ], [ -74.14227, 40.54082 ], [ -74.14204, 40.54066 ], [ -74.14208, 40.54052 ], [ -74.14191, 40.54037 ], [ -74.14191, 40.54022 ], [ -74.14178, 40.5401 ], [ -74.14189, 40.54 ], [ -74.14184, 40.53975 ], [ -74.14201, 40.53958 ], [ -74.14173, 40.53935 ], [ -74.1423, 40.53908 ], [ -74.14224, 40.53904 ], [ -74.14234, 40.53896 ], [ -74.14177, 40.53855 ], [ -74.14227, 40.53815 ], [ -74.14187, 40.53845 ], [ -74.14223, 40.53812 ], [ -74.14208, 40.53801 ], [ -74.14217, 40.53794 ], [ -74.14122, 40.53726 ], [ -74.14104, 40.53736 ], [ -74.1413, 40.53715 ], [ -74.14124, 40.53724 ], [ -74.14219, 40.53793 ], [ -74.14239, 40.53776 ], [ -74.14158, 40.5371 ], [ -74.14174, 40.53705 ], [ -74.14305, 40.53725 ], [ -74.14384, 40.53715 ], [ -74.14418, 40.5368 ], [ -74.14456, 40.53596 ], [ -74.14474, 40.53581 ], [ -74.14544, 40.53583 ], [ -74.14602, 40.53556 ], [ -74.14595, 40.53544 ], [ -74.146, 40.5354 ], [ -74.1467, 40.53542 ], [ -74.14794, 40.53493 ], [ -74.14922, 40.53425 ], [ -74.14978, 40.5339 ], [ -74.14976, 40.53343 ], [ -74.1503, 40.53293 ], [ -74.15022, 40.53291 ], [ -74.15032, 40.53292 ], [ -74.1507, 40.53255 ], [ -74.15112, 40.53275 ], [ -74.15176, 40.53241 ], [ -74.15168, 40.53228 ], [ -74.15185, 40.53217 ], [ -74.15212, 40.53219 ], [ -74.15246, 40.53208 ], [ -74.154, 40.53084 ], [ -74.1539, 40.53068 ], [ -74.15411, 40.53077 ], [ -74.1545, 40.53033 ], [ -74.15463, 40.53036 ], [ -74.1547, 40.53026 ], [ -74.1545, 40.53011 ], [ -74.15455, 40.53007 ], [ -74.15493, 40.53023 ], [ -74.15565, 40.52965 ], [ -74.15551, 40.52945 ], [ -74.15573, 40.52961 ], [ -74.15599, 40.52943 ], [ -74.15645, 40.52894 ], [ -74.15614, 40.52866 ], [ -74.15619, 40.52862 ], [ -74.15667, 40.529 ], [ -74.15702, 40.52899 ], [ -74.15826, 40.52831 ], [ -74.15797, 40.52808 ], [ -74.15833, 40.52829 ], [ -74.1589, 40.52794 ], [ -74.1594, 40.52744 ], [ -74.1597, 40.5273 ], [ -74.15988, 40.52738 ], [ -74.16442, 40.53351 ], [ -74.16873, 40.53953 ], [ -74.16902, 40.5401 ], [ -74.16892, 40.54047 ], [ -74.1691, 40.54104 ], [ -74.17517, 40.54378 ], [ -74.18073, 40.54669 ], [ -74.17989, 40.54767 ], [ -74.17943, 40.54835 ], [ -74.17622, 40.55438 ], [ -74.17594, 40.55492 ], [ -74.17598, 40.55511 ], [ -74.17566, 40.5557 ], [ -74.17409, 40.55808 ], [ -74.17349, 40.55968 ], [ -74.17322, 40.56009 ], [ -74.17185, 40.56153 ], [ -74.1711, 40.56129 ], [ -74.16494, 40.56012 ], [ -74.16378, 40.56033 ], [ -74.16153, 40.56128 ], [ -74.15741, 40.56251 ], [ -74.15686, 40.5628 ], [ -74.15585, 40.56378 ], [ -74.15503, 40.5651 ], [ -74.15467, 40.56552 ], [ -74.15358, 40.56626 ], [ -74.15172, 40.5679 ], [ -74.15033, 40.56892 ], [ -74.1479, 40.5709 ], [ -74.14699, 40.57049 ] ] ] } },
{ "type": "Feature", "properties": { "name": "Green-Wood Cemetery" }, "geometry": { "type": "Polygon", "coordinates": [ [ [ -73.98843, 40.65926 ], [ -73.9818, 40.65525 ], [ -73.98029, 40.64731 ], [ -73.98181, 40.64714 ], [ -73.98835, 40.64457 ], [ -73.98906, 40.64413 ], [ -73.99831, 40.64975 ], [ -73.9978, 40.6503 ], [ -74.00217, 40.65296 ], [ -73.99517, 40.65968 ], [ -73.99297, 40.65835 ], [ -73.99238, 40.65891 ], [ -73.99019, 40.65761 ], [ -73.98843, 40.65926 ] ] ] } },
{ "type": "Feature", "properties": { "name": "Greenpoint" }, "geometry": { "type": "Polygon", "coordinates": [ [ [ -73.93214, 40.72817 ], [ -73.93412, 40.72686 ], [ -73.93739, 40.72434 ], [ -73.94022, 40.7229 ], [ -73.94196, 40.72166 ], [ -73.94561, 40.71958 ], [ -73.94721, 40.71857 ], [ -73.94842, 40.71846 ], [ -73.94908, 40.72255 ], [ -73.94987, 40.72219 ], [ -73.95065, 40.72171 ], [ -73.95165, 40.72349 ], [ -73.95478, 40.72247 ], [ -73.95772, 40.72429 ], [ -73.95814, 40.72441 ], [ -73.95804, 40.72444 ], [ -73.95794, 40.72466 ], [ -73.95795, 40.72504 ], [ -73.95835, 40.72521 ], [ -73.95843, 40.72541 ], [ -73.96013, 40.72533 ], [ -73.96029, 40.72596 ], [ -73.96106, 40.72585 ], [ -73.96162, 40.72587 ], [ -73.96162, 40.72667 ], [ -73.9615, 40.72676 ], [ -73.96142, 40.72736 ], [ -73.96114, 40.72811 ], [ -73.96102, 40.72871 ], [ -73.96143, 40.73095 ], [ -73.96226, 40.73292 ], [ -73.96234, 40.7334 ], [ -73.96229, 40.73406 ], [ -73.96209, 40.73452 ], [ -73.96158, 40.73519 ], [ -73.95983, 40.73707 ], [ -73.95764, 40.73855 ], [ -73.95693, 40.7389 ], [ -73.95476, 40.73913 ], [ -73.95292, 40.73894 ], [ -73.95047, 40.73832 ], [ -73.94812, 40.73741 ], [ -73.94809, 40.73748 ], [ -73.94652, 40.73694 ], [ -73.94644, 40.73679 ], [ -73.9472, 40.73536 ], [ -73.94707, 40.73441 ], [ -73.9466, 40.73445 ], [ -73.94674, 40.73529 ], [ -73.94625, 40.73617 ], [ -73.94587, 40.73611 ], [ -73.94557, 40.73662 ], [ -73.94555, 40.73655 ], [ -73.94521, 40.73652 ], [ -73.94522, 40.73645 ], [ -73.94508, 40.7364 ], [ -73.945, 40.73644 ], [ -73.94526, 40.7359 ], [ -73.94519, 40.73549 ], [ -73.94503, 40.73544 ], [ -73.94477, 40.73599 ], [ -73.94452, 40.73629 ], [ -73.9424, 40.73543 ], [ -73.94174, 40.73496 ], [ -73.94176, 40.73487 ], [ -73.94161, 40.7347 ], [ -73.94155, 40.73474 ], [ -73.94115, 40.73416 ], [ -73.941, 40.7338 ], [ -73.94116, 40.73376 ], [ -73.94104, 40.7335 ], [ -73.94093, 40.73352 ], [ -73.94082, 40.73326 ], [ -73.94073, 40.7333 ], [ -73.94057, 40.73307 ], [ -73.94069, 40.73303 ], [ -73.94037, 40.73222 ], [ -73.93981, 40.73116 ], [ -73.9381, 40.72974 ], [ -73.93693, 40.72912 ], [ -73.93493, 40.72855 ], [ -73.93326, 40.72825 ], [ -73.93214, 40.72817 ] ] ] } },
{ "type": "Feature", "properties": { "name": "Greenwich Village" }, "geometry": { "type": "Polygon", "coordinates": [ [ [ -73.9899, 40.73444 ], [ -73.98987, 40.73354 ], [ -73.99051, 40.73057 ], [ -73.99114, 40.7286 ], [ -73.9913, 40.72776 ], [ -73.99124, 40.72774 ], [ -73.99155, 40.7271 ], [ -73.9926, 40.72414 ], [ -73.99533, 40.72509 ], [ -73.99677, 40.72544 ], [ -74.00282, 40.72837 ], [ -74.00216, 40.72977 ], [ -74.00141, 40.73107 ], [ -73.99684, 40.73737 ], [ -73.9899, 40.73444 ] ] ] } },
{ "type": "Feature", "properties": { "name": "Hamilton Heights-Sugar Hill" }, "geometry": { "type": "Polygon", "coordinates": [ [ [ -73.94828, 40.83387 ], [ -73.93864, 40.82975 ], [ -73.93925, 40.8283 ], [ -73.94293, 40.82327 ], [ -73.94516, 40.82089 ], [ -73.94808, 40.82212 ], [ -73.94854, 40.8215 ], [ -73.94992, 40.82208 ], [ -73.95083, 40.82084 ], [ -73.95573, 40.8229 ], [ -73.95634, 40.8231 ], [ -73.95741, 40.82328 ], [ -73.95914, 40.82433 ], [ -73.95726, 40.82713 ], [ -73.95695, 40.82701 ], [ -73.95632, 40.82795 ], [ -73.95504, 40.82742 ], [ -73.9547, 40.82793 ], [ -73.95454, 40.82787 ], [ -73.95359, 40.82911 ], [ -73.95219, 40.83129 ], [ -73.95119, 40.83265 ], [ -73.95087, 40.83344 ], [ -73.95021, 40.83431 ], [ -73.94934, 40.83399 ], [ -73.94891, 40.83407 ], [ -73.94828, 40.83387 ] ] ] } },
{ "type": "Feature", "properties": { "name": "Harlem (North)" }, "geometry": { "type": "Polygon", "coordinates": [ [ [ -73.93516, 40.83269 ], [ -73.93443, 40.82705 ], [ -73.93448, 40.82705 ], [ -73.93415, 40.82304 ], [ -73.93397, 40.81974 ], [ -73.93383, 40.81973 ], [ -73.93383, 40.8195 ], [ -73.93448, 40.81971 ], [ -73.93444, 40.81916 ], [ -73.93434, 40.81877 ], [ -73.9343, 40.81891 ], [ -73.93408, 40.81783 ], [ -73.93487, 40.81654 ], [ -73.94177, 40.8071 ], [ -73.9521, 40.81145 ], [ -73.95035, 40.81317 ], [ -73.94922, 40.81471 ], [ -73.94868, 40.8157 ], [ -73.94608, 40.82127 ], [ -73.94516, 40.82089 ], [ -73.94293, 40.82327 ], [ -73.93925, 40.8283 ], [ -73.93864, 40.82975 ], [ -73.94014, 40.83038 ], [ -73.9399, 40.83096 ], [ -73.9394, 40.83153 ], [ -73.93895, 40.83243 ], [ -73.93819, 40.83328 ], [ -73.93531, 40.83549 ], [ -73.93468, 40.83607 ], [ -73.93445, 40.83599 ], [ -73.93445, 40.83592 ], [ -73.93474, 40.8356 ], [ -73.93492, 40.83524 ], [ -73.93516, 40.83269 ] ] ] } },
{ "type": "Feature", "properties": { "name": "Harlem (South)" }, "geometry": { "type": "Polygon", "coordinates": [ [ [ -73.94177, 40.8071 ], [ -73.94276, 40.80575 ], [ -73.94436, 40.80642 ], [ -73.9462, 40.80391 ], [ -73.9446, 40.80323 ], [ -73.94923, 40.79688 ], [ -73.95787, 40.80052 ], [ -73.95848, 40.80068 ], [ -73.95965, 40.80116 ], [ -73.95825, 40.80311 ], [ -73.9582, 40.8039 ], [ -73.95829, 40.80528 ], [ -73.95822, 40.80556 ], [ -73.95497, 40.81007 ], [ -73.95358, 40.80948 ], [ -73.9521, 40.81145 ], [ -73.94177, 40.8071 ] ] ] } },
{ "type": "Feature", "properties": { "name": "Hart Island" }, "geometry": { "type": "MultiPolygon", "coordinates": [ [ [ [ -73.76823, 40.8539 ], [ -73.76856, 40.85325 ], [ -73.76905, 40.8533 ], [ -73.76939, 40.85254 ], [ -73.76861, 40.8508 ], [ -73.7696, 40.8476 ], [ -73.7695, 40.84723 ], [ -73.76806, 40.84561 ], [ -73.7679, 40.8453 ], [ -73.76902, 40.84511 ], [ -73.77119, 40.84695 ], [ -73.77157, 40.84751 ], [ -73.77131, 40.84804 ], [ -73.77089, 40.84976 ], [ -73.77205, 40.85163 ], [ -73.77247, 40.85172 ], [ -73.77247, 40.85182 ], [ -73.77271, 40.85183 ], [ -73.77247, 40.85184 ], [ -73.77246, 40.85207 ], [ -73.77296, 40.85217 ], [ -73.77295, 40.85222 ], [ -73.77271, 40.85215 ], [ -73.77265, 40.85223 ], [ -73.77289, 40.85241 ], [ -73.77246, 40.85211 ], [ -73.77245, 40.85244 ], [ -73.77173, 40.85249 ], [ -73.77172, 40.85301 ], [ -73.7723, 40.85309 ], [ -73.77235, 40.85386 ], [ -73.77296, 40.85381 ], [ -73.77296, 40.85415 ], [ -73.7728, 40.85414 ], [ -73.7728, 40.85397 ], [ -73.7727, 40.85391 ], [ -73.77233, 40.85391 ], [ -73.77214, 40.85442 ], [ -73.77221, 40.85537 ], [ -73.77214, 40.85644 ], [ -73.77218, 40.85888 ], [ -73.77236, 40.85968 ], [ -73.77219, 40.85999 ], [ -73.77085, 40.86011 ], [ -73.76947, 40.85934 ], [ -73.76836, 40.85837 ], [ -73.76836, 40.85766 ], [ -73.76533, 40.85505 ], [ -73.76783, 40.85445 ], [ -73.76823, 40.8539 ] ] ], [ [ [ -73.78101, 40.85488 ], [ -73.78123, 40.85512 ], [ -73.78123, 40.85541 ], [ -73.78087, 40.85554 ], [ -73.78068, 40.85535 ], [ -73.78062, 40.85517 ], [ -73.78077, 40.85485 ], [ -73.78101, 40.85488 ] ] ], [ [ [ -73.7826, 40.85483 ], [ -73.78329, 40.85493 ], [ -73.78386, 40.85484 ], [ -73.78356, 40.85508 ], [ -73.78351, 40.85549 ], [ -73.78331, 40.85586 ], [ -73.78285, 40.85549 ], [ -73.7826, 40.85483 ] ] ] ] } },
{ "type": "Feature", "properties": { "name": "Hell's Kitchen" }, "geometry": { "type": "Polygon", "coordinates": [ [ [ -73.99612, 40.77328 ], [ -73.99416, 40.7725 ], [ -73.99383, 40.77294 ], [ -73.99359, 40.7728 ], [ -73.99341, 40.77289 ], [ -73.99333, 40.77284 ], [ -73.99378, 40.77221 ], [ -73.98236, 40.7674 ], [ -73.99163, 40.75472 ], [ -73.9973, 40.75712 ], [ -73.99548, 40.75964 ], [ -74.00179, 40.7623 ], [ -74.00153, 40.76265 ], [ -74.00376, 40.76359 ], [ -74.00361, 40.76379 ], [ -74.00139, 40.76286 ], [ -74.00097, 40.76343 ], [ -74.00315, 40.76434 ], [ -74.00295, 40.76463 ], [ -74.00322, 40.76465 ], [ -74.0031, 40.76475 ], [ -73.99993, 40.76341 ], [ -73.99962, 40.76357 ], [ -73.99915, 40.76421 ], [ -74.00229, 40.76557 ], [ -74.00203, 40.7659 ], [ -73.99889, 40.76458 ], [ -73.99858, 40.76501 ], [ -73.99869, 40.76522 ], [ -73.99844, 40.76532 ], [ -73.99828, 40.76558 ], [ -74.00157, 40.76699 ], [ -74.00132, 40.76726 ], [ -73.99807, 40.76588 ], [ -73.99738, 40.76683 ], [ -74.00065, 40.76825 ], [ -74.00039, 40.76851 ], [ -73.99716, 40.76714 ], [ -73.99646, 40.76811 ], [ -73.99974, 40.76951 ], [ -73.99947, 40.76977 ], [ -73.99707, 40.76874 ], [ -73.99703, 40.7688 ], [ -73.99715, 40.76886 ], [ -73.99701, 40.76904 ], [ -73.99689, 40.76899 ], [ -73.99657, 40.76943 ], [ -73.99903, 40.77047 ], [ -73.99876, 40.77083 ], [ -73.99631, 40.76981 ], [ -73.99588, 40.77041 ], [ -73.99602, 40.77046 ], [ -73.9959, 40.77062 ], [ -73.99577, 40.77056 ], [ -73.99543, 40.77104 ], [ -73.99576, 40.77117 ], [ -73.99571, 40.77123 ], [ -73.9958, 40.77129 ], [ -73.996, 40.77132 ], [ -73.9959, 40.77146 ], [ -73.99579, 40.77148 ], [ -73.99583, 40.77143 ], [ -73.99575, 40.77136 ], [ -73.99531, 40.7712 ], [ -73.99513, 40.77146 ], [ -73.99496, 40.77146 ], [ -73.99493, 40.77152 ], [ -73.99498, 40.77167 ], [ -73.99707, 40.77255 ], [ -73.99687, 40.77283 ], [ -73.99478, 40.77194 ], [ -73.99445, 40.77239 ], [ -73.99623, 40.77314 ], [ -73.99612, 40.77328 ] ] ] } },
{ "type": "Feature", "properties": { "name": "Highbridge" }, "geometry": { "type": "Polygon", "coordinates": [ [ [ -73.92349, 40.84447 ], [ -73.92273, 40.84424 ], [ -73.92286, 40.84365 ], [ -73.92276, 40.84286 ], [ -73.92282, 40.84276 ], [ -73.92244, 40.84183 ], [ -73.92141, 40.84021 ], [ -73.92132, 40.83991 ], [ -73.92145, 40.83925 ], [ -73.92225, 40.83786 ], [ -73.92237, 40.83612 ], [ -73.92403, 40.83507 ], [ -73.92538, 40.83264 ], [ -73.92761, 40.83013 ], [ -73.92826, 40.82954 ], [ -73.92917, 40.82895 ], [ -73.93034, 40.8285 ], [ -73.93114, 40.82831 ], [ -73.93307, 40.82816 ], [ -73.93355, 40.83152 ], [ -73.93361, 40.8328 ], [ -73.93314, 40.8352 ], [ -73.93266, 40.83648 ], [ -73.93187, 40.83765 ], [ -73.93052, 40.83994 ], [ -73.93043, 40.84024 ], [ -73.93048, 40.84047 ], [ -73.92959, 40.84209 ], [ -73.92958, 40.84228 ], [ -73.92938, 40.84248 ], [ -73.9292, 40.84283 ], [ -73.92919, 40.84321 ], [ -73.92862, 40.84469 ], [ -73.92828, 40.84498 ], [ -73.92805, 40.84547 ], [ -73.92564, 40.84491 ], [ -73.92393, 40.8448 ], [ -73.92349, 40.84447 ] ] ] } },
{ "type": "Feature", "properties": { "name": "Highbridge Park" }, "geometry": { "type": "Polygon", "coordinates": [ [ [ -73.92289, 40.85887 ], [ -73.92277, 40.8566 ], [ -73.92288, 40.85589 ], [ -73.92228, 40.85566 ], [ -73.92444, 40.85285 ], [ -73.92982, 40.84509 ], [ -73.93022, 40.84429 ], [ -73.9309, 40.84255 ], [ -73.93391, 40.83714 ], [ -73.93445, 40.83599 ], [ -73.93468, 40.83607 ], [ -73.93531, 40.83549 ], [ -73.93839, 40.8331 ], [ -73.93895, 40.83243 ], [ -73.93945, 40.83146 ], [ -73.9399, 40.83096 ], [ -73.94014, 40.83038 ], [ -73.94035, 40.83047 ], [ -73.94037, 40.83156 ], [ -73.94022, 40.83189 ], [ -73.93948, 40.83302 ], [ -73.93804, 40.83429 ], [ -73.93638, 40.83786 ], [ -73.93596, 40.83838 ], [ -73.93533, 40.83888 ], [ -73.93506, 40.83934 ], [ -73.93501, 40.83986 ], [ -73.93563, 40.84129 ], [ -73.93557, 40.84172 ], [ -73.93062, 40.84849 ], [ -73.92977, 40.84812 ], [ -73.92898, 40.84926 ], [ -73.92867, 40.84958 ], [ -73.92825, 40.84985 ], [ -73.92748, 40.8507 ], [ -73.92708, 40.85144 ], [ -73.92703, 40.85221 ], [ -73.9277, 40.8525 ], [ -73.92487, 40.85637 ], [ -73.92469, 40.85665 ], [ -73.92463, 40.85698 ], [ -73.9247, 40.8573 ], [ -73.925, 40.85789 ], [ -73.92548, 40.8582 ], [ -73.92593, 40.85823 ], [ -73.92627, 40.85814 ], [ -73.92654, 40.85795 ], [ -73.92691, 40.85752 ], [ -73.92712, 40.85812 ], [ -73.92689, 40.85877 ], [ -73.92647, 40.85918 ], [ -73.92574, 40.85964 ], [ -73.92529, 40.86013 ], [ -73.92502, 40.8607 ], [ -73.92493, 40.8613 ], [ -73.92474, 40.8616 ], [ -73.92289, 40.85887 ] ] ] } },
{ "type": "Feature", "properties": { "name": "Highland Park-Cypress Hills Cemeteries (North)" }, "geometry": { "type": "Polygon", "coordinates": [ [ [ -73.86892, 40.69515 ], [ -73.87402, 40.6942 ], [ -73.87951, 40.69116 ], [ -73.88378, 40.68787 ], [ -73.88452, 40.68669 ], [ -73.88808, 40.6853 ], [ -73.88963, 40.68424 ], [ -73.89016, 40.68501 ], [ -73.89258, 40.6835 ], [ -73.89418, 40.68529 ], [ -73.89578, 40.68351 ], [ -73.89629, 40.68277 ], [ -73.89647, 40.68234 ], [ -73.90116, 40.68789 ], [ -73.90043, 40.68819 ], [ -73.90189, 40.69109 ], [ -73.90059, 40.69241 ], [ -73.90075, 40.69249 ], [ -73.9002, 40.69341 ], [ -73.89858, 40.69391 ], [ -73.89736, 40.69412 ], [ -73.89691, 40.69385 ], [ -73.89743, 40.6933 ], [ -73.89764, 40.69342 ], [ -73.89769, 40.69337 ], [ -73.89696, 40.69196 ], [ -73.89474, 40.69265 ], [ -73.89326, 40.69221 ], [ -73.89358, 40.69309 ], [ -73.89398, 40.69308 ], [ -73.89559, 40.69399 ], [ -73.89508, 40.6946 ], [ -73.89245, 40.69523 ], [ -73.89191, 40.69432 ], [ -73.88818, 40.69507 ], [ -73.88866, 40.69584 ], [ -73.88649, 40.69645 ], [ -73.88739, 40.69703 ], [ -73.88784, 40.69767 ], [ -73.88794, 40.69801 ], [ -73.88788, 40.69802 ], [ -73.88818, 40.69887 ], [ -73.88771, 40.69969 ], [ -73.88432, 40.70021 ], [ -73.88281, 40.70069 ], [ -73.88174, 40.69954 ], [ -73.87622, 40.7016 ], [ -73.8764, 40.7023 ], [ -73.86916, 40.7029 ], [ -73.86899, 40.70175 ], [ -73.86953, 40.70161 ], [ -73.86932, 40.69936 ], [ -73.87068, 40.69785 ], [ -73.86892, 40.69515 ] ] ] } },
{ "type": "Feature", "properties": { "name": "Highland Park-Cypress Hills Cemeteries (South)" }, "geometry": { "type": "Polygon", "coordinates": [ [ [ -73.86841, 40.69474 ], [ -73.86869, 40.69404 ], [ -73.8686, 40.69389 ], [ -73.86806, 40.69119 ], [ -73.87095, 40.69051 ], [ -73.8726, 40.68993 ], [ -73.87571, 40.68857 ], [ -73.88027, 40.68629 ], [ -73.88819, 40.68256 ], [ -73.88893, 40.68313 ], [ -73.88963, 40.68424 ], [ -73.88808, 40.6853 ], [ -73.88452, 40.68669 ], [ -73.88378, 40.68787 ], [ -73.87951, 40.69116 ], [ -73.87402, 40.6942 ], [ -73.86892, 40.69515 ], [ -73.86841, 40.69474 ] ] ] } },
{ "type": "Feature", "properties": { "name": "Hoffman & Swinburne Islands" }, "geometry": { "type": "MultiPolygon", "coordinates": [ [ [ [ -74.05047, 40.56643 ], [ -74.04998, 40.5664 ], [ -74.04932, 40.5659 ], [ -74.04924, 40.56537 ], [ -74.05003, 40.56533 ], [ -74.05075, 40.5659 ], [ -74.05074, 40.56604 ], [ -74.05091, 40.5661 ], [ -74.05088, 40.56619 ], [ -74.05071, 40.5662 ], [ -74.05068, 40.56632 ], [ -74.05107, 40.56673 ], [ -74.05047, 40.56643 ] ] ], [ [ [ -74.05406, 40.57712 ], [ -74.0549, 40.57779 ], [ -74.05469, 40.5797 ], [ -74.05485, 40.57972 ], [ -74.05485, 40.57995 ], [ -74.05369, 40.58056 ], [ -74.05293, 40.57991 ], [ -74.05314, 40.57771 ], [ -74.05406, 40.57712 ] ] ] ] } },
{ "type": "Feature", "properties": { "name": "Hollis" }, "geometry": { "type": "Polygon", "coordinates": [ [ [ -73.75047, 40.70565 ], [ -73.76096, 40.70292 ], [ -73.76213, 40.70551 ], [ -73.76195, 40.70593 ], [ -73.76197, 40.70661 ], [ -73.76176, 40.70661 ], [ -73.7623, 40.70796 ], [ -73.76735, 40.70664 ], [ -73.76826, 40.70953 ], [ -73.76881, 40.70982 ], [ -73.77085, 40.71018 ], [ -73.77165, 40.71023 ], [ -73.77173, 40.71033 ], [ -73.77315, 40.70993 ], [ -73.7745, 40.71195 ], [ -73.77538, 40.71169 ], [ -73.77712, 40.71427 ], [ -73.77357, 40.71513 ], [ -73.76733, 40.7173 ], [ -73.76447, 40.7189 ], [ -73.75944, 40.72107 ], [ -73.75401, 40.71384 ], [ -73.75371, 40.71333 ], [ -73.75047, 40.70565 ] ] ] } },
{ "type": "Feature", "properties": { "name": "Holy Cross Cemetery" }, "geometry": { "type": "Polygon", "coordinates": [ [ [ -73.93358, 40.64509 ], [ -73.94261, 40.64467 ], [ -73.9428, 40.64655 ], [ -73.94331, 40.64653 ], [ -73.94338, 40.64712 ], [ -73.94353, 40.64859 ], [ -73.94301, 40.6486 ], [ -73.94312, 40.64932 ], [ -73.93886, 40.64958 ], [ -73.93871, 40.64853 ], [ -73.933, 40.64879 ], [ -73.93262, 40.64525 ], [ -73.93358, 40.64509 ] ] ] } },
{ "type": "Feature", "properties": { "name": "Howard Beach-Lindenwood" }, "geometry": { "type": "MultiPolygon", "coordinates": [ [ [ [ -73.86054, 40.65463 ], [ -73.86087, 40.65509 ], [ -73.86099, 40.65522 ], [ -73.86072, 40.65521 ], [ -73.86021, 40.65485 ], [ -73.86054, 40.65463 ] ] ], [ [ [ -73.83041, 40.65517 ], [ -73.83027, 40.65544 ], [ -73.83, 40.65556 ], [ -73.82989, 40.65553 ], [ -73.83033, 40.65514 ], [ -73.83041, 40.65517 ] ] ], [ [ [ -73.85649, 40.67339 ], [ -73.84322, 40.66935 ], [ -73.84258, 40.66929 ], [ -73.84243, 40.66879 ], [ -73.84014, 40.66828 ], [ -73.84035, 40.66848 ], [ -73.84047, 40.66873 ], [ -73.84008, 40.66847 ], [ -73.83834, 40.668 ], [ -73.83845, 40.66767 ], [ -73.83704, 40.66734 ], [ -73.83488, 40.66722 ], [ -73.83335, 40.66678 ], [ -73.8303, 40.66041 ], [ -73.82991, 40.65967 ], [ -73.82932, 40.65891 ], [ -73.8286, 40.65721 ], [ -73.82639, 40.64833 ], [ -73.8265, 40.64834 ], [ -73.82702, 40.64877 ], [ -73.82846, 40.64913 ], [ -73.8296, 40.64984 ], [ -73.83001, 40.65034 ], [ -73.82987, 40.65044 ], [ -73.83001, 40.65091 ], [ -73.83094, 40.65163 ], [ -73.8311, 40.65226 ], [ -73.83132, 40.65273 ], [ -73.83129, 40.65349 ], [ -73.83156, 40.65361 ], [ -73.83158, 40.65382 ], [ -73.82935, 40.65572 ], [ -73.82902, 40.65612 ], [ -73.82919, 40.65608 ], [ -73.82967, 40.65561 ], [ -73.83015, 40.65567 ], [ -73.83044, 40.65553 ], [ -73.83058, 40.65533 ], [ -73.83056, 40.65516 ], [ -73.83053, 40.65537 ], [ -73.83054, 40.65492 ], [ -73.83057, 40.65515 ], [ -73.8306, 40.65482 ], [ -73.83171, 40.65394 ], [ -73.83206, 40.65405 ], [ -73.83212, 40.65428 ], [ -73.832, 40.65445 ], [ -73.83216, 40.65452 ], [ -73.83222, 40.65447 ], [ -73.83217, 40.65454 ], [ -73.83205, 40.65449 ], [ -73.83186, 40.65462 ], [ -73.83149, 40.65499 ], [ -73.83116, 40.65593 ], [ -73.83021, 40.65635 ], [ -73.83003, 40.65658 ], [ -73.82956, 40.65643 ], [ -73.82938, 40.65651 ], [ -73.82924, 40.65667 ], [ -73.82931, 40.65694 ], [ -73.82897, 40.65721 ], [ -73.82918, 40.65781 ], [ -73.82952, 40.65792 ], [ -73.83013, 40.65841 ], [ -73.83005, 40.6585 ], [ -73.82971, 40.65851 ], [ -73.8296, 40.65867 ], [ -73.82993, 40.65919 ], [ -73.83015, 40.65982 ], [ -73.83001, 40.65917 ], [ -73.82983, 40.65897 ], [ -73.8297, 40.65866 ], [ -73.82979, 40.65858 ], [ -73.83, 40.6586 ], [ -73.8302, 40.65852 ], [ -73.83025, 40.65836 ], [ -73.82983, 40.65812 ], [ -73.82963, 40.65785 ], [ -73.82923, 40.65771 ], [ -73.82907, 40.65745 ], [ -73.8291, 40.65734 ], [ -73.8295, 40.65691 ], [ -73.8295, 40.65666 ], [ -73.83009, 40.65674 ], [ -73.83051, 40.65635 ], [ -73.83127, 40.65601 ], [ -73.83144, 40.65577 ], [ -73.83155, 40.65525 ], [ -73.83185, 40.65489 ], [ -73.83218, 40.6549 ], [ -73.83277, 40.6568 ], [ -73.8329, 40.65749 ], [ -73.83278, 40.65756 ], [ -73.83209, 40.65614 ], [ -73.83195, 40.65618 ], [ -73.8326, 40.65783 ], [ -73.83202, 40.65809 ], [ -73.83111, 40.65824 ], [ -73.83113, 40.65833 ], [ -73.83127, 40.65837 ], [ -73.83339, 40.65806 ], [ -73.83157, 40.65118 ], [ -73.83119, 40.65076 ], [ -73.83109, 40.65006 ], [ -73.8308, 40.64898 ], [ -73.83149, 40.6479 ], [ -73.83454, 40.64803 ], [ -73.8351, 40.64819 ], [ -73.83561, 40.64848 ], [ -73.8358, 40.64912 ], [ -73.83597, 40.64936 ], [ -73.83845, 40.65937 ], [ -73.83881, 40.66095 ], [ -73.83863, 40.66109 ], [ -73.83884, 40.66113 ], [ -73.83893, 40.66128 ], [ -73.83886, 40.66122 ], [ -73.83889, 40.66141 ], [ -73.83808, 40.6616 ], [ -73.83814, 40.66208 ], [ -73.83822, 40.66223 ], [ -73.83844, 40.66235 ], [ -73.83872, 40.66242 ], [ -73.8397, 40.66225 ], [ -73.83963, 40.662 ], [ -73.83998, 40.66191 ], [ -73.83929, 40.65925 ], [ -73.83897, 40.65758 ], [ -73.8385, 40.65591 ], [ -73.8384, 40.65582 ], [ -73.83681, 40.64926 ], [ -73.83739, 40.64913 ], [ -73.84679, 40.6478 ], [ -73.8484, 40.65451 ], [ -73.85321, 40.65382 ], [ -73.85437, 40.65861 ], [ -73.85355, 40.65932 ], [ -73.85362, 40.65974 ], [ -73.85735, 40.6568 ], [ -73.85967, 40.6552 ], [ -73.86084, 40.65618 ], [ -73.86135, 40.6564 ], [ -73.8614, 40.65658 ], [ -73.86068, 40.65659 ], [ -73.86062, 40.65647 ], [ -73.86062, 40.65665 ], [ -73.86044, 40.65671 ], [ -73.86052, 40.65678 ], [ -73.86021, 40.65702 ], [ -73.86007, 40.65679 ], [ -73.86006, 40.65698 ], [ -73.85984, 40.65699 ], [ -73.86008, 40.65706 ], [ -73.85981, 40.65733 ], [ -73.85979, 40.65744 ], [ -73.85994, 40.65773 ], [ -73.85971, 40.65785 ], [ -73.85959, 40.658 ], [ -73.85958, 40.65834 ], [ -73.85978, 40.65856 ], [ -73.86026, 40.65864 ], [ -73.86031, 40.65879 ], [ -73.86023, 40.65891 ], [ -73.86045, 40.6588 ], [ -73.86039, 40.65863 ], [ -73.86051, 40.65851 ], [ -73.86098, 40.65839 ], [ -73.86086, 40.65873 ], [ -73.86062, 40.65884 ], [ -73.86049, 40.659 ], [ -73.86049, 40.65919 ], [ -73.86061, 40.65933 ], [ -73.86079, 40.65924 ], [ -73.86086, 40.65901 ], [ -73.86121, 40.65877 ], [ -73.86132, 40.65852 ], [ -73.86125, 40.65823 ], [ -73.86094, 40.65806 ], [ -73.86054, 40.6581 ], [ -73.86039, 40.65825 ], [ -73.86011, 40.65834 ], [ -73.85977, 40.65829 ], [ -73.86022, 40.65792 ], [ -73.86058, 40.65784 ], [ -73.86041, 40.65777 ], [ -73.86031, 40.65743 ], [ -73.86035, 40.65723 ], [ -73.86061, 40.65716 ], [ -73.86063, 40.65721 ], [ -73.86087, 40.65692 ], [ -73.86162, 40.657 ], [ -73.86163, 40.6577 ], [ -73.86173, 40.65804 ], [ -73.8627, 40.65763 ], [ -73.86317, 40.65828 ], [ -73.86031, 40.65964 ], [ -73.85852, 40.65991 ], [ -73.85762, 40.66013 ], [ -73.85843, 40.66346 ], [ -73.85569, 40.66388 ], [ -73.85763, 40.67166 ], [ -73.86039, 40.67126 ], [ -73.86132, 40.67503 ], [ -73.85825, 40.67414 ], [ -73.85711, 40.67358 ], [ -73.85649, 40.67339 ] ] ] ] } },
{ "type": "Feature", "properties": { "name": "Hunts Point" }, "geometry": { "type": "Polygon", "coordinates": [ [ [ -73.88245, 40.81928 ], [ -73.87806, 40.81619 ], [ -73.87664, 40.81572 ], [ -73.87673, 40.81539 ], [ -73.87447, 40.81465 ], [ -73.8725, 40.8139 ], [ -73.8724, 40.81398 ], [ -73.87233, 40.81393 ], [ -73.87244, 40.81386 ], [ -73.87219, 40.81368 ], [ -73.8721, 40.81375 ], [ -73.87204, 40.81369 ], [ -73.87213, 40.81363 ], [ -73.87166, 40.81326 ], [ -73.87096, 40.81215 ], [ -73.87057, 40.8121 ], [ -73.87047, 40.81147 ], [ -73.87055, 40.81125 ], [ -73.86811, 40.80676 ], [ -73.86846, 40.80594 ], [ -73.87152, 40.80188 ], [ -73.87161, 40.80192 ], [ -73.8717, 40.80181 ], [ -73.8716, 40.80176 ], [ -73.87175, 40.80156 ], [ -73.87355, 40.80086 ], [ -73.87468, 40.80099 ], [ -73.87473, 40.80126 ], [ -73.87527, 40.80141 ], [ -73.87586, 40.80146 ], [ -73.87593, 40.80109 ], [ -73.87814, 40.80133 ], [ -73.87808, 40.80167 ], [ -73.87797, 40.80172 ], [ -73.87824, 40.80266 ], [ -73.87921, 40.8028 ], [ -73.88006, 40.80277 ], [ -73.88092, 40.80257 ], [ -73.88245, 40.80236 ], [ -73.88243, 40.80227 ], [ -73.88252, 40.80226 ], [ -73.88254, 40.80234 ], [ -73.8837, 40.80217 ], [ -73.88397, 40.80197 ], [ -73.88369, 40.80195 ], [ -73.88372, 40.80187 ], [ -73.88505, 40.80214 ], [ -73.88515, 40.80227 ], [ -73.88537, 40.80227 ], [ -73.88533, 40.80236 ], [ -73.88516, 40.80228 ], [ -73.88526, 40.80242 ], [ -73.88592, 40.80281 ], [ -73.88617, 40.80318 ], [ -73.88727, 40.80396 ], [ -73.88738, 40.80412 ], [ -73.88725, 40.80419 ], [ -73.8874, 40.80438 ], [ -73.88753, 40.80441 ], [ -73.88771, 40.80462 ], [ -73.88763, 40.80468 ], [ -73.88796, 40.80501 ], [ -73.88859, 40.8048 ], [ -73.88907, 40.80503 ], [ -73.88937, 40.80539 ], [ -73.88923, 40.80585 ], [ -73.89, 40.80489 ], [ -73.89015, 40.80497 ], [ -73.88938, 40.80593 ], [ -73.88955, 40.80582 ], [ -73.88982, 40.80589 ], [ -73.89006, 40.80571 ], [ -73.89058, 40.80588 ], [ -73.8915, 40.80594 ], [ -73.89144, 40.80567 ], [ -73.89179, 40.80563 ], [ -73.89198, 40.80639 ], [ -73.89271, 40.80635 ], [ -73.89253, 40.80566 ], [ -73.89227, 40.80571 ], [ -73.89217, 40.80531 ], [ -73.89127, 40.80502 ], [ -73.8917, 40.80512 ], [ -73.89173, 40.80506 ], [ -73.89187, 40.8051 ], [ -73.89183, 40.80517 ], [ -73.8922, 40.80529 ], [ -73.8923, 40.80567 ], [ -73.89257, 40.80563 ], [ -73.89275, 40.80635 ], [ -73.89463, 40.80624 ], [ -73.89458, 40.80605 ], [ -73.89473, 40.80603 ], [ -73.89478, 40.80622 ], [ -73.89486, 40.80622 ], [ -73.89473, 40.80575 ], [ -73.89484, 40.80573 ], [ -73.8951, 40.80687 ], [ -73.89529, 40.80685 ], [ -73.89551, 40.8066 ], [ -73.89528, 40.80577 ], [ -73.89559, 40.80659 ], [ -73.89572, 40.80657 ], [ -73.89567, 40.8063 ], [ -73.89575, 40.80629 ], [ -73.89584, 40.80655 ], [ -73.89598, 40.80653 ], [ -73.89579, 40.80584 ], [ -73.89588, 40.80582 ], [ -73.89611, 40.8065 ], [ -73.89623, 40.80649 ], [ -73.89623, 40.80622 ], [ -73.89709, 40.80613 ], [ -73.89726, 40.80605 ], [ -73.89739, 40.80623 ], [ -73.8975, 40.80622 ], [ -73.89742, 40.80581 ], [ -73.89749, 40.8058 ], [ -73.89764, 40.80621 ], [ -73.89776, 40.8062 ], [ -73.89773, 40.80598 ], [ -73.8978, 40.80597 ], [ -73.89788, 40.80619 ], [ -73.89801, 40.80617 ], [ -73.89787, 40.80554 ], [ -73.89794, 40.80553 ], [ -73.89816, 40.80615 ], [ -73.8983, 40.80611 ], [ -73.89828, 40.80587 ], [ -73.89812, 40.80576 ], [ -73.89812, 40.80567 ], [ -73.89853, 40.80544 ], [ -73.90097, 40.80488 ], [ -73.90205, 40.80479 ], [ -73.90222, 40.80496 ], [ -73.90309, 40.80986 ], [ -73.89759, 40.81379 ], [ -73.89543, 40.81585 ], [ -73.89705, 40.81681 ], [ -73.8929, 40.82082 ], [ -73.89284, 40.82098 ], [ -73.89162, 40.82102 ], [ -73.89083, 40.82031 ], [ -73.89011, 40.82091 ], [ -73.88864, 40.82178 ], [ -73.88789, 40.82237 ], [ -73.88757, 40.82252 ], [ -73.88719, 40.82265 ], [ -73.88439, 40.82296 ], [ -73.88379, 40.82194 ], [ -73.88245, 40.81928 ] ] ] } },
{ "type": "Feature", "properties": { "name": "Hutchinson Metro Center" }, "geometry": { "type": "Polygon", "coordinates": [ [ [ -73.83129, 40.85544 ], [ -73.83263, 40.85507 ], [ -73.83408, 40.85437 ], [ -73.83464, 40.85383 ], [ -73.83534, 40.85256 ], [ -73.83556, 40.85197 ], [ -73.8362, 40.84584 ], [ -73.83683, 40.84347 ], [ -73.83699, 40.84319 ], [ -73.83767, 40.84113 ], [ -73.83762, 40.84029 ], [ -73.83839, 40.84069 ], [ -73.83937, 40.84089 ], [ -73.84136, 40.8406 ], [ -73.84202, 40.84067 ], [ -73.84146, 40.84096 ], [ -73.84328, 40.84355 ], [ -73.84491, 40.84544 ], [ -73.84461, 40.84626 ], [ -73.84473, 40.84734 ], [ -73.84494, 40.84823 ], [ -73.84149, 40.8532 ], [ -73.84046, 40.85423 ], [ -73.8391, 40.85515 ], [ -73.83772, 40.85575 ], [ -73.83524, 40.8565 ], [ -73.83668, 40.85666 ], [ -73.83691, 40.85702 ], [ -73.83691, 40.85719 ], [ -73.83682, 40.85729 ], [ -73.83308, 40.85869 ], [ -73.82988, 40.85975 ], [ -73.82855, 40.86076 ], [ -73.83121, 40.85751 ], [ -73.83208, 40.85668 ], [ -73.83285, 40.8561 ], [ -73.83281, 40.85599 ], [ -73.83232, 40.85574 ], [ -73.83175, 40.85552 ], [ -73.83129, 40.85544 ] ] ] } },
{ "type": "Feature", "properties": { "name": "Inwood" }, "geometry": { "type": "MultiPolygon", "coordinates": [ [ [ [ -73.92234, 40.85569 ], [ -73.9217, 40.85668 ], [ -73.92152, 40.85661 ], [ -73.92176, 40.85631 ], [ -73.92182, 40.85634 ], [ -73.9223, 40.85567 ], [ -73.92234, 40.85569 ] ] ], [ [ [ -73.92235, 40.85569 ], [ -73.92288, 40.85589 ], [ -73.92277, 40.8566 ], [ -73.92289, 40.85887 ], [ -73.92408, 40.86056 ], [ -73.92727, 40.86554 ], [ -73.92873, 40.86675 ], [ -73.9262, 40.86852 ], [ -73.92382, 40.86903 ], [ -73.92235, 40.86947 ], [ -73.92214, 40.86916 ], [ -73.92163, 40.8694 ], [ -73.91926, 40.87102 ], [ -73.9197, 40.87207 ], [ -73.91843, 40.87302 ], [ -73.91401, 40.87117 ], [ -73.91237, 40.87244 ], [ -73.91176, 40.87306 ], [ -73.91152, 40.87324 ], [ -73.91143, 40.87319 ], [ -73.91118, 40.87299 ], [ -73.91096, 40.87263 ], [ -73.91065, 40.8723 ], [ -73.91054, 40.87207 ], [ -73.91044, 40.87139 ], [ -73.91072, 40.87096 ], [ -73.91075, 40.87027 ], [ -73.91093, 40.86944 ], [ -73.91106, 40.86942 ], [ -73.91135, 40.86953 ], [ -73.91148, 40.86946 ], [ -73.91146, 40.86939 ], [ -73.91103, 40.86916 ], [ -73.91113, 40.86893 ], [ -73.91133, 40.86881 ], [ -73.91152, 40.86829 ], [ -73.91171, 40.86811 ], [ -73.91191, 40.86771 ], [ -73.91185, 40.86768 ], [ -73.91273, 40.86661 ], [ -73.91255, 40.86652 ], [ -73.91392, 40.86475 ], [ -73.91431, 40.86463 ], [ -73.91493, 40.86459 ], [ -73.91454, 40.86442 ], [ -73.91441, 40.86418 ], [ -73.91509, 40.86446 ], [ -73.91543, 40.86443 ], [ -73.91545, 40.86434 ], [ -73.9159, 40.86432 ], [ -73.91587, 40.86414 ], [ -73.91536, 40.86409 ], [ -73.9152, 40.86395 ], [ -73.91518, 40.86369 ], [ -73.91548, 40.86335 ], [ -73.91546, 40.86322 ], [ -73.91535, 40.86317 ], [ -73.91539, 40.86309 ], [ -73.91552, 40.86292 ], [ -73.91567, 40.86291 ], [ -73.91611, 40.8625 ], [ -73.9173, 40.86169 ], [ -73.91783, 40.86105 ], [ -73.91789, 40.86081 ], [ -73.91844, 40.86023 ], [ -73.91836, 40.8602 ], [ -73.91839, 40.86009 ], [ -73.91878, 40.85956 ], [ -73.9195, 40.8588 ], [ -73.9204, 40.85917 ], [ -73.92046, 40.85911 ], [ -73.91985, 40.85885 ], [ -73.91978, 40.8588 ], [ -73.92048, 40.85911 ], [ -73.92043, 40.85918 ], [ -73.92065, 40.85927 ], [ -73.92127, 40.8602 ], [ -73.92137, 40.86022 ], [ -73.92159, 40.86008 ], [ -73.92174, 40.85968 ], [ -73.92165, 40.85956 ], [ -73.92183, 40.85956 ], [ -73.92173, 40.8594 ], [ -73.92185, 40.85939 ], [ -73.92179, 40.85936 ], [ -73.92187, 40.85919 ], [ -73.92131, 40.85891 ], [ -73.92139, 40.8589 ], [ -73.92126, 40.85885 ], [ -73.92126, 40.85872 ], [ -73.92107, 40.85856 ], [ -73.92109, 40.85831 ], [ -73.92092, 40.85823 ], [ -73.92115, 40.85756 ], [ -73.92156, 40.85733 ], [ -73.92156, 40.8571 ], [ -73.92189, 40.85699 ], [ -73.92216, 40.85677 ], [ -73.92211, 40.85673 ], [ -73.92217, 40.85667 ], [ -73.92238, 40.85659 ], [ -73.92235, 40.85569 ] ] ] ] } },
{ "type": "Feature", "properties": { "name": "Inwood Hill Park" }, "geometry": { "type": "MultiPolygon", "coordinates": [ [ [ [ -73.92635, 40.8776 ], [ -73.9263, 40.87748 ], [ -73.92646, 40.87727 ], [ -73.92619, 40.87707 ], [ -73.92555, 40.87711 ], [ -73.92518, 40.87726 ], [ -73.92508, 40.87741 ], [ -73.92457, 40.87744 ], [ -73.92382, 40.87727 ], [ -73.9233, 40.87727 ], [ -73.9224, 40.87679 ], [ -73.92245, 40.8757 ], [ -73.92267, 40.87499 ], [ -73.92258, 40.8743 ], [ -73.92208, 40.87359 ], [ -73.92164, 40.87327 ], [ -73.92112, 40.87304 ], [ -73.92061, 40.873 ], [ -73.92029, 40.87311 ], [ -73.91999, 40.87336 ], [ -73.91995, 40.87359 ], [ -73.91979, 40.87361 ], [ -73.91996, 40.87369 ], [ -73.91999, 40.87385 ], [ -73.92063, 40.87424 ], [ -73.9208, 40.8742 ], [ -73.92066, 40.87429 ], [ -73.9207, 40.8744 ], [ -73.92118, 40.87515 ], [ -73.92097, 40.87543 ], [ -73.92081, 40.87549 ], [ -73.91888, 40.87469 ], [ -73.91889, 40.87457 ], [ -73.91919, 40.87415 ], [ -73.91928, 40.87366 ], [ -73.91893, 40.87332 ], [ -73.91878, 40.87335 ], [ -73.91872, 40.87325 ], [ -73.9186, 40.87329 ], [ -73.9185, 40.8732 ], [ -73.9184, 40.87324 ], [ -73.91861, 40.87338 ], [ -73.9186, 40.8735 ], [ -73.91841, 40.87356 ], [ -73.91841, 40.87365 ], [ -73.91793, 40.87399 ], [ -73.91758, 40.87456 ], [ -73.9175, 40.87453 ], [ -73.91787, 40.87391 ], [ -73.91751, 40.87418 ], [ -73.91644, 40.87452 ], [ -73.91523, 40.87449 ], [ -73.91261, 40.87377 ], [ -73.91152, 40.87324 ], [ -73.91237, 40.87244 ], [ -73.91401, 40.87117 ], [ -73.91843, 40.87302 ], [ -73.9197, 40.87207 ], [ -73.91926, 40.87102 ], [ -73.92163, 40.8694 ], [ -73.92214, 40.86916 ], [ -73.92235, 40.86947 ], [ -73.92382, 40.86903 ], [ -73.9262, 40.86852 ], [ -73.92873, 40.86675 ], [ -73.93151, 40.86904 ], [ -73.93157, 40.86959 ], [ -73.9322, 40.86985 ], [ -73.93221, 40.8701 ], [ -73.93192, 40.87114 ], [ -73.93147, 40.87181 ], [ -73.93138, 40.87212 ], [ -73.92918, 40.87556 ], [ -73.92815, 40.87653 ], [ -73.92753, 40.87672 ], [ -73.92653, 40.87759 ], [ -73.92635, 40.8776 ] ] ], [ [ [ -73.92363, 40.87897 ], [ -73.92364, 40.87882 ], [ -73.92368, 40.87883 ], [ -73.92363, 40.87897 ] ] ] ] } },
{ "type": "Feature", "properties": { "name": "Jackson Heights" }, "geometry": { "type": "Polygon", "coordinates": [ [ [ -73.87366, 40.75681 ], [ -73.87084, 40.75155 ], [ -73.86943, 40.74917 ], [ -73.89175, 40.74682 ], [ -73.89636, 40.74878 ], [ -73.89727, 40.75035 ], [ -73.89768, 40.75239 ], [ -73.89793, 40.75295 ], [ -73.89874, 40.75416 ], [ -73.89854, 40.75418 ], [ -73.89886, 40.75472 ], [ -73.89959, 40.75656 ], [ -73.89974, 40.75752 ], [ -73.89945, 40.75861 ], [ -73.89856, 40.75993 ], [ -73.89877, 40.75992 ], [ -73.89646, 40.76321 ], [ -73.8951, 40.76436 ], [ -73.89461, 40.76572 ], [ -73.89433, 40.76615 ], [ -73.89386, 40.76643 ], [ -73.89246, 40.76629 ], [ -73.89109, 40.76634 ], [ -73.89089, 40.76587 ], [ -73.88919, 40.76631 ], [ -73.88877, 40.76652 ], [ -73.88834, 40.76661 ], [ -73.88837, 40.76678 ], [ -73.88773, 40.76692 ], [ -73.88709, 40.76502 ], [ -73.8864, 40.76122 ], [ -73.87896, 40.76199 ], [ -73.87602, 40.76145 ], [ -73.87514, 40.75664 ], [ -73.87366, 40.75681 ] ] ] } },
{ "type": "Feature", "properties": { "name": "Jacob Riis Park-Fort Tilden-Breezy Point Tip" }, "geometry": { "type": "Polygon", "coordinates": [ [ [ -73.86287, 40.56684 ], [ -73.86269, 40.56651 ], [ -73.86301, 40.56688 ], [ -73.86349, 40.56704 ], [ -73.86475, 40.56666 ], [ -73.86558, 40.56657 ], [ -73.86661, 40.5661 ], [ -73.86631, 40.56555 ], [ -73.86663, 40.5661 ], [ -73.86689, 40.56609 ], [ -73.86849, 40.56554 ], [ -73.86825, 40.56508 ], [ -73.86853, 40.56555 ], [ -73.86862, 40.56555 ], [ -73.86925, 40.56539 ], [ -73.87062, 40.56482 ], [ -73.87028, 40.56418 ], [ -73.87064, 40.56482 ], [ -73.87091, 40.56477 ], [ -73.87264, 40.56409 ], [ -73.87238, 40.56358 ], [ -73.87275, 40.56411 ], [ -73.87321, 40.56407 ], [ -73.87395, 40.56382 ], [ -73.87393, 40.56377 ], [ -73.874, 40.56381 ], [ -73.87455, 40.56364 ], [ -73.8746, 40.56352 ], [ -73.87503, 40.5635 ], [ -73.87533, 40.5634 ], [ -73.87529, 40.56332 ], [ -73.87534, 40.5634 ], [ -73.87599, 40.56318 ], [ -73.87595, 40.5631 ], [ -73.87601, 40.56317 ], [ -73.87625, 40.56311 ], [ -73.87663, 40.56287 ], [ -73.88027, 40.56154 ], [ -73.88029, 40.56138 ], [ -73.88046, 40.56148 ], [ -73.88128, 40.56138 ], [ -73.88242, 40.56092 ], [ -73.88238, 40.56077 ], [ -73.88252, 40.56089 ], [ -73.88325, 40.56086 ], [ -73.88489, 40.56019 ], [ -73.88486, 40.56005 ], [ -73.88495, 40.56017 ], [ -73.88511, 40.56016 ], [ -73.88611, 40.55993 ], [ -73.88696, 40.55957 ], [ -73.88698, 40.55941 ], [ -73.88707, 40.55955 ], [ -73.88789, 40.55952 ], [ -73.88939, 40.55893 ], [ -73.88962, 40.5588 ], [ -73.88964, 40.55867 ], [ -73.88971, 40.55878 ], [ -73.89022, 40.55882 ], [ -73.8908, 40.55863 ], [ -73.89192, 40.55817 ], [ -73.89209, 40.55806 ], [ -73.89214, 40.55788 ], [ -73.89227, 40.55803 ], [ -73.89253, 40.55813 ], [ -73.89347, 40.55795 ], [ -73.89495, 40.5573 ], [ -73.89492, 40.55709 ], [ -73.89519, 40.55739 ], [ -73.89551, 40.55742 ], [ -73.897, 40.5569 ], [ -73.89708, 40.5568 ], [ -73.89708, 40.55667 ], [ -73.89736, 40.55701 ], [ -73.898, 40.55711 ], [ -73.89912, 40.55681 ], [ -73.89912, 40.55665 ], [ -73.89921, 40.55672 ], [ -73.89952, 40.55672 ], [ -73.8998, 40.55664 ], [ -73.89983, 40.55653 ], [ -73.8999, 40.55663 ], [ -73.90023, 40.55662 ], [ -73.90054, 40.55653 ], [ -73.90059, 40.55643 ], [ -73.9007, 40.55664 ], [ -73.90117, 40.55676 ], [ -73.90271, 40.55675 ], [ -73.90425, 40.55643 ], [ -73.90667, 40.55569 ], [ -73.91626, 40.55198 ], [ -73.91948, 40.55063 ], [ -73.92642, 40.54816 ], [ -73.93055, 40.54643 ], [ -73.93612, 40.54452 ], [ -73.93888, 40.54326 ], [ -73.93965, 40.54302 ], [ -73.94047, 40.54287 ], [ -73.94056, 40.54187 ], [ -73.94074, 40.54184 ], [ -73.94013, 40.54801 ], [ -73.94009, 40.55055 ], [ -73.94026, 40.55139 ], [ -73.9403, 40.55207 ], [ -73.94007, 40.55341 ], [ -73.93947, 40.55468 ], [ -73.93866, 40.55568 ], [ -73.93684, 40.55679 ], [ -73.93614, 40.55705 ], [ -73.93494, 40.5573 ], [ -73.93331, 40.55734 ], [ -73.93222, 40.55768 ], [ -73.93167, 40.55686 ], [ -73.93119, 40.55702 ], [ -73.93043, 40.55559 ], [ -73.93057, 40.55553 ], [ -73.92982, 40.55408 ], [ -73.92966, 40.55413 ], [ -73.9291, 40.5531 ], [ -73.92826, 40.55338 ], [ -73.92734, 40.55352 ], [ -73.92644, 40.55387 ], [ -73.92207, 40.55516 ], [ -73.92099, 40.55628 ], [ -73.91361, 40.55648 ], [ -73.91317, 40.55635 ], [ -73.90989, 40.55668 ], [ -73.9099, 40.55713 ], [ -73.91008, 40.55732 ], [ -73.90995, 40.56051 ], [ -73.9101, 40.56078 ], [ -73.90856, 40.56076 ], [ -73.90793, 40.56082 ], [ -73.90333, 40.56185 ], [ -73.88276, 40.56758 ], [ -73.88313, 40.56839 ], [ -73.88263, 40.56838 ], [ -73.88192, 40.56874 ], [ -73.88122, 40.56878 ], [ -73.88046, 40.56868 ], [ -73.87868, 40.56865 ], [ -73.8774, 40.56893 ], [ -73.87599, 40.56953 ], [ -73.86664, 40.57411 ], [ -73.86288, 40.57607 ], [ -73.86275, 40.57587 ], [ -73.86341, 40.57532 ], [ -73.86397, 40.57504 ], [ -73.86335, 40.57403 ], [ -73.86361, 40.57383 ], [ -73.86449, 40.57355 ], [ -73.86457, 40.5737 ], [ -73.86668, 40.573 ], [ -73.86454, 40.56925 ], [ -73.86447, 40.56915 ], [ -73.86407, 40.56931 ], [ -73.86309, 40.56761 ], [ -73.86287, 40.56684 ] ] ] } },
{ "type": "Feature", "properties": { "name": "Jamaica" }, "geometry": { "type": "Polygon", "coordinates": [ [ [ -73.76845, 40.70965 ], [ -73.7723, 40.70808 ], [ -73.77334, 40.7078 ], [ -73.77431, 40.7074 ], [ -73.77505, 40.70693 ], [ -73.77549, 40.70626 ], [ -73.7756, 40.70589 ], [ -73.77559, 40.70534 ], [ -73.77508, 40.70525 ], [ -73.77231, 40.70058 ], [ -73.77396, 40.69981 ], [ -73.77587, 40.70166 ], [ -73.77792, 40.7033 ], [ -73.78035, 40.70542 ], [ -73.78203, 40.70549 ], [ -73.7828, 40.70537 ], [ -73.78598, 40.70419 ], [ -73.78967, 40.70305 ], [ -73.79116, 40.7023 ], [ -73.79239, 40.70217 ], [ -73.79187, 40.70137 ], [ -73.79221, 40.70083 ], [ -73.79261, 40.70044 ], [ -73.79358, 40.69976 ], [ -73.79572, 40.69902 ], [ -73.79723, 40.69837 ], [ -73.79786, 40.698 ], [ -73.79918, 40.69688 ], [ -73.8012, 40.69534 ], [ -73.80643, 40.69088 ], [ -73.8089, 40.69257 ], [ -73.80952, 40.69227 ], [ -73.81073, 40.69193 ], [ -73.81417, 40.69789 ], [ -73.81546, 40.70029 ], [ -73.81648, 40.70246 ], [ -73.81357, 40.70254 ], [ -73.81153, 40.70228 ], [ -73.81201, 40.70595 ], [ -73.80695, 40.70738 ], [ -73.80762, 40.70874 ], [ -73.80805, 40.70937 ], [ -73.80548, 40.7101 ], [ -73.80501, 40.70948 ], [ -73.80367, 40.70875 ], [ -73.80303, 40.70815 ], [ -73.80193, 40.70892 ], [ -73.8016, 40.70956 ], [ -73.80142, 40.7097 ], [ -73.7987, 40.71067 ], [ -73.79777, 40.70915 ], [ -73.79473, 40.71002 ], [ -73.79304, 40.71072 ], [ -73.78929, 40.71204 ], [ -73.78873, 40.71208 ], [ -73.78785, 40.71182 ], [ -73.78658, 40.71198 ], [ -73.77712, 40.71427 ], [ -73.77538, 40.71169 ], [ -73.7745, 40.71195 ], [ -73.77315, 40.70993 ], [ -73.77173, 40.71033 ], [ -73.77165, 40.71023 ], [ -73.77085, 40.71018 ], [ -73.76881, 40.70982 ], [ -73.76845, 40.70965 ] ] ] } },
{ "type": "Feature", "properties": { "name": "Jamaica Bay (East)" }, "geometry": { "type": "MultiPolygon", "coordinates": [ [ [ [ -73.82641, 40.59039 ], [ -73.82686, 40.58997 ], [ -73.82738, 40.58977 ], [ -73.82734, 40.58995 ], [ -73.82761, 40.58999 ], [ -73.82757, 40.59051 ], [ -73.82769, 40.59058 ], [ -73.82754, 40.59055 ], [ -73.82706, 40.59099 ], [ -73.82708, 40.59116 ], [ -73.82728, 40.59133 ], [ -73.8273, 40.59147 ], [ -73.82598, 40.59198 ], [ -73.82571, 40.59203 ], [ -73.82548, 40.59198 ], [ -73.82562, 40.59172 ], [ -73.82637, 40.5914 ], [ -73.8265, 40.59096 ], [ -73.82641, 40.59039 ] ] ], [ [ [ -73.83358, 40.58904 ], [ -73.83407, 40.58915 ], [ -73.83459, 40.58913 ], [ -73.83519, 40.58939 ], [ -73.83584, 40.58936 ], [ -73.8367, 40.58958 ], [ -73.83688, 40.58953 ], [ -73.83692, 40.58968 ], [ -73.83708, 40.5898 ], [ -73.83807, 40.59031 ], [ -73.83815, 40.59074 ], [ -73.8388, 40.59121 ], [ -73.83876, 40.591 ], [ -73.8384, 40.5904 ], [ -73.83909, 40.59071 ], [ -73.83977, 40.59121 ], [ -73.84063, 40.59154 ], [ -73.84051, 40.59121 ], [ -73.84137, 40.59185 ], [ -73.8418, 40.59202 ], [ -73.84176, 40.59211 ], [ -73.84238, 40.59249 ], [ -73.84244, 40.59288 ], [ -73.84257, 40.59287 ], [ -73.84265, 40.59296 ], [ -73.84279, 40.59334 ], [ -73.84337, 40.59348 ], [ -73.8435, 40.59509 ], [ -73.84057, 40.59731 ], [ -73.83746, 40.59687 ], [ -73.83659, 40.59582 ], [ -73.83628, 40.59561 ], [ -73.8357, 40.59482 ], [ -73.83493, 40.59432 ], [ -73.83476, 40.59412 ], [ -73.83476, 40.59395 ], [ -73.834, 40.59363 ], [ -73.83193, 40.59346 ], [ -73.83117, 40.5915 ], [ -73.83358, 40.58904 ] ] ], [ [ [ -73.82303, 40.59994 ], [ -73.82304, 40.60008 ], [ -73.82293, 40.60007 ], [ -73.82298, 40.60005 ], [ -73.82303, 40.59994 ] ] ], [ [ [ -73.82312, 40.60009 ], [ -73.82317, 40.59999 ], [ -73.82318, 40.60009 ], [ -73.82312, 40.60009 ] ] ], [ [ [ -73.82744, 40.60952 ], [ -73.82685, 40.60935 ], [ -73.82669, 40.6094 ], [ -73.82635, 40.6093 ], [ -73.82581, 40.60893 ], [ -73.82577, 40.60865 ], [ -73.82588, 40.60848 ], [ -73.82596, 40.60851 ], [ -73.82603, 40.60845 ], [ -73.82598, 40.6084 ], [ -73.82605, 40.6083 ], [ -73.82595, 40.60825 ], [ -73.82595, 40.60807 ], [ -73.82574, 40.60794 ], [ -73.82577, 40.60786 ], [ -73.82605, 40.60783 ], [ -73.82626, 40.60803 ], [ -73.82666, 40.60802 ], [ -73.82662, 40.60796 ], [ -73.82679, 40.60792 ], [ -73.82621, 40.60785 ], [ -73.82601, 40.60775 ], [ -73.82567, 40.60779 ], [ -73.82541, 40.60671 ], [ -73.82506, 40.60592 ], [ -73.82454, 40.60509 ], [ -73.82461, 40.60474 ], [ -73.82543, 40.60488 ], [ -73.82577, 40.60504 ], [ -73.82642, 40.60512 ], [ -73.82705, 40.60509 ], [ -73.82771, 40.60525 ], [ -73.82843, 40.60556 ], [ -73.82878, 40.6056 ], [ -73.82878, 40.60569 ], [ -73.82909, 40.60583 ], [ -73.82912, 40.60606 ], [ -73.8294, 40.60659 ], [ -73.82926, 40.60707 ], [ -73.82902, 40.60739 ], [ -73.82885, 40.60731 ], [ -73.82777, 40.60777 ], [ -73.82759, 40.60792 ], [ -73.82766, 40.60807 ], [ -73.82747, 40.60823 ], [ -73.82728, 40.60836 ], [ -73.82708, 40.60834 ], [ -73.82726, 40.60852 ], [ -73.82746, 40.60916 ], [ -73.82761, 40.60936 ], [ -73.82744, 40.60952 ] ] ], [ [ [ -73.82961, 40.60726 ], [ -73.82953, 40.60735 ], [ -73.82953, 40.60725 ], [ -73.82961, 40.60726 ] ] ], [ [ [ -73.83211, 40.60952 ], [ -73.83122, 40.60884 ], [ -73.83126, 40.60869 ], [ -73.83118, 40.60869 ], [ -73.83131, 40.60842 ], [ -73.83109, 40.60856 ], [ -73.83083, 40.60848 ], [ -73.83037, 40.60825 ], [ -73.83006, 40.60793 ], [ -73.82978, 40.60712 ], [ -73.82988, 40.60633 ], [ -73.83028, 40.60599 ], [ -73.83028, 40.60589 ], [ -73.83071, 40.60564 ], [ -73.83092, 40.60537 ], [ -73.83113, 40.60525 ], [ -73.83163, 40.60519 ], [ -73.83178, 40.6051 ], [ -73.8319, 40.6051 ], [ -73.83195, 40.60528 ], [ -73.83227, 40.60515 ], [ -73.83313, 40.60528 ], [ -73.83438, 40.60516 ], [ -73.83508, 40.60526 ], [ -73.83552, 40.60547 ], [ -73.83574, 40.60579 ], [ -73.83446, 40.6072 ], [ -73.83438, 40.60786 ], [ -73.83423, 40.60806 ], [ -73.83384, 40.60841 ], [ -73.83306, 40.60889 ], [ -73.83309, 40.60899 ], [ -73.83294, 40.60899 ], [ -73.83247, 40.60947 ], [ -73.83211, 40.60952 ] ] ], [ [ [ -73.83191, 40.62425 ], [ -73.83228, 40.62374 ], [ -73.83251, 40.62302 ], [ -73.83242, 40.62293 ], [ -73.83261, 40.62294 ], [ -73.8326, 40.62287 ], [ -73.83275, 40.62284 ], [ -73.8331, 40.62242 ], [ -73.83312, 40.62199 ], [ -73.83325, 40.62202 ], [ -73.8332, 40.62191 ], [ -73.83305, 40.62192 ], [ -73.83311, 40.62169 ], [ -73.83368, 40.62139 ], [ -73.83362, 40.62261 ], [ -73.83336, 40.62257 ], [ -73.83309, 40.62277 ], [ -73.83303, 40.62308 ], [ -73.83323, 40.62336 ], [ -73.83301, 40.62353 ], [ -73.83303, 40.62366 ], [ -73.83292, 40.6238 ], [ -73.83272, 40.62378 ], [ -73.83268, 40.62392 ], [ -73.83277, 40.62404 ], [ -73.83279, 40.62387 ], [ -73.83304, 40.62378 ], [ -73.83306, 40.6237 ], [ -73.83326, 40.62384 ], [ -73.83333, 40.62369 ], [ -73.83327, 40.62364 ], [ -73.83341, 40.62356 ], [ -73.83358, 40.62361 ], [ -73.83356, 40.62394 ], [ -73.83316, 40.62421 ], [ -73.8327, 40.62424 ], [ -73.83238, 40.62445 ], [ -73.83225, 40.62467 ], [ -73.83206, 40.6247 ], [ -73.83179, 40.62448 ], [ -73.83178, 40.62433 ], [ -73.83191, 40.62425 ] ] ], [ [ [ -73.82234, 40.63474 ], [ -73.82194, 40.63341 ], [ -73.82185, 40.63205 ], [ -73.82108, 40.62974 ], [ -73.82067, 40.62892 ], [ -73.82023, 40.62825 ], [ -73.8201, 40.62783 ], [ -73.81994, 40.62769 ], [ -73.81826, 40.627 ], [ -73.81824, 40.6264 ], [ -73.81789, 40.62592 ], [ -73.81623, 40.6247 ], [ -73.81618, 40.62442 ], [ -73.81675, 40.62396 ], [ -73.81795, 40.6241 ], [ -73.81864, 40.62338 ], [ -73.81866, 40.62289 ], [ -73.81755, 40.6221 ], [ -73.81758, 40.62176 ], [ -73.81672, 40.62158 ], [ -73.81663, 40.62198 ], [ -73.81621, 40.6221 ], [ -73.81539, 40.62151 ], [ -73.81531, 40.6207 ], [ -73.81543, 40.62012 ], [ -73.81718, 40.61928 ], [ -73.81745, 40.61892 ], [ -73.81745, 40.61812 ], [ -73.81765, 40.61762 ], [ -73.81778, 40.61751 ], [ -73.81752, 40.6164 ], [ -73.81717, 40.61585 ], [ -73.81712, 40.61529 ], [ -73.81653, 40.61496 ], [ -73.8175, 40.61422 ], [ -73.82017, 40.61519 ], [ -73.82076, 40.61524 ], [ -73.82142, 40.61506 ], [ -73.82235, 40.61427 ], [ -73.8241, 40.61233 ], [ -73.82468, 40.61243 ], [ -73.82474, 40.61256 ], [ -73.82461, 40.61292 ], [ -73.82469, 40.61308 ], [ -73.82521, 40.6135 ], [ -73.82526, 40.61377 ], [ -73.82556, 40.61414 ], [ -73.82575, 40.6142 ], [ -73.82609, 40.61409 ], [ -73.8262, 40.61401 ], [ -73.8262, 40.6139 ], [ -73.82636, 40.61379 ], [ -73.82663, 40.61375 ], [ -73.82704, 40.6134 ], [ -73.82726, 40.61339 ], [ -73.82758, 40.61368 ], [ -73.82773, 40.61361 ], [ -73.82788, 40.61371 ], [ -73.8277, 40.61388 ], [ -73.82724, 40.61407 ], [ -73.8275, 40.61421 ], [ -73.82846, 40.61422 ], [ -73.829, 40.61436 ], [ -73.8301, 40.61481 ], [ -73.83092, 40.61501 ], [ -73.83148, 40.61501 ], [ -73.83203, 40.61491 ], [ -73.83246, 40.61472 ], [ -73.83402, 40.61439 ], [ -73.8337, 40.62099 ], [ -73.83305, 40.62127 ], [ -73.83255, 40.62176 ], [ -73.83225, 40.62174 ], [ -73.83184, 40.62186 ], [ -73.83159, 40.62204 ], [ -73.83178, 40.62206 ], [ -73.83226, 40.62188 ], [ -73.83245, 40.62193 ], [ -73.83268, 40.62187 ], [ -73.83289, 40.62223 ], [ -73.83285, 40.62234 ], [ -73.83273, 40.62238 ], [ -73.83276, 40.62252 ], [ -73.83259, 40.62269 ], [ -73.83247, 40.62263 ], [ -73.83249, 40.62273 ], [ -73.83226, 40.62276 ], [ -73.83141, 40.62241 ], [ -73.83102, 40.62278 ], [ -73.83068, 40.62263 ], [ -73.83053, 40.62236 ], [ -73.83039, 40.6224 ], [ -73.83043, 40.62247 ], [ -73.83023, 40.62258 ], [ -73.83021, 40.62291 ], [ -73.83008, 40.62305 ], [ -73.83021, 40.62341 ], [ -73.83006, 40.62342 ], [ -73.82996, 40.62371 ], [ -73.82987, 40.62341 ], [ -73.82979, 40.62367 ], [ -73.82948, 40.62377 ], [ -73.82919, 40.62421 ], [ -73.82919, 40.62428 ], [ -73.82931, 40.6243 ], [ -73.82936, 40.62421 ], [ -73.82966, 40.6242 ], [ -73.82979, 40.62413 ], [ -73.82992, 40.62389 ], [ -73.83011, 40.62384 ], [ -73.83019, 40.6235 ], [ -73.83032, 40.62337 ], [ -73.83053, 40.62287 ], [ -73.83033, 40.62285 ], [ -73.83042, 40.62264 ], [ -73.83088, 40.62287 ], [ -73.83088, 40.62306 ], [ -73.83061, 40.62326 ], [ -73.83071, 40.62349 ], [ -73.83066, 40.62364 ], [ -73.83071, 40.62375 ], [ -73.83051, 40.62386 ], [ -73.83056, 40.62398 ], [ -73.83046, 40.62408 ], [ -73.83059, 40.62403 ], [ -73.83056, 40.62387 ], [ -73.8307, 40.62383 ], [ -73.83077, 40.62369 ], [ -73.83065, 40.62327 ], [ -73.83073, 40.62318 ], [ -73.83098, 40.62315 ], [ -73.8311, 40.62294 ], [ -73.83153, 40.62289 ], [ -73.83193, 40.6232 ], [ -73.83192, 40.62309 ], [ -73.83167, 40.62294 ], [ -73.83174, 40.62289 ], [ -73.83214, 40.62319 ], [ -73.83216, 40.62331 ], [ -73.83166, 40.62387 ], [ -73.83155, 40.62411 ], [ -73.83118, 40.62434 ], [ -73.83097, 40.62458 ], [ -73.83092, 40.62484 ], [ -73.83135, 40.62501 ], [ -73.83117, 40.62522 ], [ -73.83102, 40.6252 ], [ -73.83077, 40.62531 ], [ -73.83077, 40.62544 ], [ -73.83095, 40.62554 ], [ -73.83068, 40.62582 ], [ -73.83063, 40.62619 ], [ -73.83083, 40.62682 ], [ -73.83167, 40.62714 ], [ -73.83218, 40.62698 ], [ -73.8323, 40.62709 ], [ -73.8323, 40.6273 ], [ -73.83219, 40.62738 ], [ -73.83238, 40.62744 ], [ -73.83248, 40.62758 ], [ -73.83229, 40.62814 ], [ -73.83194, 40.62811 ], [ -73.83178, 40.62818 ], [ -73.83157, 40.62849 ], [ -73.83162, 40.62876 ], [ -73.83188, 40.62889 ], [ -73.83163, 40.62853 ], [ -73.83169, 40.62838 ], [ -73.83185, 40.62835 ], [ -73.83181, 40.62824 ], [ -73.83189, 40.62819 ], [ -73.83208, 40.62821 ], [ -73.83214, 40.62832 ], [ -73.83217, 40.62826 ], [ -73.83263, 40.62827 ], [ -73.83262, 40.62816 ], [ -73.83278, 40.62819 ], [ -73.83301, 40.62793 ], [ -73.83304, 40.62827 ], [ -73.83287, 40.62842 ], [ -73.8329, 40.62891 ], [ -73.83236, 40.62915 ], [ -73.83196, 40.62966 ], [ -73.83183, 40.63033 ], [ -73.8319, 40.63058 ], [ -73.83161, 40.6316 ], [ -73.8312, 40.63238 ], [ -73.83115, 40.63285 ], [ -73.83133, 40.63363 ], [ -73.83194, 40.63424 ], [ -73.83196, 40.63499 ], [ -73.83231, 40.63531 ], [ -73.83249, 40.63559 ], [ -73.83246, 40.6358 ], [ -73.8331, 40.63745 ], [ -73.83341, 40.63851 ], [ -73.8329, 40.63887 ], [ -73.83222, 40.63894 ], [ -73.82867, 40.63662 ], [ -73.82809, 40.63589 ], [ -73.82607, 40.63575 ], [ -73.82548, 40.6358 ], [ -73.82492, 40.63596 ], [ -73.82443, 40.63622 ], [ -73.82414, 40.6388 ], [ -73.82458, 40.63936 ], [ -73.82419, 40.63996 ], [ -73.82338, 40.639 ], [ -73.82277, 40.63559 ], [ -73.82234, 40.63474 ] ] ], [ [ [ -73.83589, 40.63213 ], [ -73.83506, 40.63185 ], [ -73.83507, 40.63173 ], [ -73.83571, 40.63132 ], [ -73.83589, 40.63133 ], [ -73.83617, 40.63155 ], [ -73.8362, 40.63204 ], [ -73.83599, 40.63224 ], [ -73.83589, 40.63213 ] ] ], [ [ [ -73.81015, 40.60002 ], [ -73.80998, 40.59984 ], [ -73.81019, 40.59987 ], [ -73.81023, 40.59967 ], [ -73.8103, 40.5997 ], [ -73.81026, 40.59937 ], [ -73.81036, 40.59927 ], [ -73.81029, 40.599 ], [ -73.81049, 40.59879 ], [ -73.81096, 40.59857 ], [ -73.81132, 40.59856 ], [ -73.81153, 40.59834 ], [ -73.81158, 40.59815 ], [ -73.81222, 40.59856 ], [ -73.8124, 40.5989 ], [ -73.81306, 40.59951 ], [ -73.8133, 40.59994 ], [ -73.81358, 40.60025 ], [ -73.8136, 40.60037 ], [ -73.81374, 40.60043 ], [ -73.8143, 40.60112 ], [ -73.81461, 40.60131 ], [ -73.8149, 40.60198 ], [ -73.81502, 40.60206 ], [ -73.81502, 40.60265 ], [ -73.81492, 40.60303 ], [ -73.81495, 40.60354 ], [ -73.8148, 40.60409 ], [ -73.81444, 40.60417 ], [ -73.81429, 40.60446 ], [ -73.81321, 40.60436 ], [ -73.81267, 40.6039 ], [ -73.8117, 40.60362 ], [ -73.81086, 40.60323 ], [ -73.81017, 40.60281 ], [ -73.81004, 40.60266 ], [ -73.81008, 40.60222 ], [ -73.80991, 40.60206 ], [ -73.80986, 40.6019 ], [ -73.81004, 40.60162 ], [ -73.80991, 40.60133 ], [ -73.81004, 40.60096 ], [ -73.80985, 40.60037 ], [ -73.80999, 40.60024 ], [ -73.81, 40.60004 ], [ -73.81015, 40.60002 ] ] ], [ [ [ -73.80053, 40.6071 ], [ -73.79985, 40.607 ], [ -73.79975, 40.60689 ], [ -73.79852, 40.60683 ], [ -73.79833, 40.60678 ], [ -73.79836, 40.60667 ], [ -73.79818, 40.60675 ], [ -73.79793, 40.60659 ], [ -73.79811, 40.60628 ], [ -73.79841, 40.60602 ], [ -73.79827, 40.6055 ], [ -73.79868, 40.60571 ], [ -73.79907, 40.60561 ], [ -73.7992, 40.60546 ], [ -73.79958, 40.60532 ], [ -73.79987, 40.60532 ], [ -73.80005, 40.60547 ], [ -73.80011, 40.60533 ], [ -73.79953, 40.60525 ], [ -73.79945, 40.60534 ], [ -73.79914, 40.6054 ], [ -73.79897, 40.60559 ], [ -73.79871, 40.60563 ], [ -73.79805, 40.60541 ], [ -73.79784, 40.60526 ], [ -73.79782, 40.60514 ], [ -73.79788, 40.60494 ], [ -73.79804, 40.60485 ], [ -73.79829, 40.6049 ], [ -73.79863, 40.60481 ], [ -73.79868, 40.60501 ], [ -73.79877, 40.60502 ], [ -73.79883, 40.605 ], [ -73.7988, 40.60487 ], [ -73.79912, 40.60482 ], [ -73.79916, 40.60489 ], [ -73.79932, 40.60477 ], [ -73.79994, 40.60462 ], [ -73.80006, 40.60463 ], [ -73.80021, 40.60484 ], [ -73.80049, 40.60477 ], [ -73.80024, 40.60481 ], [ -73.80015, 40.60461 ], [ -73.80005, 40.60457 ], [ -73.79887, 40.60476 ], [ -73.79865, 40.60469 ], [ -73.7979, 40.60473 ], [ -73.79764, 40.60516 ], [ -73.79766, 40.60532 ], [ -73.79815, 40.60564 ], [ -73.79802, 40.60567 ], [ -73.79818, 40.60577 ], [ -73.79822, 40.60594 ], [ -73.79766, 40.60637 ], [ -73.79726, 40.60607 ], [ -73.79673, 40.60591 ], [ -73.79659, 40.60594 ], [ -73.79635, 40.6058 ], [ -73.79632, 40.60564 ], [ -73.79647, 40.6052 ], [ -73.79655, 40.60515 ], [ -73.79663, 40.60522 ], [ -73.7967, 40.60511 ], [ -73.79634, 40.60486 ], [ -73.79636, 40.60476 ], [ -73.79621, 40.6048 ], [ -73.79612, 40.6047 ], [ -73.79617, 40.60464 ], [ -73.79641, 40.60473 ], [ -73.79665, 40.60455 ], [ -73.79668, 40.60449 ], [ -73.79658, 40.60444 ], [ -73.79678, 40.60439 ], [ -73.7968, 40.60451 ], [ -73.79694, 40.6043 ], [ -73.79706, 40.60431 ], [ -73.79708, 40.6042 ], [ -73.79724, 40.60424 ], [ -73.79732, 40.60407 ], [ -73.79801, 40.60422 ], [ -73.79818, 40.60415 ], [ -73.79882, 40.60421 ], [ -73.79897, 40.60411 ], [ -73.79917, 40.60428 ], [ -73.79972, 40.60435 ], [ -73.8002, 40.60423 ], [ -73.80038, 40.60438 ], [ -73.80054, 40.60437 ], [ -73.80062, 40.60424 ], [ -73.80075, 40.60436 ], [ -73.80079, 40.60422 ], [ -73.80097, 40.60425 ], [ -73.80096, 40.60436 ], [ -73.80107, 40.60439 ], [ -73.8011, 40.6043 ], [ -73.80123, 40.60431 ], [ -73.80129, 40.60422 ], [ -73.8016, 40.6042 ], [ -73.8016, 40.60413 ], [ -73.80172, 40.60412 ], [ -73.80178, 40.60428 ], [ -73.802, 40.60418 ], [ -73.80225, 40.60424 ], [ -73.80231, 40.60442 ], [ -73.80243, 40.60423 ], [ -73.80273, 40.60452 ], [ -73.80282, 40.60445 ], [ -73.80317, 40.60449 ], [ -73.80322, 40.60457 ], [ -73.80338, 40.60431 ], [ -73.80359, 40.60429 ], [ -73.80381, 40.60437 ], [ -73.8037, 40.60463 ], [ -73.80338, 40.60471 ], [ -73.80344, 40.60484 ], [ -73.80367, 40.60496 ], [ -73.80377, 40.60516 ], [ -73.80367, 40.60545 ], [ -73.80394, 40.60565 ], [ -73.80339, 40.60588 ], [ -73.80334, 40.60615 ], [ -73.80314, 40.60638 ], [ -73.80256, 40.6065 ], [ -73.80182, 40.60643 ], [ -73.80147, 40.60676 ], [ -73.80077, 40.60708 ], [ -73.80058, 40.60685 ], [ -73.80097, 40.60672 ], [ -73.801, 40.6066 ], [ -73.80097, 40.60653 ], [ -73.80069, 40.60645 ], [ -73.80065, 40.60634 ], [ -73.80104, 40.60649 ], [ -73.80108, 40.60642 ], [ -73.80094, 40.60631 ], [ -73.80087, 40.6064 ], [ -73.8007, 40.60624 ], [ -73.80061, 40.60634 ], [ -73.80034, 40.60629 ], [ -73.8003, 40.60635 ], [ -73.80086, 40.60664 ], [ -73.80058, 40.6067 ], [ -73.80048, 40.6068 ], [ -73.80053, 40.6071 ] ] ], [ [ [ -73.79631, 40.60874 ], [ -73.79601, 40.60823 ], [ -73.7961, 40.60813 ], [ -73.79639, 40.60807 ], [ -73.79653, 40.6079 ], [ -73.79628, 40.60786 ], [ -73.79626, 40.60763 ], [ -73.7963, 40.60751 ], [ -73.79655, 40.6073 ], [ -73.79638, 40.60724 ], [ -73.79611, 40.60742 ], [ -73.79606, 40.60759 ], [ -73.79612, 40.6078 ], [ -73.79582, 40.60814 ], [ -73.79557, 40.60754 ], [ -73.79549, 40.6069 ], [ -73.79531, 40.60651 ], [ -73.79527, 40.60622 ], [ -73.7953, 40.60564 ], [ -73.79573, 40.60524 ], [ -73.79603, 40.60531 ], [ -73.79603, 40.60541 ], [ -73.79561, 40.6059 ], [ -73.79559, 40.60622 ], [ -73.7957, 40.60647 ], [ -73.79587, 40.60649 ], [ -73.79626, 40.60622 ], [ -73.79675, 40.60623 ], [ -73.7979, 40.60688 ], [ -73.79867, 40.60694 ], [ -73.79902, 40.60688 ], [ -73.80053, 40.60723 ], [ -73.80107, 40.60719 ], [ -73.80167, 40.60676 ], [ -73.80172, 40.60675 ], [ -73.80165, 40.6069 ], [ -73.8018, 40.60685 ], [ -73.80182, 40.6067 ], [ -73.80193, 40.60665 ], [ -73.80249, 40.60669 ], [ -73.80327, 40.60658 ], [ -73.80349, 40.60631 ], [ -73.80378, 40.60613 ], [ -73.80388, 40.60608 ], [ -73.80402, 40.60614 ], [ -73.80387, 40.60633 ], [ -73.80387, 40.60656 ], [ -73.80361, 40.60694 ], [ -73.80337, 40.60709 ], [ -73.80309, 40.60747 ], [ -73.80254, 40.60782 ], [ -73.80182, 40.60797 ], [ -73.8014, 40.60824 ], [ -73.80163, 40.60836 ], [ -73.801, 40.60868 ], [ -73.7992, 40.60892 ], [ -73.79708, 40.60902 ], [ -73.79666, 40.60897 ], [ -73.79648, 40.60887 ], [ -73.79631, 40.60874 ] ] ], [ [ [ -73.7842, 40.6209 ], [ -73.78492, 40.62049 ], [ -73.78522, 40.62007 ], [ -73.78508, 40.61997 ], [ -73.78521, 40.61925 ], [ -73.78516, 40.61866 ], [ -73.78478, 40.61834 ], [ -73.78481, 40.61802 ], [ -73.78452, 40.61799 ], [ -73.78458, 40.61786 ], [ -73.78436, 40.61777 ], [ -73.78445, 40.61756 ], [ -73.78432, 40.61751 ], [ -73.7843, 40.61736 ], [ -73.78443, 40.61722 ], [ -73.78446, 40.61704 ], [ -73.78419, 40.6168 ], [ -73.78416, 40.61661 ], [ -73.7839, 40.61644 ], [ -73.78391, 40.61628 ], [ -73.78382, 40.61615 ], [ -73.78345, 40.61597 ], [ -73.78323, 40.61559 ], [ -73.78298, 40.61565 ], [ -73.78249, 40.61558 ], [ -73.78231, 40.61546 ], [ -73.7823, 40.61518 ], [ -73.78205, 40.61519 ], [ -73.78189, 40.61506 ], [ -73.78184, 40.61521 ], [ -73.78172, 40.61519 ], [ -73.7815, 40.61505 ], [ -73.78142, 40.6149 ], [ -73.78121, 40.61489 ], [ -73.78116, 40.61479 ], [ -73.78099, 40.61476 ], [ -73.7808, 40.6146 ], [ -73.78071, 40.61404 ], [ -73.78085, 40.61396 ], [ -73.78115, 40.61401 ], [ -73.78112, 40.61388 ], [ -73.78088, 40.61365 ], [ -73.78116, 40.61361 ], [ -73.78126, 40.61333 ], [ -73.78178, 40.61312 ], [ -73.78198, 40.61289 ], [ -73.78262, 40.61251 ], [ -73.78288, 40.6125 ], [ -73.78303, 40.61221 ], [ -73.78346, 40.61207 ], [ -73.78355, 40.61193 ], [ -73.78371, 40.61188 ], [ -73.78383, 40.61203 ], [ -73.78395, 40.61205 ], [ -73.78448, 40.61186 ], [ -73.78464, 40.61203 ], [ -73.78477, 40.61194 ], [ -73.78498, 40.61194 ], [ -73.78507, 40.61186 ], [ -73.78507, 40.61165 ], [ -73.78523, 40.61142 ], [ -73.78578, 40.611 ], [ -73.78622, 40.61092 ], [ -73.78647, 40.61069 ], [ -73.78685, 40.6108 ], [ -73.7872, 40.61066 ], [ -73.7872, 40.61039 ], [ -73.78742, 40.61027 ], [ -73.78758, 40.61025 ], [ -73.78771, 40.61037 ], [ -73.78791, 40.61029 ], [ -73.78786, 40.6102 ], [ -73.78824, 40.61013 ], [ -73.78829, 40.61018 ], [ -73.78837, 40.61006 ], [ -73.78854, 40.61003 ], [ -73.7886, 40.61013 ], [ -73.78866, 40.6101 ], [ -73.7888, 40.60974 ], [ -73.78876, 40.60965 ], [ -73.78908, 40.60956 ], [ -73.78912, 40.60939 ], [ -73.78902, 40.60923 ], [ -73.78948, 40.60916 ], [ -73.79011, 40.60887 ], [ -73.79001, 40.60869 ], [ -73.79047, 40.60846 ], [ -73.79047, 40.60831 ], [ -73.79038, 40.60825 ], [ -73.79055, 40.60812 ], [ -73.79072, 40.60814 ], [ -73.79086, 40.60806 ], [ -73.79088, 40.6077 ], [ -73.79134, 40.60775 ], [ -73.7914, 40.60762 ], [ -73.7916, 40.60782 ], [ -73.79151, 40.60816 ], [ -73.79116, 40.60826 ], [ -73.79107, 40.60839 ], [ -73.79148, 40.60871 ], [ -73.79209, 40.60877 ], [ -73.79275, 40.60865 ], [ -73.79321, 40.60879 ], [ -73.7934, 40.60899 ], [ -73.79365, 40.60899 ], [ -73.79395, 40.60926 ], [ -73.79385, 40.60943 ], [ -73.79454, 40.60976 ], [ -73.79446, 40.60982 ], [ -73.79456, 40.61002 ], [ -73.79481, 40.61026 ], [ -73.79481, 40.61039 ], [ -73.79506, 40.6105 ], [ -73.79566, 40.61055 ], [ -73.7969, 40.61102 ], [ -73.79697, 40.61115 ], [ -73.79737, 40.61116 ], [ -73.79736, 40.61126 ], [ -73.79746, 40.61133 ], [ -73.79838, 40.61132 ], [ -73.79851, 40.61136 ], [ -73.79853, 40.61152 ], [ -73.79899, 40.61149 ], [ -73.79913, 40.61162 ], [ -73.79911, 40.61195 ], [ -73.79917, 40.61203 ], [ -73.79971, 40.61189 ], [ -73.80002, 40.61165 ], [ -73.80026, 40.61161 ], [ -73.80034, 40.61168 ], [ -73.80054, 40.61166 ], [ -73.80056, 40.61178 ], [ -73.8008, 40.61194 ], [ -73.80024, 40.61209 ], [ -73.79999, 40.61258 ], [ -73.80009, 40.61274 ], [ -73.79994, 40.61315 ], [ -73.79932, 40.61337 ], [ -73.79935, 40.61353 ], [ -73.79965, 40.61362 ], [ -73.79969, 40.61379 ], [ -73.79952, 40.61392 ], [ -73.79951, 40.61426 ], [ -73.79944, 40.61431 ], [ -73.79951, 40.61433 ], [ -73.7995, 40.61458 ], [ -73.79937, 40.61474 ], [ -73.7994, 40.61491 ], [ -73.799, 40.61537 ], [ -73.79904, 40.61556 ], [ -73.79879, 40.61555 ], [ -73.79877, 40.61572 ], [ -73.79855, 40.6159 ], [ -73.79837, 40.61576 ], [ -73.79816, 40.61572 ], [ -73.79807, 40.61593 ], [ -73.79819, 40.61596 ], [ -73.79821, 40.61607 ], [ -73.79806, 40.61634 ], [ -73.79728, 40.61667 ], [ -73.79727, 40.61681 ], [ -73.79743, 40.61693 ], [ -73.79741, 40.61715 ], [ -73.79713, 40.61739 ], [ -73.79724, 40.6176 ], [ -73.79678, 40.61771 ], [ -73.79682, 40.61805 ], [ -73.79701, 40.61839 ], [ -73.79636, 40.61846 ], [ -73.79634, 40.61868 ], [ -73.79623, 40.61884 ], [ -73.79629, 40.61891 ], [ -73.79619, 40.61906 ], [ -73.79629, 40.61934 ], [ -73.79613, 40.61952 ], [ -73.79619, 40.61962 ], [ -73.79593, 40.61981 ], [ -73.7956, 40.62022 ], [ -73.79548, 40.62077 ], [ -73.79554, 40.62092 ], [ -73.79528, 40.621 ], [ -73.79502, 40.6213 ], [ -73.79504, 40.62144 ], [ -73.79524, 40.62161 ], [ -73.79483, 40.62184 ], [ -73.79461, 40.62174 ], [ -73.79447, 40.62179 ], [ -73.79446, 40.622 ], [ -73.79471, 40.62219 ], [ -73.79465, 40.62244 ], [ -73.79448, 40.6226 ], [ -73.79396, 40.62271 ], [ -73.79341, 40.62269 ], [ -73.79227, 40.62235 ], [ -73.79143, 40.62229 ], [ -73.79076, 40.62234 ], [ -73.79034, 40.6226 ], [ -73.78985, 40.62262 ], [ -73.78956, 40.6228 ], [ -73.7842, 40.6209 ] ] ], [ [ [ -73.76746, 40.62052 ], [ -73.76671, 40.61492 ], [ -73.76826, 40.61541 ], [ -73.77088, 40.61587 ], [ -73.76855, 40.62057 ], [ -73.76746, 40.62052 ] ] ], [ [ [ -73.81256, 40.62017 ], [ -73.81268, 40.62058 ], [ -73.81261, 40.62066 ], [ -73.81252, 40.62043 ], [ -73.81256, 40.62017 ] ] ], [ [ [ -73.7987, 40.62537 ], [ -73.79824, 40.62485 ], [ -73.79787, 40.62465 ], [ -73.7978, 40.62452 ], [ -73.79787, 40.62438 ], [ -73.79808, 40.6244 ], [ -73.79854, 40.62471 ], [ -73.79859, 40.62491 ], [ -73.79876, 40.62509 ], [ -73.79942, 40.62481 ], [ -73.80037, 40.62412 ], [ -73.80036, 40.62394 ], [ -73.79966, 40.6242 ], [ -73.79923, 40.6242 ], [ -73.79922, 40.62409 ], [ -73.79886, 40.62387 ], [ -73.79866, 40.62361 ], [ -73.79975, 40.62106 ], [ -73.7998, 40.6202 ], [ -73.80004, 40.61974 ], [ -73.80045, 40.61951 ], [ -73.80074, 40.61949 ], [ -73.80128, 40.61984 ], [ -73.80145, 40.62035 ], [ -73.80181, 40.62084 ], [ -73.80207, 40.6208 ], [ -73.80199, 40.6204 ], [ -73.80152, 40.6194 ], [ -73.80131, 40.61855 ], [ -73.80149, 40.61842 ], [ -73.80151, 40.61773 ], [ -73.80187, 40.61678 ], [ -73.80242, 40.61583 ], [ -73.80267, 40.61569 ], [ -73.80348, 40.61441 ], [ -73.80362, 40.61603 ], [ -73.8038, 40.61632 ], [ -73.80454, 40.61699 ], [ -73.80448, 40.61756 ], [ -73.80458, 40.61764 ], [ -73.80493, 40.6186 ], [ -73.80515, 40.61872 ], [ -73.8052, 40.61889 ], [ -73.8059, 40.61963 ], [ -73.80589, 40.61974 ], [ -73.80564, 40.6199 ], [ -73.80641, 40.62112 ], [ -73.80617, 40.62138 ], [ -73.80629, 40.62174 ], [ -73.80615, 40.62183 ], [ -73.80641, 40.62235 ], [ -73.80595, 40.62339 ], [ -73.80542, 40.6238 ], [ -73.80502, 40.62376 ], [ -73.80485, 40.6238 ], [ -73.80487, 40.62387 ], [ -73.80466, 40.62385 ], [ -73.8047, 40.624 ], [ -73.80445, 40.62404 ], [ -73.80428, 40.62429 ], [ -73.80366, 40.62469 ], [ -73.80295, 40.62473 ], [ -73.80197, 40.62524 ], [ -73.80163, 40.6256 ], [ -73.79957, 40.62613 ], [ -73.79923, 40.62633 ], [ -73.79906, 40.62659 ], [ -73.79885, 40.62654 ], [ -73.79832, 40.62619 ], [ -73.79759, 40.62611 ], [ -73.79898, 40.62535 ], [ -73.7987, 40.62537 ] ] ], [ [ [ -73.81233, 40.62471 ], [ -73.81225, 40.62456 ], [ -73.81244, 40.62454 ], [ -73.81242, 40.62436 ], [ -73.8122, 40.62408 ], [ -73.81174, 40.62388 ], [ -73.81168, 40.62366 ], [ -73.81208, 40.6234 ], [ -73.81231, 40.62339 ], [ -73.81252, 40.62355 ], [ -73.81253, 40.62314 ], [ -73.81301, 40.62227 ], [ -73.81325, 40.62257 ], [ -73.81301, 40.62357 ], [ -73.81303, 40.62387 ], [ -73.814, 40.62501 ], [ -73.81386, 40.62505 ], [ -73.81412, 40.62521 ], [ -73.81443, 40.6252 ], [ -73.81448, 40.62548 ], [ -73.81438, 40.62567 ], [ -73.81393, 40.62582 ], [ -73.81383, 40.62593 ], [ -73.8126, 40.62633 ], [ -73.81249, 40.62655 ], [ -73.81226, 40.62639 ], [ -73.81199, 40.62603 ], [ -73.81209, 40.62551 ], [ -73.81222, 40.62543 ], [ -73.81233, 40.62471 ] ] ], [ [ [ -73.77349, 40.62512 ], [ -73.77381, 40.62493 ], [ -73.77383, 40.62495 ], [ -73.77349, 40.62512 ] ] ], [ [ [ -73.81597, 40.63039 ], [ -73.81528, 40.63024 ], [ -73.81468, 40.62999 ], [ -73.8143, 40.62915 ], [ -73.81467, 40.62751 ], [ -73.81532, 40.62777 ], [ -73.81617, 40.62891 ], [ -73.81645, 40.62984 ], [ -73.81597, 40.63039 ] ] ] ] } },
{ "type": "Feature", "properties": { "name": "Jamaica Bay (West)" }, "geometry": { "type": "MultiPolygon", "coordinates": [ [ [ [ -73.86449, 40.58362 ], [ -73.86638, 40.58255 ], [ -73.867, 40.58199 ], [ -73.86773, 40.58167 ], [ -73.86896, 40.5817 ], [ -73.87, 40.58264 ], [ -73.87051, 40.58335 ], [ -73.87062, 40.58492 ], [ -73.87085, 40.58543 ], [ -73.87116, 40.58688 ], [ -73.86981, 40.58947 ], [ -73.8685, 40.5901 ], [ -73.86759, 40.59101 ], [ -73.86635, 40.5919 ], [ -73.86431, 40.59142 ], [ -73.86327, 40.59092 ], [ -73.86274, 40.59037 ], [ -73.86272, 40.59008 ], [ -73.86193, 40.58891 ], [ -73.8615, 40.58855 ], [ -73.86125, 40.588 ], [ -73.86168, 40.58615 ], [ -73.86219, 40.58526 ], [ -73.86328, 40.58389 ], [ -73.86381, 40.58361 ], [ -73.86449, 40.58362 ] ] ], [ [ [ -73.87021, 40.59696 ], [ -73.86953, 40.59872 ], [ -73.86967, 40.5967 ], [ -73.87021, 40.59696 ] ] ], [ [ [ -73.85437, 40.5967 ], [ -73.85466, 40.59659 ], [ -73.85493, 40.59631 ], [ -73.85716, 40.59605 ], [ -73.86045, 40.59648 ], [ -73.86055, 40.59707 ], [ -73.86142, 40.59776 ], [ -73.86177, 40.59831 ], [ -73.86275, 40.59908 ], [ -73.86329, 40.59982 ], [ -73.86336, 40.60033 ], [ -73.86298, 40.60103 ], [ -73.86187, 40.60217 ], [ -73.86113, 40.60256 ], [ -73.86078, 40.60262 ], [ -73.86049, 40.60235 ], [ -73.85906, 40.60207 ], [ -73.85483, 40.60188 ], [ -73.85471, 40.60166 ], [ -73.85428, 40.60144 ], [ -73.85372, 40.60141 ], [ -73.85277, 40.60096 ], [ -73.85258, 40.60058 ], [ -73.85205, 40.60021 ], [ -73.85176, 40.59971 ], [ -73.85077, 40.59885 ], [ -73.85153, 40.59844 ], [ -73.85201, 40.59776 ], [ -73.85269, 40.59718 ], [ -73.85286, 40.59725 ], [ -73.854, 40.59669 ], [ -73.85437, 40.5967 ] ] ], [ [ [ -73.8702, 40.599 ], [ -73.87108, 40.59891 ], [ -73.8705, 40.60261 ], [ -73.87026, 40.60169 ], [ -73.8702, 40.599 ] ] ], [ [ [ -73.86703, 40.60375 ], [ -73.86768, 40.60308 ], [ -73.86831, 40.60315 ], [ -73.86794, 40.60397 ], [ -73.86703, 40.60418 ], [ -73.86703, 40.60375 ] ] ], [ [ [ -73.873, 40.61056 ], [ -73.8718, 40.61029 ], [ -73.87104, 40.60973 ], [ -73.87076, 40.60871 ], [ -73.86967, 40.60655 ], [ -73.87109, 40.6047 ], [ -73.87106, 40.60629 ], [ -73.87246, 40.60819 ], [ -73.873, 40.61056 ] ] ], [ [ [ -73.86703, 40.60808 ], [ -73.86874, 40.60704 ], [ -73.86869, 40.60825 ], [ -73.86778, 40.60855 ], [ -73.86703, 40.60808 ] ] ], [ [ [ -73.85055, 40.61235 ], [ -73.84967, 40.61212 ], [ -73.84986, 40.61197 ], [ -73.84964, 40.61175 ], [ -73.84976, 40.6116 ], [ -73.84957, 40.61154 ], [ -73.84955, 40.61147 ], [ -73.84963, 40.61128 ], [ -73.84974, 40.61122 ], [ -73.84966, 40.61111 ], [ -73.84986, 40.61102 ], [ -73.84979, 40.6109 ], [ -73.84961, 40.61089 ], [ -73.84959, 40.61077 ], [ -73.84972, 40.61069 ], [ -73.8496, 40.61049 ], [ -73.84968, 40.61041 ], [ -73.8495, 40.61034 ], [ -73.84998, 40.61026 ], [ -73.85009, 40.61017 ], [ -73.84998, 40.61009 ], [ -73.84996, 40.6102 ], [ -73.84977, 40.61 ], [ -73.84942, 40.60983 ], [ -73.84972, 40.60977 ], [ -73.84987, 40.60983 ], [ -73.84996, 40.60972 ], [ -73.84987, 40.60967 ], [ -73.84993, 40.60944 ], [ -73.85032, 40.60954 ], [ -73.85039, 40.60966 ], [ -73.85069, 40.60941 ], [ -73.85135, 40.60928 ], [ -73.85147, 40.60907 ], [ -73.85158, 40.60907 ], [ -73.85172, 40.60878 ], [ -73.85167, 40.60875 ], [ -73.8517, 40.60862 ], [ -73.85208, 40.6087 ], [ -73.85219, 40.60864 ], [ -73.85215, 40.60851 ], [ -73.85235, 40.60844 ], [ -73.85236, 40.60832 ], [ -73.85246, 40.60825 ], [ -73.85271, 40.60822 ], [ -73.85269, 40.60833 ], [ -73.85277, 40.6083 ], [ -73.85295, 40.60797 ], [ -73.85337, 40.60802 ], [ -73.85324, 40.60774 ], [ -73.85345, 40.60793 ], [ -73.85371, 40.60783 ], [ -73.85394, 40.60789 ], [ -73.85391, 40.60781 ], [ -73.85398, 40.6078 ], [ -73.85446, 40.6079 ], [ -73.85442, 40.60774 ], [ -73.85415, 40.60755 ], [ -73.85373, 40.60749 ], [ -73.85363, 40.60727 ], [ -73.85442, 40.60718 ], [ -73.85465, 40.60735 ], [ -73.85481, 40.60736 ], [ -73.85478, 40.6075 ], [ -73.85507, 40.60747 ], [ -73.85503, 40.60758 ], [ -73.85477, 40.6076 ], [ -73.85464, 40.6077 ], [ -73.85481, 40.60779 ], [ -73.8547, 40.60807 ], [ -73.8548, 40.6086 ], [ -73.85506, 40.60886 ], [ -73.85555, 40.60899 ], [ -73.85555, 40.60908 ], [ -73.85524, 40.60927 ], [ -73.85525, 40.60955 ], [ -73.85536, 40.60961 ], [ -73.85595, 40.60955 ], [ -73.85599, 40.60964 ], [ -73.85589, 40.60992 ], [ -73.85607, 40.60991 ], [ -73.85609, 40.61002 ], [ -73.8562, 40.61008 ], [ -73.85628, 40.61046 ], [ -73.85638, 40.61047 ], [ -73.85633, 40.61066 ], [ -73.8566, 40.61084 ], [ -73.85631, 40.61094 ], [ -73.85629, 40.61106 ], [ -73.85619, 40.61105 ], [ -73.85588, 40.61077 ], [ -73.8557, 40.61071 ], [ -73.85559, 40.61049 ], [ -73.85536, 40.61042 ], [ -73.85551, 40.61026 ], [ -73.85551, 40.61015 ], [ -73.85542, 40.61012 ], [ -73.85513, 40.6102 ], [ -73.85503, 40.61013 ], [ -73.85481, 40.61022 ], [ -73.85459, 40.61014 ], [ -73.85438, 40.61019 ], [ -73.85401, 40.61013 ], [ -73.85373, 40.61025 ], [ -73.85367, 40.6102 ], [ -73.85335, 40.61024 ], [ -73.85322, 40.61015 ], [ -73.8531, 40.6102 ], [ -73.85314, 40.61028 ], [ -73.85291, 40.6103 ], [ -73.85271, 40.61043 ], [ -73.85197, 40.61025 ], [ -73.85199, 40.61057 ], [ -73.85213, 40.61064 ], [ -73.85219, 40.61082 ], [ -73.85263, 40.61099 ], [ -73.85265, 40.61118 ], [ -73.85245, 40.61095 ], [ -73.85205, 40.61106 ], [ -73.85198, 40.61092 ], [ -73.85172, 40.61096 ], [ -73.85167, 40.61106 ], [ -73.85195, 40.61113 ], [ -73.85197, 40.6112 ], [ -73.85177, 40.61137 ], [ -73.85174, 40.61158 ], [ -73.8514, 40.61166 ], [ -73.85142, 40.61178 ], [ -73.85116, 40.61172 ], [ -73.85106, 40.61148 ], [ -73.85106, 40.61155 ], [ -73.85099, 40.61153 ], [ -73.85098, 40.61179 ], [ -73.85087, 40.6118 ], [ -73.85096, 40.61197 ], [ -73.85069, 40.61199 ], [ -73.85064, 40.61204 ], [ -73.85069, 40.61222 ], [ -73.85055, 40.61235 ] ] ], [ [ [ -73.85023, 40.62322 ], [ -73.84979, 40.62306 ], [ -73.84967, 40.62269 ], [ -73.8494, 40.62249 ], [ -73.84848, 40.62243 ], [ -73.84847, 40.62233 ], [ -73.84879, 40.62202 ], [ -73.84893, 40.62177 ], [ -73.84908, 40.6217 ], [ -73.84907, 40.62162 ], [ -73.84894, 40.62163 ], [ -73.84902, 40.62149 ], [ -73.84948, 40.62133 ], [ -73.84965, 40.62138 ], [ -73.84982, 40.62131 ], [ -73.85026, 40.62101 ], [ -73.85029, 40.62094 ], [ -73.85019, 40.62084 ], [ -73.85049, 40.6209 ], [ -73.85047, 40.62076 ], [ -73.85063, 40.6207 ], [ -73.85065, 40.62047 ], [ -73.85085, 40.62041 ], [ -73.85085, 40.62026 ], [ -73.8511, 40.62038 ], [ -73.85128, 40.62034 ], [ -73.85135, 40.62015 ], [ -73.85159, 40.62025 ], [ -73.85188, 40.62017 ], [ -73.85206, 40.62029 ], [ -73.85244, 40.62028 ], [ -73.85274, 40.62014 ], [ -73.85313, 40.62023 ], [ -73.85347, 40.62021 ], [ -73.85389, 40.62002 ], [ -73.85402, 40.61988 ], [ -73.85426, 40.61997 ], [ -73.85455, 40.6199 ], [ -73.85469, 40.62001 ], [ -73.85492, 40.62004 ], [ -73.85546, 40.61981 ], [ -73.85614, 40.61984 ], [ -73.85629, 40.61971 ], [ -73.85646, 40.61972 ], [ -73.85646, 40.61962 ], [ -73.85655, 40.61958 ], [ -73.85658, 40.61992 ], [ -73.85677, 40.62012 ], [ -73.85676, 40.62041 ], [ -73.85714, 40.62045 ], [ -73.85725, 40.62041 ], [ -73.85729, 40.62028 ], [ -73.8574, 40.62031 ], [ -73.85746, 40.6205 ], [ -73.85738, 40.62066 ], [ -73.85718, 40.62062 ], [ -73.857, 40.62076 ], [ -73.85711, 40.62098 ], [ -73.85706, 40.62103 ], [ -73.85679, 40.62111 ], [ -73.85679, 40.62118 ], [ -73.85661, 40.62115 ], [ -73.85675, 40.62131 ], [ -73.85659, 40.6213 ], [ -73.85657, 40.62149 ], [ -73.85635, 40.62142 ], [ -73.85627, 40.62162 ], [ -73.8561, 40.62157 ], [ -73.85596, 40.62181 ], [ -73.8556, 40.62184 ], [ -73.85551, 40.6217 ], [ -73.85533, 40.6217 ], [ -73.85534, 40.62187 ], [ -73.85517, 40.62197 ], [ -73.855, 40.62193 ], [ -73.85497, 40.62165 ], [ -73.85464, 40.6216 ], [ -73.85465, 40.62137 ], [ -73.85456, 40.62118 ], [ -73.85462, 40.62103 ], [ -73.85451, 40.6208 ], [ -73.85395, 40.62069 ], [ -73.85359, 40.62047 ], [ -73.85303, 40.62049 ], [ -73.85279, 40.62064 ], [ -73.85252, 40.62051 ], [ -73.85185, 40.62057 ], [ -73.85167, 40.62082 ], [ -73.8514, 40.62081 ], [ -73.85129, 40.62184 ], [ -73.85154, 40.62219 ], [ -73.85236, 40.62298 ], [ -73.85216, 40.623 ], [ -73.8519, 40.6228 ], [ -73.85196, 40.62303 ], [ -73.85184, 40.62312 ], [ -73.85176, 40.6234 ], [ -73.85133, 40.62348 ], [ -73.85106, 40.62329 ], [ -73.8509, 40.62328 ], [ -73.85064, 40.62335 ], [ -73.85028, 40.62359 ], [ -73.85019, 40.62346 ], [ -73.85023, 40.62322 ] ] ], [ [ [ -73.87109, 40.61677 ], [ -73.87125, 40.61666 ], [ -73.87176, 40.61658 ], [ -73.87216, 40.61631 ], [ -73.87276, 40.61626 ], [ -73.87395, 40.61585 ], [ -73.87725, 40.61576 ], [ -73.87798, 40.61581 ], [ -73.87862, 40.61594 ], [ -73.87952, 40.61657 ], [ -73.87973, 40.61697 ], [ -73.87978, 40.61755 ], [ -73.87974, 40.61893 ], [ -73.87938, 40.61987 ], [ -73.87851, 40.62102 ], [ -73.87779, 40.62166 ], [ -73.87748, 40.62173 ], [ -73.87663, 40.62224 ], [ -73.87587, 40.62292 ], [ -73.87557, 40.62303 ], [ -73.87482, 40.6236 ], [ -73.86646, 40.62826 ], [ -73.86547, 40.62794 ], [ -73.86519, 40.62767 ], [ -73.86473, 40.62653 ], [ -73.86488, 40.62624 ], [ -73.86498, 40.62567 ], [ -73.86525, 40.62555 ], [ -73.86554, 40.62525 ], [ -73.86587, 40.6244 ], [ -73.86627, 40.62418 ], [ -73.86651, 40.62376 ], [ -73.86651, 40.62336 ], [ -73.86638, 40.62301 ], [ -73.8659, 40.62251 ], [ -73.8655, 40.62231 ], [ -73.86523, 40.6219 ], [ -73.86493, 40.62112 ], [ -73.86507, 40.62029 ], [ -73.86517, 40.62004 ], [ -73.86542, 40.61984 ], [ -73.86534, 40.61943 ], [ -73.86551, 40.61892 ], [ -73.86576, 40.61851 ], [ -73.86621, 40.61816 ], [ -73.86661, 40.61802 ], [ -73.86685, 40.61782 ], [ -73.86919, 40.61721 ], [ -73.86956, 40.61726 ], [ -73.87076, 40.61676 ], [ -73.87109, 40.61677 ] ] ], [ [ [ -73.86209, 40.62393 ], [ -73.86231, 40.62381 ], [ -73.86239, 40.62395 ], [ -73.86249, 40.62392 ], [ -73.86277, 40.62358 ], [ -73.86271, 40.62343 ], [ -73.86304, 40.62331 ], [ -73.86322, 40.62341 ], [ -73.86351, 40.62342 ], [ -73.86356, 40.62378 ], [ -73.86378, 40.62396 ], [ -73.86343, 40.62391 ], [ -73.8634, 40.62402 ], [ -73.8635, 40.62415 ], [ -73.86344, 40.62421 ], [ -73.86315, 40.62396 ], [ -73.86303, 40.62405 ], [ -73.86265, 40.62397 ], [ -73.86245, 40.62424 ], [ -73.86207, 40.62433 ], [ -73.86197, 40.62428 ], [ -73.86209, 40.62415 ], [ -73.86209, 40.62393 ] ] ], [ [ [ -73.85787, 40.62483 ], [ -73.85784, 40.6252 ], [ -73.85766, 40.62532 ], [ -73.85733, 40.62513 ], [ -73.85752, 40.62492 ], [ -73.85787, 40.62483 ] ] ], [ [ [ -73.85304, 40.63191 ], [ -73.85283, 40.63174 ], [ -73.85272, 40.63143 ], [ -73.8525, 40.6312 ], [ -73.85169, 40.63091 ], [ -73.85165, 40.63081 ], [ -73.85182, 40.63057 ], [ -73.85219, 40.63037 ], [ -73.85247, 40.63035 ], [ -73.85347, 40.63085 ], [ -73.85366, 40.63088 ], [ -73.85442, 40.63041 ], [ -73.85509, 40.63012 ], [ -73.85583, 40.62993 ], [ -73.8566, 40.62985 ], [ -73.85776, 40.62995 ], [ -73.85821, 40.63016 ], [ -73.85856, 40.63047 ], [ -73.85844, 40.63085 ], [ -73.8581, 40.63126 ], [ -73.85821, 40.63169 ], [ -73.85817, 40.63198 ], [ -73.85793, 40.63238 ], [ -73.85759, 40.63272 ], [ -73.85731, 40.63281 ], [ -73.85536, 40.63282 ], [ -73.85523, 40.63291 ], [ -73.85497, 40.63342 ], [ -73.85435, 40.63373 ], [ -73.85375, 40.63385 ], [ -73.85312, 40.63385 ], [ -73.85252, 40.63375 ], [ -73.85237, 40.6336 ], [ -73.8523, 40.63342 ], [ -73.85234, 40.63317 ], [ -73.85304, 40.63191 ] ] ], [ [ [ -73.84684, 40.60497 ], [ -73.84641, 40.60449 ], [ -73.84608, 40.60455 ], [ -73.84622, 40.60438 ], [ -73.84642, 40.6043 ], [ -73.84642, 40.6042 ], [ -73.84607, 40.60432 ], [ -73.84598, 40.60463 ], [ -73.84578, 40.60483 ], [ -73.84545, 40.60472 ], [ -73.84527, 40.60486 ], [ -73.84489, 40.60472 ], [ -73.84523, 40.60478 ], [ -73.84527, 40.60464 ], [ -73.84545, 40.60466 ], [ -73.84542, 40.60459 ], [ -73.84557, 40.60455 ], [ -73.84526, 40.60458 ], [ -73.84519, 40.60448 ], [ -73.84518, 40.60471 ], [ -73.84486, 40.60469 ], [ -73.84459, 40.60483 ], [ -73.84446, 40.6047 ], [ -73.84482, 40.60463 ], [ -73.84496, 40.60438 ], [ -73.84493, 40.60428 ], [ -73.84502, 40.60415 ], [ -73.84489, 40.60409 ], [ -73.84492, 40.60369 ], [ -73.84502, 40.60366 ], [ -73.84522, 40.60387 ], [ -73.8455, 40.60386 ], [ -73.84554, 40.60376 ], [ -73.84526, 40.60382 ], [ -73.84516, 40.60374 ], [ -73.84562, 40.60353 ], [ -73.84565, 40.60365 ], [ -73.84585, 40.6038 ], [ -73.84594, 40.60376 ], [ -73.84602, 40.60382 ], [ -73.84602, 40.60407 ], [ -73.8462, 40.60419 ], [ -73.84633, 40.60418 ], [ -73.84629, 40.60406 ], [ -73.84667, 40.60419 ], [ -73.84661, 40.60434 ], [ -73.84638, 40.60442 ], [ -73.84662, 40.60449 ], [ -73.84665, 40.60459 ], [ -73.84691, 40.60452 ], [ -73.84726, 40.6046 ], [ -73.84745, 40.60446 ], [ -73.84786, 40.60471 ], [ -73.84786, 40.60485 ], [ -73.84777, 40.60492 ], [ -73.84768, 40.60482 ], [ -73.84765, 40.60487 ], [ -73.84708, 40.60486 ], [ -73.84684, 40.60497 ] ] ], [ [ [ -73.84836, 40.60545 ], [ -73.84794, 40.60535 ], [ -73.84784, 40.60509 ], [ -73.84796, 40.60515 ], [ -73.84809, 40.60508 ], [ -73.84828, 40.60517 ], [ -73.84824, 40.60526 ], [ -73.84836, 40.60532 ], [ -73.84831, 40.6054 ], [ -73.84836, 40.60545 ] ] ], [ [ [ -73.84854, 40.60597 ], [ -73.84826, 40.60579 ], [ -73.84848, 40.60587 ], [ -73.84859, 40.60579 ], [ -73.84858, 40.60592 ], [ -73.84872, 40.6059 ], [ -73.84854, 40.60597 ] ] ], [ [ [ -73.83523, 40.60696 ], [ -73.83475, 40.60727 ], [ -73.83469, 40.60754 ], [ -73.83438, 40.60786 ], [ -73.83446, 40.6072 ], [ -73.83574, 40.6058 ], [ -73.83523, 40.60696 ] ] ], [ [ [ -73.84482, 40.61405 ], [ -73.8442, 40.61374 ], [ -73.84405, 40.61378 ], [ -73.84357, 40.61368 ], [ -73.84347, 40.61357 ], [ -73.84369, 40.61337 ], [ -73.84356, 40.61308 ], [ -73.84343, 40.61298 ], [ -73.84264, 40.61318 ], [ -73.84204, 40.6127 ], [ -73.84184, 40.6127 ], [ -73.84151, 40.61233 ], [ -73.84158, 40.61183 ], [ -73.84133, 40.61185 ], [ -73.84102, 40.61162 ], [ -73.84071, 40.61164 ], [ -73.84068, 40.61145 ], [ -73.8406, 40.61175 ], [ -73.84034, 40.61205 ], [ -73.8398, 40.61237 ], [ -73.83911, 40.61247 ], [ -73.83894, 40.61238 ], [ -73.83877, 40.612 ], [ -73.83872, 40.612 ], [ -73.83888, 40.61253 ], [ -73.8388, 40.6128 ], [ -73.83818, 40.61309 ], [ -73.83738, 40.61302 ], [ -73.83678, 40.61273 ], [ -73.83624, 40.61228 ], [ -73.83636, 40.61196 ], [ -73.83697, 40.61112 ], [ -73.83735, 40.61104 ], [ -73.83752, 40.61087 ], [ -73.83746, 40.61016 ], [ -73.83781, 40.61006 ], [ -73.83812, 40.60949 ], [ -73.83832, 40.60952 ], [ -73.83852, 40.60924 ], [ -73.83864, 40.60897 ], [ -73.83878, 40.60808 ], [ -73.83887, 40.60791 ], [ -73.83901, 40.60791 ], [ -73.83898, 40.60823 ], [ -73.8391, 40.60832 ], [ -73.8396, 40.60807 ], [ -73.83978, 40.60829 ], [ -73.84004, 40.60824 ], [ -73.84008, 40.60842 ], [ -73.84002, 40.60847 ], [ -73.84017, 40.60871 ], [ -73.84006, 40.60884 ], [ -73.8401, 40.60897 ], [ -73.84025, 40.60871 ], [ -73.8405, 40.60856 ], [ -73.84053, 40.60839 ], [ -73.84044, 40.60828 ], [ -73.84015, 40.60823 ], [ -73.84007, 40.60806 ], [ -73.83984, 40.60801 ], [ -73.83968, 40.60784 ], [ -73.83947, 40.60782 ], [ -73.83936, 40.60762 ], [ -73.84, 40.60754 ], [ -73.83994, 40.6074 ], [ -73.84051, 40.60697 ], [ -73.84101, 40.60704 ], [ -73.84123, 40.60696 ], [ -73.84136, 40.6068 ], [ -73.84141, 40.60645 ], [ -73.84127, 40.60626 ], [ -73.84097, 40.60609 ], [ -73.84061, 40.60628 ], [ -73.84058, 40.60608 ], [ -73.84046, 40.60622 ], [ -73.84043, 40.60603 ], [ -73.84053, 40.60595 ], [ -73.84042, 40.60578 ], [ -73.84046, 40.60558 ], [ -73.8406, 40.60541 ], [ -73.84075, 40.60565 ], [ -73.84123, 40.60554 ], [ -73.84127, 40.60534 ], [ -73.84107, 40.60531 ], [ -73.84106, 40.60522 ], [ -73.84134, 40.6051 ], [ -73.84116, 40.6049 ], [ -73.84113, 40.6047 ], [ -73.84136, 40.60466 ], [ -73.84149, 40.60451 ], [ -73.84159, 40.60449 ], [ -73.84186, 40.6048 ], [ -73.84219, 40.60463 ], [ -73.84221, 40.60453 ], [ -73.84235, 40.60445 ], [ -73.84276, 40.60448 ], [ -73.84296, 40.60422 ], [ -73.84327, 40.60443 ], [ -73.8436, 40.6043 ], [ -73.84357, 40.60418 ], [ -73.84383, 40.60419 ], [ -73.84397, 40.60411 ], [ -73.84443, 40.60416 ], [ -73.8445, 40.60437 ], [ -73.84362, 40.60441 ], [ -73.84339, 40.60469 ], [ -73.84271, 40.60465 ], [ -73.84263, 40.60474 ], [ -73.84267, 40.60509 ], [ -73.84244, 40.60485 ], [ -73.84222, 40.60495 ], [ -73.84194, 40.60494 ], [ -73.84201, 40.60505 ], [ -73.84243, 40.60529 ], [ -73.84282, 40.60525 ], [ -73.8428, 40.60513 ], [ -73.84297, 40.60508 ], [ -73.84281, 40.6049 ], [ -73.84276, 40.60476 ], [ -73.84283, 40.60473 ], [ -73.84319, 40.60485 ], [ -73.84324, 40.60512 ], [ -73.84335, 40.60518 ], [ -73.84329, 40.60506 ], [ -73.84338, 40.60499 ], [ -73.84343, 40.60515 ], [ -73.84365, 40.60527 ], [ -73.84371, 40.60543 ], [ -73.84382, 40.60544 ], [ -73.84367, 40.60553 ], [ -73.84357, 40.60586 ], [ -73.84378, 40.60609 ], [ -73.8437, 40.60617 ], [ -73.84375, 40.6063 ], [ -73.8439, 40.60642 ], [ -73.84387, 40.60605 ], [ -73.84394, 40.60599 ], [ -73.84371, 40.60583 ], [ -73.84385, 40.60561 ], [ -73.844, 40.60561 ], [ -73.84406, 40.60545 ], [ -73.84388, 40.60534 ], [ -73.84391, 40.60525 ], [ -73.84365, 40.60511 ], [ -73.84361, 40.60471 ], [ -73.84367, 40.60456 ], [ -73.8438, 40.60451 ], [ -73.84407, 40.60457 ], [ -73.84416, 40.60473 ], [ -73.84461, 40.60504 ], [ -73.84452, 40.60525 ], [ -73.84465, 40.60538 ], [ -73.84461, 40.60558 ], [ -73.84472, 40.60574 ], [ -73.84456, 40.60602 ], [ -73.84469, 40.60615 ], [ -73.84454, 40.60613 ], [ -73.84433, 40.60582 ], [ -73.84411, 40.6059 ], [ -73.84413, 40.60607 ], [ -73.84427, 40.60606 ], [ -73.84437, 40.60638 ], [ -73.84458, 40.60661 ], [ -73.84469, 40.60649 ], [ -73.84463, 40.60634 ], [ -73.84478, 40.60636 ], [ -73.84495, 40.60622 ], [ -73.8453, 40.60628 ], [ -73.8453, 40.60597 ], [ -73.84519, 40.60585 ], [ -73.84505, 40.60587 ], [ -73.8451, 40.60572 ], [ -73.84532, 40.60579 ], [ -73.8454, 40.60572 ], [ -73.84524, 40.60562 ], [ -73.84509, 40.60564 ], [ -73.84505, 40.60554 ], [ -73.84529, 40.60552 ], [ -73.84531, 40.6054 ], [ -73.84499, 40.60528 ], [ -73.84491, 40.60518 ], [ -73.84494, 40.60504 ], [ -73.8454, 40.60516 ], [ -73.8456, 40.60502 ], [ -73.84582, 40.60517 ], [ -73.84605, 40.60507 ], [ -73.84607, 40.60476 ], [ -73.84628, 40.60479 ], [ -73.84627, 40.60472 ], [ -73.84675, 40.60511 ], [ -73.84747, 40.60509 ], [ -73.84743, 40.60568 ], [ -73.84718, 40.60571 ], [ -73.84727, 40.60583 ], [ -73.84667, 40.60605 ], [ -73.84683, 40.60581 ], [ -73.84672, 40.60591 ], [ -73.84659, 40.60584 ], [ -73.84665, 40.60593 ], [ -73.84661, 40.6061 ], [ -73.84645, 40.60612 ], [ -73.84613, 40.60634 ], [ -73.84591, 40.6063 ], [ -73.84604, 40.6064 ], [ -73.84625, 40.60642 ], [ -73.84611, 40.60665 ], [ -73.84618, 40.60677 ], [ -73.84633, 40.60683 ], [ -73.84664, 40.60676 ], [ -73.84635, 40.60706 ], [ -73.84653, 40.60718 ], [ -73.84647, 40.60721 ], [ -73.8464, 40.60731 ], [ -73.84656, 40.60718 ], [ -73.8464, 40.60704 ], [ -73.84669, 40.60688 ], [ -73.84663, 40.6066 ], [ -73.84684, 40.60674 ], [ -73.84683, 40.60662 ], [ -73.84689, 40.60658 ], [ -73.84666, 40.60655 ], [ -73.84645, 40.60673 ], [ -73.84623, 40.60673 ], [ -73.8462, 40.60664 ], [ -73.84626, 40.60663 ], [ -73.84645, 40.60623 ], [ -73.84679, 40.60619 ], [ -73.84703, 40.60606 ], [ -73.84757, 40.60604 ], [ -73.84766, 40.60593 ], [ -73.84813, 40.60618 ], [ -73.84861, 40.60624 ], [ -73.84885, 40.60638 ], [ -73.84893, 40.60628 ], [ -73.84909, 40.60634 ], [ -73.8492, 40.60628 ], [ -73.84928, 40.60608 ], [ -73.84944, 40.60615 ], [ -73.84965, 40.60606 ], [ -73.84957, 40.60617 ], [ -73.84957, 40.60641 ], [ -73.8497, 40.60657 ], [ -73.84962, 40.60667 ], [ -73.84935, 40.60675 ], [ -73.84922, 40.60655 ], [ -73.84876, 40.60653 ], [ -73.8486, 40.60661 ], [ -73.84851, 40.60685 ], [ -73.84825, 40.60689 ], [ -73.84828, 40.60682 ], [ -73.84806, 40.60674 ], [ -73.84802, 40.60689 ], [ -73.84815, 40.60693 ], [ -73.84824, 40.6071 ], [ -73.84799, 40.60707 ], [ -73.8479, 40.60695 ], [ -73.84755, 40.60699 ], [ -73.84737, 40.60711 ], [ -73.84744, 40.6072 ], [ -73.84733, 40.6072 ], [ -73.84698, 40.60752 ], [ -73.84703, 40.60763 ], [ -73.8469, 40.60771 ], [ -73.84697, 40.60783 ], [ -73.84685, 40.60789 ], [ -73.8469, 40.60802 ], [ -73.84683, 40.60807 ], [ -73.84621, 40.60793 ], [ -73.84595, 40.60804 ], [ -73.8459, 40.60822 ], [ -73.8456, 40.60833 ], [ -73.84486, 40.6081 ], [ -73.84496, 40.60822 ], [ -73.84525, 40.60829 ], [ -73.8455, 40.60852 ], [ -73.84615, 40.60825 ], [ -73.84628, 40.60829 ], [ -73.84612, 40.60847 ], [ -73.84583, 40.60863 ], [ -73.84596, 40.60883 ], [ -73.84581, 40.60896 ], [ -73.84572, 40.6093 ], [ -73.84555, 40.60934 ], [ -73.84557, 40.60949 ], [ -73.84577, 40.60956 ], [ -73.84574, 40.60974 ], [ -73.84539, 40.60979 ], [ -73.84568, 40.60996 ], [ -73.84562, 40.61008 ], [ -73.84542, 40.61014 ], [ -73.84574, 40.61044 ], [ -73.84553, 40.61048 ], [ -73.84558, 40.6106 ], [ -73.84574, 40.61064 ], [ -73.84575, 40.61078 ], [ -73.84553, 40.6108 ], [ -73.84576, 40.61128 ], [ -73.84573, 40.61145 ], [ -73.84532, 40.61126 ], [ -73.84499, 40.61096 ], [ -73.84486, 40.61104 ], [ -73.84526, 40.6115 ], [ -73.84527, 40.61185 ], [ -73.84508, 40.61234 ], [ -73.8453, 40.61269 ], [ -73.84571, 40.61288 ], [ -73.8453, 40.61308 ], [ -73.84529, 40.61314 ], [ -73.84542, 40.61316 ], [ -73.84526, 40.61328 ], [ -73.84537, 40.61331 ], [ -73.84528, 40.61341 ], [ -73.84537, 40.61345 ], [ -73.84533, 40.61356 ], [ -73.84565, 40.6137 ], [ -73.84539, 40.61382 ], [ -73.84511, 40.61382 ], [ -73.84482, 40.61405 ] ] ], [ [ [ -73.83407, 40.61436 ], [ -73.83496, 40.61448 ], [ -73.83542, 40.61462 ], [ -73.83552, 40.61496 ], [ -73.83586, 40.61522 ], [ -73.8361, 40.61524 ], [ -73.83622, 40.61519 ], [ -73.83615, 40.61513 ], [ -73.83635, 40.61513 ], [ -73.83629, 40.61524 ], [ -73.83651, 40.6153 ], [ -73.83664, 40.61515 ], [ -73.83779, 40.61557 ], [ -73.83771, 40.61571 ], [ -73.83722, 40.61582 ], [ -73.83691, 40.61616 ], [ -73.83656, 40.61612 ], [ -73.83644, 40.61618 ], [ -73.83575, 40.61673 ], [ -73.83528, 40.61726 ], [ -73.83496, 40.61779 ], [ -73.83497, 40.61797 ], [ -73.83517, 40.61805 ], [ -73.83502, 40.61814 ], [ -73.83496, 40.61854 ], [ -73.83512, 40.61874 ], [ -73.83536, 40.61872 ], [ -73.83534, 40.6188 ], [ -73.83549, 40.61901 ], [ -73.83552, 40.61939 ], [ -73.83575, 40.61958 ], [ -73.83571, 40.61974 ], [ -73.83551, 40.61997 ], [ -73.83523, 40.61997 ], [ -73.83496, 40.61985 ], [ -73.83513, 40.61952 ], [ -73.83489, 40.61962 ], [ -73.8348, 40.61993 ], [ -73.83531, 40.62015 ], [ -73.83491, 40.62048 ], [ -73.83455, 40.62038 ], [ -73.83468, 40.62037 ], [ -73.83472, 40.62023 ], [ -73.83438, 40.61996 ], [ -73.83439, 40.61986 ], [ -73.8338, 40.61965 ], [ -73.83378, 40.61973 ], [ -73.83411, 40.61986 ], [ -73.83407, 40.62003 ], [ -73.83414, 40.61991 ], [ -73.83423, 40.6199 ], [ -73.83447, 40.62013 ], [ -73.8342, 40.62033 ], [ -73.83432, 40.62052 ], [ -73.83428, 40.62066 ], [ -73.83382, 40.62082 ], [ -73.8337, 40.62099 ], [ -73.83407, 40.61436 ] ] ], [ [ [ -73.83502, 40.62269 ], [ -73.83447, 40.6225 ], [ -73.83426, 40.62253 ], [ -73.83414, 40.62236 ], [ -73.83396, 40.62238 ], [ -73.83381, 40.62258 ], [ -73.83362, 40.62261 ], [ -73.83368, 40.62139 ], [ -73.83388, 40.6213 ], [ -73.83397, 40.62108 ], [ -73.83412, 40.62099 ], [ -73.83499, 40.62102 ], [ -73.83484, 40.62108 ], [ -73.83475, 40.62127 ], [ -73.83488, 40.6214 ], [ -73.83486, 40.62153 ], [ -73.83475, 40.6216 ], [ -73.8348, 40.62175 ], [ -73.83465, 40.62201 ], [ -73.83488, 40.62231 ], [ -73.83485, 40.62243 ], [ -73.83502, 40.62269 ] ] ], [ [ [ -73.83358, 40.62361 ], [ -73.83371, 40.62372 ], [ -73.83361, 40.62382 ], [ -73.83364, 40.62396 ], [ -73.83356, 40.62394 ], [ -73.83358, 40.62361 ] ] ], [ [ [ -73.84579, 40.6249 ], [ -73.84477, 40.62486 ], [ -73.84484, 40.62441 ], [ -73.84483, 40.62431 ], [ -73.84467, 40.62419 ], [ -73.84411, 40.62417 ], [ -73.84394, 40.62431 ], [ -73.84384, 40.6243 ], [ -73.84393, 40.6241 ], [ -73.84389, 40.62382 ], [ -73.84382, 40.62375 ], [ -73.84358, 40.62377 ], [ -73.84322, 40.62366 ], [ -73.84296, 40.62344 ], [ -73.84294, 40.62333 ], [ -73.84334, 40.62338 ], [ -73.84358, 40.62319 ], [ -73.84428, 40.62296 ], [ -73.84474, 40.62303 ], [ -73.84495, 40.62296 ], [ -73.84537, 40.62306 ], [ -73.84545, 40.62315 ], [ -73.84509, 40.62331 ], [ -73.8451, 40.62343 ], [ -73.84549, 40.62381 ], [ -73.84554, 40.62408 ], [ -73.84521, 40.62408 ], [ -73.84521, 40.62436 ], [ -73.8458, 40.6246 ], [ -73.846, 40.62504 ], [ -73.84579, 40.6249 ] ] ], [ [ [ -73.84055, 40.62755 ], [ -73.83973, 40.62733 ], [ -73.83985, 40.62748 ], [ -73.83978, 40.62751 ], [ -73.83947, 40.6273 ], [ -73.83956, 40.62713 ], [ -73.83968, 40.62709 ], [ -73.83965, 40.62698 ], [ -73.84015, 40.6268 ], [ -73.84031, 40.62642 ], [ -73.84053, 40.62623 ], [ -73.84072, 40.62587 ], [ -73.84081, 40.62592 ], [ -73.84085, 40.62615 ], [ -73.84101, 40.62614 ], [ -73.84124, 40.62628 ], [ -73.84154, 40.62627 ], [ -73.84156, 40.62639 ], [ -73.84169, 40.6264 ], [ -73.84172, 40.62649 ], [ -73.84166, 40.62652 ], [ -73.84179, 40.6266 ], [ -73.84151, 40.62671 ], [ -73.84151, 40.62679 ], [ -73.84176, 40.6269 ], [ -73.84209, 40.62727 ], [ -73.84238, 40.62745 ], [ -73.84225, 40.62747 ], [ -73.84176, 40.6273 ], [ -73.84128, 40.62695 ], [ -73.84045, 40.62659 ], [ -73.84015, 40.62704 ], [ -73.84043, 40.62717 ], [ -73.84068, 40.62746 ], [ -73.84055, 40.62755 ] ] ], [ [ [ -73.84846, 40.62864 ], [ -73.84847, 40.6288 ], [ -73.84837, 40.62888 ], [ -73.84813, 40.62885 ], [ -73.84805, 40.62868 ], [ -73.84819, 40.62853 ], [ -73.84846, 40.62864 ] ] ], [ [ [ -73.84843, 40.63056 ], [ -73.84845, 40.63046 ], [ -73.84869, 40.63047 ], [ -73.84871, 40.63061 ], [ -73.84843, 40.63056 ] ] ], [ [ [ -73.84656, 40.63526 ], [ -73.84665, 40.63515 ], [ -73.84666, 40.63469 ], [ -73.84682, 40.63427 ], [ -73.84729, 40.63372 ], [ -73.8476, 40.6335 ], [ -73.84762, 40.6331 ], [ -73.84783, 40.63279 ], [ -73.84811, 40.63261 ], [ -73.84861, 40.63247 ], [ -73.84877, 40.63226 ], [ -73.84914, 40.63212 ], [ -73.84965, 40.63207 ], [ -73.85003, 40.63215 ], [ -73.85009, 40.63232 ], [ -73.84988, 40.6341 ], [ -73.84962, 40.63459 ], [ -73.8491, 40.63508 ], [ -73.84886, 40.63544 ], [ -73.84857, 40.63677 ], [ -73.84828, 40.63748 ], [ -73.848, 40.63795 ], [ -73.84765, 40.63829 ], [ -73.8472, 40.63856 ], [ -73.84668, 40.63874 ], [ -73.84636, 40.63868 ], [ -73.84605, 40.63847 ], [ -73.84579, 40.6378 ], [ -73.84545, 40.63738 ], [ -73.84506, 40.63712 ], [ -73.84456, 40.63693 ], [ -73.84427, 40.6367 ], [ -73.84502, 40.63569 ], [ -73.84572, 40.63538 ], [ -73.84656, 40.63526 ] ] ] ] } },
{ "type": "Feature", "properties": { "name": "Jamaica Estates-Holliswood" }, "geometry": { "type": "Polygon", "coordinates": [ [ [ -73.77804, 40.72329 ], [ -73.77733, 40.7224 ], [ -73.77549, 40.72373 ], [ -73.77287, 40.72488 ], [ -73.7714, 40.72536 ], [ -73.76924, 40.72591 ], [ -73.76718, 40.72627 ], [ -73.76545, 40.72648 ], [ -73.76472, 40.72649 ], [ -73.75986, 40.72588 ], [ -73.75848, 40.72596 ], [ -73.75688, 40.72629 ], [ -73.75548, 40.72513 ], [ -73.75509, 40.7245 ], [ -73.75497, 40.72417 ], [ -73.7595, 40.72104 ], [ -73.76447, 40.7189 ], [ -73.76733, 40.7173 ], [ -73.77357, 40.71513 ], [ -73.78658, 40.71198 ], [ -73.78785, 40.71182 ], [ -73.78873, 40.71208 ], [ -73.78929, 40.71204 ], [ -73.79304, 40.71072 ], [ -73.79303, 40.71199 ], [ -73.79313, 40.71242 ], [ -73.79361, 40.71352 ], [ -73.79359, 40.71414 ], [ -73.79241, 40.7162 ], [ -73.79224, 40.71744 ], [ -73.79202, 40.71798 ], [ -73.79163, 40.71843 ], [ -73.7909, 40.71888 ], [ -73.79073, 40.71922 ], [ -73.79037, 40.72014 ], [ -73.7903, 40.7209 ], [ -73.79036, 40.72301 ], [ -73.79045, 40.72356 ], [ -73.79148, 40.72515 ], [ -73.79175, 40.7258 ], [ -73.78116, 40.72922 ], [ -73.77758, 40.7302 ], [ -73.77524, 40.72525 ], [ -73.77634, 40.72447 ], [ -73.77668, 40.724 ], [ -73.777, 40.72373 ], [ -73.77739, 40.72351 ], [ -73.77804, 40.72329 ] ] ] } },
{ "type": "Feature", "properties": { "name": "Jamaica Hills-Briarwood" }, "geometry": { "type": "Polygon", "coordinates": [ [ [ -73.79304, 40.71072 ], [ -73.79473, 40.71002 ], [ -73.79777, 40.70915 ], [ -73.7987, 40.71067 ], [ -73.80142, 40.7097 ], [ -73.8016, 40.70956 ], [ -73.80193, 40.70892 ], [ -73.80303, 40.70815 ], [ -73.80367, 40.70875 ], [ -73.80501, 40.70948 ], [ -73.80548, 40.7101 ], [ -73.80805, 40.70937 ], [ -73.80762, 40.70874 ], [ -73.80695, 40.70738 ], [ -73.81201, 40.70595 ], [ -73.81153, 40.70228 ], [ -73.81357, 40.70254 ], [ -73.81648, 40.70246 ], [ -73.81792, 40.70552 ], [ -73.81907, 40.70746 ], [ -73.81914, 40.70787 ], [ -73.81953, 40.70859 ], [ -73.81954, 40.70829 ], [ -73.82037, 40.70953 ], [ -73.82132, 40.71056 ], [ -73.82308, 40.71201 ], [ -73.82395, 40.71287 ], [ -73.82416, 40.71314 ], [ -73.82395, 40.71324 ], [ -73.82429, 40.71388 ], [ -73.82558, 40.71577 ], [ -73.82518, 40.71602 ], [ -73.82431, 40.71608 ], [ -73.82387, 40.7162 ], [ -73.82355, 40.71635 ], [ -73.82341, 40.71656 ], [ -73.82188, 40.71666 ], [ -73.82051, 40.7166 ], [ -73.81943, 40.71636 ], [ -73.81815, 40.71592 ], [ -73.81711, 40.71579 ], [ -73.81644, 40.71579 ], [ -73.81644, 40.7159 ], [ -73.81153, 40.71599 ], [ -73.80782, 40.71592 ], [ -73.80785, 40.71601 ], [ -73.80474, 40.71618 ], [ -73.80192, 40.71656 ], [ -73.80008, 40.71698 ], [ -73.7981, 40.71755 ], [ -73.79805, 40.71742 ], [ -73.79279, 40.71909 ], [ -73.79214, 40.71921 ], [ -73.79071, 40.71928 ], [ -73.7909, 40.71888 ], [ -73.79163, 40.71843 ], [ -73.79202, 40.71798 ], [ -73.79224, 40.71744 ], [ -73.79241, 40.7162 ], [ -73.79359, 40.71414 ], [ -73.79361, 40.71352 ], [ -73.79313, 40.71242 ], [ -73.79303, 40.71199 ], [ -73.79304, 40.71072 ] ] ] } },
{ "type": "Feature", "properties": { "name": "John F. Kennedy International Airport" }, "geometry": { "type": "MultiPolygon", "coordinates": [ [ [ [ -73.747, 40.63714 ], [ -73.74712, 40.63716 ], [ -73.74716, 40.63707 ], [ -73.74713, 40.63723 ], [ -73.747, 40.63714 ] ] ], [ [ [ -73.74705, 40.63755 ], [ -73.74694, 40.63756 ], [ -73.74694, 40.63754 ], [ -73.74705, 40.63755 ] ] ], [ [ [ -73.8263, 40.66365 ], [ -73.82305, 40.66356 ], [ -73.82296, 40.66387 ], [ -73.81411, 40.6628 ], [ -73.81327, 40.66282 ], [ -73.81169, 40.66314 ], [ -73.80845, 40.66447 ], [ -73.80615, 40.66492 ], [ -73.803, 40.66522 ], [ -73.79982, 40.66527 ], [ -73.79582, 40.66496 ], [ -73.78751, 40.66383 ], [ -73.78503, 40.66343 ], [ -73.78204, 40.66272 ], [ -73.7792, 40.6617 ], [ -73.77933, 40.66185 ], [ -73.77872, 40.6616 ], [ -73.77877, 40.66152 ], [ -73.77691, 40.66068 ], [ -73.7751, 40.66016 ], [ -73.77394, 40.65964 ], [ -73.77383, 40.65966 ], [ -73.76476, 40.65476 ], [ -73.75158, 40.64727 ], [ -73.75205, 40.64666 ], [ -73.75327, 40.64734 ], [ -73.75341, 40.64717 ], [ -73.75323, 40.64706 ], [ -73.75354, 40.6472 ], [ -73.75342, 40.64718 ], [ -73.75329, 40.64735 ], [ -73.75389, 40.64755 ], [ -73.75428, 40.64789 ], [ -73.75451, 40.64794 ], [ -73.75476, 40.64782 ], [ -73.75493, 40.64758 ], [ -73.75461, 40.64721 ], [ -73.75379, 40.64671 ], [ -73.75366, 40.64688 ], [ -73.75374, 40.64697 ], [ -73.7534, 40.64682 ], [ -73.75361, 40.64686 ], [ -73.75376, 40.64669 ], [ -73.75057, 40.64474 ], [ -73.75033, 40.64447 ], [ -73.74908, 40.64364 ], [ -73.74871, 40.64335 ], [ -73.74825, 40.64262 ], [ -73.74777, 40.6421 ], [ -73.7474, 40.64136 ], [ -73.74755, 40.64114 ], [ -73.74745, 40.64003 ], [ -73.74753, 40.63933 ], [ -73.74774, 40.63871 ], [ -73.74813, 40.63688 ], [ -73.7484, 40.63666 ], [ -73.74845, 40.63564 ], [ -73.74856, 40.63542 ], [ -73.74904, 40.63509 ], [ -73.7507, 40.63464 ], [ -73.75149, 40.63418 ], [ -73.75158, 40.63406 ], [ -73.75203, 40.63393 ], [ -73.75244, 40.63369 ], [ -73.75349, 40.63352 ], [ -73.75414, 40.63317 ], [ -73.75458, 40.63307 ], [ -73.75479, 40.63289 ], [ -73.75523, 40.63274 ], [ -73.75546, 40.63278 ], [ -73.75568, 40.63259 ], [ -73.75739, 40.63212 ], [ -73.75774, 40.63183 ], [ -73.75822, 40.63178 ], [ -73.75855, 40.63156 ], [ -73.75901, 40.6315 ], [ -73.75931, 40.63136 ], [ -73.75945, 40.63116 ], [ -73.75983, 40.63098 ], [ -73.76001, 40.63098 ], [ -73.76053, 40.63067 ], [ -73.76078, 40.63068 ], [ -73.76113, 40.63052 ], [ -73.76168, 40.63045 ], [ -73.76205, 40.63026 ], [ -73.7622, 40.63027 ], [ -73.76309, 40.62967 ], [ -73.7636, 40.62959 ], [ -73.76363, 40.62951 ], [ -73.76453, 40.62923 ], [ -73.76501, 40.62942 ], [ -73.76502, 40.62934 ], [ -73.76474, 40.62918 ], [ -73.76612, 40.62854 ], [ -73.7665, 40.62826 ], [ -73.76687, 40.62758 ], [ -73.76701, 40.62753 ], [ -73.76703, 40.62733 ], [ -73.76772, 40.6262 ], [ -73.76778, 40.62593 ], [ -73.76828, 40.62534 ], [ -73.76831, 40.62513 ], [ -73.76861, 40.62474 ], [ -73.76864, 40.6245 ], [ -73.76878, 40.62433 ], [ -73.76884, 40.62395 ], [ -73.76855, 40.6232 ], [ -73.76867, 40.62274 ], [ -73.7688, 40.62253 ], [ -73.76945, 40.62202 ], [ -73.76952, 40.62213 ], [ -73.76959, 40.62188 ], [ -73.76972, 40.62177 ], [ -73.76982, 40.62141 ], [ -73.76962, 40.62116 ], [ -73.77011, 40.62026 ], [ -73.77018, 40.62001 ], [ -73.77012, 40.61988 ], [ -73.77019, 40.6198 ], [ -73.77109, 40.61999 ], [ -73.77148, 40.62021 ], [ -73.77166, 40.62042 ], [ -73.77172, 40.62097 ], [ -73.77148, 40.62161 ], [ -73.77092, 40.62241 ], [ -73.77095, 40.62266 ], [ -73.77081, 40.62296 ], [ -73.77091, 40.62309 ], [ -73.77086, 40.62334 ], [ -73.77109, 40.62334 ], [ -73.77115, 40.62323 ], [ -73.77144, 40.62329 ], [ -73.77173, 40.62359 ], [ -73.77179, 40.62351 ], [ -73.7717, 40.62345 ], [ -73.7718, 40.6235 ], [ -73.77197, 40.62328 ], [ -73.77188, 40.62321 ], [ -73.77199, 40.62326 ], [ -73.77215, 40.62305 ], [ -73.77203, 40.623 ], [ -73.77207, 40.62295 ], [ -73.77219, 40.623 ], [ -73.77512, 40.61924 ], [ -73.77518, 40.61927 ], [ -73.77422, 40.62044 ], [ -73.77427, 40.62046 ], [ -73.77403, 40.62068 ], [ -73.77407, 40.62072 ], [ -73.77402, 40.62069 ], [ -73.77385, 40.62091 ], [ -73.77389, 40.62095 ], [ -73.77383, 40.62093 ], [ -73.77366, 40.62114 ], [ -73.7737, 40.62119 ], [ -73.77365, 40.62116 ], [ -73.77348, 40.62138 ], [ -73.77352, 40.62142 ], [ -73.77347, 40.6214 ], [ -73.77329, 40.62162 ], [ -73.77334, 40.62166 ], [ -73.77328, 40.62164 ], [ -73.77311, 40.62185 ], [ -73.77315, 40.62189 ], [ -73.7731, 40.62187 ], [ -73.77293, 40.62209 ], [ -73.77298, 40.62211 ], [ -73.77291, 40.62211 ], [ -73.77275, 40.62233 ], [ -73.77279, 40.62235 ], [ -73.77256, 40.62256 ], [ -73.7726, 40.6226 ], [ -73.77255, 40.62258 ], [ -73.77237, 40.6228 ], [ -73.77243, 40.62282 ], [ -73.77221, 40.62301 ], [ -73.7724, 40.6231 ], [ -73.77236, 40.62316 ], [ -73.77217, 40.62306 ], [ -73.77201, 40.62327 ], [ -73.77217, 40.62337 ], [ -73.772, 40.62329 ], [ -73.77182, 40.62351 ], [ -73.77199, 40.62361 ], [ -73.77181, 40.62352 ], [ -73.77174, 40.62361 ], [ -73.77266, 40.62458 ], [ -73.77324, 40.625 ], [ -73.77349, 40.62507 ], [ -73.77408, 40.62579 ], [ -73.77654, 40.62766 ], [ -73.77947, 40.62732 ], [ -73.78136, 40.62485 ], [ -73.7842, 40.6209 ], [ -73.78956, 40.6228 ], [ -73.78916, 40.62301 ], [ -73.78883, 40.6234 ], [ -73.78823, 40.62377 ], [ -73.78594, 40.62586 ], [ -73.78536, 40.62671 ], [ -73.78498, 40.62655 ], [ -73.78488, 40.62664 ], [ -73.78363, 40.62815 ], [ -73.78329, 40.62896 ], [ -73.78349, 40.63017 ], [ -73.78435, 40.63138 ], [ -73.7857, 40.6321 ], [ -73.78594, 40.63208 ], [ -73.78691, 40.63227 ], [ -73.78743, 40.63258 ], [ -73.7878, 40.63303 ], [ -73.78832, 40.63343 ], [ -73.78935, 40.63402 ], [ -73.78943, 40.63427 ], [ -73.78972, 40.63408 ], [ -73.79077, 40.63386 ], [ -73.79084, 40.63391 ], [ -73.79067, 40.63416 ], [ -73.79079, 40.63429 ], [ -73.79804, 40.6312 ], [ -73.79797, 40.63111 ], [ -73.79812, 40.63105 ], [ -73.79828, 40.63126 ], [ -73.79812, 40.63133 ], [ -73.79806, 40.63123 ], [ -73.79081, 40.63432 ], [ -73.79108, 40.63424 ], [ -73.79131, 40.63441 ], [ -73.79123, 40.63487 ], [ -73.79175, 40.6355 ], [ -73.79222, 40.6359 ], [ -73.79344, 40.63609 ], [ -73.79426, 40.63657 ], [ -73.79475, 40.63664 ], [ -73.79516, 40.63696 ], [ -73.7958, 40.63719 ], [ -73.79591, 40.63733 ], [ -73.79669, 40.63772 ], [ -73.79691, 40.63774 ], [ -73.79695, 40.63786 ], [ -73.79726, 40.63802 ], [ -73.79765, 40.63805 ], [ -73.79823, 40.63831 ], [ -73.79853, 40.63831 ], [ -73.79864, 40.63841 ], [ -73.79924, 40.63843 ], [ -73.80016, 40.6389 ], [ -73.80045, 40.63914 ], [ -73.80177, 40.63977 ], [ -73.80466, 40.64091 ], [ -73.80566, 40.64161 ], [ -73.80609, 40.64161 ], [ -73.8067, 40.64178 ], [ -73.80865, 40.64282 ], [ -73.81003, 40.64332 ], [ -73.81076, 40.6435 ], [ -73.81203, 40.64431 ], [ -73.81364, 40.6447 ], [ -73.81565, 40.64564 ], [ -73.81593, 40.64561 ], [ -73.81618, 40.64579 ], [ -73.81729, 40.64596 ], [ -73.8183, 40.64628 ], [ -73.81882, 40.6466 ], [ -73.8194, 40.64736 ], [ -73.82011, 40.64811 ], [ -73.82123, 40.64898 ], [ -73.82215, 40.65014 ], [ -73.82214, 40.65059 ], [ -73.82251, 40.65196 ], [ -73.82261, 40.65279 ], [ -73.82296, 40.65343 ], [ -73.82322, 40.65412 ], [ -73.82347, 40.65532 ], [ -73.82342, 40.65603 ], [ -73.82286, 40.65768 ], [ -73.82247, 40.65917 ], [ -73.82222, 40.65949 ], [ -73.82161, 40.65994 ], [ -73.82169, 40.66004 ], [ -73.82161, 40.66008 ], [ -73.82154, 40.65998 ], [ -73.8216, 40.66009 ], [ -73.82176, 40.66004 ], [ -73.82175, 40.66013 ], [ -73.82161, 40.66017 ], [ -73.82151, 40.65999 ], [ -73.8197, 40.66073 ], [ -73.81979, 40.66082 ], [ -73.81972, 40.66088 ], [ -73.81966, 40.66075 ], [ -73.8187, 40.66111 ], [ -73.81765, 40.66096 ], [ -73.81767, 40.66107 ], [ -73.81751, 40.66106 ], [ -73.81757, 40.66094 ], [ -73.81657, 40.66075 ], [ -73.81614, 40.66072 ], [ -73.81616, 40.66085 ], [ -73.81598, 40.66084 ], [ -73.81605, 40.66072 ], [ -73.81468, 40.66052 ], [ -73.81468, 40.66066 ], [ -73.81457, 40.66064 ], [ -73.81463, 40.66051 ], [ -73.81262, 40.66017 ], [ -73.81144, 40.66026 ], [ -73.8113, 40.66038 ], [ -73.81125, 40.66055 ], [ -73.81146, 40.66074 ], [ -73.81509, 40.66146 ], [ -73.8183, 40.66198 ], [ -73.81867, 40.66214 ], [ -73.819, 40.66194 ], [ -73.82005, 40.66159 ], [ -73.82233, 40.66062 ], [ -73.82293, 40.66045 ], [ -73.82332, 40.66022 ], [ -73.82348, 40.66007 ], [ -73.82407, 40.65849 ], [ -73.8241, 40.6581 ], [ -73.82427, 40.65779 ], [ -73.82404, 40.65776 ], [ -73.82406, 40.6577 ], [ -73.82427, 40.65775 ], [ -73.82492, 40.65568 ], [ -73.82493, 40.65545 ], [ -73.8243, 40.65348 ], [ -73.82414, 40.65265 ], [ -73.82393, 40.6522 ], [ -73.82348, 40.65048 ], [ -73.82342, 40.64947 ], [ -73.82333, 40.64919 ], [ -73.82318, 40.64917 ], [ -73.82291, 40.6481 ], [ -73.8232, 40.64802 ], [ -73.82391, 40.64887 ], [ -73.82391, 40.64914 ], [ -73.82401, 40.64924 ], [ -73.82445, 40.64934 ], [ -73.82459, 40.64949 ], [ -73.825, 40.64939 ], [ -73.82534, 40.64967 ], [ -73.82546, 40.64967 ], [ -73.82563, 40.64949 ], [ -73.82589, 40.64949 ], [ -73.82606, 40.64972 ], [ -73.82615, 40.65009 ], [ -73.8263, 40.65003 ], [ -73.82612, 40.64974 ], [ -73.82617, 40.64954 ], [ -73.82637, 40.64943 ], [ -73.82641, 40.6493 ], [ -73.82622, 40.64837 ], [ -73.82639, 40.64833 ], [ -73.8286, 40.65721 ], [ -73.82932, 40.65891 ], [ -73.82991, 40.65967 ], [ -73.83271, 40.66541 ], [ -73.8279, 40.66391 ], [ -73.8263, 40.66365 ] ] ] ] } },
{ "type": "Feature", "properties": { "name": "Kensington" }, "geometry": { "type": "Polygon", "coordinates": [ [ [ -73.97605, 40.63128 ], [ -73.97689, 40.63568 ], [ -73.97911, 40.63545 ], [ -73.98042, 40.64239 ], [ -73.983, 40.64133 ], [ -73.98835, 40.64457 ], [ -73.98181, 40.64714 ], [ -73.97527, 40.64784 ], [ -73.97327, 40.64759 ], [ -73.9714, 40.64827 ], [ -73.96804, 40.63666 ], [ -73.97029, 40.63641 ], [ -73.96987, 40.6342 ], [ -73.97605, 40.63128 ] ] ] } },
{ "type": "Feature", "properties": { "name": "Kew Gardens" }, "geometry": { "type": "Polygon", "coordinates": [ [ [ -73.81648, 40.70246 ], [ -73.81686, 40.70245 ], [ -73.81733, 40.70297 ], [ -73.81741, 40.70271 ], [ -73.81755, 40.70267 ], [ -73.82246, 40.70366 ], [ -73.83152, 40.7014 ], [ -73.83213, 40.7028 ], [ -73.83392, 40.70236 ], [ -73.8346, 40.70394 ], [ -73.83557, 40.70369 ], [ -73.83598, 40.70344 ], [ -73.83662, 40.70343 ], [ -73.83696, 40.70422 ], [ -73.83807, 40.70597 ], [ -73.83814, 40.70619 ], [ -73.83808, 40.70657 ], [ -73.83715, 40.70797 ], [ -73.83829, 40.70842 ], [ -73.84315, 40.70923 ], [ -73.84134, 40.70995 ], [ -73.83771, 40.71104 ], [ -73.83704, 40.71132 ], [ -73.83612, 40.71183 ], [ -73.83598, 40.71171 ], [ -73.8311, 40.71429 ], [ -73.82558, 40.71577 ], [ -73.82429, 40.71388 ], [ -73.82395, 40.71324 ], [ -73.82416, 40.71314 ], [ -73.82395, 40.71287 ], [ -73.82308, 40.71201 ], [ -73.82132, 40.71056 ], [ -73.82037, 40.70953 ], [ -73.81954, 40.70829 ], [ -73.81953, 40.70859 ], [ -73.81914, 40.70787 ], [ -73.81907, 40.70746 ], [ -73.81792, 40.70552 ], [ -73.81648, 40.70246 ] ] ] } },
{ "type": "Feature", "properties": { "name": "Kew Gardens Hills" }, "geometry": { "type": "Polygon", "coordinates": [ [ [ -73.81497, 40.73857 ], [ -73.8147, 40.73715 ], [ -73.81469, 40.73596 ], [ -73.81502, 40.73047 ], [ -73.81523, 40.7288 ], [ -73.815, 40.72844 ], [ -73.81475, 40.72824 ], [ -73.8107, 40.7262 ], [ -73.81063, 40.72443 ], [ -73.80934, 40.72097 ], [ -73.80782, 40.71592 ], [ -73.81153, 40.71599 ], [ -73.81644, 40.7159 ], [ -73.81644, 40.71579 ], [ -73.81731, 40.71579 ], [ -73.81815, 40.71592 ], [ -73.82012, 40.71652 ], [ -73.81931, 40.71714 ], [ -73.81952, 40.71735 ], [ -73.82171, 40.71737 ], [ -73.82165, 40.7174 ], [ -73.82331, 40.7175 ], [ -73.82531, 40.71735 ], [ -73.8254, 40.71742 ], [ -73.82557, 40.71973 ], [ -73.82713, 40.72431 ], [ -73.82731, 40.72465 ], [ -73.82756, 40.72497 ], [ -73.82805, 40.72533 ], [ -73.82866, 40.72559 ], [ -73.8298, 40.72591 ], [ -73.83058, 40.7264 ], [ -73.83087, 40.72672 ], [ -73.83171, 40.72805 ], [ -73.83248, 40.72895 ], [ -73.83307, 40.72993 ], [ -73.83386, 40.73056 ], [ -73.82567, 40.73229 ], [ -73.82553, 40.73364 ], [ -73.82546, 40.73365 ], [ -73.82539, 40.73406 ], [ -73.82488, 40.73958 ], [ -73.82481, 40.73964 ], [ -73.82486, 40.73984 ], [ -73.82007, 40.73884 ], [ -73.81693, 40.7384 ], [ -73.81633, 40.73845 ], [ -73.81608, 40.73887 ], [ -73.81497, 40.73857 ] ] ] } },
{ "type": "Feature", "properties": { "name": "Kingsbridge Heights-Van Cortlandt Village" }, "geometry": { "type": "Polygon", "coordinates": [ [ [ -73.88705, 40.88436 ], [ -73.88713, 40.88282 ], [ -73.88797, 40.88291 ], [ -73.88801, 40.88284 ], [ -73.89163, 40.88235 ], [ -73.89218, 40.88245 ], [ -73.89275, 40.88271 ], [ -73.89331, 40.88277 ], [ -73.89393, 40.883 ], [ -73.89433, 40.88302 ], [ -73.89553, 40.88246 ], [ -73.89638, 40.88183 ], [ -73.89657, 40.88126 ], [ -73.89669, 40.88016 ], [ -73.8969, 40.87974 ], [ -73.89734, 40.87914 ], [ -73.89827, 40.87829 ], [ -73.89905, 40.87712 ], [ -73.89981, 40.87641 ], [ -73.90042, 40.87513 ], [ -73.90036, 40.8746 ], [ -73.90012, 40.87432 ], [ -73.89972, 40.87418 ], [ -73.89887, 40.87407 ], [ -73.89844, 40.87377 ], [ -73.89801, 40.87284 ], [ -73.89782, 40.87197 ], [ -73.89779, 40.87086 ], [ -73.89922, 40.86939 ], [ -73.8996, 40.86874 ], [ -73.89965, 40.86856 ], [ -73.89943, 40.86789 ], [ -73.9014, 40.86837 ], [ -73.90236, 40.8687 ], [ -73.90319, 40.86916 ], [ -73.90375, 40.8696 ], [ -73.90442, 40.87037 ], [ -73.90449, 40.87059 ], [ -73.90447, 40.87242 ], [ -73.90468, 40.87263 ], [ -73.90572, 40.87315 ], [ -73.90615, 40.87327 ], [ -73.90555, 40.87444 ], [ -73.90556, 40.87465 ], [ -73.90453, 40.87707 ], [ -73.90377, 40.87854 ], [ -73.9034, 40.879 ], [ -73.90156, 40.88099 ], [ -73.8986, 40.88441 ], [ -73.89782, 40.88509 ], [ -73.89668, 40.88597 ], [ -73.89468, 40.88553 ], [ -73.89448, 40.88561 ], [ -73.89415, 40.88556 ], [ -73.88759, 40.88426 ], [ -73.88705, 40.88436 ] ] ] } },
{ "type": "Feature", "properties": { "name": "Kingsbridge-Marble Hill" }, "geometry": { "type": "Polygon", "coordinates": [ [ [ -73.89792, 40.89055 ], [ -73.89991, 40.88657 ], [ -73.89668, 40.88597 ], [ -73.8986, 40.88441 ], [ -73.90377, 40.87854 ], [ -73.90453, 40.87707 ], [ -73.90556, 40.87465 ], [ -73.90555, 40.87444 ], [ -73.90615, 40.87327 ], [ -73.90747, 40.87356 ], [ -73.90774, 40.87285 ], [ -73.90847, 40.87263 ], [ -73.90872, 40.87224 ], [ -73.90893, 40.87217 ], [ -73.90972, 40.87321 ], [ -73.91036, 40.87379 ], [ -73.91092, 40.87415 ], [ -73.91195, 40.87459 ], [ -73.91579, 40.87573 ], [ -73.91485, 40.87668 ], [ -73.91206, 40.87813 ], [ -73.91149, 40.87903 ], [ -73.91033, 40.87905 ], [ -73.90968, 40.87952 ], [ -73.91034, 40.88006 ], [ -73.91047, 40.8803 ], [ -73.9105, 40.88053 ], [ -73.90953, 40.88133 ], [ -73.90938, 40.88137 ], [ -73.90939, 40.88146 ], [ -73.90851, 40.88267 ], [ -73.90802, 40.88321 ], [ -73.90759, 40.8844 ], [ -73.90681, 40.88485 ], [ -73.90647, 40.88514 ], [ -73.90608, 40.88564 ], [ -73.90589, 40.8856 ], [ -73.90414, 40.88709 ], [ -73.90337, 40.88814 ], [ -73.90286, 40.88917 ], [ -73.90262, 40.8891 ], [ -73.90185, 40.88916 ], [ -73.90119, 40.88892 ], [ -73.9008, 40.88895 ], [ -73.89965, 40.88981 ], [ -73.89854, 40.8904 ], [ -73.89845, 40.89072 ], [ -73.89792, 40.89055 ] ] ] } },
{ "type": "Feature", "properties": { "name": "Kissena Park" }, "geometry": { "type": "Polygon", "coordinates": [ [ [ -73.79458, 40.74641 ], [ -73.79445, 40.74521 ], [ -73.79462, 40.74432 ], [ -73.79543, 40.74327 ], [ -73.79614, 40.74258 ], [ -73.79695, 40.74194 ], [ -73.79947, 40.74223 ], [ -73.80447, 40.74218 ], [ -73.8073, 40.742 ], [ -73.80824, 40.74202 ], [ -73.81431, 40.74298 ], [ -73.81379, 40.74456 ], [ -73.81369, 40.74531 ], [ -73.81368, 40.74556 ], [ -73.81376, 40.74575 ], [ -73.81416, 40.74615 ], [ -73.80751, 40.75014 ], [ -73.80288, 40.74977 ], [ -73.80277, 40.74813 ], [ -73.80294, 40.74742 ], [ -73.80335, 40.74644 ], [ -73.79826, 40.74697 ], [ -73.7981, 40.74693 ], [ -73.79766, 40.74658 ], [ -73.79736, 40.74648 ], [ -73.7968, 40.7466 ], [ -73.79537, 40.74667 ], [ -73.79505, 40.74665 ], [ -73.79479, 40.74645 ], [ -73.79458, 40.74641 ] ] ] } },
{ "type": "Feature", "properties": { "name": "LaGuardia Airport" }, "geometry": { "type": "MultiPolygon", "coordinates": [ [ [ [ -73.86924, 40.78598 ], [ -73.86918, 40.78595 ], [ -73.86987, 40.78509 ], [ -73.86944, 40.78365 ], [ -73.86873, 40.78374 ], [ -73.86861, 40.78382 ], [ -73.8685, 40.78377 ], [ -73.8685, 40.78368 ], [ -73.86942, 40.7836 ], [ -73.87048, 40.78231 ], [ -73.87146, 40.78213 ], [ -73.87232, 40.78111 ], [ -73.87202, 40.78096 ], [ -73.87022, 40.78126 ], [ -73.87203, 40.78094 ], [ -73.87234, 40.78109 ], [ -73.87256, 40.78083 ], [ -73.87218, 40.78053 ], [ -73.86826, 40.77852 ], [ -73.86615, 40.7776 ], [ -73.86471, 40.77674 ], [ -73.85918, 40.77408 ], [ -73.85893, 40.77404 ], [ -73.85897, 40.77395 ], [ -73.85505, 40.7722 ], [ -73.85509, 40.77184 ], [ -73.85646, 40.77028 ], [ -73.85671, 40.77024 ], [ -73.8574, 40.77051 ], [ -73.85757, 40.77046 ], [ -73.85788, 40.77067 ], [ -73.85783, 40.77045 ], [ -73.85804, 40.77021 ], [ -73.85772, 40.77031 ], [ -73.85735, 40.77019 ], [ -73.85685, 40.76955 ], [ -73.85621, 40.7692 ], [ -73.85615, 40.769 ], [ -73.85625, 40.76889 ], [ -73.85664, 40.76895 ], [ -73.85705, 40.76915 ], [ -73.85768, 40.76828 ], [ -73.85805, 40.7681 ], [ -73.85878, 40.76736 ], [ -73.85938, 40.76708 ], [ -73.86017, 40.76695 ], [ -73.8607, 40.76702 ], [ -73.86086, 40.76694 ], [ -73.86099, 40.76702 ], [ -73.86103, 40.76727 ], [ -73.8611, 40.76728 ], [ -73.86132, 40.76695 ], [ -73.86213, 40.76692 ], [ -73.86227, 40.76681 ], [ -73.86244, 40.7669 ], [ -73.86269, 40.76688 ], [ -73.86272, 40.76668 ], [ -73.86216, 40.7662 ], [ -73.86217, 40.76606 ], [ -73.86154, 40.76535 ], [ -73.86043, 40.76388 ], [ -73.86094, 40.76374 ], [ -73.86293, 40.76611 ], [ -73.86427, 40.76744 ], [ -73.86598, 40.76887 ], [ -73.868, 40.77026 ], [ -73.86883, 40.77074 ], [ -73.87026, 40.77137 ], [ -73.87129, 40.77165 ], [ -73.8726, 40.77184 ], [ -73.87383, 40.77188 ], [ -73.8752, 40.77178 ], [ -73.87611, 40.77164 ], [ -73.87754, 40.77126 ], [ -73.87913, 40.77063 ], [ -73.88239, 40.76887 ], [ -73.88432, 40.76799 ], [ -73.88571, 40.7675 ], [ -73.88773, 40.76692 ], [ -73.88822, 40.76863 ], [ -73.88841, 40.76882 ], [ -73.88875, 40.76893 ], [ -73.88869, 40.76899 ], [ -73.88946, 40.77354 ], [ -73.88581, 40.77403 ], [ -73.88584, 40.77412 ], [ -73.88567, 40.77413 ], [ -73.88567, 40.77431 ], [ -73.88563, 40.77411 ], [ -73.88579, 40.7741 ], [ -73.88579, 40.77403 ], [ -73.88432, 40.77419 ], [ -73.88392, 40.77414 ], [ -73.88455, 40.77437 ], [ -73.88484, 40.77496 ], [ -73.88478, 40.77534 ], [ -73.88429, 40.77549 ], [ -73.88441, 40.77556 ], [ -73.88506, 40.77841 ], [ -73.88525, 40.77862 ], [ -73.88508, 40.77868 ], [ -73.88505, 40.77878 ], [ -73.88513, 40.77907 ], [ -73.88509, 40.77936 ], [ -73.88516, 40.77942 ], [ -73.88512, 40.77952 ], [ -73.88541, 40.77967 ], [ -73.88511, 40.77953 ], [ -73.88503, 40.77957 ], [ -73.8851, 40.77962 ], [ -73.88505, 40.77963 ], [ -73.88501, 40.77957 ], [ -73.88488, 40.78 ], [ -73.88385, 40.78027 ], [ -73.88325, 40.78027 ], [ -73.88324, 40.78033 ], [ -73.88291, 40.78036 ], [ -73.88288, 40.78024 ], [ -73.88275, 40.78023 ], [ -73.88216, 40.78038 ], [ -73.88203, 40.78049 ], [ -73.88139, 40.78061 ], [ -73.87974, 40.78066 ], [ -73.87959, 40.78071 ], [ -73.87961, 40.78086 ], [ -73.87948, 40.78087 ], [ -73.87947, 40.78071 ], [ -73.87936, 40.78066 ], [ -73.87931, 40.78077 ], [ -73.87921, 40.78078 ], [ -73.87914, 40.78069 ], [ -73.87871, 40.78059 ], [ -73.87905, 40.78174 ], [ -73.87931, 40.78186 ], [ -73.87886, 40.78241 ], [ -73.87975, 40.78284 ], [ -73.8797, 40.78289 ], [ -73.87915, 40.78258 ], [ -73.87906, 40.78265 ], [ -73.87913, 40.78257 ], [ -73.87883, 40.78244 ], [ -73.87834, 40.78303 ], [ -73.87516, 40.78152 ], [ -73.87485, 40.78169 ], [ -73.87125, 40.78605 ], [ -73.86978, 40.78535 ], [ -73.86924, 40.78598 ] ] ], [ [ [ -73.88567, 40.77444 ], [ -73.8856, 40.77431 ], [ -73.88567, 40.77431 ], [ -73.88567, 40.77444 ] ] ], [ [ [ -73.88519, 40.77979 ], [ -73.88516, 40.77981 ], [ -73.88505, 40.77963 ], [ -73.88519, 40.77979 ] ] ], [ [ [ -73.87278, 40.78595 ], [ -73.87289, 40.78597 ], [ -73.87287, 40.78598 ], [ -73.87278, 40.78595 ] ] ] ] } },
{ "type": "Feature", "properties": { "name": "Laurelton" }, "geometry": { "type": "Polygon", "coordinates": [ [ [ -73.73453, 40.68578 ], [ -73.72718, 40.68361 ], [ -73.7281, 40.68177 ], [ -73.72852, 40.68122 ], [ -73.72951, 40.68006 ], [ -73.73047, 40.67936 ], [ -73.73106, 40.67831 ], [ -73.73303, 40.6765 ], [ -73.73513, 40.67395 ], [ -73.73592, 40.67266 ], [ -73.73552, 40.67257 ], [ -73.73678, 40.67077 ], [ -73.73719, 40.67092 ], [ -73.73799, 40.6698 ], [ -73.74118, 40.66641 ], [ -73.75602, 40.6664 ], [ -73.75763, 40.66646 ], [ -73.757, 40.66775 ], [ -73.75644, 40.66967 ], [ -73.75649, 40.6715 ], [ -73.75636, 40.67244 ], [ -73.75822, 40.6727 ], [ -73.7585, 40.67266 ], [ -73.75862, 40.67305 ], [ -73.7587, 40.67312 ], [ -73.75881, 40.67301 ], [ -73.76032, 40.67512 ], [ -73.75692, 40.67654 ], [ -73.75673, 40.67622 ], [ -73.75649, 40.67603 ], [ -73.75576, 40.67589 ], [ -73.75524, 40.6773 ], [ -73.75485, 40.67794 ], [ -73.75226, 40.6815 ], [ -73.75103, 40.68423 ], [ -73.75097, 40.68421 ], [ -73.75002, 40.6859 ], [ -73.74809, 40.68529 ], [ -73.74802, 40.68543 ], [ -73.74095, 40.6833 ], [ -73.74047, 40.6842 ], [ -73.7395, 40.6839 ], [ -73.73965, 40.68361 ], [ -73.73581, 40.68246 ], [ -73.73424, 40.68535 ], [ -73.73396, 40.68527 ], [ -73.73411, 40.68551 ], [ -73.73453, 40.68578 ] ] ] } },
{ "type": "Feature", "properties": { "name": "Lincoln Terrace Park" }, "geometry": { "type": "Polygon", "coordinates": [ [ [ -73.92425, 40.66645 ], [ -73.92546, 40.66593 ], [ -73.92872, 40.6645 ], [ -73.92835, 40.66866 ], [ -73.92553, 40.66851 ], [ -73.92478, 40.66765 ], [ -73.92425, 40.66645 ] ] ] } },
{ "type": "Feature", "properties": { "name": "Long Island City-Hunters Point" }, "geometry": { "type": "Polygon", "coordinates": [ [ [ -73.93805, 40.74946 ], [ -73.93664, 40.74821 ], [ -73.94033, 40.74542 ], [ -73.94272, 40.74459 ], [ -73.94343, 40.74424 ], [ -73.94401, 40.74365 ], [ -73.9442, 40.74289 ], [ -73.94032, 40.74441 ], [ -73.9377, 40.74525 ], [ -73.93726, 40.74518 ], [ -73.93868, 40.73822 ], [ -73.94146, 40.73926 ], [ -73.94051, 40.74012 ], [ -73.94036, 40.74034 ], [ -73.94056, 40.74043 ], [ -73.93911, 40.74263 ], [ -73.93867, 40.74254 ], [ -73.93859, 40.74294 ], [ -73.94002, 40.74322 ], [ -73.94015, 40.74284 ], [ -73.93965, 40.74274 ], [ -73.94119, 40.7403 ], [ -73.9416, 40.73987 ], [ -73.94238, 40.73944 ], [ -73.9426, 40.7394 ], [ -73.94279, 40.7392 ], [ -73.94271, 40.73912 ], [ -73.9429, 40.73901 ], [ -73.94329, 40.73902 ], [ -73.94379, 40.73889 ], [ -73.94548, 40.73822 ], [ -73.94715, 40.73791 ], [ -73.95138, 40.73934 ], [ -73.95381, 40.73983 ], [ -73.9555, 40.73979 ], [ -73.95742, 40.73956 ], [ -73.95978, 40.73852 ], [ -73.96007, 40.73849 ], [ -73.96029, 40.73825 ], [ -73.96073, 40.73809 ], [ -73.96217, 40.73828 ], [ -73.96213, 40.73846 ], [ -73.96248, 40.73864 ], [ -73.96261, 40.7388 ], [ -73.96262, 40.73904 ], [ -73.96243, 40.73968 ], [ -73.96221, 40.74001 ], [ -73.96179, 40.74002 ], [ -73.96125, 40.74043 ], [ -73.96183, 40.74064 ], [ -73.96194, 40.7408 ], [ -73.96181, 40.74111 ], [ -73.96122, 40.74112 ], [ -73.96108, 40.7417 ], [ -73.96111, 40.7418 ], [ -73.96137, 40.74185 ], [ -73.96111, 40.74184 ], [ -73.96155, 40.742 ], [ -73.96119, 40.74265 ], [ -73.9611, 40.74279 ], [ -73.96097, 40.74276 ], [ -73.96065, 40.7434 ], [ -73.96054, 40.74347 ], [ -73.96021, 40.74356 ], [ -73.95978, 40.74351 ], [ -73.95971, 40.74387 ], [ -73.96002, 40.74393 ], [ -73.95995, 40.74379 ], [ -73.96013, 40.74395 ], [ -73.96006, 40.74381 ], [ -73.96021, 40.74399 ], [ -73.96057, 40.74404 ], [ -73.96052, 40.74411 ], [ -73.95963, 40.74394 ], [ -73.95936, 40.74422 ], [ -73.95939, 40.74429 ], [ -73.95973, 40.74428 ], [ -73.96016, 40.74438 ], [ -73.96013, 40.74445 ], [ -73.9598, 40.74434 ], [ -73.95924, 40.74432 ], [ -73.95878, 40.74456 ], [ -73.95944, 40.74461 ], [ -73.95939, 40.74472 ], [ -73.95888, 40.74463 ], [ -73.95876, 40.74495 ], [ -73.95967, 40.74518 ], [ -73.9585, 40.745 ], [ -73.95845, 40.74513 ], [ -73.95924, 40.74532 ], [ -73.95934, 40.74553 ], [ -73.95906, 40.74576 ], [ -73.9585, 40.74577 ], [ -73.9586, 40.7459 ], [ -73.95915, 40.74601 ], [ -73.95872, 40.74665 ], [ -73.95841, 40.7469 ], [ -73.95831, 40.74708 ], [ -73.95845, 40.74711 ], [ -73.95704, 40.74893 ], [ -73.95486, 40.74805 ], [ -73.95439, 40.74796 ], [ -73.95431, 40.748 ], [ -73.95437, 40.74805 ], [ -73.95415, 40.74802 ], [ -73.95437, 40.74796 ], [ -73.95319, 40.74774 ], [ -73.95306, 40.7481 ], [ -73.95479, 40.74844 ], [ -73.95632, 40.74909 ], [ -73.95601, 40.74938 ], [ -73.95622, 40.74953 ], [ -73.956, 40.74939 ], [ -73.95576, 40.7496 ], [ -73.9562, 40.74969 ], [ -73.95609, 40.74978 ], [ -73.95547, 40.74968 ], [ -73.95535, 40.75002 ], [ -73.95513, 40.74993 ], [ -73.9552, 40.74968 ], [ -73.95507, 40.74964 ], [ -73.95452, 40.75059 ], [ -73.95465, 40.75084 ], [ -73.95448, 40.75111 ], [ -73.9545, 40.75123 ], [ -73.95389, 40.7519 ], [ -73.95293, 40.75277 ], [ -73.95132, 40.75459 ], [ -73.95102, 40.7551 ], [ -73.95084, 40.75523 ], [ -73.94488, 40.75261 ], [ -73.94409, 40.75229 ], [ -73.94402, 40.75236 ], [ -73.93812, 40.74984 ], [ -73.93799, 40.7497 ], [ -73.93805, 40.74946 ] ] ] } },
{ "type": "Feature", "properties": { "name": "Longwood" }, "geometry": { "type": "Polygon", "coordinates": [ [ [ -73.88748, 40.82265 ], [ -73.88864, 40.82178 ], [ -73.89011, 40.82091 ], [ -73.89083, 40.82031 ], [ -73.89162, 40.82102 ], [ -73.89284, 40.82098 ], [ -73.8929, 40.82082 ], [ -73.89705, 40.81681 ], [ -73.89543, 40.81585 ], [ -73.89759, 40.81379 ], [ -73.90309, 40.80986 ], [ -73.90342, 40.81152 ], [ -73.90447, 40.81229 ], [ -73.90301, 40.81633 ], [ -73.90061, 40.82212 ], [ -73.90199, 40.82245 ], [ -73.90051, 40.82602 ], [ -73.90165, 40.82627 ], [ -73.90094, 40.82794 ], [ -73.8998, 40.82769 ], [ -73.89549, 40.82826 ], [ -73.89511, 40.82805 ], [ -73.89515, 40.82784 ], [ -73.89484, 40.82626 ], [ -73.89293, 40.8268 ], [ -73.8879, 40.82675 ], [ -73.8861, 40.82766 ], [ -73.88646, 40.82529 ], [ -73.88688, 40.82382 ], [ -73.88711, 40.82331 ], [ -73.88707, 40.8232 ], [ -73.88748, 40.82265 ] ] ] } },
{ "type": "Feature", "properties": { "name": "Lower East Side" }, "geometry": { "type": "MultiPolygon", "coordinates": [ [ [ [ -73.98242, 40.70583 ], [ -73.98103, 40.70591 ], [ -73.98102, 40.70581 ], [ -73.9823, 40.70575 ], [ -73.98233, 40.70556 ], [ -73.98246, 40.70555 ], [ -73.98242, 40.70583 ] ] ], [ [ [ -73.97499, 40.71879 ], [ -73.97474, 40.71885 ], [ -73.97357, 40.71861 ], [ -73.97429, 40.7166 ], [ -73.97513, 40.71463 ], [ -73.97613, 40.71247 ], [ -73.97643, 40.71192 ], [ -73.97682, 40.71143 ], [ -73.97753, 40.71085 ], [ -73.97808, 40.71054 ], [ -73.98129, 40.71023 ], [ -73.98125, 40.70983 ], [ -73.9845, 40.70952 ], [ -73.98512, 40.71336 ], [ -73.98507, 40.71382 ], [ -73.98523, 40.7138 ], [ -73.98535, 40.71447 ], [ -73.98934, 40.71414 ], [ -73.99022, 40.71441 ], [ -73.9902, 40.71467 ], [ -73.98916, 40.71672 ], [ -73.99481, 40.71847 ], [ -73.9926, 40.72414 ], [ -73.97875, 40.71994 ], [ -73.97723, 40.71932 ], [ -73.97545, 40.71895 ], [ -73.97548, 40.7189 ], [ -73.97499, 40.71879 ] ] ] ] } },
{ "type": "Feature", "properties": { "name": "Madison" }, "geometry": { "type": "Polygon", "coordinates": [ [ [ -73.93754, 40.60857 ], [ -73.93973, 40.60714 ], [ -73.93426, 40.60224 ], [ -73.93503, 40.60174 ], [ -73.93447, 40.60124 ], [ -73.94289, 40.60033 ], [ -73.94249, 40.59821 ], [ -73.95693, 40.59662 ], [ -73.95776, 40.60099 ], [ -73.95683, 40.6011 ], [ -73.95859, 40.61041 ], [ -73.95259, 40.61112 ], [ -73.95257, 40.611 ], [ -73.94979, 40.61138 ], [ -73.95027, 40.61393 ], [ -73.94743, 40.61423 ], [ -73.94483, 40.61605 ], [ -73.94355, 40.60935 ], [ -73.94231, 40.60828 ], [ -73.93935, 40.6102 ], [ -73.93754, 40.60857 ] ] ] } },
{ "type": "Feature", "properties": { "name": "Manhattanville-West Harlem" }, "geometry": { "type": "Polygon", "coordinates": [ [ [ -73.94608, 40.82127 ], [ -73.94868, 40.8157 ], [ -73.94922, 40.81471 ], [ -73.95035, 40.81317 ], [ -73.9521, 40.81145 ], [ -73.95408, 40.81229 ], [ -73.95571, 40.81415 ], [ -73.95626, 40.8134 ], [ -73.95949, 40.81702 ], [ -73.96203, 40.81809 ], [ -73.96, 40.82039 ], [ -73.95982, 40.82031 ], [ -73.95913, 40.82118 ], [ -73.95943, 40.82126 ], [ -73.95915, 40.82158 ], [ -73.95903, 40.82152 ], [ -73.95924, 40.82129 ], [ -73.95909, 40.82121 ], [ -73.95882, 40.82153 ], [ -73.95894, 40.82158 ], [ -73.95875, 40.82181 ], [ -73.959, 40.82242 ], [ -73.95911, 40.82246 ], [ -73.95923, 40.8223 ], [ -73.95991, 40.82258 ], [ -73.9596, 40.823 ], [ -73.95893, 40.82272 ], [ -73.95905, 40.82255 ], [ -73.95887, 40.82246 ], [ -73.95865, 40.82191 ], [ -73.95853, 40.82185 ], [ -73.95794, 40.82278 ], [ -73.95823, 40.8229 ], [ -73.95814, 40.82303 ], [ -73.95953, 40.82363 ], [ -73.95956, 40.8237 ], [ -73.95914, 40.82433 ], [ -73.95741, 40.82328 ], [ -73.95634, 40.8231 ], [ -73.95573, 40.8229 ], [ -73.95083, 40.82084 ], [ -73.94992, 40.82208 ], [ -73.94854, 40.8215 ], [ -73.94808, 40.82212 ], [ -73.94608, 40.82127 ] ] ] } },
{ "type": "Feature", "properties": { "name": "Mapleton-Midwood (West)" }, "geometry": { "type": "Polygon", "coordinates": [ [ [ -73.96286, 40.61256 ], [ -73.96478, 40.61234 ], [ -73.9643, 40.60978 ], [ -73.97403, 40.60871 ], [ -73.97478, 40.61265 ], [ -73.98628, 40.61957 ], [ -73.9857, 40.62014 ], [ -73.99009, 40.6228 ], [ -73.9883, 40.62452 ], [ -73.9861, 40.62319 ], [ -73.9844, 40.6249 ], [ -73.98215, 40.62354 ], [ -73.97753, 40.62799 ], [ -73.97679, 40.62755 ], [ -73.97658, 40.62758 ], [ -73.97624, 40.62598 ], [ -73.97092, 40.62658 ], [ -73.97137, 40.62894 ], [ -73.96608, 40.62955 ], [ -73.96286, 40.61256 ] ] ] } },
{ "type": "Feature", "properties": { "name": "Marine Park-Mill Basin-Bergen Beach" }, "geometry": { "type": "Polygon", "coordinates": [ [ [ -73.9172, 40.63175 ], [ -73.91747, 40.63151 ], [ -73.91747, 40.63119 ], [ -73.91732, 40.63101 ], [ -73.91669, 40.63075 ], [ -73.91659, 40.63046 ], [ -73.90396, 40.62484 ], [ -73.90386, 40.62495 ], [ -73.90546, 40.62578 ], [ -73.90533, 40.62587 ], [ -73.9054, 40.62578 ], [ -73.90321, 40.62467 ], [ -73.90313, 40.62475 ], [ -73.90321, 40.62465 ], [ -73.90307, 40.62471 ], [ -73.90313, 40.62463 ], [ -73.90263, 40.62438 ], [ -73.90255, 40.62445 ], [ -73.90263, 40.62436 ], [ -73.90313, 40.62461 ], [ -73.90327, 40.62449 ], [ -73.90269, 40.62422 ], [ -73.90283, 40.62406 ], [ -73.90272, 40.62406 ], [ -73.90242, 40.62447 ], [ -73.90229, 40.62442 ], [ -73.90241, 40.62445 ], [ -73.90272, 40.62403 ], [ -73.90263, 40.62398 ], [ -73.90275, 40.62399 ], [ -73.90264, 40.62393 ], [ -73.90285, 40.624 ], [ -73.90275, 40.62389 ], [ -73.90292, 40.62396 ], [ -73.90283, 40.62361 ], [ -73.90262, 40.62352 ], [ -73.90221, 40.62358 ], [ -73.9021, 40.62322 ], [ -73.90187, 40.62297 ], [ -73.90136, 40.62289 ], [ -73.90095, 40.62262 ], [ -73.9006, 40.62174 ], [ -73.90039, 40.62165 ], [ -73.90016, 40.62169 ], [ -73.90199, 40.62057 ], [ -73.8981, 40.61705 ], [ -73.89854, 40.61627 ], [ -73.89856, 40.61516 ], [ -73.89894, 40.61484 ], [ -73.90213, 40.61279 ], [ -73.90347, 40.61399 ], [ -73.90419, 40.61357 ], [ -73.90587, 40.61507 ], [ -73.90574, 40.61489 ], [ -73.90589, 40.61501 ], [ -73.906, 40.61493 ], [ -73.90603, 40.61496 ], [ -73.90588, 40.61509 ], [ -73.90696, 40.61612 ], [ -73.90717, 40.61602 ], [ -73.90674, 40.6163 ], [ -73.90681, 40.61637 ], [ -73.90726, 40.6161 ], [ -73.90708, 40.61623 ], [ -73.90723, 40.61636 ], [ -73.90744, 40.61627 ], [ -73.90702, 40.61654 ], [ -73.90711, 40.61662 ], [ -73.90753, 40.61635 ], [ -73.90724, 40.61656 ], [ -73.90748, 40.61672 ], [ -73.90759, 40.61664 ], [ -73.90768, 40.6167 ], [ -73.90755, 40.61679 ], [ -73.90762, 40.6169 ], [ -73.90792, 40.61691 ], [ -73.908, 40.61697 ], [ -73.908, 40.61718 ], [ -73.90825, 40.61719 ], [ -73.90839, 40.6174 ], [ -73.9086, 40.61727 ], [ -73.90879, 40.61744 ], [ -73.90887, 40.6174 ], [ -73.90863, 40.61718 ], [ -73.90884, 40.61732 ], [ -73.90907, 40.61717 ], [ -73.90836, 40.61654 ], [ -73.9088, 40.61688 ], [ -73.90914, 40.61664 ], [ -73.90914, 40.61654 ], [ -73.90811, 40.61568 ], [ -73.90797, 40.61575 ], [ -73.90816, 40.61561 ], [ -73.90812, 40.61566 ], [ -73.90918, 40.61653 ], [ -73.90917, 40.61665 ], [ -73.90882, 40.6169 ], [ -73.90896, 40.617 ], [ -73.90965, 40.61658 ], [ -73.9096, 40.6164 ], [ -73.90901, 40.61578 ], [ -73.90854, 40.61546 ], [ -73.90836, 40.61546 ], [ -73.90778, 40.61525 ], [ -73.90536, 40.61305 ], [ -73.90422, 40.61236 ], [ -73.90436, 40.61223 ], [ -73.90428, 40.61216 ], [ -73.90429, 40.61203 ], [ -73.90421, 40.61196 ], [ -73.90411, 40.61205 ], [ -73.90404, 40.61201 ], [ -73.90416, 40.61198 ], [ -73.90414, 40.6119 ], [ -73.90351, 40.61141 ], [ -73.90331, 40.61156 ], [ -73.9035, 40.6114 ], [ -73.90314, 40.61098 ], [ -73.90287, 40.61089 ], [ -73.90275, 40.61094 ], [ -73.90263, 40.61082 ], [ -73.90268, 40.61076 ], [ -73.90226, 40.61043 ], [ -73.90221, 40.60956 ], [ -73.90208, 40.60956 ], [ -73.90215, 40.60905 ], [ -73.90196, 40.60863 ], [ -73.90202, 40.60836 ], [ -73.90188, 40.60782 ], [ -73.9019, 40.60724 ], [ -73.90164, 40.60577 ], [ -73.90178, 40.60568 ], [ -73.9019, 40.60574 ], [ -73.90524, 40.60492 ], [ -73.90539, 40.60524 ], [ -73.90534, 40.60533 ], [ -73.90543, 40.60555 ], [ -73.90598, 40.60639 ], [ -73.90753, 40.60638 ], [ -73.9081, 40.60629 ], [ -73.90819, 40.60644 ], [ -73.90835, 40.6064 ], [ -73.90845, 40.60662 ], [ -73.90864, 40.60667 ], [ -73.90906, 40.60647 ], [ -73.90934, 40.60649 ], [ -73.90985, 40.60618 ], [ -73.90985, 40.60601 ], [ -73.90961, 40.60567 ], [ -73.90895, 40.60506 ], [ -73.90886, 40.60507 ], [ -73.90874, 40.60474 ], [ -73.90855, 40.60445 ], [ -73.90848, 40.60447 ], [ -73.90833, 40.60408 ], [ -73.91092, 40.60351 ], [ -73.91365, 40.60399 ], [ -73.91378, 40.60421 ], [ -73.91384, 40.60417 ], [ -73.91498, 40.60521 ], [ -73.91491, 40.60525 ], [ -73.91505, 40.60536 ], [ -73.9151, 40.60533 ], [ -73.91674, 40.60682 ], [ -73.91676, 40.60691 ], [ -73.91661, 40.6071 ], [ -73.91671, 40.60717 ], [ -73.91662, 40.60721 ], [ -73.91672, 40.60763 ], [ -73.91632, 40.60868 ], [ -73.91679, 40.60878 ], [ -73.91657, 40.60943 ], [ -73.91663, 40.60945 ], [ -73.91684, 40.60877 ], [ -73.91649, 40.60871 ], [ -73.91651, 40.60864 ], [ -73.91689, 40.60872 ], [ -73.91683, 40.60891 ], [ -73.917, 40.60894 ], [ -73.91709, 40.60883 ], [ -73.91703, 40.60898 ], [ -73.91682, 40.60894 ], [ -73.91666, 40.60944 ], [ -73.9168, 40.6095 ], [ -73.91664, 40.60955 ], [ -73.91667, 40.60947 ], [ -73.91657, 40.60945 ], [ -73.91639, 40.6101 ], [ -73.91628, 40.61012 ], [ -73.91606, 40.61044 ], [ -73.91617, 40.61052 ], [ -73.91492, 40.61127 ], [ -73.915, 40.61134 ], [ -73.91489, 40.6114 ], [ -73.91482, 40.61135 ], [ -73.9145, 40.61166 ], [ -73.91486, 40.61331 ], [ -73.91476, 40.61338 ], [ -73.91479, 40.61354 ], [ -73.91487, 40.6135 ], [ -73.91494, 40.61397 ], [ -73.91386, 40.61465 ], [ -73.91408, 40.6149 ], [ -73.91423, 40.61481 ], [ -73.91411, 40.61491 ], [ -73.91428, 40.61495 ], [ -73.9145, 40.61487 ], [ -73.91467, 40.61468 ], [ -73.91478, 40.61469 ], [ -73.91642, 40.61358 ], [ -73.91592, 40.61385 ], [ -73.91573, 40.61363 ], [ -73.91577, 40.61355 ], [ -73.91575, 40.61363 ], [ -73.91597, 40.61382 ], [ -73.91625, 40.61363 ], [ -73.91589, 40.61334 ], [ -73.91575, 40.61339 ], [ -73.91597, 40.61324 ], [ -73.91589, 40.61332 ], [ -73.91627, 40.61361 ], [ -73.9164, 40.61346 ], [ -73.91599, 40.61289 ], [ -73.91587, 40.61292 ], [ -73.916, 40.61287 ], [ -73.9165, 40.61353 ], [ -73.91663, 40.61345 ], [ -73.91573, 40.61184 ], [ -73.91675, 40.61119 ], [ -73.91659, 40.6111 ], [ -73.91672, 40.61105 ], [ -73.91667, 40.61101 ], [ -73.91683, 40.61113 ], [ -73.91811, 40.61022 ], [ -73.9181, 40.61013 ], [ -73.91773, 40.60979 ], [ -73.91787, 40.60934 ], [ -73.91768, 40.60967 ], [ -73.91796, 40.60879 ], [ -73.91782, 40.60931 ], [ -73.91788, 40.60932 ], [ -73.91802, 40.60886 ], [ -73.91856, 40.60851 ], [ -73.9181, 40.6081 ], [ -73.91801, 40.60816 ], [ -73.91819, 40.60803 ], [ -73.91812, 40.60809 ], [ -73.91857, 40.6085 ], [ -73.91901, 40.60828 ], [ -73.91825, 40.6076 ], [ -73.91814, 40.60765 ], [ -73.91836, 40.60751 ], [ -73.91841, 40.60755 ], [ -73.91831, 40.60762 ], [ -73.91902, 40.60827 ], [ -73.91936, 40.60805 ], [ -73.91838, 40.60718 ], [ -73.91825, 40.60724 ], [ -73.9185, 40.60708 ], [ -73.9184, 40.60716 ], [ -73.91937, 40.60804 ], [ -73.91951, 40.60798 ], [ -73.91952, 40.60775 ], [ -73.91924, 40.60739 ], [ -73.91869, 40.60697 ], [ -73.91858, 40.60678 ], [ -73.91795, 40.60622 ], [ -73.91853, 40.60612 ], [ -73.91971, 40.60731 ], [ -73.92066, 40.60676 ], [ -73.92159, 40.60765 ], [ -73.92444, 40.6058 ], [ -73.92625, 40.60742 ], [ -73.92987, 40.60508 ], [ -73.93351, 40.60835 ], [ -73.93423, 40.60791 ], [ -73.93605, 40.60952 ], [ -73.93754, 40.60857 ], [ -73.93935, 40.6102 ], [ -73.94231, 40.60828 ], [ -73.94355, 40.60935 ], [ -73.94483, 40.61605 ], [ -73.94396, 40.61682 ], [ -73.94347, 40.61739 ], [ -73.94079, 40.61771 ], [ -73.93687, 40.62026 ], [ -73.93321, 40.61698 ], [ -73.93173, 40.61794 ], [ -73.9274, 40.61406 ], [ -73.9263, 40.6132 ], [ -73.9264, 40.61449 ], [ -73.92063, 40.61485 ], [ -73.92053, 40.61395 ], [ -73.9169, 40.61628 ], [ -73.9186, 40.63208 ], [ -73.9172, 40.63175 ] ] ] } },
{ "type": "Feature", "properties": { "name": "Marine Park-Plumb Island" }, "geometry": { "type": "MultiPolygon", "coordinates": [ [ [ [ -73.91566, 40.58623 ], [ -73.91445, 40.58625 ], [ -73.91383, 40.58604 ], [ -73.9135, 40.5861 ], [ -73.9131, 40.58596 ], [ -73.91259, 40.58557 ], [ -73.91259, 40.58523 ], [ -73.91248, 40.585 ], [ -73.91251, 40.58472 ], [ -73.91237, 40.58453 ], [ -73.91249, 40.58451 ], [ -73.91261, 40.58433 ], [ -73.91264, 40.58396 ], [ -73.91251, 40.58389 ], [ -73.91269, 40.58388 ], [ -73.91271, 40.58371 ], [ -73.91266, 40.58361 ], [ -73.91253, 40.58364 ], [ -73.91241, 40.5835 ], [ -73.91242, 40.5834 ], [ -73.91305, 40.58302 ], [ -73.91311, 40.58305 ], [ -73.91301, 40.58316 ], [ -73.91306, 40.58319 ], [ -73.91312, 40.58313 ], [ -73.91415, 40.58298 ], [ -73.91463, 40.58277 ], [ -73.9149, 40.58288 ], [ -73.91486, 40.58308 ], [ -73.91499, 40.58316 ], [ -73.91614, 40.58287 ], [ -73.91626, 40.58303 ], [ -73.91656, 40.58316 ], [ -73.91689, 40.58311 ], [ -73.91705, 40.58325 ], [ -73.91727, 40.58326 ], [ -73.9173, 40.5832 ], [ -73.91688, 40.58293 ], [ -73.91681, 40.58277 ], [ -73.91659, 40.58273 ], [ -73.91633, 40.58283 ], [ -73.91625, 40.58272 ], [ -73.91603, 40.58264 ], [ -73.91606, 40.58256 ], [ -73.91596, 40.58244 ], [ -73.91541, 40.58237 ], [ -73.9151, 40.58238 ], [ -73.91486, 40.5825 ], [ -73.91439, 40.58239 ], [ -73.91434, 40.58249 ], [ -73.91447, 40.58262 ], [ -73.91424, 40.58261 ], [ -73.91417, 40.58281 ], [ -73.91373, 40.58274 ], [ -73.91336, 40.58296 ], [ -73.91297, 40.58298 ], [ -73.91293, 40.58293 ], [ -73.91306, 40.58274 ], [ -73.913, 40.58271 ], [ -73.91286, 40.58302 ], [ -73.91269, 40.58297 ], [ -73.9125, 40.58309 ], [ -73.91222, 40.58297 ], [ -73.91249, 40.58289 ], [ -73.91191, 40.58297 ], [ -73.91152, 40.58275 ], [ -73.91129, 40.58232 ], [ -73.91129, 40.58218 ], [ -73.9115, 40.58183 ], [ -73.91298, 40.58175 ], [ -73.91371, 40.58164 ], [ -73.91444, 40.58172 ], [ -73.91506, 40.58155 ], [ -73.91649, 40.58177 ], [ -73.91766, 40.58211 ], [ -73.91814, 40.58215 ], [ -73.9198, 40.58266 ], [ -73.92221, 40.58326 ], [ -73.92322, 40.58345 ], [ -73.92444, 40.58357 ], [ -73.92558, 40.58352 ], [ -73.92562, 40.58346 ], [ -73.92713, 40.58359 ], [ -73.92963, 40.58341 ], [ -73.93067, 40.58317 ], [ -73.93089, 40.58294 ], [ -73.93073, 40.58285 ], [ -73.93074, 40.58277 ], [ -73.93096, 40.58274 ], [ -73.93172, 40.58282 ], [ -73.93184, 40.58295 ], [ -73.93178, 40.58305 ], [ -73.93186, 40.58309 ], [ -73.93204, 40.58424 ], [ -73.9301, 40.58451 ], [ -73.93019, 40.58509 ], [ -73.93127, 40.58544 ], [ -73.9314, 40.58609 ], [ -73.92722, 40.58479 ], [ -73.92712, 40.58489 ], [ -73.92682, 40.58484 ], [ -73.92583, 40.58496 ], [ -73.92531, 40.58465 ], [ -73.92503, 40.58472 ], [ -73.92455, 40.58462 ], [ -73.92345, 40.58483 ], [ -73.92272, 40.58468 ], [ -73.92119, 40.58466 ], [ -73.92101, 40.58458 ], [ -73.92073, 40.58468 ], [ -73.92001, 40.58467 ], [ -73.91958, 40.58492 ], [ -73.91884, 40.58505 ], [ -73.9189, 40.5851 ], [ -73.9188, 40.58523 ], [ -73.91842, 40.58538 ], [ -73.91825, 40.58543 ], [ -73.91824, 40.58532 ], [ -73.91813, 40.58545 ], [ -73.91767, 40.58562 ], [ -73.91714, 40.58569 ], [ -73.91698, 40.5859 ], [ -73.91595, 40.58615 ], [ -73.91579, 40.58613 ], [ -73.91566, 40.58623 ] ] ], [ [ [ -73.93351, 40.60835 ], [ -73.92987, 40.60508 ], [ -73.92625, 40.60742 ], [ -73.92444, 40.6058 ], [ -73.92159, 40.60765 ], [ -73.92066, 40.60676 ], [ -73.91971, 40.60731 ], [ -73.91828, 40.60586 ], [ -73.9009, 40.59016 ], [ -73.90099, 40.59011 ], [ -73.89384, 40.58367 ], [ -73.89156, 40.58173 ], [ -73.89148, 40.58177 ], [ -73.88924, 40.57978 ], [ -73.88813, 40.57874 ], [ -73.8877, 40.57807 ], [ -73.88882, 40.57813 ], [ -73.88904, 40.57809 ], [ -73.88938, 40.57785 ], [ -73.88976, 40.5778 ], [ -73.89119, 40.57788 ], [ -73.89208, 40.57748 ], [ -73.89351, 40.57718 ], [ -73.89455, 40.57685 ], [ -73.89553, 40.57678 ], [ -73.89595, 40.57803 ], [ -73.89651, 40.57902 ], [ -73.89676, 40.58126 ], [ -73.89658, 40.58236 ], [ -73.89675, 40.5832 ], [ -73.89722, 40.5841 ], [ -73.89727, 40.58433 ], [ -73.89816, 40.58536 ], [ -73.89794, 40.58589 ], [ -73.89828, 40.58653 ], [ -73.89826, 40.58679 ], [ -73.89892, 40.58755 ], [ -73.89966, 40.58711 ], [ -73.89973, 40.58717 ], [ -73.899, 40.58764 ], [ -73.89958, 40.588 ], [ -73.89981, 40.58802 ], [ -73.89991, 40.5878 ], [ -73.89988, 40.58798 ], [ -73.89994, 40.58799 ], [ -73.90001, 40.58783 ], [ -73.90031, 40.58774 ], [ -73.90036, 40.58781 ], [ -73.90116, 40.5875 ], [ -73.90111, 40.58743 ], [ -73.90122, 40.58739 ], [ -73.90116, 40.58744 ], [ -73.90121, 40.58751 ], [ -73.90034, 40.58784 ], [ -73.9003, 40.58777 ], [ -73.90003, 40.58788 ], [ -73.89995, 40.58805 ], [ -73.90031, 40.58811 ], [ -73.90088, 40.58806 ], [ -73.90133, 40.58788 ], [ -73.9021, 40.58736 ], [ -73.90286, 40.58737 ], [ -73.9034, 40.58724 ], [ -73.90359, 40.58707 ], [ -73.90409, 40.58703 ], [ -73.90426, 40.58692 ], [ -73.90487, 40.58708 ], [ -73.90588, 40.58751 ], [ -73.90582, 40.58765 ], [ -73.90589, 40.58789 ], [ -73.90652, 40.58803 ], [ -73.90686, 40.58789 ], [ -73.90713, 40.58754 ], [ -73.90696, 40.5874 ], [ -73.90649, 40.58735 ], [ -73.90634, 40.58714 ], [ -73.90644, 40.58704 ], [ -73.90811, 40.5868 ], [ -73.91089, 40.58596 ], [ -73.91153, 40.58611 ], [ -73.91188, 40.58637 ], [ -73.91197, 40.58671 ], [ -73.91193, 40.58708 ], [ -73.91175, 40.58728 ], [ -73.91205, 40.58817 ], [ -73.91206, 40.58875 ], [ -73.9116, 40.58992 ], [ -73.91144, 40.59109 ], [ -73.9117, 40.59166 ], [ -73.91171, 40.59214 ], [ -73.91195, 40.59256 ], [ -73.91187, 40.59285 ], [ -73.91196, 40.59303 ], [ -73.91192, 40.59319 ], [ -73.91204, 40.59335 ], [ -73.91199, 40.59354 ], [ -73.91207, 40.59385 ], [ -73.91203, 40.59438 ], [ -73.91246, 40.59508 ], [ -73.91251, 40.59541 ], [ -73.91312, 40.59588 ], [ -73.91355, 40.59673 ], [ -73.91427, 40.59726 ], [ -73.91455, 40.59773 ], [ -73.91507, 40.59801 ], [ -73.91511, 40.5986 ], [ -73.91548, 40.59883 ], [ -73.91574, 40.59921 ], [ -73.91701, 40.5996 ], [ -73.91762, 40.60001 ], [ -73.91794, 40.60009 ], [ -73.91813, 40.60038 ], [ -73.91865, 40.60069 ], [ -73.91898, 40.60068 ], [ -73.91915, 40.60076 ], [ -73.91987, 40.60086 ], [ -73.92085, 40.60147 ], [ -73.92171, 40.60175 ], [ -73.92216, 40.60171 ], [ -73.92297, 40.60111 ], [ -73.9233, 40.60075 ], [ -73.92326, 40.60037 ], [ -73.92361, 40.6002 ], [ -73.92394, 40.59972 ], [ -73.92426, 40.59965 ], [ -73.92466, 40.59973 ], [ -73.92533, 40.60008 ], [ -73.9257, 40.60039 ], [ -73.92627, 40.60065 ], [ -73.92721, 40.60128 ], [ -73.92746, 40.60158 ], [ -73.92778, 40.60173 ], [ -73.928, 40.60194 ], [ -73.92853, 40.60222 ], [ -73.92884, 40.60213 ], [ -73.92888, 40.60244 ], [ -73.92954, 40.60276 ], [ -73.92964, 40.60309 ], [ -73.92947, 40.60336 ], [ -73.92909, 40.60366 ], [ -73.92909, 40.6038 ], [ -73.92921, 40.6039 ], [ -73.9295, 40.60393 ], [ -73.9297, 40.60375 ], [ -73.93, 40.60365 ], [ -73.93018, 40.60374 ], [ -73.93008, 40.60394 ], [ -73.93014, 40.60401 ], [ -73.93051, 40.60375 ], [ -73.93079, 40.60379 ], [ -73.93098, 40.60394 ], [ -73.93118, 40.60386 ], [ -73.93173, 40.60326 ], [ -73.93196, 40.60313 ], [ -73.93212, 40.60272 ], [ -73.93176, 40.6026 ], [ -73.93149, 40.60212 ], [ -73.93109, 40.60173 ], [ -73.93073, 40.6016 ], [ -73.93032, 40.6013 ], [ -73.93031, 40.60118 ], [ -73.93015, 40.60127 ], [ -73.92965, 40.60121 ], [ -73.92934, 40.60098 ], [ -73.92941, 40.60077 ], [ -73.92928, 40.60081 ], [ -73.92937, 40.60066 ], [ -73.92923, 40.6005 ], [ -73.92865, 40.60039 ], [ -73.92859, 40.60062 ], [ -73.92839, 40.60053 ], [ -73.92844, 40.60042 ], [ -73.92838, 40.60036 ], [ -73.92785, 40.60032 ], [ -73.92773, 40.60015 ], [ -73.9276, 40.60016 ], [ -73.9272, 40.59992 ], [ -73.92724, 40.59985 ], [ -73.92694, 40.59959 ], [ -73.9265, 40.59937 ], [ -73.92632, 40.59914 ], [ -73.92505, 40.59829 ], [ -73.92474, 40.59792 ], [ -73.9229, 40.59646 ], [ -73.92255, 40.59611 ], [ -73.92221, 40.59547 ], [ -73.92178, 40.59504 ], [ -73.92032, 40.59473 ], [ -73.91904, 40.59377 ], [ -73.91868, 40.59334 ], [ -73.91823, 40.59315 ], [ -73.91783, 40.59283 ], [ -73.91756, 40.59238 ], [ -73.91682, 40.59174 ], [ -73.91641, 40.59115 ], [ -73.91565, 40.59067 ], [ -73.91488, 40.59032 ], [ -73.91489, 40.59016 ], [ -73.91507, 40.59009 ], [ -73.91455, 40.58955 ], [ -73.91465, 40.58913 ], [ -73.91455, 40.58886 ], [ -73.91462, 40.58876 ], [ -73.91485, 40.5886 ], [ -73.91559, 40.58833 ], [ -73.91645, 40.5878 ], [ -73.91726, 40.58749 ], [ -73.91776, 40.58708 ], [ -73.91809, 40.58658 ], [ -73.91819, 40.58662 ], [ -73.92957, 40.59683 ], [ -73.92813, 40.59779 ], [ -73.93355, 40.6027 ], [ -73.93426, 40.60224 ], [ -73.93973, 40.60714 ], [ -73.93605, 40.60952 ], [ -73.93423, 40.60791 ], [ -73.93351, 40.60835 ] ] ], [ [ [ -73.91998, 40.59956 ], [ -73.91967, 40.59953 ], [ -73.91916, 40.59962 ], [ -73.91893, 40.59956 ], [ -73.91889, 40.59947 ], [ -73.91866, 40.59948 ], [ -73.91844, 40.59917 ], [ -73.91706, 40.59848 ], [ -73.91627, 40.59817 ], [ -73.91619, 40.59781 ], [ -73.91602, 40.59752 ], [ -73.91582, 40.59739 ], [ -73.91584, 40.59732 ], [ -73.91554, 40.59709 ], [ -73.91508, 40.5965 ], [ -73.91442, 40.59605 ], [ -73.91382, 40.59505 ], [ -73.91338, 40.59473 ], [ -73.91326, 40.59435 ], [ -73.91306, 40.59408 ], [ -73.9131, 40.59349 ], [ -73.91321, 40.59332 ], [ -73.91316, 40.59268 ], [ -73.91326, 40.59224 ], [ -73.91319, 40.59211 ], [ -73.91295, 40.59206 ], [ -73.9144, 40.59152 ], [ -73.91525, 40.5916 ], [ -73.91605, 40.59221 ], [ -73.9161, 40.59233 ], [ -73.91601, 40.59244 ], [ -73.91637, 40.59276 ], [ -73.91644, 40.59314 ], [ -73.91705, 40.5939 ], [ -73.91788, 40.59473 ], [ -73.91838, 40.59499 ], [ -73.91853, 40.59517 ], [ -73.91875, 40.5952 ], [ -73.9188, 40.59534 ], [ -73.91899, 40.59536 ], [ -73.91901, 40.59545 ], [ -73.92007, 40.59604 ], [ -73.9202, 40.59619 ], [ -73.92037, 40.59621 ], [ -73.92058, 40.59637 ], [ -73.92083, 40.59634 ], [ -73.9209, 40.59662 ], [ -73.92182, 40.59734 ], [ -73.92176, 40.59745 ], [ -73.92187, 40.59781 ], [ -73.92209, 40.59815 ], [ -73.92221, 40.59817 ], [ -73.92227, 40.59839 ], [ -73.92213, 40.59867 ], [ -73.92163, 40.59907 ], [ -73.92089, 40.59944 ], [ -73.92085, 40.59955 ], [ -73.92031, 40.59953 ], [ -73.92024, 40.5996 ], [ -73.9199, 40.59962 ], [ -73.91998, 40.59956 ] ] ] ] } },
{ "type": "Feature", "properties": { "name": "Mariner's Harbor-Arlington-Graniteville" }, "geometry": { "type": "MultiPolygon", "coordinates": [ [ [ [ -74.17989, 40.64512 ], [ -74.17978, 40.64517 ], [ -74.17973, 40.64439 ], [ -74.17933, 40.64441 ], [ -74.17928, 40.64487 ], [ -74.17934, 40.64498 ], [ -74.17925, 40.64505 ], [ -74.17916, 40.64502 ], [ -74.17908, 40.64465 ], [ -74.17904, 40.6434 ], [ -74.17941, 40.64314 ], [ -74.17939, 40.64281 ], [ -74.1796, 40.64216 ], [ -74.17959, 40.64193 ], [ -74.17931, 40.64289 ], [ -74.17919, 40.643 ], [ -74.17904, 40.64296 ], [ -74.17879, 40.64251 ], [ -74.17864, 40.64258 ], [ -74.17848, 40.64253 ], [ -74.17826, 40.64214 ], [ -74.17834, 40.6426 ], [ -74.17811, 40.64254 ], [ -74.17793, 40.64263 ], [ -74.17781, 40.64261 ], [ -74.17769, 40.64296 ], [ -74.17721, 40.64313 ], [ -74.17715, 40.64302 ], [ -74.17706, 40.64307 ], [ -74.17683, 40.64287 ], [ -74.17671, 40.64243 ], [ -74.17668, 40.64248 ], [ -74.17636, 40.64234 ], [ -74.17669, 40.64256 ], [ -74.17667, 40.6434 ], [ -74.17598, 40.64347 ], [ -74.1756, 40.64332 ], [ -74.17549, 40.64347 ], [ -74.17559, 40.64379 ], [ -74.17549, 40.64392 ], [ -74.17547, 40.64413 ], [ -74.17571, 40.64458 ], [ -74.17569, 40.64472 ], [ -74.17556, 40.64462 ], [ -74.17547, 40.64465 ], [ -74.1753, 40.64508 ], [ -74.1749, 40.64515 ], [ -74.17459, 40.64503 ], [ -74.17437, 40.64514 ], [ -74.17406, 40.64503 ], [ -74.17294, 40.64421 ], [ -74.17288, 40.64402 ], [ -74.173, 40.64384 ], [ -74.173, 40.64359 ], [ -74.17285, 40.64346 ], [ -74.17272, 40.64351 ], [ -74.17245, 40.64343 ], [ -74.17236, 40.64326 ], [ -74.17255, 40.6432 ], [ -74.17249, 40.64316 ], [ -74.17272, 40.64296 ], [ -74.17257, 40.643 ], [ -74.17244, 40.64282 ], [ -74.17196, 40.64287 ], [ -74.17175, 40.6431 ], [ -74.17151, 40.64314 ], [ -74.17143, 40.64305 ], [ -74.17149, 40.64299 ], [ -74.17134, 40.64286 ], [ -74.17186, 40.64253 ], [ -74.17175, 40.64252 ], [ -74.17185, 40.64239 ], [ -74.17172, 40.64229 ], [ -74.17177, 40.64221 ], [ -74.17167, 40.64205 ], [ -74.17172, 40.64195 ], [ -74.17156, 40.64189 ], [ -74.17148, 40.64171 ], [ -74.17145, 40.64146 ], [ -74.17149, 40.64126 ], [ -74.1716, 40.64115 ], [ -74.17159, 40.64104 ], [ -74.17202, 40.641 ], [ -74.17251, 40.64069 ], [ -74.17294, 40.64059 ], [ -74.17299, 40.6405 ], [ -74.17246, 40.64068 ], [ -74.17203, 40.64096 ], [ -74.17157, 40.64102 ], [ -74.17157, 40.64116 ], [ -74.17146, 40.64122 ], [ -74.17139, 40.64143 ], [ -74.17138, 40.64209 ], [ -74.17105, 40.6426 ], [ -74.17099, 40.64258 ], [ -74.17128, 40.64212 ], [ -74.17121, 40.64208 ], [ -74.17119, 40.64175 ], [ -74.17029, 40.64178 ], [ -74.17008, 40.64209 ], [ -74.16915, 40.64188 ], [ -74.16907, 40.64214 ], [ -74.1684, 40.642 ], [ -74.16813, 40.64183 ], [ -74.16774, 40.64174 ], [ -74.16758, 40.64185 ], [ -74.16678, 40.64159 ], [ -74.16672, 40.64149 ], [ -74.16654, 40.64143 ], [ -74.16622, 40.64243 ], [ -74.1661, 40.64241 ], [ -74.16632, 40.64144 ], [ -74.1658, 40.64123 ], [ -74.16564, 40.64122 ], [ -74.16544, 40.64229 ], [ -74.16494, 40.64222 ], [ -74.16519, 40.64065 ], [ -74.16474, 40.6404 ], [ -74.16457, 40.64143 ], [ -74.16442, 40.64141 ], [ -74.1646, 40.64032 ], [ -74.16417, 40.64 ], [ -74.164, 40.64107 ], [ -74.16386, 40.64106 ], [ -74.16405, 40.63995 ], [ -74.16395, 40.63992 ], [ -74.16346, 40.63986 ], [ -74.16325, 40.64097 ], [ -74.16287, 40.64095 ], [ -74.16281, 40.64105 ], [ -74.16168, 40.64062 ], [ -74.16229, 40.63877 ], [ -74.16182, 40.63865 ], [ -74.16145, 40.63944 ], [ -74.1613, 40.6394 ], [ -74.16166, 40.63867 ], [ -74.16124, 40.6386 ], [ -74.16091, 40.63939 ], [ -74.16074, 40.63936 ], [ -74.16108, 40.63858 ], [ -74.16089, 40.63855 ], [ -74.16081, 40.63864 ], [ -74.16075, 40.63853 ], [ -74.16035, 40.63845 ], [ -74.15995, 40.63995 ], [ -74.15987, 40.63994 ], [ -74.16023, 40.63835 ], [ -74.16006, 40.63873 ], [ -74.15986, 40.63874 ], [ -74.15964, 40.63842 ], [ -74.15958, 40.638 ], [ -74.15923, 40.6378 ], [ -74.15906, 40.63805 ], [ -74.15901, 40.63883 ], [ -74.1589, 40.63882 ], [ -74.15893, 40.63827 ], [ -74.15865, 40.63826 ], [ -74.15864, 40.63814 ], [ -74.15815, 40.63812 ], [ -74.15815, 40.63798 ], [ -74.15789, 40.63797 ], [ -74.15784, 40.63888 ], [ -74.15774, 40.63889 ], [ -74.15778, 40.63797 ], [ -74.1561, 40.63795 ], [ -74.15612, 40.63754 ], [ -74.1557, 40.63753 ], [ -74.15569, 40.6378 ], [ -74.15483, 40.63773 ], [ -74.15476, 40.6392 ], [ -74.15469, 40.6392 ], [ -74.15478, 40.63773 ], [ -74.1546, 40.63735 ], [ -74.15425, 40.63718 ], [ -74.15342, 40.63728 ], [ -74.1528, 40.63714 ], [ -74.1527, 40.6372 ], [ -74.1527, 40.63765 ], [ -74.15222, 40.6377 ], [ -74.1523, 40.63828 ], [ -74.15214, 40.6383 ], [ -74.15205, 40.63768 ], [ -74.1512, 40.63774 ], [ -74.1514, 40.6394 ], [ -74.15125, 40.63942 ], [ -74.15113, 40.63851 ], [ -74.15056, 40.63857 ], [ -74.15039, 40.63835 ], [ -74.14997, 40.63816 ], [ -74.1498, 40.6379 ], [ -74.14968, 40.63753 ], [ -74.14945, 40.63741 ], [ -74.14931, 40.63753 ], [ -74.14945, 40.63789 ], [ -74.14942, 40.6383 ], [ -74.1492, 40.63868 ], [ -74.14888, 40.63871 ], [ -74.14856, 40.63745 ], [ -74.14852, 40.63756 ], [ -74.14878, 40.63888 ], [ -74.14761, 40.63905 ], [ -74.1475, 40.63892 ], [ -74.14602, 40.6391 ], [ -74.14606, 40.63924 ], [ -74.14519, 40.63939 ], [ -74.14467, 40.63931 ], [ -74.14403, 40.63891 ], [ -74.14386, 40.6389 ], [ -74.14375, 40.63897 ], [ -74.14384, 40.6391 ], [ -74.14382, 40.63922 ], [ -74.14357, 40.63924 ], [ -74.14336, 40.63972 ], [ -74.14313, 40.63969 ], [ -74.1436, 40.63852 ], [ -74.14478, 40.63796 ], [ -74.14683, 40.63139 ], [ -74.14753, 40.6294 ], [ -74.14622, 40.62912 ], [ -74.14609, 40.62892 ], [ -74.14594, 40.62783 ], [ -74.14544, 40.62789 ], [ -74.14558, 40.62658 ], [ -74.14639, 40.62421 ], [ -74.14713, 40.62287 ], [ -74.14816, 40.62148 ], [ -74.15144, 40.61814 ], [ -74.15199, 40.61749 ], [ -74.15246, 40.61655 ], [ -74.15369, 40.61236 ], [ -74.15731, 40.61518 ], [ -74.15898, 40.61638 ], [ -74.16171, 40.61809 ], [ -74.16313, 40.61886 ], [ -74.16563, 40.62003 ], [ -74.16812, 40.62106 ], [ -74.16986, 40.6214 ], [ -74.17266, 40.62177 ], [ -74.17365, 40.62208 ], [ -74.17466, 40.62252 ], [ -74.17573, 40.62324 ], [ -74.17767, 40.62507 ], [ -74.1793, 40.62638 ], [ -74.1818, 40.62785 ], [ -74.18408, 40.62905 ], [ -74.18607, 40.62996 ], [ -74.18658, 40.63018 ], [ -74.18676, 40.62998 ], [ -74.18988, 40.63137 ], [ -74.19621, 40.63469 ], [ -74.19603, 40.63489 ], [ -74.19603, 40.635 ], [ -74.19589, 40.63508 ], [ -74.19558, 40.63501 ], [ -74.19531, 40.63524 ], [ -74.19518, 40.63545 ], [ -74.1952, 40.63572 ], [ -74.1945, 40.63646 ], [ -74.19455, 40.63652 ], [ -74.19442, 40.63664 ], [ -74.19452, 40.63704 ], [ -74.1946, 40.6371 ], [ -74.19474, 40.63705 ], [ -74.19479, 40.63714 ], [ -74.19462, 40.6374 ], [ -74.19443, 40.63743 ], [ -74.19434, 40.63732 ], [ -74.19397, 40.63732 ], [ -74.19358, 40.63748 ], [ -74.19372, 40.63758 ], [ -74.18653, 40.6434 ], [ -74.18623, 40.6432 ], [ -74.1861, 40.64328 ], [ -74.18591, 40.64364 ], [ -74.18558, 40.64381 ], [ -74.18512, 40.64381 ], [ -74.18525, 40.64395 ], [ -74.18484, 40.64414 ], [ -74.18475, 40.64395 ], [ -74.18447, 40.64378 ], [ -74.18443, 40.64366 ], [ -74.18411, 40.64354 ], [ -74.18407, 40.64333 ], [ -74.18419, 40.64318 ], [ -74.18433, 40.64323 ], [ -74.18437, 40.64311 ], [ -74.18422, 40.64313 ], [ -74.18396, 40.6425 ], [ -74.18365, 40.64225 ], [ -74.18364, 40.6424 ], [ -74.18403, 40.64311 ], [ -74.18385, 40.64327 ], [ -74.18348, 40.64296 ], [ -74.18324, 40.64297 ], [ -74.18346, 40.64334 ], [ -74.18339, 40.6436 ], [ -74.1838, 40.64444 ], [ -74.18367, 40.64462 ], [ -74.18289, 40.64481 ], [ -74.18167, 40.64472 ], [ -74.18119, 40.64459 ], [ -74.18087, 40.64486 ], [ -74.18081, 40.64483 ], [ -74.18079, 40.64459 ], [ -74.18053, 40.64449 ], [ -74.18048, 40.64429 ], [ -74.18004, 40.6443 ], [ -74.18005, 40.64438 ], [ -74.17991, 40.64439 ], [ -74.17997, 40.64528 ], [ -74.1799, 40.64528 ], [ -74.17989, 40.64512 ] ] ], [ [ [ -74.15975, 40.64142 ], [ -74.16111, 40.64184 ], [ -74.16154, 40.64416 ], [ -74.1581, 40.64377 ], [ -74.15756, 40.64325 ], [ -74.15801, 40.64303 ], [ -74.1582, 40.6426 ], [ -74.15859, 40.64247 ], [ -74.15881, 40.64177 ], [ -74.1592, 40.64166 ], [ -74.15946, 40.64146 ], [ -74.15975, 40.64142 ] ] ] ] } },
{ "type": "Feature", "properties": { "name": "Maspeth" }, "geometry": { "type": "Polygon", "coordinates": [ [ [ -73.88852, 40.73454 ], [ -73.88806, 40.7301 ], [ -73.88756, 40.73021 ], [ -73.88724, 40.72894 ], [ -73.88721, 40.7262 ], [ -73.88713, 40.72615 ], [ -73.88708, 40.72465 ], [ -73.88618, 40.72462 ], [ -73.88259, 40.72509 ], [ -73.88164, 40.72389 ], [ -73.89116, 40.71947 ], [ -73.89424, 40.71793 ], [ -73.89458, 40.71839 ], [ -73.89286, 40.71922 ], [ -73.89474, 40.72159 ], [ -73.89428, 40.72178 ], [ -73.89497, 40.72283 ], [ -73.89427, 40.72315 ], [ -73.89451, 40.72314 ], [ -73.8957, 40.72342 ], [ -73.89583, 40.72391 ], [ -73.89835, 40.72312 ], [ -73.89903, 40.72387 ], [ -73.90011, 40.72332 ], [ -73.89982, 40.72125 ], [ -73.8974, 40.72156 ], [ -73.89737, 40.72047 ], [ -73.89775, 40.72037 ], [ -73.89784, 40.72048 ], [ -73.90009, 40.72019 ], [ -73.90063, 40.71977 ], [ -73.90034, 40.71868 ], [ -73.90034, 40.71803 ], [ -73.90006, 40.71805 ], [ -73.89985, 40.71838 ], [ -73.89835, 40.71921 ], [ -73.89727, 40.71816 ], [ -73.89882, 40.71738 ], [ -73.89902, 40.71739 ], [ -73.89793, 40.71679 ], [ -73.89759, 40.7165 ], [ -73.89554, 40.71381 ], [ -73.89507, 40.71249 ], [ -73.90608, 40.71291 ], [ -73.92404, 40.71402 ], [ -73.92406, 40.71412 ], [ -73.92368, 40.71409 ], [ -73.92412, 40.71515 ], [ -73.92367, 40.71554 ], [ -73.92279, 40.71581 ], [ -73.92233, 40.71608 ], [ -73.92064, 40.71578 ], [ -73.92057, 40.71601 ], [ -73.92224, 40.71639 ], [ -73.9228, 40.71754 ], [ -73.92347, 40.71814 ], [ -73.92365, 40.71862 ], [ -73.92394, 40.71905 ], [ -73.92397, 40.71972 ], [ -73.92384, 40.72016 ], [ -73.92423, 40.7209 ], [ -73.92417, 40.72117 ], [ -73.92425, 40.72144 ], [ -73.92465, 40.72185 ], [ -73.92493, 40.72198 ], [ -73.9252, 40.72246 ], [ -73.92509, 40.72248 ], [ -73.92458, 40.72347 ], [ -73.92442, 40.7236 ], [ -73.923, 40.72368 ], [ -73.92243, 40.72362 ], [ -73.92214, 40.72372 ], [ -73.92073, 40.72332 ], [ -73.92037, 40.72369 ], [ -73.92109, 40.72382 ], [ -73.92167, 40.72406 ], [ -73.92229, 40.72419 ], [ -73.92429, 40.7243 ], [ -73.92465, 40.7244 ], [ -73.92528, 40.72473 ], [ -73.92656, 40.72568 ], [ -73.92722, 40.72647 ], [ -73.92811, 40.72727 ], [ -73.92849, 40.72777 ], [ -73.92791, 40.72826 ], [ -73.92653, 40.72796 ], [ -73.92645, 40.72813 ], [ -73.9248, 40.72754 ], [ -73.92296, 40.72674 ], [ -73.92217, 40.7265 ], [ -73.92135, 40.72632 ], [ -73.91837, 40.72594 ], [ -73.91797, 40.72851 ], [ -73.91507, 40.72798 ], [ -73.91505, 40.72861 ], [ -73.91205, 40.72855 ], [ -73.91201, 40.72924 ], [ -73.91173, 40.72997 ], [ -73.91013, 40.72933 ], [ -73.90707, 40.72747 ], [ -73.90518, 40.72896 ], [ -73.90062, 40.73448 ], [ -73.90032, 40.73472 ], [ -73.89983, 40.73494 ], [ -73.89902, 40.73516 ], [ -73.89831, 40.7352 ], [ -73.89603, 40.73503 ], [ -73.89493, 40.73502 ], [ -73.89348, 40.73461 ], [ -73.89256, 40.73449 ], [ -73.8891, 40.7346 ], [ -73.88852, 40.73454 ] ] ] } },
{ "type": "Feature", "properties": { "name": "McGuire Fields" }, "geometry": { "type": "Polygon", "coordinates": [ [ [ -73.90419, 40.61357 ], [ -73.90347, 40.61399 ], [ -73.90213, 40.61279 ], [ -73.89894, 40.61484 ], [ -73.89856, 40.61516 ], [ -73.89854, 40.61627 ], [ -73.8981, 40.61705 ], [ -73.90199, 40.62057 ], [ -73.90016, 40.62169 ], [ -73.89986, 40.62178 ], [ -73.89812, 40.62186 ], [ -73.89745, 40.6217 ], [ -73.89705, 40.62169 ], [ -73.89644, 40.6214 ], [ -73.8963, 40.62108 ], [ -73.89629, 40.62074 ], [ -73.89622, 40.62085 ], [ -73.89607, 40.62051 ], [ -73.89573, 40.62025 ], [ -73.89578, 40.62003 ], [ -73.89562, 40.61981 ], [ -73.89572, 40.61954 ], [ -73.89561, 40.61936 ], [ -73.89585, 40.61915 ], [ -73.89608, 40.61839 ], [ -73.89645, 40.61808 ], [ -73.8964, 40.61791 ], [ -73.89649, 40.61784 ], [ -73.89645, 40.61775 ], [ -73.89655, 40.6177 ], [ -73.89664, 40.61736 ], [ -73.89663, 40.61714 ], [ -73.89646, 40.61678 ], [ -73.89651, 40.61637 ], [ -73.89646, 40.61614 ], [ -73.89617, 40.61601 ], [ -73.89625, 40.61587 ], [ -73.89617, 40.61583 ], [ -73.89617, 40.61566 ], [ -73.89608, 40.61562 ], [ -73.89599, 40.61528 ], [ -73.89574, 40.6149 ], [ -73.89581, 40.61482 ], [ -73.89598, 40.61488 ], [ -73.89603, 40.61481 ], [ -73.89586, 40.61453 ], [ -73.89559, 40.61445 ], [ -73.89556, 40.61436 ], [ -73.89542, 40.61442 ], [ -73.89428, 40.61389 ], [ -73.89315, 40.6139 ], [ -73.8925, 40.6138 ], [ -73.89134, 40.61326 ], [ -73.89096, 40.61284 ], [ -73.89105, 40.61252 ], [ -73.89121, 40.61244 ], [ -73.89142, 40.61213 ], [ -73.89167, 40.61206 ], [ -73.89174, 40.61214 ], [ -73.89183, 40.61204 ], [ -73.8921, 40.61197 ], [ -73.89209, 40.61207 ], [ -73.89215, 40.61208 ], [ -73.89275, 40.61174 ], [ -73.89312, 40.61177 ], [ -73.8937, 40.61152 ], [ -73.89393, 40.61154 ], [ -73.89404, 40.61144 ], [ -73.89397, 40.61122 ], [ -73.89358, 40.61117 ], [ -73.89355, 40.61101 ], [ -73.89291, 40.61122 ], [ -73.89263, 40.6114 ], [ -73.8919, 40.61154 ], [ -73.89163, 40.6118 ], [ -73.891, 40.61206 ], [ -73.89116, 40.61219 ], [ -73.89108, 40.61229 ], [ -73.89055, 40.61213 ], [ -73.88979, 40.61169 ], [ -73.8897, 40.61152 ], [ -73.88975, 40.61108 ], [ -73.89022, 40.61041 ], [ -73.89059, 40.61008 ], [ -73.89148, 40.60952 ], [ -73.89195, 40.60911 ], [ -73.89187, 40.60933 ], [ -73.89198, 40.60939 ], [ -73.89179, 40.6094 ], [ -73.89177, 40.60953 ], [ -73.89196, 40.60946 ], [ -73.89211, 40.60925 ], [ -73.89227, 40.60917 ], [ -73.89237, 40.60874 ], [ -73.89222, 40.60864 ], [ -73.89242, 40.60857 ], [ -73.89232, 40.6085 ], [ -73.89217, 40.60855 ], [ -73.89229, 40.60825 ], [ -73.89248, 40.60816 ], [ -73.89254, 40.60775 ], [ -73.89273, 40.60724 ], [ -73.89311, 40.60706 ], [ -73.89335, 40.60675 ], [ -73.89427, 40.60645 ], [ -73.89486, 40.60641 ], [ -73.89591, 40.60585 ], [ -73.89673, 40.60564 ], [ -73.89811, 40.60545 ], [ -73.89834, 40.60531 ], [ -73.8985, 40.6053 ], [ -73.89948, 40.60562 ], [ -73.8997, 40.60556 ], [ -73.90017, 40.60563 ], [ -73.9006, 40.60625 ], [ -73.90078, 40.60638 ], [ -73.90106, 40.60694 ], [ -73.90109, 40.60712 ], [ -73.90078, 40.60755 ], [ -73.90062, 40.60862 ], [ -73.90063, 40.60925 ], [ -73.90039, 40.60954 ], [ -73.90028, 40.61008 ], [ -73.90055, 40.61025 ], [ -73.90055, 40.61045 ], [ -73.90111, 40.61083 ], [ -73.90118, 40.61099 ], [ -73.90141, 40.6111 ], [ -73.90149, 40.61133 ], [ -73.90136, 40.61143 ], [ -73.90137, 40.61171 ], [ -73.90164, 40.61186 ], [ -73.902, 40.61175 ], [ -73.90229, 40.61197 ], [ -73.9025, 40.61182 ], [ -73.90119, 40.61057 ], [ -73.90133, 40.61049 ], [ -73.90125, 40.61059 ], [ -73.90254, 40.61183 ], [ -73.90265, 40.61179 ], [ -73.90236, 40.61199 ], [ -73.90241, 40.61202 ], [ -73.90272, 40.61183 ], [ -73.90264, 40.61191 ], [ -73.90293, 40.61217 ], [ -73.90305, 40.6121 ], [ -73.90292, 40.61219 ], [ -73.90263, 40.61193 ], [ -73.90242, 40.61204 ], [ -73.90419, 40.61357 ] ] ] } },
{ "type": "Feature", "properties": { "name": "Melrose" }, "geometry": { "type": "Polygon", "coordinates": [ [ [ -73.90129, 40.82048 ], [ -73.90301, 40.81633 ], [ -73.90447, 40.81229 ], [ -73.91095, 40.81363 ], [ -73.91496, 40.81494 ], [ -73.91765, 40.81607 ], [ -73.92048, 40.81457 ], [ -73.92131, 40.81549 ], [ -73.92159, 40.81556 ], [ -73.92125, 40.81623 ], [ -73.92309, 40.81671 ], [ -73.924, 40.81545 ], [ -73.92663, 40.81613 ], [ -73.92622, 40.81677 ], [ -73.92519, 40.81802 ], [ -73.92403, 40.81929 ], [ -73.92265, 40.8205 ], [ -73.9204, 40.82207 ], [ -73.91678, 40.8244 ], [ -73.91588, 40.82411 ], [ -73.91622, 40.82348 ], [ -73.91189, 40.82215 ], [ -73.91182, 40.82204 ], [ -73.90991, 40.82256 ], [ -73.90129, 40.82048 ] ] ] } },
{ "type": "Feature", "properties": { "name": "Middle Village" }, "geometry": { "type": "Polygon", "coordinates": [ [ [ -73.86548, 40.72029 ], [ -73.86717, 40.71965 ], [ -73.87053, 40.71817 ], [ -73.87239, 40.71784 ], [ -73.87209, 40.716 ], [ -73.8717, 40.71427 ], [ -73.87155, 40.71261 ], [ -73.87032, 40.70991 ], [ -73.87018, 40.70924 ], [ -73.86911, 40.7071 ], [ -73.87154, 40.70705 ], [ -73.88088, 40.70646 ], [ -73.88086, 40.70659 ], [ -73.87761, 40.70718 ], [ -73.87873, 40.71004 ], [ -73.87926, 40.70991 ], [ -73.87944, 40.71029 ], [ -73.87908, 40.71037 ], [ -73.88006, 40.71266 ], [ -73.88508, 40.71217 ], [ -73.88688, 40.71223 ], [ -73.88685, 40.71254 ], [ -73.88774, 40.71364 ], [ -73.88712, 40.71377 ], [ -73.88722, 40.71407 ], [ -73.88718, 40.71476 ], [ -73.88727, 40.71501 ], [ -73.88844, 40.71644 ], [ -73.89064, 40.71882 ], [ -73.89065, 40.71857 ], [ -73.8914, 40.71784 ], [ -73.89165, 40.71775 ], [ -73.8927, 40.71668 ], [ -73.89264, 40.7166 ], [ -73.89302, 40.71616 ], [ -73.89424, 40.71793 ], [ -73.89116, 40.71947 ], [ -73.88164, 40.72389 ], [ -73.88259, 40.72509 ], [ -73.88618, 40.72462 ], [ -73.88708, 40.72465 ], [ -73.88713, 40.72615 ], [ -73.88721, 40.7262 ], [ -73.88721, 40.72788 ], [ -73.88639, 40.72816 ], [ -73.88528, 40.72842 ], [ -73.8814, 40.72874 ], [ -73.88039, 40.72891 ], [ -73.87972, 40.7291 ], [ -73.87664, 40.73031 ], [ -73.87524, 40.73073 ], [ -73.87146, 40.72933 ], [ -73.87085, 40.72749 ], [ -73.86929, 40.72444 ], [ -73.86548, 40.72029 ] ] ] } },
{ "type": "Feature", "properties": { "name": "Middle Village Cemetery" }, "geometry": { "type": "Polygon", "coordinates": [ [ [ -73.88088, 40.70646 ], [ -73.88377, 40.7063 ], [ -73.88553, 40.70645 ], [ -73.8893, 40.70791 ], [ -73.88938, 40.70856 ], [ -73.88822, 40.70891 ], [ -73.88862, 40.70968 ], [ -73.88785, 40.7099 ], [ -73.88813, 40.71035 ], [ -73.88731, 40.71057 ], [ -73.88842, 40.71228 ], [ -73.88508, 40.71217 ], [ -73.88006, 40.71266 ], [ -73.87908, 40.71037 ], [ -73.87944, 40.71029 ], [ -73.87926, 40.70991 ], [ -73.87873, 40.71004 ], [ -73.87761, 40.70718 ], [ -73.88086, 40.70659 ], [ -73.88088, 40.70646 ] ] ] } },
{ "type": "Feature", "properties": { "name": "Midtown South-Flatiron-Union Square" }, "geometry": { "type": "Polygon", "coordinates": [ [ [ -73.98085, 40.74776 ], [ -73.98988, 40.73542 ], [ -73.98995, 40.73507 ], [ -73.9899, 40.73444 ], [ -73.99684, 40.73737 ], [ -73.99142, 40.74481 ], [ -73.9971, 40.74721 ], [ -73.99347, 40.7522 ], [ -73.98777, 40.7498 ], [ -73.9873, 40.75046 ], [ -73.98085, 40.74776 ] ] ] } },
{ "type": "Feature", "properties": { "name": "Midtown-Times Square" }, "geometry": { "type": "Polygon", "coordinates": [ [ [ -73.98149, 40.76789 ], [ -73.9698, 40.76292 ], [ -73.97581, 40.75469 ], [ -73.97652, 40.75498 ], [ -73.97698, 40.75436 ], [ -73.97835, 40.75242 ], [ -73.97768, 40.75213 ], [ -73.98085, 40.74776 ], [ -73.9873, 40.75046 ], [ -73.98777, 40.7498 ], [ -73.99347, 40.7522 ], [ -73.98211, 40.76775 ], [ -73.98179, 40.76772 ], [ -73.98149, 40.76789 ] ] ] } },
{ "type": "Feature", "properties": { "name": "Midwood" }, "geometry": { "type": "Polygon", "coordinates": [ [ [ -73.95996, 40.62779 ], [ -73.94733, 40.62917 ], [ -73.94642, 40.62439 ], [ -73.94543, 40.6245 ], [ -73.94452, 40.61972 ], [ -73.94652, 40.6195 ], [ -73.94574, 40.61537 ], [ -73.94743, 40.61423 ], [ -73.95027, 40.61393 ], [ -73.94979, 40.61138 ], [ -73.95257, 40.611 ], [ -73.95259, 40.61112 ], [ -73.96239, 40.60999 ], [ -73.96608, 40.62955 ], [ -73.96041, 40.63017 ], [ -73.95996, 40.62779 ] ] ] } },
{ "type": "Feature", "properties": { "name": "Miller Field" }, "geometry": { "type": "Polygon", "coordinates": [ [ [ -74.08469, 40.57149 ], [ -74.08595, 40.57031 ], [ -74.08655, 40.56964 ], [ -74.08691, 40.56899 ], [ -74.08622, 40.56854 ], [ -74.08725, 40.56909 ], [ -74.08831, 40.56834 ], [ -74.0892, 40.56718 ], [ -74.08914, 40.56714 ], [ -74.08925, 40.56702 ], [ -74.08998, 40.56739 ], [ -74.09055, 40.56709 ], [ -74.09124, 40.56651 ], [ -74.09405, 40.56299 ], [ -74.094, 40.56281 ], [ -74.09407, 40.56274 ], [ -74.10661, 40.56879 ], [ -74.10874, 40.56992 ], [ -74.10638, 40.57223 ], [ -74.10604, 40.57207 ], [ -74.10524, 40.5731 ], [ -74.10471, 40.57401 ], [ -74.09387, 40.56842 ], [ -74.09277, 40.56795 ], [ -74.09275, 40.5681 ], [ -74.08946, 40.57169 ], [ -74.08854, 40.57257 ], [ -74.0877, 40.57307 ], [ -74.08598, 40.57225 ], [ -74.08469, 40.57149 ] ] ] } },
{ "type": "Feature", "properties": { "name": "Montefiore Cemetery" }, "geometry": { "type": "Polygon", "coordinates": [ [ [ -73.74747, 40.68933 ], [ -73.7376, 40.68637 ], [ -73.73744, 40.68671 ], [ -73.73396, 40.68565 ], [ -73.73453, 40.68578 ], [ -73.73411, 40.68551 ], [ -73.73396, 40.68527 ], [ -73.73424, 40.68535 ], [ -73.73581, 40.68246 ], [ -73.73965, 40.68361 ], [ -73.7395, 40.6839 ], [ -73.74047, 40.6842 ], [ -73.74095, 40.6833 ], [ -73.74802, 40.68543 ], [ -73.74809, 40.68529 ], [ -73.75002, 40.6859 ], [ -73.74877, 40.68743 ], [ -73.74747, 40.68933 ] ] ] } },
{ "type": "Feature", "properties": { "name": "Morningside Heights" }, "geometry": { "type": "Polygon", "coordinates": [ [ [ -73.9521, 40.81145 ], [ -73.95358, 40.80948 ], [ -73.95497, 40.81007 ], [ -73.95822, 40.80556 ], [ -73.95829, 40.80528 ], [ -73.9582, 40.8039 ], [ -73.95825, 40.80311 ], [ -73.95965, 40.80116 ], [ -73.9667, 40.80418 ], [ -73.97111, 40.8058 ], [ -73.96856, 40.80908 ], [ -73.9674, 40.81103 ], [ -73.96414, 40.81578 ], [ -73.96341, 40.81669 ], [ -73.96203, 40.81809 ], [ -73.95949, 40.81702 ], [ -73.95626, 40.8134 ], [ -73.95571, 40.81415 ], [ -73.95408, 40.81229 ], [ -73.9521, 40.81145 ] ] ] } },
{ "type": "Feature", "properties": { "name": "Morris Park" }, "geometry": { "type": "Polygon", "coordinates": [ [ [ -73.83682, 40.85729 ], [ -73.83691, 40.85719 ], [ -73.83691, 40.85702 ], [ -73.83668, 40.85666 ], [ -73.83524, 40.8565 ], [ -73.83843, 40.85548 ], [ -73.83942, 40.85497 ], [ -73.84057, 40.85414 ], [ -73.84149, 40.8532 ], [ -73.84494, 40.84823 ], [ -73.84505, 40.8492 ], [ -73.84489, 40.85021 ], [ -73.84535, 40.84946 ], [ -73.84537, 40.84872 ], [ -73.84578, 40.84797 ], [ -73.84657, 40.84708 ], [ -73.84789, 40.846 ], [ -73.84624, 40.8445 ], [ -73.84806, 40.84308 ], [ -73.85334, 40.84248 ], [ -73.8543, 40.84268 ], [ -73.85738, 40.84372 ], [ -73.85866, 40.84529 ], [ -73.86039, 40.84824 ], [ -73.86119, 40.84861 ], [ -73.86251, 40.84837 ], [ -73.86279, 40.84925 ], [ -73.86304, 40.85062 ], [ -73.86212, 40.85081 ], [ -73.86192, 40.85679 ], [ -73.86179, 40.85739 ], [ -73.86179, 40.85799 ], [ -73.85664, 40.85812 ], [ -73.84931, 40.85873 ], [ -73.8474, 40.85869 ], [ -73.8433, 40.8583 ], [ -73.83682, 40.85729 ] ] ] } },
{ "type": "Feature", "properties": { "name": "Morrisania" }, "geometry": { "type": "Polygon", "coordinates": [ [ [ -73.89697, 40.83435 ], [ -73.8963, 40.83355 ], [ -73.89647, 40.83306 ], [ -73.8969, 40.83104 ], [ -73.89717, 40.83038 ], [ -73.8967, 40.83042 ], [ -73.8964, 40.82877 ], [ -73.89549, 40.82826 ], [ -73.8998, 40.82769 ], [ -73.90094, 40.82794 ], [ -73.90165, 40.82627 ], [ -73.90051, 40.82602 ], [ -73.90199, 40.82245 ], [ -73.90061, 40.82212 ], [ -73.90129, 40.82048 ], [ -73.90991, 40.82256 ], [ -73.91182, 40.82204 ], [ -73.91189, 40.82215 ], [ -73.91622, 40.82348 ], [ -73.91588, 40.82411 ], [ -73.91678, 40.8244 ], [ -73.91609, 40.82485 ], [ -73.91662, 40.825 ], [ -73.91541, 40.82578 ], [ -73.91475, 40.82521 ], [ -73.91351, 40.82481 ], [ -73.91317, 40.82546 ], [ -73.91131, 40.82486 ], [ -73.9118, 40.82644 ], [ -73.9117, 40.82777 ], [ -73.91031, 40.82878 ], [ -73.90896, 40.83023 ], [ -73.90553, 40.82911 ], [ -73.90134, 40.83545 ], [ -73.90123, 40.83551 ], [ -73.90122, 40.83542 ], [ -73.89697, 40.83435 ] ] ] } },
{ "type": "Feature", "properties": { "name": "Mott Haven-Port Morris" }, "geometry": { "type": "Polygon", "coordinates": [ [ [ -73.92663, 40.81613 ], [ -73.924, 40.81545 ], [ -73.92309, 40.81671 ], [ -73.92125, 40.81623 ], [ -73.92159, 40.81556 ], [ -73.92131, 40.81549 ], [ -73.92048, 40.81457 ], [ -73.91765, 40.81607 ], [ -73.91496, 40.81494 ], [ -73.91095, 40.81363 ], [ -73.90447, 40.81229 ], [ -73.90342, 40.81152 ], [ -73.90303, 40.80968 ], [ -73.90219, 40.80483 ], [ -73.90229, 40.80457 ], [ -73.90245, 40.80443 ], [ -73.90252, 40.80447 ], [ -73.90276, 40.80434 ], [ -73.90321, 40.80391 ], [ -73.90377, 40.80376 ], [ -73.90453, 40.80318 ], [ -73.90552, 40.80203 ], [ -73.90602, 40.80156 ], [ -73.90621, 40.8015 ], [ -73.90682, 40.8009 ], [ -73.9067, 40.80083 ], [ -73.90747, 40.80001 ], [ -73.90794, 40.79964 ], [ -73.90802, 40.79964 ], [ -73.90818, 40.7994 ], [ -73.90838, 40.7995 ], [ -73.90855, 40.79932 ], [ -73.90826, 40.7991 ], [ -73.9083, 40.79897 ], [ -73.90964, 40.79795 ], [ -73.90995, 40.79784 ], [ -73.91014, 40.7976 ], [ -73.91089, 40.79703 ], [ -73.91169, 40.79663 ], [ -73.91372, 40.7968 ], [ -73.91903, 40.79899 ], [ -73.92024, 40.79962 ], [ -73.92078, 40.80028 ], [ -73.92133, 40.80129 ], [ -73.92204, 40.80189 ], [ -73.92293, 40.80238 ], [ -73.92359, 40.80252 ], [ -73.92423, 40.80255 ], [ -73.92666, 40.80242 ], [ -73.92763, 40.8027 ], [ -73.92731, 40.80322 ], [ -73.92744, 40.80329 ], [ -73.92728, 40.80352 ], [ -73.92765, 40.804 ], [ -73.92811, 40.80402 ], [ -73.92834, 40.80425 ], [ -73.92873, 40.80411 ], [ -73.93054, 40.80648 ], [ -73.93052, 40.8066 ], [ -73.93116, 40.80714 ], [ -73.93189, 40.8079 ], [ -73.93228, 40.80837 ], [ -73.93253, 40.80883 ], [ -73.93264, 40.80939 ], [ -73.9326, 40.81006 ], [ -73.93287, 40.81013 ], [ -73.93288, 40.81042 ], [ -73.93269, 40.81059 ], [ -73.93268, 40.81081 ], [ -73.93257, 40.81089 ], [ -73.93263, 40.81191 ], [ -73.93242, 40.81416 ], [ -73.93215, 40.81413 ], [ -73.93129, 40.81379 ], [ -73.93131, 40.81371 ], [ -73.93028, 40.81326 ], [ -73.92921, 40.81439 ], [ -73.92897, 40.81484 ], [ -73.92886, 40.81489 ], [ -73.92732, 40.81857 ], [ -73.92519, 40.81802 ], [ -73.92622, 40.81677 ], [ -73.92663, 40.81613 ] ] ] } },
{ "type": "Feature", "properties": { "name": "Mount Eden-Claremont (West)" }, "geometry": { "type": "Polygon", "coordinates": [ [ [ -73.90484, 40.84476 ], [ -73.90502, 40.84241 ], [ -73.90515, 40.84256 ], [ -73.90596, 40.84264 ], [ -73.90866, 40.84273 ], [ -73.90863, 40.84303 ], [ -73.90954, 40.84307 ], [ -73.90963, 40.84212 ], [ -73.90899, 40.8397 ], [ -73.90888, 40.83891 ], [ -73.90891, 40.83838 ], [ -73.9091, 40.83774 ], [ -73.90932, 40.83734 ], [ -73.90964, 40.83713 ], [ -73.90916, 40.83697 ], [ -73.90794, 40.83724 ], [ -73.90748, 40.83774 ], [ -73.90672, 40.83836 ], [ -73.90571, 40.83973 ], [ -73.90539, 40.83978 ], [ -73.90598, 40.83851 ], [ -73.9074, 40.83624 ], [ -73.90869, 40.83395 ], [ -73.91379, 40.83561 ], [ -73.91587, 40.8364 ], [ -73.91648, 40.83579 ], [ -73.92048, 40.83715 ], [ -73.92002, 40.83766 ], [ -73.92237, 40.83612 ], [ -73.92225, 40.83786 ], [ -73.92145, 40.83925 ], [ -73.92132, 40.83982 ], [ -73.92141, 40.84021 ], [ -73.92244, 40.84183 ], [ -73.92282, 40.84276 ], [ -73.92276, 40.84286 ], [ -73.92286, 40.84365 ], [ -73.92273, 40.84424 ], [ -73.92286, 40.84427 ], [ -73.92265, 40.84475 ], [ -73.91733, 40.84507 ], [ -73.91338, 40.84515 ], [ -73.91085, 40.8451 ], [ -73.90484, 40.84476 ] ] ] } },
{ "type": "Feature", "properties": { "name": "Mount Hebron & Cedar Grove Cemeteries" }, "geometry": { "type": "Polygon", "coordinates": [ [ [ -73.82481, 40.73964 ], [ -73.82488, 40.73958 ], [ -73.82539, 40.73406 ], [ -73.82546, 40.73365 ], [ -73.82553, 40.73364 ], [ -73.82567, 40.73229 ], [ -73.83386, 40.73056 ], [ -73.83401, 40.73158 ], [ -73.83448, 40.73217 ], [ -73.8349, 40.73298 ], [ -73.83585, 40.73384 ], [ -73.83605, 40.73427 ], [ -73.83561, 40.73514 ], [ -73.8354, 40.73692 ], [ -73.83565, 40.7385 ], [ -73.83628, 40.73958 ], [ -73.83663, 40.73937 ], [ -73.83675, 40.73973 ], [ -73.83711, 40.7414 ], [ -73.83699, 40.7421 ], [ -73.8361, 40.74244 ], [ -73.83586, 40.74324 ], [ -73.83297, 40.7426 ], [ -73.83116, 40.74235 ], [ -73.83134, 40.73918 ], [ -73.83091, 40.73914 ], [ -73.831, 40.73857 ], [ -73.83114, 40.73857 ], [ -73.83054, 40.73753 ], [ -73.82947, 40.73703 ], [ -73.82809, 40.73709 ], [ -73.82795, 40.73783 ], [ -73.82797, 40.73851 ], [ -73.82701, 40.73858 ], [ -73.82598, 40.73901 ], [ -73.82556, 40.73946 ], [ -73.82498, 40.73945 ], [ -73.82495, 40.73958 ], [ -73.82481, 40.73964 ] ] ] } },
{ "type": "Feature", "properties": { "name": "Mount Hope" }, "geometry": { "type": "Polygon", "coordinates": [ [ [ -73.8971, 40.85518 ], [ -73.89561, 40.85458 ], [ -73.90132, 40.84448 ], [ -73.90483, 40.84485 ], [ -73.90484, 40.84476 ], [ -73.91085, 40.8451 ], [ -73.91419, 40.84514 ], [ -73.91058, 40.85019 ], [ -73.90922, 40.85181 ], [ -73.90557, 40.8558 ], [ -73.90397, 40.85497 ], [ -73.90186, 40.85459 ], [ -73.90078, 40.85606 ], [ -73.89817, 40.85515 ], [ -73.89864, 40.85392 ], [ -73.89831, 40.85407 ], [ -73.8971, 40.85518 ] ] ] } },
{ "type": "Feature", "properties": { "name": "Mount Olivet & All Faiths Cemeteries" }, "geometry": { "type": "Polygon", "coordinates": [ [ [ -73.89458, 40.71839 ], [ -73.89302, 40.71616 ], [ -73.89264, 40.7166 ], [ -73.8927, 40.71668 ], [ -73.89165, 40.71775 ], [ -73.8914, 40.71784 ], [ -73.89065, 40.71857 ], [ -73.89064, 40.71882 ], [ -73.88844, 40.71644 ], [ -73.88727, 40.71501 ], [ -73.88718, 40.71476 ], [ -73.88722, 40.71407 ], [ -73.88712, 40.71377 ], [ -73.88774, 40.71364 ], [ -73.88685, 40.71254 ], [ -73.88688, 40.71223 ], [ -73.89507, 40.71249 ], [ -73.89554, 40.71381 ], [ -73.89759, 40.7165 ], [ -73.89793, 40.71679 ], [ -73.89902, 40.71739 ], [ -73.89882, 40.71738 ], [ -73.89727, 40.71816 ], [ -73.89835, 40.71921 ], [ -73.89985, 40.71838 ], [ -73.90006, 40.71805 ], [ -73.90034, 40.71803 ], [ -73.90034, 40.71868 ], [ -73.90063, 40.71977 ], [ -73.90009, 40.72019 ], [ -73.89784, 40.72048 ], [ -73.89775, 40.72037 ], [ -73.89737, 40.72047 ], [ -73.8974, 40.72156 ], [ -73.89982, 40.72125 ], [ -73.90011, 40.72332 ], [ -73.89903, 40.72387 ], [ -73.89835, 40.72312 ], [ -73.89583, 40.72391 ], [ -73.8957, 40.72342 ], [ -73.89451, 40.72314 ], [ -73.89427, 40.72315 ], [ -73.89497, 40.72283 ], [ -73.89428, 40.72178 ], [ -73.89474, 40.72159 ], [ -73.89286, 40.71922 ], [ -73.89458, 40.71839 ] ] ] } },
{ "type": "Feature", "properties": { "name": "Murray Hill-Broadway Flushing" }, "geometry": { "type": "Polygon", "coordinates": [ [ [ -73.81486, 40.77649 ], [ -73.79853, 40.7752 ], [ -73.79742, 40.77402 ], [ -73.79566, 40.77304 ], [ -73.79522, 40.77268 ], [ -73.79318, 40.77041 ], [ -73.79396, 40.7647 ], [ -73.79303, 40.76463 ], [ -73.79344, 40.76161 ], [ -73.79344, 40.76077 ], [ -73.79076, 40.76099 ], [ -73.79032, 40.75783 ], [ -73.79403, 40.75774 ], [ -73.79493, 40.75781 ], [ -73.8003, 40.75971 ], [ -73.804, 40.76028 ], [ -73.80952, 40.76131 ], [ -73.81105, 40.76143 ], [ -73.82064, 40.75888 ], [ -73.82081, 40.75895 ], [ -73.82348, 40.76466 ], [ -73.82467, 40.77042 ], [ -73.82656, 40.77015 ], [ -73.82657, 40.77065 ], [ -73.82957, 40.77072 ], [ -73.83011, 40.77054 ], [ -73.83055, 40.77023 ], [ -73.83059, 40.77165 ], [ -73.83152, 40.77167 ], [ -73.8315, 40.7725 ], [ -73.83159, 40.77257 ], [ -73.83016, 40.77383 ], [ -73.82888, 40.77544 ], [ -73.82587, 40.78051 ], [ -73.82529, 40.78171 ], [ -73.82224, 40.7817 ], [ -73.82278, 40.78084 ], [ -73.82331, 40.77959 ], [ -73.81453, 40.7789 ], [ -73.81486, 40.77649 ] ] ] } },
{ "type": "Feature", "properties": { "name": "Murray Hill-Kips Bay" }, "geometry": { "type": "MultiPolygon", "coordinates": [ [ [ [ -73.96128, 40.73007 ], [ -73.96169, 40.73009 ], [ -73.96196, 40.72987 ], [ -73.96203, 40.72989 ], [ -73.96198, 40.72995 ], [ -73.96222, 40.72993 ], [ -73.96249, 40.72972 ], [ -73.96255, 40.72975 ], [ -73.96225, 40.72999 ], [ -73.96195, 40.73 ], [ -73.96171, 40.73013 ], [ -73.96129, 40.73017 ], [ -73.96128, 40.73007 ] ] ], [ [ [ -73.96329, 40.7315 ], [ -73.96171, 40.73157 ], [ -73.96168, 40.73149 ], [ -73.9632, 40.73143 ], [ -73.9632, 40.73136 ], [ -73.96356, 40.73134 ], [ -73.96355, 40.73127 ], [ -73.96366, 40.73126 ], [ -73.9637, 40.73144 ], [ -73.96359, 40.73147 ], [ -73.96357, 40.73138 ], [ -73.96328, 40.7314 ], [ -73.96329, 40.7315 ] ] ], [ [ [ -73.97445, 40.75077 ], [ -73.9735, 40.75207 ], [ -73.97126, 40.75113 ], [ -73.96891, 40.75012 ], [ -73.96955, 40.74921 ], [ -73.96999, 40.74888 ], [ -73.96846, 40.7483 ], [ -73.96791, 40.74798 ], [ -73.96837, 40.74744 ], [ -73.96823, 40.74738 ], [ -73.96894, 40.74653 ], [ -73.96988, 40.74545 ], [ -73.96998, 40.7455 ], [ -73.97079, 40.74441 ], [ -73.97094, 40.74448 ], [ -73.97112, 40.74421 ], [ -73.9707, 40.744 ], [ -73.97076, 40.74395 ], [ -73.97118, 40.74411 ], [ -73.97136, 40.74385 ], [ -73.97121, 40.74378 ], [ -73.97189, 40.74273 ], [ -73.97174, 40.74267 ], [ -73.97196, 40.74235 ], [ -73.97229, 40.74073 ], [ -73.97217, 40.74068 ], [ -73.97222, 40.74032 ], [ -73.97227, 40.74032 ], [ -73.97231, 40.74003 ], [ -73.97244, 40.74003 ], [ -73.97266, 40.73923 ], [ -73.97259, 40.73678 ], [ -73.97249, 40.73581 ], [ -73.97287, 40.73578 ], [ -73.97442, 40.73642 ], [ -73.97446, 40.7363 ], [ -73.97403, 40.73613 ], [ -73.97447, 40.73629 ], [ -73.97451, 40.73607 ], [ -73.97414, 40.73596 ], [ -73.97451, 40.73605 ], [ -73.97451, 40.73581 ], [ -73.97449, 40.73588 ], [ -73.97425, 40.73579 ], [ -73.97447, 40.73581 ], [ -73.97447, 40.73568 ], [ -73.97415, 40.73568 ], [ -73.97306, 40.73519 ], [ -73.97281, 40.73553 ], [ -73.97293, 40.73562 ], [ -73.97276, 40.73551 ], [ -73.973, 40.73519 ], [ -73.97284, 40.73521 ], [ -73.97295, 40.73507 ], [ -73.97297, 40.73517 ], [ -73.97304, 40.73514 ], [ -73.9733, 40.73525 ], [ -73.9733, 40.73505 ], [ -73.97355, 40.73495 ], [ -73.97475, 40.73543 ], [ -73.97496, 40.73538 ], [ -73.97522, 40.73542 ], [ -73.97834, 40.73673 ], [ -73.97854, 40.7369 ], [ -73.97805, 40.73756 ], [ -73.98267, 40.73951 ], [ -73.98086, 40.74198 ], [ -73.98408, 40.74333 ], [ -73.97768, 40.75213 ], [ -73.97445, 40.75077 ] ] ], [ [ [ -73.96057, 40.74404 ], [ -73.96067, 40.74406 ], [ -73.96065, 40.74414 ], [ -73.96052, 40.74411 ], [ -73.96057, 40.74404 ] ] ] ] } },
{ "type": "Feature", "properties": { "name": "New Dorp-Midland Beach" }, "geometry": { "type": "Polygon", "coordinates": [ [ [ -74.07602, 40.57825 ], [ -74.0764, 40.578 ], [ -74.0763, 40.57791 ], [ -74.07649, 40.57797 ], [ -74.07688, 40.57765 ], [ -74.07692, 40.57759 ], [ -74.07674, 40.57738 ], [ -74.07694, 40.57754 ], [ -74.07738, 40.57729 ], [ -74.07878, 40.57602 ], [ -74.07926, 40.57568 ], [ -74.07868, 40.57509 ], [ -74.07875, 40.57505 ], [ -74.07934, 40.57564 ], [ -74.08018, 40.57519 ], [ -74.08091, 40.5747 ], [ -74.08301, 40.57279 ], [ -74.08469, 40.57149 ], [ -74.08598, 40.57225 ], [ -74.0877, 40.57307 ], [ -74.08814, 40.57284 ], [ -74.08877, 40.57238 ], [ -74.08946, 40.57169 ], [ -74.09275, 40.5681 ], [ -74.09277, 40.56795 ], [ -74.09387, 40.56842 ], [ -74.10471, 40.57401 ], [ -74.10524, 40.5731 ], [ -74.10604, 40.57207 ], [ -74.10638, 40.57223 ], [ -74.10874, 40.56992 ], [ -74.10661, 40.56879 ], [ -74.09407, 40.56274 ], [ -74.09511, 40.56318 ], [ -74.09543, 40.56316 ], [ -74.09568, 40.56293 ], [ -74.09567, 40.56278 ], [ -74.09589, 40.56273 ], [ -74.09629, 40.56243 ], [ -74.09687, 40.56173 ], [ -74.09703, 40.56134 ], [ -74.09742, 40.56089 ], [ -74.09799, 40.55998 ], [ -74.0982, 40.55984 ], [ -74.09829, 40.55934 ], [ -74.09783, 40.55913 ], [ -74.09785, 40.55904 ], [ -74.09877, 40.55943 ], [ -74.09933, 40.55911 ], [ -74.0993, 40.55901 ], [ -74.09938, 40.55897 ], [ -74.09987, 40.5591 ], [ -74.1001, 40.55896 ], [ -74.10174, 40.55991 ], [ -74.10328, 40.56066 ], [ -74.10558, 40.562 ], [ -74.11014, 40.56432 ], [ -74.11376, 40.56651 ], [ -74.11636, 40.56392 ], [ -74.12309, 40.56797 ], [ -74.1249, 40.56896 ], [ -74.12314, 40.57012 ], [ -74.12217, 40.57095 ], [ -74.12145, 40.57178 ], [ -74.12136, 40.57283 ], [ -74.12183, 40.57423 ], [ -74.12185, 40.57466 ], [ -74.12154, 40.57516 ], [ -74.11979, 40.57582 ], [ -74.11911, 40.57617 ], [ -74.11849, 40.57664 ], [ -74.11745, 40.57785 ], [ -74.11702, 40.57822 ], [ -74.11594, 40.57839 ], [ -74.11562, 40.5785 ], [ -74.11367, 40.58032 ], [ -74.11307, 40.58078 ], [ -74.11128, 40.5818 ], [ -74.10988, 40.58236 ], [ -74.10925, 40.58269 ], [ -74.10791, 40.58369 ], [ -74.10526, 40.58593 ], [ -74.09844, 40.58125 ], [ -74.09262, 40.58595 ], [ -74.08912, 40.58415 ], [ -74.0885, 40.5848 ], [ -74.07833, 40.57954 ], [ -74.07602, 40.57825 ] ] ] } },
{ "type": "Feature", "properties": { "name": "New Springville-Willowbrook-Bulls Head-Travis" }, "geometry": { "type": "Polygon", "coordinates": [ [ [ -74.15731, 40.61518 ], [ -74.14999, 40.60955 ], [ -74.1487, 40.60884 ], [ -74.14723, 40.60827 ], [ -74.14751, 40.60607 ], [ -74.14714, 40.60559 ], [ -74.14648, 40.60523 ], [ -74.14303, 40.60376 ], [ -74.14203, 40.60338 ], [ -74.14046, 40.60308 ], [ -74.14002, 40.5986 ], [ -74.14272, 40.59491 ], [ -74.14542, 40.59148 ], [ -74.14552, 40.59121 ], [ -74.14593, 40.58794 ], [ -74.14632, 40.58608 ], [ -74.14762, 40.58503 ], [ -74.14728, 40.58502 ], [ -74.14786, 40.58453 ], [ -74.14813, 40.58445 ], [ -74.1509, 40.58217 ], [ -74.15138, 40.58137 ], [ -74.15231, 40.58059 ], [ -74.15253, 40.58063 ], [ -74.15316, 40.58018 ], [ -74.16983, 40.57084 ], [ -74.16997, 40.57293 ], [ -74.16962, 40.57844 ], [ -74.16842, 40.58659 ], [ -74.16796, 40.58831 ], [ -74.16764, 40.58891 ], [ -74.16579, 40.59072 ], [ -74.16342, 40.59245 ], [ -74.16347, 40.593 ], [ -74.1636, 40.59338 ], [ -74.16577, 40.59365 ], [ -74.16674, 40.59384 ], [ -74.16779, 40.59419 ], [ -74.16887, 40.59474 ], [ -74.16829, 40.59644 ], [ -74.1672, 40.60208 ], [ -74.17122, 40.60251 ], [ -74.17179, 40.60265 ], [ -74.17256, 40.60299 ], [ -74.17492, 40.60222 ], [ -74.17823, 40.59984 ], [ -74.17955, 40.59675 ], [ -74.18208, 40.59426 ], [ -74.18255, 40.59357 ], [ -74.18292, 40.59329 ], [ -74.18651, 40.58945 ], [ -74.18527, 40.58937 ], [ -74.18499, 40.58925 ], [ -74.18479, 40.58905 ], [ -74.18468, 40.58886 ], [ -74.18468, 40.58855 ], [ -74.1854, 40.5877 ], [ -74.18539, 40.58761 ], [ -74.18788, 40.58669 ], [ -74.19077, 40.58514 ], [ -74.19132, 40.58571 ], [ -74.19233, 40.58558 ], [ -74.19254, 40.58533 ], [ -74.19333, 40.58505 ], [ -74.19423, 40.58516 ], [ -74.19599, 40.58422 ], [ -74.19803, 40.58289 ], [ -74.19965, 40.58227 ], [ -74.20008, 40.58156 ], [ -74.19997, 40.58058 ], [ -74.20017, 40.58015 ], [ -74.20049, 40.57996 ], [ -74.20059, 40.57952 ], [ -74.20295, 40.58011 ], [ -74.20441, 40.58018 ], [ -74.2054, 40.57985 ], [ -74.20603, 40.57977 ], [ -74.20596, 40.58006 ], [ -74.20599, 40.58042 ], [ -74.20577, 40.58066 ], [ -74.20573, 40.58097 ], [ -74.20542, 40.58108 ], [ -74.20508, 40.58161 ], [ -74.20509, 40.58222 ], [ -74.20497, 40.58257 ], [ -74.20471, 40.58281 ], [ -74.20474, 40.58318 ], [ -74.20463, 40.58321 ], [ -74.2044, 40.58372 ], [ -74.20447, 40.58405 ], [ -74.20464, 40.58433 ], [ -74.20437, 40.58464 ], [ -74.20444, 40.58506 ], [ -74.20442, 40.58553 ], [ -74.20432, 40.58561 ], [ -74.20434, 40.58576 ], [ -74.20412, 40.5859 ], [ -74.20428, 40.58612 ], [ -74.2042, 40.58642 ], [ -74.20427, 40.58733 ], [ -74.20438, 40.58757 ], [ -74.20439, 40.58794 ], [ -74.20454, 40.588 ], [ -74.20458, 40.58823 ], [ -74.20427, 40.5885 ], [ -74.20412, 40.58886 ], [ -74.20421, 40.5891 ], [ -74.20432, 40.58914 ], [ -74.20458, 40.58873 ], [ -74.20471, 40.58878 ], [ -74.20444, 40.58923 ], [ -74.20465, 40.58929 ], [ -74.20441, 40.58971 ], [ -74.2042, 40.58965 ], [ -74.20386, 40.59026 ], [ -74.2037, 40.59021 ], [ -74.20394, 40.58982 ], [ -74.20389, 40.58979 ], [ -74.20266, 40.59073 ], [ -74.20237, 40.59066 ], [ -74.20202, 40.5909 ], [ -74.20247, 40.59085 ], [ -74.20305, 40.59115 ], [ -74.20296, 40.59124 ], [ -74.20246, 40.59096 ], [ -74.20203, 40.59101 ], [ -74.20213, 40.59126 ], [ -74.20188, 40.59143 ], [ -74.20185, 40.59166 ], [ -74.20201, 40.59179 ], [ -74.2023, 40.59148 ], [ -74.20232, 40.59153 ], [ -74.20093, 40.59287 ], [ -74.20075, 40.59276 ], [ -74.20046, 40.59283 ], [ -74.20033, 40.59311 ], [ -74.1997, 40.59362 ], [ -74.19936, 40.5941 ], [ -74.19948, 40.59433 ], [ -74.19873, 40.59502 ], [ -74.19856, 40.59556 ], [ -74.19801, 40.59627 ], [ -74.19795, 40.59648 ], [ -74.19764, 40.59678 ], [ -74.19752, 40.59681 ], [ -74.1975, 40.59773 ], [ -74.19739, 40.59781 ], [ -74.19731, 40.59807 ], [ -74.19742, 40.59821 ], [ -74.19744, 40.59847 ], [ -74.19876, 40.60172 ], [ -74.20015, 40.60369 ], [ -74.20139, 40.60465 ], [ -74.20222, 40.60598 ], [ -74.20282, 40.60828 ], [ -74.20267, 40.60984 ], [ -74.2023, 40.61188 ], [ -74.20245, 40.61329 ], [ -74.20045, 40.61634 ], [ -74.20059, 40.61704 ], [ -74.20083, 40.6171 ], [ -74.20092, 40.61781 ], [ -74.20088, 40.61811 ], [ -74.20078, 40.61812 ], [ -74.2007, 40.61799 ], [ -74.20054, 40.61801 ], [ -74.20044, 40.61808 ], [ -74.20035, 40.61835 ], [ -74.20052, 40.61864 ], [ -74.20084, 40.61881 ], [ -74.2007, 40.61896 ], [ -74.20068, 40.61918 ], [ -74.20097, 40.61978 ], [ -74.20104, 40.6201 ], [ -74.20099, 40.62033 ], [ -74.20107, 40.62039 ], [ -74.20078, 40.6204 ], [ -74.20051, 40.62031 ], [ -74.20043, 40.6205 ], [ -74.20053, 40.62058 ], [ -74.20087, 40.6206 ], [ -74.20112, 40.62108 ], [ -74.20126, 40.62156 ], [ -74.20143, 40.62162 ], [ -74.20131, 40.62167 ], [ -74.20123, 40.62208 ], [ -74.20133, 40.62252 ], [ -74.20128, 40.6227 ], [ -74.20155, 40.62271 ], [ -74.20163, 40.62313 ], [ -74.20159, 40.62351 ], [ -74.20135, 40.62356 ], [ -74.2014, 40.62374 ], [ -74.20108, 40.62409 ], [ -74.20115, 40.62448 ], [ -74.20098, 40.62537 ], [ -74.20106, 40.62557 ], [ -74.20106, 40.6259 ], [ -74.20118, 40.62612 ], [ -74.20122, 40.62606 ], [ -74.20142, 40.62608 ], [ -74.20099, 40.62935 ], [ -74.20081, 40.62934 ], [ -74.20076, 40.6296 ], [ -74.20048, 40.62967 ], [ -74.20043, 40.62983 ], [ -74.20041, 40.63026 ], [ -74.20078, 40.63026 ], [ -74.20079, 40.63036 ], [ -74.2004, 40.6303 ], [ -74.20019, 40.63134 ], [ -74.20043, 40.63137 ], [ -74.2004, 40.63147 ], [ -74.20017, 40.63137 ], [ -74.20002, 40.63163 ], [ -74.19862, 40.63275 ], [ -74.19844, 40.63279 ], [ -74.19817, 40.63272 ], [ -74.19803, 40.63278 ], [ -74.19798, 40.63282 ], [ -74.19803, 40.63304 ], [ -74.1979, 40.63295 ], [ -74.19773, 40.63307 ], [ -74.19735, 40.63301 ], [ -74.19679, 40.6334 ], [ -74.19674, 40.63352 ], [ -74.19688, 40.63377 ], [ -74.19651, 40.6339 ], [ -74.19631, 40.63406 ], [ -74.19618, 40.63439 ], [ -74.19621, 40.63469 ], [ -74.18988, 40.63137 ], [ -74.18676, 40.62998 ], [ -74.18658, 40.63018 ], [ -74.18582, 40.62985 ], [ -74.1836, 40.62881 ], [ -74.1818, 40.62785 ], [ -74.1793, 40.62638 ], [ -74.17767, 40.62507 ], [ -74.17573, 40.62324 ], [ -74.17466, 40.62252 ], [ -74.17365, 40.62208 ], [ -74.17266, 40.62177 ], [ -74.16986, 40.6214 ], [ -74.16812, 40.62106 ], [ -74.16563, 40.62003 ], [ -74.16313, 40.61886 ], [ -74.16171, 40.61809 ], [ -74.15898, 40.61638 ], [ -74.15731, 40.61518 ] ] ] } },
{ "type": "Feature", "properties": { "name": "North & South Brother Islands" }, "geometry": { "type": "MultiPolygon", "coordinates": [ [ [ [ -73.90818, 40.7994 ], [ -73.90813, 40.79944 ], [ -73.90796, 40.79929 ], [ -73.90803, 40.79925 ], [ -73.90842, 40.79945 ], [ -73.90838, 40.7995 ], [ -73.90818, 40.7994 ] ] ], [ [ [ -73.90766, 40.79943 ], [ -73.908, 40.79952 ], [ -73.9081, 40.79955 ], [ -73.90795, 40.79955 ], [ -73.90766, 40.79943 ] ] ], [ [ [ -73.90652, 40.80118 ], [ -73.90639, 40.8011 ], [ -73.90645, 40.80105 ], [ -73.90659, 40.80112 ], [ -73.90652, 40.80118 ] ] ], [ [ [ -73.90402, 40.80348 ], [ -73.9041, 40.80342 ], [ -73.90415, 40.80346 ], [ -73.90407, 40.80353 ], [ -73.90402, 40.80348 ] ] ], [ [ [ -73.90393, 40.80364 ], [ -73.90385, 40.80358 ], [ -73.90387, 40.80357 ], [ -73.90393, 40.80364 ] ] ], [ [ [ -73.90374, 40.80378 ], [ -73.90367, 40.80371 ], [ -73.90377, 40.80376 ], [ -73.90374, 40.80378 ] ] ], [ [ [ -73.89857, 40.79608 ], [ -73.89895, 40.79624 ], [ -73.8992, 40.79651 ], [ -73.89852, 40.79694 ], [ -73.89788, 40.79712 ], [ -73.89713, 40.79681 ], [ -73.89679, 40.79634 ], [ -73.89681, 40.79582 ], [ -73.89694, 40.79564 ], [ -73.89724, 40.79573 ], [ -73.89797, 40.79565 ], [ -73.89857, 40.79608 ] ] ], [ [ [ -73.89864, 40.79911 ], [ -73.90021, 40.79927 ], [ -73.89979, 40.79952 ], [ -73.89972, 40.80081 ], [ -73.90004, 40.80092 ], [ -73.89949, 40.80091 ], [ -73.89939, 40.80194 ], [ -73.89833, 40.80242 ], [ -73.89647, 40.8008 ], [ -73.89864, 40.79911 ] ] ], [ [ [ -73.90334, 40.80386 ], [ -73.90332, 40.80378 ], [ -73.90334, 40.80378 ], [ -73.90334, 40.80386 ] ] ], [ [ [ -73.90306, 40.80403 ], [ -73.903, 40.80393 ], [ -73.90309, 40.80401 ], [ -73.90306, 40.80403 ] ] ], [ [ [ -73.90271, 40.80417 ], [ -73.90291, 40.80415 ], [ -73.90288, 40.80417 ], [ -73.90271, 40.80417 ] ] ] ] } },
{ "type": "Feature", "properties": { "name": "North Corona" }, "geometry": { "type": "Polygon", "coordinates": [ [ [ -73.85221, 40.75267 ], [ -73.86112, 40.75003 ], [ -73.86943, 40.74917 ], [ -73.87084, 40.75155 ], [ -73.87366, 40.75681 ], [ -73.86568, 40.75764 ], [ -73.85856, 40.75792 ], [ -73.85464, 40.75847 ], [ -73.85408, 40.75767 ], [ -73.8536, 40.7567 ], [ -73.85262, 40.75341 ], [ -73.85221, 40.75267 ] ] ] } },
{ "type": "Feature", "properties": { "name": "Norwood" }, "geometry": { "type": "Polygon", "coordinates": [ [ [ -73.87084, 40.88046 ], [ -73.87015, 40.88036 ], [ -73.87161, 40.87693 ], [ -73.87255, 40.87518 ], [ -73.87519, 40.87158 ], [ -73.87619, 40.87049 ], [ -73.87694, 40.86996 ], [ -73.8831, 40.86661 ], [ -73.88363, 40.86727 ], [ -73.88147, 40.86858 ], [ -73.88256, 40.87247 ], [ -73.88319, 40.8734 ], [ -73.8834, 40.87395 ], [ -73.88346, 40.87606 ], [ -73.88528, 40.87923 ], [ -73.88568, 40.87888 ], [ -73.88595, 40.88052 ], [ -73.88717, 40.88258 ], [ -73.88705, 40.88436 ], [ -73.88663, 40.88428 ], [ -73.88422, 40.88321 ], [ -73.88368, 40.88317 ], [ -73.88275, 40.88341 ], [ -73.88125, 40.88272 ], [ -73.87815, 40.88688 ], [ -73.87804, 40.88713 ], [ -73.87783, 40.88678 ], [ -73.87761, 40.88453 ], [ -73.87773, 40.88346 ], [ -73.87813, 40.88216 ], [ -73.8747, 40.88156 ], [ -73.87479, 40.88008 ], [ -73.87495, 40.87996 ], [ -73.87192, 40.88025 ], [ -73.87187, 40.88034 ], [ -73.87084, 40.88046 ] ] ] } },
{ "type": "Feature", "properties": { "name": "Oakland Gardens-Hollis Hills" }, "geometry": { "type": "Polygon", "coordinates": [ [ [ -73.74029, 40.73852 ], [ -73.7416, 40.73692 ], [ -73.74306, 40.73549 ], [ -73.74674, 40.73259 ], [ -73.74962, 40.73001 ], [ -73.75067, 40.72919 ], [ -73.75264, 40.728 ], [ -73.75375, 40.72743 ], [ -73.75522, 40.72683 ], [ -73.75678, 40.72631 ], [ -73.75678, 40.72638 ], [ -73.75704, 40.72662 ], [ -73.75846, 40.72755 ], [ -73.76066, 40.72862 ], [ -73.76226, 40.72961 ], [ -73.76341, 40.73047 ], [ -73.76454, 40.73148 ], [ -73.76555, 40.73255 ], [ -73.7637, 40.73287 ], [ -73.76511, 40.73457 ], [ -73.76273, 40.73527 ], [ -73.76249, 40.73619 ], [ -73.76249, 40.73674 ], [ -73.7626, 40.7371 ], [ -73.76557, 40.74327 ], [ -73.76649, 40.74376 ], [ -73.76688, 40.7441 ], [ -73.76776, 40.74585 ], [ -73.7614, 40.74758 ], [ -73.76058, 40.74786 ], [ -73.75794, 40.74904 ], [ -73.75723, 40.74927 ], [ -73.75231, 40.75047 ], [ -73.75037, 40.75079 ], [ -73.75033, 40.75067 ], [ -73.74903, 40.75099 ], [ -73.74779, 40.75147 ], [ -73.74681, 40.75204 ], [ -73.74622, 40.75169 ], [ -73.74571, 40.75159 ], [ -73.7441, 40.74821 ], [ -73.74382, 40.74744 ], [ -73.74626, 40.74672 ], [ -73.74593, 40.74572 ], [ -73.74478, 40.74329 ], [ -73.74568, 40.74304 ], [ -73.74856, 40.74335 ], [ -73.75073, 40.74301 ], [ -73.75347, 40.74241 ], [ -73.75139, 40.7402 ], [ -73.75098, 40.74003 ], [ -73.75037, 40.73993 ], [ -73.74997, 40.73975 ], [ -73.74396, 40.7408 ], [ -73.7436, 40.73902 ], [ -73.74307, 40.73845 ], [ -73.74155, 40.73877 ], [ -73.74107, 40.73899 ], [ -73.7402, 40.73904 ], [ -73.74029, 40.73852 ] ] ] } },
{ "type": "Feature", "properties": { "name": "Oakwood-Richmondtown" }, "geometry": { "type": "Polygon", "coordinates": [ [ [ -74.12154, 40.57516 ], [ -74.12185, 40.57466 ], [ -74.12183, 40.57423 ], [ -74.12136, 40.57283 ], [ -74.12145, 40.57178 ], [ -74.12217, 40.57095 ], [ -74.12314, 40.57012 ], [ -74.1249, 40.56896 ], [ -74.12309, 40.56797 ], [ -74.11636, 40.56392 ], [ -74.11376, 40.56651 ], [ -74.11014, 40.56432 ], [ -74.10558, 40.562 ], [ -74.10328, 40.56066 ], [ -74.10174, 40.55991 ], [ -74.1001, 40.55896 ], [ -74.1008, 40.55833 ], [ -74.10125, 40.55767 ], [ -74.10185, 40.55623 ], [ -74.10184, 40.55595 ], [ -74.10138, 40.5557 ], [ -74.10141, 40.55555 ], [ -74.10265, 40.55614 ], [ -74.1031, 40.55591 ], [ -74.10386, 40.55513 ], [ -74.10466, 40.55413 ], [ -74.10509, 40.55324 ], [ -74.10485, 40.55303 ], [ -74.10643, 40.55386 ], [ -74.10641, 40.55412 ], [ -74.10657, 40.5542 ], [ -74.10735, 40.55416 ], [ -74.10769, 40.55398 ], [ -74.10901, 40.55283 ], [ -74.11029, 40.5515 ], [ -74.11279, 40.54789 ], [ -74.11301, 40.54779 ], [ -74.11494, 40.5496 ], [ -74.11656, 40.54914 ], [ -74.11866, 40.55116 ], [ -74.1187, 40.55133 ], [ -74.11857, 40.55148 ], [ -74.11946, 40.55223 ], [ -74.1273, 40.5573 ], [ -74.13043, 40.55445 ], [ -74.13321, 40.55239 ], [ -74.13885, 40.55696 ], [ -74.13818, 40.5576 ], [ -74.1366, 40.5584 ], [ -74.13561, 40.55899 ], [ -74.13531, 40.55943 ], [ -74.13481, 40.56084 ], [ -74.13341, 40.56214 ], [ -74.13311, 40.56288 ], [ -74.13174, 40.56455 ], [ -74.1346, 40.56528 ], [ -74.13528, 40.56553 ], [ -74.14131, 40.56844 ], [ -74.14439, 40.56971 ], [ -74.14388, 40.57061 ], [ -74.14419, 40.57205 ], [ -74.13379, 40.5733 ], [ -74.13279, 40.57349 ], [ -74.12774, 40.57521 ], [ -74.12749, 40.57545 ], [ -74.12707, 40.57641 ], [ -74.12535, 40.57591 ], [ -74.12319, 40.57576 ], [ -74.1221, 40.57514 ], [ -74.12154, 40.57516 ] ] ] } },
{ "type": "Feature", "properties": { "name": "Ocean Hill" }, "geometry": { "type": "Polygon", "coordinates": [ [ [ -73.91805, 40.68722 ], [ -73.90005, 40.6769 ], [ -73.90292, 40.67569 ], [ -73.90439, 40.67521 ], [ -73.90451, 40.67506 ], [ -73.90842, 40.67332 ], [ -73.91923, 40.66864 ], [ -73.91942, 40.66841 ], [ -73.91996, 40.66833 ], [ -73.92275, 40.66711 ], [ -73.92165, 40.67888 ], [ -73.9163, 40.67859 ], [ -73.91805, 40.68722 ] ] ] } },
{ "type": "Feature", "properties": { "name": "Old Astoria-Hallets Point" }, "geometry": { "type": "Polygon", "coordinates": [ [ [ -73.92828, 40.77691 ], [ -73.92785, 40.77673 ], [ -73.92398, 40.77462 ], [ -73.92781, 40.7699 ], [ -73.92647, 40.76928 ], [ -73.93037, 40.7645 ], [ -73.93619, 40.7677 ], [ -73.93593, 40.76779 ], [ -73.93577, 40.76906 ], [ -73.93472, 40.77004 ], [ -73.93448, 40.77042 ], [ -73.93425, 40.77104 ], [ -73.93453, 40.77119 ], [ -73.93444, 40.77147 ], [ -73.93483, 40.77159 ], [ -73.93481, 40.77174 ], [ -73.93747, 40.77254 ], [ -73.93781, 40.77357 ], [ -73.93786, 40.7741 ], [ -73.93766, 40.77509 ], [ -73.93705, 40.77587 ], [ -73.93638, 40.77693 ], [ -73.93609, 40.77719 ], [ -73.93586, 40.77722 ], [ -73.93508, 40.77795 ], [ -73.93474, 40.77808 ], [ -73.93381, 40.77811 ], [ -73.93278, 40.77793 ], [ -73.93272, 40.77804 ], [ -73.93179, 40.77788 ], [ -73.93105, 40.77745 ], [ -73.93108, 40.77727 ], [ -73.93063, 40.7766 ], [ -73.92988, 40.77623 ], [ -73.92861, 40.7766 ], [ -73.92828, 40.77691 ] ] ] } },
{ "type": "Feature", "properties": { "name": "Ozone Park" }, "geometry": { "type": "Polygon", "coordinates": [ [ [ -73.8412, 40.68336 ], [ -73.83794, 40.6768 ], [ -73.83812, 40.67664 ], [ -73.83335, 40.66678 ], [ -73.83488, 40.66722 ], [ -73.83704, 40.66734 ], [ -73.83791, 40.66752 ], [ -73.83845, 40.66767 ], [ -73.83834, 40.668 ], [ -73.84008, 40.66847 ], [ -73.84047, 40.66873 ], [ -73.84035, 40.66848 ], [ -73.84014, 40.66828 ], [ -73.84243, 40.66879 ], [ -73.84258, 40.66929 ], [ -73.84322, 40.66935 ], [ -73.84848, 40.67092 ], [ -73.85711, 40.67358 ], [ -73.85825, 40.67414 ], [ -73.86132, 40.67503 ], [ -73.86235, 40.67917 ], [ -73.86328, 40.67909 ], [ -73.86335, 40.67936 ], [ -73.85879, 40.68064 ], [ -73.8582, 40.67944 ], [ -73.85398, 40.67969 ], [ -73.85099, 40.68058 ], [ -73.85198, 40.68257 ], [ -73.84787, 40.6815 ], [ -73.8412, 40.68336 ] ] ] } },
{ "type": "Feature", "properties": { "name": "Ozone Park (North)" }, "geometry": { "type": "Polygon", "coordinates": [ [ [ -73.83595, 40.68485 ], [ -73.83808, 40.68425 ], [ -73.83698, 40.682 ], [ -73.83865, 40.68145 ], [ -73.84013, 40.68115 ], [ -73.8412, 40.68336 ], [ -73.84787, 40.6815 ], [ -73.85198, 40.68257 ], [ -73.85099, 40.68058 ], [ -73.85398, 40.67969 ], [ -73.8582, 40.67944 ], [ -73.85879, 40.68064 ], [ -73.86335, 40.67936 ], [ -73.8641, 40.68238 ], [ -73.86602, 40.68193 ], [ -73.8663, 40.68319 ], [ -73.83751, 40.6913 ], [ -73.83635, 40.68894 ], [ -73.83811, 40.68844 ], [ -73.83728, 40.68676 ], [ -73.83694, 40.68685 ], [ -73.83595, 40.68485 ] ] ] } },
{ "type": "Feature", "properties": { "name": "Park Slope" }, "geometry": { "type": "Polygon", "coordinates": [ [ [ -73.97376, 40.68306 ], [ -73.97373, 40.68294 ], [ -73.97469, 40.68027 ], [ -73.97618, 40.67807 ], [ -73.97189, 40.6764 ], [ -73.9695, 40.67591 ], [ -73.96969, 40.67537 ], [ -73.96921, 40.675 ], [ -73.96884, 40.67442 ], [ -73.96872, 40.67393 ], [ -73.96878, 40.67331 ], [ -73.96894, 40.6729 ], [ -73.96967, 40.67265 ], [ -73.97041, 40.67266 ], [ -73.97086, 40.67187 ], [ -73.97182, 40.67064 ], [ -73.97965, 40.66125 ], [ -73.97994, 40.66128 ], [ -73.98017, 40.66116 ], [ -73.99174, 40.66674 ], [ -73.9839, 40.67616 ], [ -73.97876, 40.68377 ], [ -73.97808, 40.68492 ], [ -73.97746, 40.68406 ], [ -73.97595, 40.68352 ], [ -73.97376, 40.68306 ] ] ] } },
{ "type": "Feature", "properties": { "name": "Parkchester" }, "geometry": { "type": "Polygon", "coordinates": [ [ [ -73.85169, 40.83421 ], [ -73.86034, 40.83326 ], [ -73.86049, 40.83347 ], [ -73.86085, 40.83362 ], [ -73.86129, 40.83354 ], [ -73.86156, 40.83334 ], [ -73.86272, 40.83293 ], [ -73.86394, 40.84005 ], [ -73.86448, 40.8411 ], [ -73.86347, 40.84131 ], [ -73.85334, 40.84248 ], [ -73.85207, 40.83563 ], [ -73.85169, 40.83421 ] ] ] } },
{ "type": "Feature", "properties": { "name": "Pelham Bay Park" }, "geometry": { "type": "MultiPolygon", "coordinates": [ [ [ [ -73.80681, 40.8425 ], [ -73.80393, 40.8426 ], [ -73.80368, 40.84227 ], [ -73.80222, 40.84164 ], [ -73.80264, 40.84109 ], [ -73.8053, 40.84114 ], [ -73.80695, 40.84147 ], [ -73.80681, 40.8425 ] ] ], [ [ [ -73.78317, 40.86287 ], [ -73.78293, 40.8628 ], [ -73.78289, 40.86233 ], [ -73.78306, 40.86229 ], [ -73.78302, 40.8622 ], [ -73.78315, 40.86208 ], [ -73.78324, 40.86234 ], [ -73.78312, 40.86263 ], [ -73.78323, 40.86265 ], [ -73.78321, 40.86276 ], [ -73.78328, 40.86279 ], [ -73.78317, 40.86287 ] ] ], [ [ [ -73.78429, 40.86321 ], [ -73.78354, 40.86309 ], [ -73.7838, 40.86297 ], [ -73.78367, 40.86284 ], [ -73.78379, 40.8626 ], [ -73.78403, 40.86249 ], [ -73.78469, 40.86255 ], [ -73.78455, 40.86266 ], [ -73.78452, 40.86296 ], [ -73.78436, 40.86308 ], [ -73.78427, 40.86302 ], [ -73.78417, 40.8631 ], [ -73.78429, 40.86321 ] ] ], [ [ [ -73.80647, 40.88578 ], [ -73.8052, 40.88601 ], [ -73.79938, 40.88436 ], [ -73.79449, 40.88308 ], [ -73.79323, 40.88283 ], [ -73.79359, 40.88253 ], [ -73.79379, 40.88198 ], [ -73.79492, 40.88055 ], [ -73.79555, 40.8807 ], [ -73.79503, 40.87976 ], [ -73.79625, 40.87702 ], [ -73.79713, 40.8762 ], [ -73.79744, 40.87514 ], [ -73.79855, 40.87441 ], [ -73.79891, 40.87465 ], [ -73.79982, 40.87417 ], [ -73.79988, 40.87349 ], [ -73.80036, 40.87274 ], [ -73.80035, 40.87264 ], [ -73.80048, 40.87255 ], [ -73.80057, 40.872 ], [ -73.80081, 40.8715 ], [ -73.80096, 40.87142 ], [ -73.80118, 40.87143 ], [ -73.80179, 40.87108 ], [ -73.80199, 40.87081 ], [ -73.80209, 40.87086 ], [ -73.80206, 40.87075 ], [ -73.80214, 40.87074 ], [ -73.80221, 40.87051 ], [ -73.80208, 40.87047 ], [ -73.80212, 40.87038 ], [ -73.80233, 40.87041 ], [ -73.80257, 40.87017 ], [ -73.80267, 40.87016 ], [ -73.80276, 40.86971 ], [ -73.80269, 40.86939 ], [ -73.80261, 40.86935 ], [ -73.80269, 40.86931 ], [ -73.80264, 40.86922 ], [ -73.80276, 40.86911 ], [ -73.80278, 40.86894 ], [ -73.80298, 40.86875 ], [ -73.80335, 40.86899 ], [ -73.80362, 40.86879 ], [ -73.80393, 40.86904 ], [ -73.80404, 40.86899 ], [ -73.80407, 40.86875 ], [ -73.80424, 40.8687 ], [ -73.80443, 40.86881 ], [ -73.80448, 40.86872 ], [ -73.80454, 40.86874 ], [ -73.80455, 40.86893 ], [ -73.80478, 40.86896 ], [ -73.80499, 40.86915 ], [ -73.80529, 40.86914 ], [ -73.80551, 40.86894 ], [ -73.80595, 40.86894 ], [ -73.80588, 40.86906 ], [ -73.80599, 40.86914 ], [ -73.80579, 40.86919 ], [ -73.80566, 40.86933 ], [ -73.80566, 40.8695 ], [ -73.80631, 40.86999 ], [ -73.80644, 40.87023 ], [ -73.80661, 40.87027 ], [ -73.80684, 40.8705 ], [ -73.80711, 40.87053 ], [ -73.80711, 40.8707 ], [ -73.8074, 40.87067 ], [ -73.80786, 40.87088 ], [ -73.80786, 40.87114 ], [ -73.80797, 40.87101 ], [ -73.8083, 40.87115 ], [ -73.80833, 40.87123 ], [ -73.80839, 40.87117 ], [ -73.80867, 40.87121 ], [ -73.8087, 40.87135 ], [ -73.80877, 40.87125 ], [ -73.80925, 40.87123 ], [ -73.80918, 40.87114 ], [ -73.80885, 40.87116 ], [ -73.80856, 40.87101 ], [ -73.80858, 40.87096 ], [ -73.80841, 40.87094 ], [ -73.80848, 40.87078 ], [ -73.80842, 40.87071 ], [ -73.80873, 40.87044 ], [ -73.8077, 40.87046 ], [ -73.80754, 40.87039 ], [ -73.80754, 40.87019 ], [ -73.80796, 40.86988 ], [ -73.808, 40.86971 ], [ -73.80809, 40.86971 ], [ -73.80816, 40.86958 ], [ -73.80838, 40.86943 ], [ -73.80849, 40.86944 ], [ -73.80841, 40.8694 ], [ -73.80843, 40.86928 ], [ -73.80859, 40.86926 ], [ -73.80875, 40.86914 ], [ -73.80871, 40.8691 ], [ -73.80843, 40.86926 ], [ -73.80838, 40.86922 ], [ -73.80803, 40.8695 ], [ -73.80786, 40.86974 ], [ -73.80716, 40.86972 ], [ -73.80693, 40.86955 ], [ -73.80673, 40.86954 ], [ -73.80678, 40.86903 ], [ -73.80695, 40.86887 ], [ -73.8066, 40.8689 ], [ -73.80655, 40.86884 ], [ -73.80674, 40.86874 ], [ -73.80656, 40.86874 ], [ -73.80656, 40.86864 ], [ -73.80639, 40.86861 ], [ -73.80626, 40.86843 ], [ -73.80606, 40.86844 ], [ -73.80586, 40.86832 ], [ -73.8055, 40.86835 ], [ -73.80541, 40.86822 ], [ -73.80529, 40.86832 ], [ -73.80501, 40.86826 ], [ -73.80494, 40.86831 ], [ -73.80487, 40.86824 ], [ -73.80471, 40.86763 ], [ -73.80474, 40.86666 ], [ -73.80449, 40.86669 ], [ -73.80443, 40.86686 ], [ -73.80428, 40.86685 ], [ -73.804, 40.86713 ], [ -73.80385, 40.86717 ], [ -73.8036, 40.8671 ], [ -73.80315, 40.86711 ], [ -73.80311, 40.86703 ], [ -73.80292, 40.86699 ], [ -73.80306, 40.86684 ], [ -73.803, 40.86677 ], [ -73.8031, 40.86656 ], [ -73.80302, 40.86654 ], [ -73.8031, 40.86622 ], [ -73.80301, 40.86576 ], [ -73.80248, 40.86563 ], [ -73.80231, 40.86563 ], [ -73.80225, 40.86576 ], [ -73.80205, 40.86568 ], [ -73.80198, 40.86584 ], [ -73.80177, 40.86589 ], [ -73.80175, 40.86642 ], [ -73.80137, 40.86689 ], [ -73.80134, 40.86707 ], [ -73.80074, 40.86791 ], [ -73.8007, 40.86815 ], [ -73.79997, 40.86888 ], [ -73.79995, 40.86903 ], [ -73.79962, 40.86945 ], [ -73.79957, 40.86975 ], [ -73.79936, 40.86984 ], [ -73.7989, 40.87081 ], [ -73.79839, 40.87162 ], [ -73.79807, 40.87189 ], [ -73.79774, 40.87235 ], [ -73.79697, 40.87252 ], [ -73.79694, 40.87263 ], [ -73.79479, 40.87321 ], [ -73.79398, 40.87457 ], [ -73.79357, 40.87613 ], [ -73.7936, 40.87673 ], [ -73.79317, 40.87706 ], [ -73.79422, 40.87739 ], [ -73.7944, 40.87765 ], [ -73.79385, 40.8786 ], [ -73.793, 40.87916 ], [ -73.79304, 40.87942 ], [ -73.7929, 40.87959 ], [ -73.79261, 40.87967 ], [ -73.79219, 40.8796 ], [ -73.79197, 40.8797 ], [ -73.7919, 40.87994 ], [ -73.79173, 40.88006 ], [ -73.79095, 40.88008 ], [ -73.79063, 40.88039 ], [ -73.79063, 40.88057 ], [ -73.79081, 40.88073 ], [ -73.79076, 40.88085 ], [ -73.78956, 40.88127 ], [ -73.78906, 40.88122 ], [ -73.78911, 40.88069 ], [ -73.78932, 40.88059 ], [ -73.78912, 40.88009 ], [ -73.78948, 40.87978 ], [ -73.78976, 40.87976 ], [ -73.79006, 40.8796 ], [ -73.78952, 40.87901 ], [ -73.78827, 40.87888 ], [ -73.78776, 40.87898 ], [ -73.78612, 40.87907 ], [ -73.7859, 40.8789 ], [ -73.78524, 40.87863 ], [ -73.78443, 40.87854 ], [ -73.78422, 40.87829 ], [ -73.78418, 40.87773 ], [ -73.7845, 40.87692 ], [ -73.78481, 40.87687 ], [ -73.78468, 40.87607 ], [ -73.78485, 40.87607 ], [ -73.78496, 40.87583 ], [ -73.78525, 40.87571 ], [ -73.78543, 40.87549 ], [ -73.78541, 40.87535 ], [ -73.7857, 40.87542 ], [ -73.78596, 40.87515 ], [ -73.78625, 40.87449 ], [ -73.78611, 40.87436 ], [ -73.78654, 40.87431 ], [ -73.78663, 40.87408 ], [ -73.78691, 40.874 ], [ -73.78702, 40.8738 ], [ -73.78714, 40.87277 ], [ -73.78677, 40.87253 ], [ -73.78625, 40.87239 ], [ -73.7855, 40.87317 ], [ -73.78528, 40.87356 ], [ -73.78508, 40.8736 ], [ -73.78501, 40.87353 ], [ -73.78511, 40.87331 ], [ -73.78548, 40.87293 ], [ -73.78554, 40.87255 ], [ -73.78547, 40.87237 ], [ -73.78554, 40.87231 ], [ -73.78555, 40.87203 ], [ -73.78522, 40.87164 ], [ -73.78488, 40.87235 ], [ -73.78402, 40.87378 ], [ -73.78341, 40.87373 ], [ -73.78324, 40.87355 ], [ -73.78336, 40.87326 ], [ -73.78366, 40.87315 ], [ -73.78375, 40.873 ], [ -73.78385, 40.87302 ], [ -73.78395, 40.8729 ], [ -73.78373, 40.87267 ], [ -73.78375, 40.87251 ], [ -73.78315, 40.8723 ], [ -73.78307, 40.87216 ], [ -73.78306, 40.87169 ], [ -73.78325, 40.87126 ], [ -73.78319, 40.87094 ], [ -73.78329, 40.87071 ], [ -73.78351, 40.87051 ], [ -73.78353, 40.87037 ], [ -73.78388, 40.87026 ], [ -73.7843, 40.86979 ], [ -73.78489, 40.86952 ], [ -73.7856, 40.86835 ], [ -73.7857, 40.86838 ], [ -73.78558, 40.86918 ], [ -73.78595, 40.86933 ], [ -73.78715, 40.86935 ], [ -73.78858, 40.86918 ], [ -73.78915, 40.86907 ], [ -73.79026, 40.8685 ], [ -73.79089, 40.86802 ], [ -73.79153, 40.86733 ], [ -73.79198, 40.86648 ], [ -73.79223, 40.86527 ], [ -73.79224, 40.86465 ], [ -73.79212, 40.86384 ], [ -73.79186, 40.86304 ], [ -73.79146, 40.86228 ], [ -73.79188, 40.86126 ], [ -73.79189, 40.86108 ], [ -73.79305, 40.8608 ], [ -73.7936, 40.86053 ], [ -73.79386, 40.86015 ], [ -73.79385, 40.86003 ], [ -73.79372, 40.85998 ], [ -73.794, 40.85989 ], [ -73.79412, 40.8597 ], [ -73.79418, 40.8595 ], [ -73.79412, 40.85933 ], [ -73.79455, 40.8589 ], [ -73.79488, 40.85808 ], [ -73.79448, 40.85701 ], [ -73.79427, 40.85681 ], [ -73.79435, 40.85654 ], [ -73.79462, 40.85644 ], [ -73.79489, 40.85657 ], [ -73.79559, 40.85652 ], [ -73.79686, 40.85627 ], [ -73.79752, 40.85561 ], [ -73.79799, 40.85486 ], [ -73.79825, 40.8548 ], [ -73.79853, 40.85501 ], [ -73.79872, 40.85492 ], [ -73.79905, 40.85406 ], [ -73.79903, 40.85397 ], [ -73.79864, 40.85337 ], [ -73.79796, 40.853 ], [ -73.79781, 40.85196 ], [ -73.7982, 40.8506 ], [ -73.79932, 40.84992 ], [ -73.79988, 40.84899 ], [ -73.8001, 40.84831 ], [ -73.80041, 40.84812 ], [ -73.80094, 40.84831 ], [ -73.80147, 40.84878 ], [ -73.80167, 40.84916 ], [ -73.80174, 40.84986 ], [ -73.80197, 40.85039 ], [ -73.80261, 40.85137 ], [ -73.80379, 40.85275 ], [ -73.80418, 40.85335 ], [ -73.80453, 40.85486 ], [ -73.80429, 40.85514 ], [ -73.80367, 40.85532 ], [ -73.80352, 40.85556 ], [ -73.80384, 40.8565 ], [ -73.80414, 40.85785 ], [ -73.80421, 40.85897 ], [ -73.8045, 40.85945 ], [ -73.80464, 40.85998 ], [ -73.80469, 40.86082 ], [ -73.80461, 40.86123 ], [ -73.80473, 40.86149 ], [ -73.80499, 40.8617 ], [ -73.80532, 40.86183 ], [ -73.8057, 40.86186 ], [ -73.80601, 40.86178 ], [ -73.80616, 40.86165 ], [ -73.80625, 40.86144 ], [ -73.80582, 40.86004 ], [ -73.80613, 40.85989 ], [ -73.80656, 40.85983 ], [ -73.80711, 40.86013 ], [ -73.80742, 40.86012 ], [ -73.80769, 40.85999 ], [ -73.80818, 40.8595 ], [ -73.80867, 40.86005 ], [ -73.80941, 40.86056 ], [ -73.81012, 40.86136 ], [ -73.81046, 40.86193 ], [ -73.81082, 40.86208 ], [ -73.81085, 40.86234 ], [ -73.8116, 40.86266 ], [ -73.81226, 40.86275 ], [ -73.81233, 40.86289 ], [ -73.81294, 40.86322 ], [ -73.81328, 40.86323 ], [ -73.81373, 40.86388 ], [ -73.81404, 40.86387 ], [ -73.81395, 40.86407 ], [ -73.81401, 40.86409 ], [ -73.81423, 40.86387 ], [ -73.81413, 40.86374 ], [ -73.81438, 40.86326 ], [ -73.8146, 40.8631 ], [ -73.81493, 40.86304 ], [ -73.81502, 40.86313 ], [ -73.8151, 40.86307 ], [ -73.81642, 40.86119 ], [ -73.81549, 40.86096 ], [ -73.81526, 40.86113 ], [ -73.8148, 40.86114 ], [ -73.81485, 40.86091 ], [ -73.81382, 40.86056 ], [ -73.81273, 40.85889 ], [ -73.81231, 40.85417 ], [ -73.81641, 40.85409 ], [ -73.81658, 40.85383 ], [ -73.81685, 40.85329 ], [ -73.81699, 40.85265 ], [ -73.81715, 40.85231 ], [ -73.81719, 40.85178 ], [ -73.81692, 40.85168 ], [ -73.81707, 40.85159 ], [ -73.81713, 40.85128 ], [ -73.81686, 40.85097 ], [ -73.81633, 40.85085 ], [ -73.81623, 40.85092 ], [ -73.81605, 40.85079 ], [ -73.81572, 40.85082 ], [ -73.81604, 40.85061 ], [ -73.81597, 40.8504 ], [ -73.8162, 40.85039 ], [ -73.81629, 40.8502 ], [ -73.81565, 40.84936 ], [ -73.81544, 40.8492 ], [ -73.81521, 40.84924 ], [ -73.81514, 40.84909 ], [ -73.8163, 40.84858 ], [ -73.82014, 40.84803 ], [ -73.82049, 40.84851 ], [ -73.82496, 40.84611 ], [ -73.82518, 40.84271 ], [ -73.82624, 40.843 ], [ -73.82611, 40.84535 ], [ -73.82617, 40.84558 ], [ -73.82658, 40.84649 ], [ -73.828, 40.84864 ], [ -73.82786, 40.84975 ], [ -73.82713, 40.85188 ], [ -73.82738, 40.85283 ], [ -73.82723, 40.85336 ], [ -73.8286, 40.85573 ], [ -73.83129, 40.85544 ], [ -73.83168, 40.8555 ], [ -73.83232, 40.85574 ], [ -73.83281, 40.85599 ], [ -73.83285, 40.8561 ], [ -73.83208, 40.85668 ], [ -73.83121, 40.85751 ], [ -73.82841, 40.86096 ], [ -73.82802, 40.86065 ], [ -73.8275, 40.85996 ], [ -73.82722, 40.85921 ], [ -73.82157, 40.86103 ], [ -73.82018, 40.86164 ], [ -73.81916, 40.86231 ], [ -73.81685, 40.86432 ], [ -73.817, 40.86447 ], [ -73.81579, 40.86577 ], [ -73.82127, 40.86908 ], [ -73.8233, 40.87311 ], [ -73.8211, 40.87898 ], [ -73.82006, 40.88212 ], [ -73.82024, 40.8855 ], [ -73.81624, 40.88652 ], [ -73.81408, 40.88674 ], [ -73.8124, 40.88664 ], [ -73.8079, 40.88579 ], [ -73.80647, 40.88578 ] ] ], [ [ [ -73.78204, 40.87498 ], [ -73.78214, 40.87504 ], [ -73.78214, 40.87475 ], [ -73.78203, 40.87474 ], [ -73.78213, 40.87454 ], [ -73.78253, 40.87463 ], [ -73.78266, 40.8748 ], [ -73.78244, 40.87522 ], [ -73.78214, 40.87517 ], [ -73.78203, 40.87539 ], [ -73.78193, 40.87541 ], [ -73.78204, 40.87498 ] ] ], [ [ [ -73.78167, 40.87643 ], [ -73.78172, 40.8762 ], [ -73.7818, 40.87629 ], [ -73.78207, 40.87625 ], [ -73.7822, 40.87644 ], [ -73.78211, 40.87653 ], [ -73.7819, 40.87643 ], [ -73.78167, 40.87643 ] ] ], [ [ [ -73.78342, 40.87718 ], [ -73.78367, 40.87664 ], [ -73.78384, 40.87653 ], [ -73.78401, 40.87687 ], [ -73.78364, 40.87749 ], [ -73.78345, 40.87742 ], [ -73.78353, 40.87725 ], [ -73.78342, 40.87718 ] ] ], [ [ [ -73.78543, 40.88005 ], [ -73.78501, 40.8798 ], [ -73.78514, 40.87975 ], [ -73.78568, 40.87986 ], [ -73.78543, 40.88005 ] ] ], [ [ [ -73.78447, 40.88052 ], [ -73.78427, 40.88037 ], [ -73.78399, 40.88048 ], [ -73.78382, 40.88043 ], [ -73.78381, 40.8802 ], [ -73.7837, 40.88016 ], [ -73.7837, 40.87994 ], [ -73.78395, 40.87988 ], [ -73.78407, 40.87972 ], [ -73.78415, 40.87978 ], [ -73.78412, 40.88005 ], [ -73.78433, 40.88021 ], [ -73.78452, 40.88024 ], [ -73.78469, 40.88014 ], [ -73.7848, 40.88036 ], [ -73.78492, 40.88039 ], [ -73.78509, 40.88027 ], [ -73.78535, 40.88053 ], [ -73.78519, 40.8807 ], [ -73.78496, 40.88075 ], [ -73.78484, 40.88057 ], [ -73.78469, 40.88053 ], [ -73.78451, 40.88067 ], [ -73.78444, 40.88064 ], [ -73.78447, 40.88052 ] ] ], [ [ [ -73.77326, 40.86064 ], [ -73.7734, 40.86075 ], [ -73.77334, 40.86086 ], [ -73.77322, 40.8608 ], [ -73.77326, 40.86064 ] ] ], [ [ [ -73.77512, 40.8612 ], [ -73.77531, 40.86127 ], [ -73.77527, 40.86145 ], [ -73.77514, 40.8616 ], [ -73.77493, 40.86156 ], [ -73.77494, 40.8614 ], [ -73.77512, 40.8612 ] ] ], [ [ [ -73.7746, 40.86208 ], [ -73.77467, 40.86181 ], [ -73.77487, 40.86184 ], [ -73.77486, 40.86199 ], [ -73.77477, 40.86205 ], [ -73.7746, 40.86208 ] ] ], [ [ [ -73.76964, 40.86555 ], [ -73.76994, 40.86553 ], [ -73.76978, 40.86569 ], [ -73.76945, 40.86577 ], [ -73.76964, 40.86555 ] ] ], [ [ [ -73.76692, 40.86706 ], [ -73.76723, 40.86694 ], [ -73.76713, 40.86725 ], [ -73.76668, 40.86733 ], [ -73.76692, 40.86706 ] ] ], [ [ [ -73.77116, 40.87181 ], [ -73.77085, 40.87164 ], [ -73.77224, 40.87157 ], [ -73.77264, 40.87189 ], [ -73.77116, 40.87181 ] ] ], [ [ [ -73.77506, 40.87432 ], [ -73.77514, 40.87456 ], [ -73.77468, 40.8748 ], [ -73.77471, 40.87459 ], [ -73.77452, 40.87451 ], [ -73.77455, 40.87429 ], [ -73.77494, 40.87393 ], [ -73.7751, 40.87404 ], [ -73.77506, 40.87432 ] ] ], [ [ [ -73.7815, 40.87611 ], [ -73.78137, 40.8762 ], [ -73.78144, 40.87641 ], [ -73.7814, 40.87655 ], [ -73.78121, 40.8766 ], [ -73.78124, 40.87613 ], [ -73.78142, 40.87577 ], [ -73.7815, 40.87611 ] ] ] ] } },
{ "type": "Feature", "properties": { "name": "Pelham Bay-Country Club-City Island" }, "geometry": { "type": "MultiPolygon", "coordinates": [ [ [ [ -73.78846, 40.83532 ], [ -73.78833, 40.83468 ], [ -73.78931, 40.83447 ], [ -73.78951, 40.83537 ], [ -73.78846, 40.83532 ] ] ], [ [ [ -73.8159, 40.84802 ], [ -73.8159, 40.84783 ], [ -73.81561, 40.84767 ], [ -73.81598, 40.84766 ], [ -73.81613, 40.8474 ], [ -73.81615, 40.84666 ], [ -73.81603, 40.84641 ], [ -73.81572, 40.8463 ], [ -73.81546, 40.84661 ], [ -73.81463, 40.84715 ], [ -73.81465, 40.84723 ], [ -73.81451, 40.84711 ], [ -73.81461, 40.84714 ], [ -73.81533, 40.84667 ], [ -73.8157, 40.8463 ], [ -73.81507, 40.84655 ], [ -73.81492, 40.84649 ], [ -73.81366, 40.84721 ], [ -73.81369, 40.84728 ], [ -73.81357, 40.84716 ], [ -73.81365, 40.8472 ], [ -73.81491, 40.84648 ], [ -73.81466, 40.84621 ], [ -73.81442, 40.8462 ], [ -73.81466, 40.84598 ], [ -73.81461, 40.84592 ], [ -73.81509, 40.8456 ], [ -73.81503, 40.84551 ], [ -73.81421, 40.84602 ], [ -73.81399, 40.84584 ], [ -73.81319, 40.84624 ], [ -73.81315, 40.84618 ], [ -73.81382, 40.84581 ], [ -73.81402, 40.84564 ], [ -73.81347, 40.84596 ], [ -73.81403, 40.8456 ], [ -73.81396, 40.84553 ], [ -73.81369, 40.84567 ], [ -73.81394, 40.84552 ], [ -73.81386, 40.84543 ], [ -73.81373, 40.84549 ], [ -73.81384, 40.84541 ], [ -73.81363, 40.84529 ], [ -73.81336, 40.84585 ], [ -73.81329, 40.84596 ], [ -73.81321, 40.84593 ], [ -73.81331, 40.84591 ], [ -73.81362, 40.84528 ], [ -73.81326, 40.84524 ], [ -73.8128, 40.8463 ], [ -73.81285, 40.84633 ], [ -73.81273, 40.84629 ], [ -73.81279, 40.8463 ], [ -73.81324, 40.84524 ], [ -73.8131, 40.84518 ], [ -73.81288, 40.84514 ], [ -73.81316, 40.84522 ], [ -73.81286, 40.84519 ], [ -73.81234, 40.84655 ], [ -73.81242, 40.84657 ], [ -73.81228, 40.84655 ], [ -73.81284, 40.84519 ], [ -73.81262, 40.84512 ], [ -73.81286, 40.84514 ], [ -73.81255, 40.84499 ], [ -73.81244, 40.84525 ], [ -73.81255, 40.84527 ], [ -73.81246, 40.84527 ], [ -73.81196, 40.84648 ], [ -73.81204, 40.84654 ], [ -73.81192, 40.84654 ], [ -73.81189, 40.8466 ], [ -73.81244, 40.84675 ], [ -73.81188, 40.84662 ], [ -73.81184, 40.84672 ], [ -73.8117, 40.84669 ], [ -73.81266, 40.84422 ], [ -73.81279, 40.84424 ], [ -73.81271, 40.84447 ], [ -73.81282, 40.84427 ], [ -73.81276, 40.84448 ], [ -73.81299, 40.84453 ], [ -73.8127, 40.84449 ], [ -73.81265, 40.84467 ], [ -73.81311, 40.84469 ], [ -73.81304, 40.84475 ], [ -73.81312, 40.8448 ], [ -73.81309, 40.84486 ], [ -73.81266, 40.84476 ], [ -73.81264, 40.84469 ], [ -73.81255, 40.84496 ], [ -73.81345, 40.84497 ], [ -73.81368, 40.84507 ], [ -73.81417, 40.84479 ], [ -73.8137, 40.84486 ], [ -73.81418, 40.84469 ], [ -73.81404, 40.84451 ], [ -73.81366, 40.84445 ], [ -73.81347, 40.84427 ], [ -73.81336, 40.8439 ], [ -73.81348, 40.84366 ], [ -73.81453, 40.84346 ], [ -73.815, 40.84351 ], [ -73.81522, 40.84409 ], [ -73.81555, 40.84427 ], [ -73.81567, 40.84444 ], [ -73.81631, 40.84441 ], [ -73.81626, 40.84419 ], [ -73.81644, 40.84407 ], [ -73.81674, 40.84415 ], [ -73.81699, 40.8441 ], [ -73.81709, 40.84416 ], [ -73.81709, 40.84427 ], [ -73.8175, 40.84438 ], [ -73.81824, 40.84436 ], [ -73.81819, 40.84412 ], [ -73.81793, 40.84426 ], [ -73.81769, 40.84428 ], [ -73.81743, 40.84419 ], [ -73.81719, 40.84392 ], [ -73.81663, 40.84395 ], [ -73.8162, 40.84308 ], [ -73.81591, 40.84288 ], [ -73.81572, 40.84254 ], [ -73.81517, 40.84259 ], [ -73.8157, 40.84253 ], [ -73.81542, 40.8424 ], [ -73.81555, 40.84217 ], [ -73.81559, 40.84185 ], [ -73.81553, 40.84166 ], [ -73.81533, 40.8415 ], [ -73.81526, 40.84127 ], [ -73.81473, 40.84138 ], [ -73.81522, 40.84121 ], [ -73.81524, 40.84102 ], [ -73.81506, 40.84055 ], [ -73.81491, 40.84057 ], [ -73.81505, 40.84053 ], [ -73.81497, 40.84009 ], [ -73.81481, 40.83981 ], [ -73.81437, 40.83987 ], [ -73.8148, 40.8398 ], [ -73.8147, 40.83977 ], [ -73.81472, 40.8396 ], [ -73.81432, 40.83966 ], [ -73.81431, 40.83963 ], [ -73.81472, 40.83958 ], [ -73.81478, 40.83908 ], [ -73.81592, 40.83862 ], [ -73.81629, 40.83824 ], [ -73.81634, 40.83804 ], [ -73.81629, 40.83794 ], [ -73.81648, 40.83767 ], [ -73.81637, 40.83684 ], [ -73.81616, 40.8366 ], [ -73.81621, 40.83645 ], [ -73.81606, 40.83604 ], [ -73.82223, 40.83456 ], [ -73.8238, 40.83431 ], [ -73.82463, 40.83386 ], [ -73.82516, 40.83462 ], [ -73.82601, 40.83403 ], [ -73.82622, 40.83436 ], [ -73.8256, 40.83504 ], [ -73.82545, 40.83537 ], [ -73.82541, 40.83567 ], [ -73.82544, 40.83597 ], [ -73.82585, 40.83707 ], [ -73.82599, 40.84068 ], [ -73.82624, 40.843 ], [ -73.82518, 40.84271 ], [ -73.82496, 40.84611 ], [ -73.82049, 40.84851 ], [ -73.82014, 40.84803 ], [ -73.8163, 40.84858 ], [ -73.81514, 40.84909 ], [ -73.81535, 40.84886 ], [ -73.81532, 40.84859 ], [ -73.81545, 40.84852 ], [ -73.81564, 40.84819 ], [ -73.81576, 40.84819 ], [ -73.8159, 40.84802 ] ] ], [ [ [ -73.78892, 40.85845 ], [ -73.78877, 40.85841 ], [ -73.78879, 40.85743 ], [ -73.78804, 40.85757 ], [ -73.78803, 40.85752 ], [ -73.78878, 40.85741 ], [ -73.78871, 40.85706 ], [ -73.78878, 40.85672 ], [ -73.7889, 40.85658 ], [ -73.78876, 40.85632 ], [ -73.78862, 40.85629 ], [ -73.78854, 40.85617 ], [ -73.78836, 40.85563 ], [ -73.78842, 40.8552 ], [ -73.78856, 40.85516 ], [ -73.7885, 40.85506 ], [ -73.78834, 40.85504 ], [ -73.7883, 40.85483 ], [ -73.78843, 40.85473 ], [ -73.78848, 40.85441 ], [ -73.78835, 40.85416 ], [ -73.78756, 40.85438 ], [ -73.78735, 40.85439 ], [ -73.78833, 40.85411 ], [ -73.78732, 40.85422 ], [ -73.7872, 40.85418 ], [ -73.78713, 40.85405 ], [ -73.78691, 40.85407 ], [ -73.78793, 40.85375 ], [ -73.788, 40.85353 ], [ -73.78761, 40.85312 ], [ -73.78717, 40.85277 ], [ -73.78708, 40.85281 ], [ -73.78714, 40.85274 ], [ -73.78678, 40.85256 ], [ -73.78677, 40.85246 ], [ -73.78642, 40.85215 ], [ -73.78588, 40.8518 ], [ -73.78567, 40.8518 ], [ -73.78529, 40.85163 ], [ -73.78413, 40.85184 ], [ -73.78432, 40.85178 ], [ -73.78398, 40.85154 ], [ -73.78387, 40.85157 ], [ -73.78396, 40.8515 ], [ -73.78338, 40.8516 ], [ -73.78354, 40.85153 ], [ -73.78345, 40.85141 ], [ -73.7836, 40.85133 ], [ -73.78435, 40.85111 ], [ -73.7846, 40.8511 ], [ -73.78452, 40.8509 ], [ -73.78445, 40.85091 ], [ -73.78451, 40.85086 ], [ -73.78446, 40.85078 ], [ -73.78427, 40.85077 ], [ -73.78408, 40.85064 ], [ -73.78385, 40.85072 ], [ -73.78384, 40.8507 ], [ -73.78407, 40.85063 ], [ -73.78401, 40.85048 ], [ -73.78426, 40.85026 ], [ -73.7842, 40.85007 ], [ -73.78354, 40.84923 ], [ -73.78318, 40.84923 ], [ -73.78304, 40.84908 ], [ -73.78245, 40.84935 ], [ -73.78222, 40.84918 ], [ -73.7821, 40.84926 ], [ -73.78216, 40.84912 ], [ -73.78158, 40.84944 ], [ -73.78155, 40.84941 ], [ -73.78214, 40.84911 ], [ -73.78194, 40.84894 ], [ -73.78183, 40.84897 ], [ -73.7817, 40.84886 ], [ -73.78162, 40.8489 ], [ -73.78169, 40.84885 ], [ -73.78162, 40.84878 ], [ -73.78151, 40.84885 ], [ -73.78158, 40.84874 ], [ -73.78143, 40.84881 ], [ -73.78151, 40.84873 ], [ -73.7815, 40.84859 ], [ -73.78204, 40.84845 ], [ -73.78202, 40.84835 ], [ -73.78206, 40.84846 ], [ -73.78179, 40.84854 ], [ -73.78207, 40.84848 ], [ -73.7821, 40.84841 ], [ -73.78256, 40.84829 ], [ -73.78268, 40.84815 ], [ -73.78156, 40.84841 ], [ -73.78153, 40.84835 ], [ -73.78138, 40.84839 ], [ -73.78139, 40.84843 ], [ -73.78111, 40.84853 ], [ -73.78132, 40.8484 ], [ -73.78098, 40.84847 ], [ -73.78131, 40.84836 ], [ -73.78111, 40.8483 ], [ -73.78137, 40.84834 ], [ -73.78264, 40.84808 ], [ -73.78251, 40.84792 ], [ -73.78159, 40.84805 ], [ -73.78149, 40.84789 ], [ -73.78143, 40.84746 ], [ -73.78208, 40.84714 ], [ -73.78213, 40.84692 ], [ -73.78224, 40.84686 ], [ -73.78217, 40.84664 ], [ -73.78064, 40.84693 ], [ -73.78068, 40.84707 ], [ -73.78046, 40.84711 ], [ -73.7804, 40.84694 ], [ -73.78106, 40.84681 ], [ -73.78115, 40.84625 ], [ -73.78111, 40.84676 ], [ -73.78169, 40.84665 ], [ -73.78174, 40.84642 ], [ -73.78172, 40.84667 ], [ -73.78109, 40.84681 ], [ -73.78216, 40.84662 ], [ -73.78233, 40.84656 ], [ -73.78229, 40.84647 ], [ -73.78251, 40.84642 ], [ -73.78236, 40.84599 ], [ -73.78258, 40.84594 ], [ -73.7825, 40.84567 ], [ -73.78243, 40.84568 ], [ -73.78182, 40.84577 ], [ -73.78305, 40.84551 ], [ -73.78306, 40.84509 ], [ -73.78191, 40.84536 ], [ -73.78182, 40.84549 ], [ -73.78189, 40.84534 ], [ -73.78308, 40.84506 ], [ -73.78315, 40.8453 ], [ -73.78322, 40.84507 ], [ -73.7831, 40.845 ], [ -73.78298, 40.84469 ], [ -73.78337, 40.84445 ], [ -73.78332, 40.84436 ], [ -73.78306, 40.84438 ], [ -73.78301, 40.84418 ], [ -73.78327, 40.84408 ], [ -73.7831, 40.84387 ], [ -73.7835, 40.84374 ], [ -73.78349, 40.84369 ], [ -73.78299, 40.8438 ], [ -73.78291, 40.84394 ], [ -73.78053, 40.84453 ], [ -73.77993, 40.84389 ], [ -73.77998, 40.84386 ], [ -73.78053, 40.84446 ], [ -73.7804, 40.84397 ], [ -73.78059, 40.84444 ], [ -73.78106, 40.84434 ], [ -73.78088, 40.84387 ], [ -73.78109, 40.84433 ], [ -73.78155, 40.84422 ], [ -73.78138, 40.84371 ], [ -73.78158, 40.84422 ], [ -73.78201, 40.84412 ], [ -73.78183, 40.84358 ], [ -73.78204, 40.84411 ], [ -73.78244, 40.84402 ], [ -73.78225, 40.84344 ], [ -73.78247, 40.84401 ], [ -73.78282, 40.84393 ], [ -73.78257, 40.8433 ], [ -73.78279, 40.84376 ], [ -73.78309, 40.84369 ], [ -73.78288, 40.84313 ], [ -73.78313, 40.84371 ], [ -73.78281, 40.84379 ], [ -73.78284, 40.8439 ], [ -73.78298, 40.84378 ], [ -73.78348, 40.84366 ], [ -73.78319, 40.84288 ], [ -73.78305, 40.8429 ], [ -73.78321, 40.84349 ], [ -73.78301, 40.84291 ], [ -73.78291, 40.84293 ], [ -73.7829, 40.84288 ], [ -73.78314, 40.84283 ], [ -73.78292, 40.84281 ], [ -73.78313, 40.84274 ], [ -73.78289, 40.8425 ], [ -73.78273, 40.84253 ], [ -73.78282, 40.84277 ], [ -73.78271, 40.84254 ], [ -73.7823, 40.84261 ], [ -73.78245, 40.84305 ], [ -73.78227, 40.84262 ], [ -73.7818, 40.8427 ], [ -73.78193, 40.84324 ], [ -73.78177, 40.84271 ], [ -73.78125, 40.84281 ], [ -73.78143, 40.84338 ], [ -73.78122, 40.84281 ], [ -73.78068, 40.84292 ], [ -73.78083, 40.84352 ], [ -73.78065, 40.84292 ], [ -73.7803, 40.84298 ], [ -73.78029, 40.84379 ], [ -73.78023, 40.84379 ], [ -73.78023, 40.84289 ], [ -73.78029, 40.84296 ], [ -73.78287, 40.84249 ], [ -73.78231, 40.84253 ], [ -73.78241, 40.84246 ], [ -73.7806, 40.84279 ], [ -73.78237, 40.84244 ], [ -73.78234, 40.84235 ], [ -73.78215, 40.84236 ], [ -73.78233, 40.84233 ], [ -73.78231, 40.84223 ], [ -73.78162, 40.84234 ], [ -73.78231, 40.84222 ], [ -73.78237, 40.84207 ], [ -73.78233, 40.84193 ], [ -73.78231, 40.84199 ], [ -73.78144, 40.84215 ], [ -73.78232, 40.84191 ], [ -73.78227, 40.84179 ], [ -73.78204, 40.84185 ], [ -73.78226, 40.84179 ], [ -73.78202, 40.8418 ], [ -73.78224, 40.84174 ], [ -73.78217, 40.8417 ], [ -73.7813, 40.8418 ], [ -73.78134, 40.842 ], [ -73.78125, 40.84189 ], [ -73.78113, 40.84192 ], [ -73.7812, 40.84205 ], [ -73.7811, 40.84193 ], [ -73.78098, 40.84196 ], [ -73.78102, 40.8421 ], [ -73.78096, 40.84197 ], [ -73.78085, 40.842 ], [ -73.78089, 40.84214 ], [ -73.78082, 40.84201 ], [ -73.7807, 40.84204 ], [ -73.78072, 40.8422 ], [ -73.78066, 40.84205 ], [ -73.78053, 40.84209 ], [ -73.78056, 40.84222 ], [ -73.78051, 40.8421 ], [ -73.7804, 40.84217 ], [ -73.78035, 40.84212 ], [ -73.78043, 40.8425 ], [ -73.7803, 40.84252 ], [ -73.7802, 40.84205 ], [ -73.78038, 40.8421 ], [ -73.78126, 40.84185 ], [ -73.78124, 40.84178 ], [ -73.78185, 40.84166 ], [ -73.78181, 40.84129 ], [ -73.78166, 40.84113 ], [ -73.78084, 40.84128 ], [ -73.78089, 40.84156 ], [ -73.7808, 40.84126 ], [ -73.78165, 40.84111 ], [ -73.78161, 40.84102 ], [ -73.78139, 40.84104 ], [ -73.78161, 40.841 ], [ -73.78138, 40.84099 ], [ -73.7816, 40.84095 ], [ -73.78154, 40.84079 ], [ -73.78142, 40.84072 ], [ -73.78154, 40.84039 ], [ -73.78149, 40.84021 ], [ -73.78136, 40.83974 ], [ -73.78118, 40.83975 ], [ -73.78136, 40.83972 ], [ -73.78134, 40.83949 ], [ -73.78114, 40.8395 ], [ -73.78134, 40.83948 ], [ -73.78133, 40.8393 ], [ -73.78157, 40.83855 ], [ -73.78172, 40.83823 ], [ -73.78201, 40.83802 ], [ -73.78189, 40.83766 ], [ -73.78238, 40.83733 ], [ -73.78273, 40.8375 ], [ -73.78291, 40.83733 ], [ -73.7828, 40.83693 ], [ -73.78271, 40.83685 ], [ -73.78268, 40.83649 ], [ -73.78282, 40.83635 ], [ -73.78303, 40.83635 ], [ -73.78338, 40.83692 ], [ -73.7841, 40.83673 ], [ -73.78431, 40.83682 ], [ -73.78449, 40.83703 ], [ -73.78492, 40.83685 ], [ -73.78489, 40.8368 ], [ -73.78498, 40.83675 ], [ -73.78508, 40.83689 ], [ -73.7845, 40.83707 ], [ -73.78485, 40.83748 ], [ -73.78513, 40.83745 ], [ -73.78564, 40.83707 ], [ -73.78583, 40.83722 ], [ -73.78565, 40.83714 ], [ -73.78517, 40.83748 ], [ -73.78528, 40.83777 ], [ -73.78558, 40.83794 ], [ -73.78553, 40.83881 ], [ -73.78574, 40.83924 ], [ -73.78615, 40.8396 ], [ -73.78653, 40.83973 ], [ -73.78741, 40.83969 ], [ -73.78734, 40.83972 ], [ -73.78764, 40.84054 ], [ -73.78736, 40.8406 ], [ -73.78749, 40.84085 ], [ -73.78818, 40.84072 ], [ -73.7881, 40.84051 ], [ -73.78816, 40.8405 ], [ -73.78826, 40.84075 ], [ -73.78753, 40.84089 ], [ -73.78758, 40.84094 ], [ -73.78779, 40.8409 ], [ -73.78787, 40.84109 ], [ -73.78761, 40.84115 ], [ -73.78761, 40.84121 ], [ -73.78785, 40.84148 ], [ -73.78837, 40.84151 ], [ -73.78802, 40.84179 ], [ -73.78805, 40.84186 ], [ -73.78829, 40.84179 ], [ -73.78806, 40.84188 ], [ -73.78839, 40.84239 ], [ -73.78884, 40.84236 ], [ -73.78853, 40.84243 ], [ -73.78877, 40.84267 ], [ -73.78884, 40.84301 ], [ -73.78906, 40.84324 ], [ -73.78962, 40.84312 ], [ -73.78966, 40.84324 ], [ -73.78984, 40.84317 ], [ -73.78993, 40.84323 ], [ -73.78993, 40.84305 ], [ -73.79, 40.84332 ], [ -73.78986, 40.84326 ], [ -73.78989, 40.84339 ], [ -73.78974, 40.84342 ], [ -73.7899, 40.84343 ], [ -73.78976, 40.84348 ], [ -73.78981, 40.84359 ], [ -73.78934, 40.84369 ], [ -73.78933, 40.8438 ], [ -73.78947, 40.84395 ], [ -73.78934, 40.84399 ], [ -73.78947, 40.8443 ], [ -73.79067, 40.84575 ], [ -73.79099, 40.84566 ], [ -73.79102, 40.84571 ], [ -73.7907, 40.84579 ], [ -73.79097, 40.84637 ], [ -73.79149, 40.84626 ], [ -73.79113, 40.84637 ], [ -73.79118, 40.84656 ], [ -73.79142, 40.84656 ], [ -73.79133, 40.84662 ], [ -73.79148, 40.84681 ], [ -73.79179, 40.84674 ], [ -73.79137, 40.8469 ], [ -73.79149, 40.84697 ], [ -73.79144, 40.84731 ], [ -73.79177, 40.84724 ], [ -73.79192, 40.84727 ], [ -73.79143, 40.84737 ], [ -73.79142, 40.84749 ], [ -73.79152, 40.84747 ], [ -73.79154, 40.84755 ], [ -73.79127, 40.84761 ], [ -73.79133, 40.84807 ], [ -73.79162, 40.84806 ], [ -73.79134, 40.84809 ], [ -73.79136, 40.84824 ], [ -73.79125, 40.84856 ], [ -73.79106, 40.84873 ], [ -73.79111, 40.84882 ], [ -73.79105, 40.84875 ], [ -73.79092, 40.84888 ], [ -73.79102, 40.84899 ], [ -73.79089, 40.84889 ], [ -73.79025, 40.84919 ], [ -73.78976, 40.84954 ], [ -73.78986, 40.84998 ], [ -73.79095, 40.84975 ], [ -73.79099, 40.84984 ], [ -73.78987, 40.85 ], [ -73.79002, 40.85032 ], [ -73.79025, 40.85029 ], [ -73.79026, 40.85017 ], [ -73.79036, 40.85015 ], [ -73.79041, 40.85028 ], [ -73.79014, 40.85033 ], [ -73.79023, 40.85038 ], [ -73.79003, 40.85036 ], [ -73.79004, 40.85044 ], [ -73.78989, 40.85047 ], [ -73.79007, 40.85094 ], [ -73.79025, 40.85091 ], [ -73.79009, 40.85099 ], [ -73.79027, 40.85097 ], [ -73.79009, 40.851 ], [ -73.79013, 40.8512 ], [ -73.78952, 40.85131 ], [ -73.78956, 40.8515 ], [ -73.78979, 40.85147 ], [ -73.78967, 40.85135 ], [ -73.78977, 40.85133 ], [ -73.78981, 40.85146 ], [ -73.79006, 40.85142 ], [ -73.79002, 40.85127 ], [ -73.79009, 40.85142 ], [ -73.79035, 40.85138 ], [ -73.79034, 40.85123 ], [ -73.79038, 40.85137 ], [ -73.79083, 40.8513 ], [ -73.79082, 40.85116 ], [ -73.79086, 40.85129 ], [ -73.79099, 40.85127 ], [ -73.79087, 40.85132 ], [ -73.79089, 40.85141 ], [ -73.79083, 40.85132 ], [ -73.79039, 40.85139 ], [ -73.79039, 40.8515 ], [ -73.79036, 40.8514 ], [ -73.7901, 40.85144 ], [ -73.79007, 40.85152 ], [ -73.79005, 40.85145 ], [ -73.78967, 40.85151 ], [ -73.78973, 40.8517 ], [ -73.79089, 40.85156 ], [ -73.79092, 40.85165 ], [ -73.79023, 40.85176 ], [ -73.79047, 40.85178 ], [ -73.79027, 40.85182 ], [ -73.7903, 40.85198 ], [ -73.79009, 40.85204 ], [ -73.79016, 40.85226 ], [ -73.79024, 40.85224 ], [ -73.79016, 40.85205 ], [ -73.79028, 40.85223 ], [ -73.79053, 40.85217 ], [ -73.79045, 40.852 ], [ -73.79051, 40.85199 ], [ -73.79058, 40.85216 ], [ -73.79081, 40.85211 ], [ -73.79074, 40.85193 ], [ -73.79056, 40.85195 ], [ -73.7908, 40.85187 ], [ -73.79086, 40.8521 ], [ -73.79111, 40.85201 ], [ -73.79101, 40.85187 ], [ -73.79118, 40.85182 ], [ -73.7911, 40.85186 ], [ -73.79119, 40.85202 ], [ -73.79146, 40.85195 ], [ -73.7914, 40.85179 ], [ -73.79132, 40.85179 ], [ -73.79152, 40.85174 ], [ -73.79143, 40.85178 ], [ -73.7915, 40.85194 ], [ -73.79177, 40.85188 ], [ -73.79173, 40.85177 ], [ -73.7925, 40.85156 ], [ -73.79177, 40.85178 ], [ -73.7918, 40.85187 ], [ -73.79206, 40.85183 ], [ -73.79114, 40.85206 ], [ -73.79121, 40.85221 ], [ -73.79134, 40.85217 ], [ -73.79123, 40.85227 ], [ -73.79136, 40.85223 ], [ -73.79124, 40.85229 ], [ -73.79318, 40.85182 ], [ -73.79312, 40.85159 ], [ -73.79322, 40.85184 ], [ -73.79315, 40.85185 ], [ -73.79324, 40.85194 ], [ -73.79313, 40.85186 ], [ -73.79125, 40.85231 ], [ -73.79138, 40.85261 ], [ -73.79341, 40.85212 ], [ -73.79341, 40.85203 ], [ -73.79351, 40.85227 ], [ -73.79343, 40.85214 ], [ -73.79139, 40.85264 ], [ -73.79145, 40.85278 ], [ -73.79042, 40.85303 ], [ -73.7905, 40.8532 ], [ -73.79101, 40.85313 ], [ -73.79101, 40.85304 ], [ -73.79103, 40.85312 ], [ -73.79146, 40.85302 ], [ -73.79144, 40.85283 ], [ -73.7915, 40.85301 ], [ -73.7917, 40.85297 ], [ -73.79166, 40.85279 ], [ -73.79173, 40.85296 ], [ -73.79196, 40.8529 ], [ -73.79192, 40.85272 ], [ -73.79199, 40.8529 ], [ -73.79223, 40.85284 ], [ -73.79218, 40.85266 ], [ -73.79225, 40.85283 ], [ -73.79249, 40.85278 ], [ -73.79244, 40.85259 ], [ -73.79251, 40.85277 ], [ -73.79283, 40.85269 ], [ -73.79277, 40.85252 ], [ -73.79282, 40.8525 ], [ -73.7929, 40.8527 ], [ -73.79081, 40.85321 ], [ -73.79086, 40.85333 ], [ -73.79112, 40.85327 ], [ -73.79127, 40.85372 ], [ -73.79253, 40.85342 ], [ -73.79241, 40.85306 ], [ -73.79256, 40.85341 ], [ -73.79298, 40.85331 ], [ -73.79288, 40.85295 ], [ -73.79304, 40.85338 ], [ -73.79128, 40.85374 ], [ -73.79129, 40.85385 ], [ -73.79106, 40.85393 ], [ -73.79246, 40.85361 ], [ -73.79246, 40.85369 ], [ -73.79244, 40.85364 ], [ -73.79107, 40.85395 ], [ -73.79158, 40.8539 ], [ -73.79179, 40.854 ], [ -73.79254, 40.85386 ], [ -73.79257, 40.85402 ], [ -73.79252, 40.85393 ], [ -73.7918, 40.85401 ], [ -73.79192, 40.85423 ], [ -73.79134, 40.85445 ], [ -73.79129, 40.85459 ], [ -73.79208, 40.85565 ], [ -73.7925, 40.8558 ], [ -73.79249, 40.85596 ], [ -73.79231, 40.85608 ], [ -73.79212, 40.85602 ], [ -73.79202, 40.85619 ], [ -73.79257, 40.85626 ], [ -73.79201, 40.85623 ], [ -73.79194, 40.85641 ], [ -73.79209, 40.85649 ], [ -73.7919, 40.85656 ], [ -73.7931, 40.85669 ], [ -73.79303, 40.85682 ], [ -73.79305, 40.85676 ], [ -73.7919, 40.85658 ], [ -73.79183, 40.85668 ], [ -73.79196, 40.85673 ], [ -73.79179, 40.85673 ], [ -73.79193, 40.85678 ], [ -73.79179, 40.85674 ], [ -73.79171, 40.85686 ], [ -73.79186, 40.8568 ], [ -73.79174, 40.85687 ], [ -73.7922, 40.85715 ], [ -73.79238, 40.85691 ], [ -73.79243, 40.85694 ], [ -73.79222, 40.85716 ], [ -73.79283, 40.85744 ], [ -73.79296, 40.857 ], [ -73.79301, 40.85701 ], [ -73.79289, 40.85749 ], [ -73.79186, 40.85701 ], [ -73.79268, 40.85743 ], [ -73.79261, 40.85752 ], [ -73.79264, 40.85743 ], [ -73.79211, 40.85718 ], [ -73.7919, 40.85745 ], [ -73.79247, 40.85772 ], [ -73.79257, 40.85765 ], [ -73.7924, 40.85785 ], [ -73.79244, 40.85775 ], [ -73.79174, 40.8574 ], [ -73.79187, 40.85744 ], [ -73.79209, 40.85717 ], [ -73.79184, 40.85704 ], [ -73.79161, 40.85738 ], [ -73.7913, 40.85727 ], [ -73.79094, 40.85756 ], [ -73.79164, 40.85789 ], [ -73.79179, 40.85778 ], [ -73.79144, 40.85816 ], [ -73.79162, 40.85791 ], [ -73.79093, 40.85758 ], [ -73.79024, 40.85816 ], [ -73.79006, 40.85847 ], [ -73.7902, 40.85861 ], [ -73.79005, 40.85848 ], [ -73.78926, 40.85877 ], [ -73.78915, 40.85875 ], [ -73.78892, 40.85845 ] ], [ [ -73.7831, 40.84553 ], [ -73.78315, 40.84532 ], [ -73.78308, 40.84552 ], [ -73.7825, 40.84567 ], [ -73.7831, 40.84553 ] ], [ [ -73.7902, 40.85176 ], [ -73.79022, 40.85185 ], [ -73.79023, 40.85176 ], [ -73.7902, 40.85176 ] ] ], [ [ [ -73.83556, 40.85197 ], [ -73.8352, 40.85285 ], [ -73.83453, 40.85398 ], [ -73.83408, 40.85437 ], [ -73.8335, 40.85469 ], [ -73.83193, 40.85529 ], [ -73.83129, 40.85544 ], [ -73.8286, 40.85573 ], [ -73.82721, 40.8533 ], [ -73.82738, 40.85283 ], [ -73.82713, 40.85188 ], [ -73.82786, 40.84975 ], [ -73.828, 40.84864 ], [ -73.82645, 40.84627 ], [ -73.82611, 40.84535 ], [ -73.82758, 40.84474 ], [ -73.83043, 40.84387 ], [ -73.83294, 40.84353 ], [ -73.83683, 40.84347 ], [ -73.8362, 40.84584 ], [ -73.83556, 40.85197 ] ] ], [ [ [ -73.78434, 40.86007 ], [ -73.78437, 40.85986 ], [ -73.78453, 40.85967 ], [ -73.78459, 40.85935 ], [ -73.78472, 40.85914 ], [ -73.78512, 40.85891 ], [ -73.78514, 40.8588 ], [ -73.78531, 40.8588 ], [ -73.78533, 40.85893 ], [ -73.78548, 40.85897 ], [ -73.78573, 40.85922 ], [ -73.78608, 40.85928 ], [ -73.78637, 40.85922 ], [ -73.78661, 40.85904 ], [ -73.78654, 40.85887 ], [ -73.7867, 40.85869 ], [ -73.78728, 40.85886 ], [ -73.78774, 40.85878 ], [ -73.78748, 40.85901 ], [ -73.78748, 40.85917 ], [ -73.78716, 40.85957 ], [ -73.78714, 40.85974 ], [ -73.78702, 40.85989 ], [ -73.78705, 40.86017 ], [ -73.78692, 40.86028 ], [ -73.78592, 40.86031 ], [ -73.78458, 40.86054 ], [ -73.7845, 40.86048 ], [ -73.78444, 40.86012 ], [ -73.78434, 40.86007 ] ] ] ] } },
{ "type": "Feature", "properties": { "name": "Pelham Gardens" }, "geometry": { "type": "Polygon", "coordinates": [ [ [ -73.85651, 40.87423 ], [ -73.8486, 40.87168 ], [ -73.83579, 40.86502 ], [ -73.8316, 40.86265 ], [ -73.82956, 40.86217 ], [ -73.82841, 40.86096 ], [ -73.82855, 40.86076 ], [ -73.82988, 40.85975 ], [ -73.83308, 40.85869 ], [ -73.83682, 40.85729 ], [ -73.8433, 40.8583 ], [ -73.8474, 40.85869 ], [ -73.84931, 40.85873 ], [ -73.85664, 40.85812 ], [ -73.85731, 40.85946 ], [ -73.85771, 40.86229 ], [ -73.85891, 40.86465 ], [ -73.85961, 40.86552 ], [ -73.85867, 40.8655 ], [ -73.85849, 40.87129 ], [ -73.85662, 40.87126 ], [ -73.85651, 40.87423 ] ] ] } },
{ "type": "Feature", "properties": { "name": "Pelham Parkway-Van Nest" }, "geometry": { "type": "Polygon", "coordinates": [ [ [ -73.86179, 40.85799 ], [ -73.86179, 40.85739 ], [ -73.86192, 40.85679 ], [ -73.86212, 40.85081 ], [ -73.86304, 40.85062 ], [ -73.86279, 40.84925 ], [ -73.86251, 40.84837 ], [ -73.86119, 40.84861 ], [ -73.86039, 40.84824 ], [ -73.85866, 40.84529 ], [ -73.85738, 40.84372 ], [ -73.8543, 40.84268 ], [ -73.85334, 40.84248 ], [ -73.86347, 40.84131 ], [ -73.86547, 40.84087 ], [ -73.86725, 40.84035 ], [ -73.86831, 40.84 ], [ -73.86921, 40.83961 ], [ -73.8736, 40.83981 ], [ -73.8723, 40.84159 ], [ -73.871, 40.84312 ], [ -73.86889, 40.84442 ], [ -73.86804, 40.84482 ], [ -73.86864, 40.84532 ], [ -73.86874, 40.84562 ], [ -73.86866, 40.84627 ], [ -73.86893, 40.84689 ], [ -73.86836, 40.84709 ], [ -73.86786, 40.84887 ], [ -73.86921, 40.84925 ], [ -73.86825, 40.85097 ], [ -73.86855, 40.85179 ], [ -73.86847, 40.85198 ], [ -73.86869, 40.85231 ], [ -73.86986, 40.85559 ], [ -73.86989, 40.85598 ], [ -73.86819, 40.85807 ], [ -73.86817, 40.85793 ], [ -73.86802, 40.85784 ], [ -73.86179, 40.85799 ] ] ] } },
{ "type": "Feature", "properties": { "name": "Pomonok-Electchester-Hillcrest" }, "geometry": { "type": "Polygon", "coordinates": [ [ [ -73.80467, 40.73845 ], [ -73.80466, 40.73812 ], [ -73.80273, 40.73809 ], [ -73.80294, 40.73487 ], [ -73.80385, 40.73491 ], [ -73.80407, 40.73165 ], [ -73.79866, 40.73144 ], [ -73.79857, 40.73287 ], [ -73.79428, 40.7327 ], [ -73.79398, 40.73231 ], [ -73.79391, 40.73173 ], [ -73.79382, 40.73167 ], [ -73.79379, 40.73071 ], [ -73.79157, 40.72534 ], [ -73.79045, 40.72356 ], [ -73.79036, 40.72301 ], [ -73.7903, 40.7209 ], [ -73.79037, 40.72014 ], [ -73.79071, 40.71928 ], [ -73.79214, 40.71921 ], [ -73.79279, 40.71909 ], [ -73.79805, 40.71742 ], [ -73.7981, 40.71755 ], [ -73.80008, 40.71698 ], [ -73.80192, 40.71656 ], [ -73.80474, 40.71618 ], [ -73.80785, 40.71601 ], [ -73.80934, 40.72097 ], [ -73.81063, 40.72443 ], [ -73.8107, 40.7262 ], [ -73.81475, 40.72824 ], [ -73.815, 40.72844 ], [ -73.81523, 40.7288 ], [ -73.81502, 40.73047 ], [ -73.81469, 40.73596 ], [ -73.8147, 40.73715 ], [ -73.81506, 40.739 ], [ -73.81322, 40.73877 ], [ -73.80467, 40.73845 ] ] ] } },
{ "type": "Feature", "properties": { "name": "Port Richmond" }, "geometry": { "type": "Polygon", "coordinates": [ [ [ -74.12071, 40.64105 ], [ -74.12093, 40.64092 ], [ -74.1202, 40.64108 ], [ -74.11807, 40.64131 ], [ -74.11799, 40.64058 ], [ -74.1177, 40.63944 ], [ -74.11755, 40.63696 ], [ -74.12063, 40.63658 ], [ -74.12024, 40.63431 ], [ -74.1172, 40.63458 ], [ -74.11684, 40.63268 ], [ -74.12489, 40.63174 ], [ -74.12304, 40.62902 ], [ -74.12126, 40.62783 ], [ -74.12216, 40.62749 ], [ -74.1307, 40.62635 ], [ -74.13131, 40.62634 ], [ -74.13014, 40.62997 ], [ -74.13048, 40.63089 ], [ -74.1306, 40.63089 ], [ -74.13108, 40.63116 ], [ -74.13162, 40.63059 ], [ -74.13344, 40.62908 ], [ -74.13409, 40.62955 ], [ -74.13586, 40.62807 ], [ -74.13674, 40.62867 ], [ -74.13807, 40.62758 ], [ -74.13789, 40.62746 ], [ -74.13806, 40.62708 ], [ -74.13581, 40.62507 ], [ -74.137, 40.62436 ], [ -74.13806, 40.62423 ], [ -74.14403, 40.625 ], [ -74.14611, 40.62494 ], [ -74.14555, 40.62672 ], [ -74.14544, 40.62789 ], [ -74.14594, 40.62783 ], [ -74.14609, 40.62892 ], [ -74.14622, 40.62912 ], [ -74.14753, 40.6294 ], [ -74.14683, 40.63139 ], [ -74.14478, 40.63796 ], [ -74.1436, 40.63852 ], [ -74.14313, 40.63969 ], [ -74.14258, 40.63954 ], [ -74.14239, 40.63965 ], [ -74.14232, 40.6398 ], [ -74.14241, 40.64021 ], [ -74.1423, 40.64031 ], [ -74.14156, 40.64038 ], [ -74.14148, 40.6401 ], [ -74.14129, 40.64015 ], [ -74.14119, 40.6404 ], [ -74.14103, 40.64051 ], [ -74.14076, 40.6406 ], [ -74.1393, 40.64081 ], [ -74.13926, 40.64074 ], [ -74.13918, 40.64086 ], [ -74.13758, 40.64101 ], [ -74.13736, 40.64113 ], [ -74.13737, 40.6413 ], [ -74.13435, 40.6419 ], [ -74.1343, 40.64176 ], [ -74.1335, 40.64173 ], [ -74.13342, 40.64156 ], [ -74.13299, 40.64143 ], [ -74.13256, 40.64154 ], [ -74.1324, 40.64171 ], [ -74.13126, 40.64161 ], [ -74.13146, 40.64132 ], [ -74.13108, 40.64103 ], [ -74.13033, 40.64079 ], [ -74.13018, 40.64104 ], [ -74.13012, 40.64102 ], [ -74.13028, 40.64077 ], [ -74.13019, 40.64073 ], [ -74.12968, 40.64139 ], [ -74.12949, 40.64136 ], [ -74.12998, 40.64074 ], [ -74.12988, 40.6407 ], [ -74.12992, 40.64064 ], [ -74.12931, 40.64035 ], [ -74.12923, 40.64049 ], [ -74.12893, 40.64042 ], [ -74.129, 40.6412 ], [ -74.12891, 40.6412 ], [ -74.12881, 40.64024 ], [ -74.12813, 40.64026 ], [ -74.12811, 40.64015 ], [ -74.12753, 40.64016 ], [ -74.1274, 40.63998 ], [ -74.12739, 40.63984 ], [ -74.12725, 40.63978 ], [ -74.12715, 40.63932 ], [ -74.12703, 40.63933 ], [ -74.12713, 40.63987 ], [ -74.12706, 40.64025 ], [ -74.12645, 40.64039 ], [ -74.12607, 40.64026 ], [ -74.1262, 40.64127 ], [ -74.12634, 40.64126 ], [ -74.12637, 40.64134 ], [ -74.12564, 40.64143 ], [ -74.12563, 40.64135 ], [ -74.12613, 40.64127 ], [ -74.126, 40.64024 ], [ -74.12558, 40.64016 ], [ -74.1247, 40.64025 ], [ -74.12416, 40.64014 ], [ -74.12364, 40.64035 ], [ -74.12341, 40.6406 ], [ -74.12286, 40.64083 ], [ -74.12261, 40.64061 ], [ -74.12291, 40.64103 ], [ -74.12283, 40.6413 ], [ -74.12196, 40.64146 ], [ -74.12184, 40.64141 ], [ -74.12187, 40.64156 ], [ -74.12198, 40.64151 ], [ -74.12188, 40.64159 ], [ -74.12181, 40.64142 ], [ -74.12178, 40.6416 ], [ -74.12156, 40.64163 ], [ -74.12176, 40.64158 ], [ -74.12173, 40.64144 ], [ -74.12139, 40.64149 ], [ -74.12133, 40.64161 ], [ -74.12137, 40.64148 ], [ -74.12131, 40.64146 ], [ -74.12117, 40.64168 ], [ -74.12128, 40.64144 ], [ -74.12122, 40.64141 ], [ -74.12108, 40.64162 ], [ -74.12118, 40.64139 ], [ -74.12071, 40.64105 ] ] ] } },
{ "type": "Feature", "properties": { "name": "Prospect Heights" }, "geometry": { "type": "Polygon", "coordinates": [ [ [ -73.96007, 40.67487 ], [ -73.96134, 40.67137 ], [ -73.96375, 40.6719 ], [ -73.96713, 40.67281 ], [ -73.96822, 40.67295 ], [ -73.96894, 40.6729 ], [ -73.96874, 40.67349 ], [ -73.96874, 40.6741 ], [ -73.96891, 40.67457 ], [ -73.96913, 40.67491 ], [ -73.96969, 40.67537 ], [ -73.9695, 40.67591 ], [ -73.97189, 40.6764 ], [ -73.97618, 40.67807 ], [ -73.97469, 40.68027 ], [ -73.97373, 40.68294 ], [ -73.97376, 40.68306 ], [ -73.96135, 40.68047 ], [ -73.96318, 40.67554 ], [ -73.96007, 40.67487 ] ] ] } },
{ "type": "Feature", "properties": { "name": "Prospect Lefferts Gardens-Wingate" }, "geometry": { "type": "Polygon", "coordinates": [ [ [ -73.93161, 40.66356 ], [ -73.93133, 40.6606 ], [ -73.93423, 40.66042 ], [ -73.934, 40.65813 ], [ -73.93108, 40.6583 ], [ -73.9309, 40.65662 ], [ -73.95007, 40.65543 ], [ -73.95016, 40.65627 ], [ -73.95639, 40.65588 ], [ -73.9563, 40.65506 ], [ -73.9597, 40.65485 ], [ -73.95986, 40.65564 ], [ -73.96188, 40.65489 ], [ -73.96308, 40.66214 ], [ -73.96294, 40.66257 ], [ -73.96225, 40.66321 ], [ -73.96062, 40.66331 ], [ -73.96034, 40.66412 ], [ -73.95729, 40.66431 ], [ -73.95721, 40.66353 ], [ -73.94546, 40.66423 ], [ -73.9427, 40.66406 ], [ -73.94283, 40.66286 ], [ -73.93161, 40.66356 ] ] ] } },
{ "type": "Feature", "properties": { "name": "Prospect Park" }, "geometry": { "type": "Polygon", "coordinates": [ [ [ -73.96609, 40.67257 ], [ -73.96257, 40.67163 ], [ -73.96096, 40.66329 ], [ -73.96225, 40.66321 ], [ -73.96291, 40.66261 ], [ -73.96308, 40.66222 ], [ -73.96188, 40.65489 ], [ -73.96621, 40.6532 ], [ -73.96466, 40.6509 ], [ -73.9714, 40.64827 ], [ -73.97209, 40.65067 ], [ -73.97244, 40.65071 ], [ -73.97269, 40.65098 ], [ -73.97259, 40.65128 ], [ -73.97233, 40.65141 ], [ -73.97412, 40.6577 ], [ -73.97437, 40.6582 ], [ -73.97448, 40.65835 ], [ -73.97516, 40.65873 ], [ -73.97958, 40.66086 ], [ -73.97976, 40.66075 ], [ -73.98, 40.66077 ], [ -73.98017, 40.66088 ], [ -73.98023, 40.66106 ], [ -73.98001, 40.66127 ], [ -73.97965, 40.66125 ], [ -73.97935, 40.6616 ], [ -73.97182, 40.67064 ], [ -73.97086, 40.67187 ], [ -73.97041, 40.67266 ], [ -73.96967, 40.67265 ], [ -73.96878, 40.67295 ], [ -73.96852, 40.67296 ], [ -73.96749, 40.67287 ], [ -73.96609, 40.67257 ] ] ] } },
{ "type": "Feature", "properties": { "name": "Queens Village" }, "geometry": { "type": "Polygon", "coordinates": [ [ [ -73.72991, 40.72328 ], [ -73.72837, 40.72362 ], [ -73.72816, 40.72309 ], [ -73.72932, 40.7227 ], [ -73.73033, 40.72217 ], [ -73.72918, 40.71918 ], [ -73.72697, 40.71072 ], [ -73.7269, 40.70999 ], [ -73.72705, 40.70951 ], [ -73.72678, 40.70307 ], [ -73.72777, 40.70303 ], [ -73.73427, 40.70323 ], [ -73.73431, 40.70249 ], [ -73.74078, 40.70269 ], [ -73.7405, 40.70344 ], [ -73.74149, 40.70344 ], [ -73.74591, 40.7023 ], [ -73.745, 40.70027 ], [ -73.74773, 40.69956 ], [ -73.75121, 40.70731 ], [ -73.75371, 40.71333 ], [ -73.75401, 40.71384 ], [ -73.75944, 40.72107 ], [ -73.75497, 40.72417 ], [ -73.75509, 40.7245 ], [ -73.75548, 40.72513 ], [ -73.75688, 40.72629 ], [ -73.75455, 40.72709 ], [ -73.75301, 40.72778 ], [ -73.75189, 40.72843 ], [ -73.75067, 40.72919 ], [ -73.74962, 40.73001 ], [ -73.74674, 40.73259 ], [ -73.74666, 40.73182 ], [ -73.74649, 40.73142 ], [ -73.7463, 40.73119 ], [ -73.74556, 40.73065 ], [ -73.73147, 40.72742 ], [ -73.72991, 40.72328 ] ] ] } },
{ "type": "Feature", "properties": { "name": "Queensboro Hill" }, "geometry": { "type": "Polygon", "coordinates": [ [ [ -73.81537, 40.74723 ], [ -73.81376, 40.74575 ], [ -73.81368, 40.74556 ], [ -73.81369, 40.74531 ], [ -73.81379, 40.74456 ], [ -73.81431, 40.74298 ], [ -73.80824, 40.74202 ], [ -73.8073, 40.742 ], [ -73.80447, 40.74218 ], [ -73.79947, 40.74223 ], [ -73.79695, 40.74194 ], [ -73.79723, 40.7417 ], [ -73.79726, 40.74022 ], [ -73.79641, 40.7386 ], [ -73.79629, 40.73856 ], [ -73.79673, 40.73842 ], [ -73.79644, 40.73845 ], [ -73.79641, 40.73833 ], [ -73.79822, 40.73823 ], [ -73.81322, 40.73877 ], [ -73.81506, 40.739 ], [ -73.81497, 40.73857 ], [ -73.81608, 40.73887 ], [ -73.81633, 40.73845 ], [ -73.81678, 40.73839 ], [ -73.82007, 40.73884 ], [ -73.82486, 40.73984 ], [ -73.82481, 40.73964 ], [ -73.82495, 40.73958 ], [ -73.82498, 40.73945 ], [ -73.82556, 40.73946 ], [ -73.82582, 40.73913 ], [ -73.82634, 40.73884 ], [ -73.82701, 40.73858 ], [ -73.82797, 40.73851 ], [ -73.82795, 40.73783 ], [ -73.82809, 40.73709 ], [ -73.82947, 40.73703 ], [ -73.83054, 40.73753 ], [ -73.83114, 40.73857 ], [ -73.831, 40.73857 ], [ -73.83091, 40.73914 ], [ -73.83134, 40.73918 ], [ -73.83116, 40.74235 ], [ -73.83297, 40.7426 ], [ -73.83586, 40.74324 ], [ -73.83593, 40.74351 ], [ -73.83595, 40.74374 ], [ -73.83585, 40.74418 ], [ -73.83544, 40.74553 ], [ -73.83538, 40.74553 ], [ -73.83463, 40.74689 ], [ -73.83412, 40.74737 ], [ -73.83309, 40.748 ], [ -73.833, 40.74784 ], [ -73.83126, 40.74811 ], [ -73.83127, 40.74863 ], [ -73.83098, 40.74894 ], [ -73.82923, 40.74926 ], [ -73.82787, 40.74982 ], [ -73.82724, 40.74987 ], [ -73.82585, 40.74936 ], [ -73.82572, 40.75039 ], [ -73.82577, 40.75098 ], [ -73.82427, 40.75184 ], [ -73.82109, 40.74857 ], [ -73.81782, 40.74739 ], [ -73.81575, 40.74699 ], [ -73.81537, 40.74723 ] ] ] } },
{ "type": "Feature", "properties": { "name": "Queensbridge-Ravenswood-Dutch Kills" }, "geometry": { "type": "Polygon", "coordinates": [ [ [ -73.93491, 40.77128 ], [ -73.93425, 40.77104 ], [ -73.93448, 40.77042 ], [ -73.93487, 40.76986 ], [ -73.93577, 40.76906 ], [ -73.93593, 40.76779 ], [ -73.93619, 40.7677 ], [ -73.93037, 40.7645 ], [ -73.93134, 40.76328 ], [ -73.92944, 40.76239 ], [ -73.93055, 40.76123 ], [ -73.92965, 40.76081 ], [ -73.93215, 40.75772 ], [ -73.92416, 40.75397 ], [ -73.92563, 40.75215 ], [ -73.93228, 40.75196 ], [ -73.93383, 40.75161 ], [ -73.93474, 40.75099 ], [ -73.9361, 40.74974 ], [ -73.93539, 40.74942 ], [ -73.93686, 40.74843 ], [ -73.93805, 40.74946 ], [ -73.93799, 40.7497 ], [ -73.93812, 40.74984 ], [ -73.94402, 40.75236 ], [ -73.94409, 40.75229 ], [ -73.94488, 40.75261 ], [ -73.95084, 40.75523 ], [ -73.94597, 40.7613 ], [ -73.94571, 40.7615 ], [ -73.9435, 40.76451 ], [ -73.94131, 40.76693 ], [ -73.93984, 40.768 ], [ -73.93937, 40.76817 ], [ -73.93896, 40.76797 ], [ -73.9382, 40.76871 ], [ -73.93807, 40.76872 ], [ -73.93789, 40.76857 ], [ -73.93778, 40.76863 ], [ -73.93796, 40.76879 ], [ -73.93747, 40.76896 ], [ -73.93682, 40.76891 ], [ -73.93669, 40.76914 ], [ -73.93671, 40.76926 ], [ -73.93641, 40.76948 ], [ -73.93617, 40.76952 ], [ -73.93574, 40.76938 ], [ -73.93524, 40.76969 ], [ -73.9349, 40.77005 ], [ -73.9347, 40.77043 ], [ -73.93515, 40.77055 ], [ -73.93501, 40.77117 ], [ -73.93491, 40.77128 ] ] ] } },
{ "type": "Feature", "properties": { "name": "Randall's Island" }, "geometry": { "type": "Polygon", "coordinates": [ [ [ -73.91663, 40.79787 ], [ -73.91546, 40.79707 ], [ -73.91444, 40.79567 ], [ -73.91381, 40.79452 ], [ -73.91379, 40.79384 ], [ -73.91514, 40.79202 ], [ -73.91631, 40.79113 ], [ -73.91617, 40.79102 ], [ -73.91687, 40.79037 ], [ -73.91711, 40.79048 ], [ -73.91812, 40.79005 ], [ -73.91856, 40.7897 ], [ -73.91859, 40.78948 ], [ -73.91851, 40.78943 ], [ -73.92189, 40.78571 ], [ -73.922, 40.78576 ], [ -73.92219, 40.78552 ], [ -73.92285, 40.78356 ], [ -73.92412, 40.78253 ], [ -73.92467, 40.78225 ], [ -73.92539, 40.78228 ], [ -73.92572, 40.78218 ], [ -73.92733, 40.7811 ], [ -73.9281, 40.78093 ], [ -73.92849, 40.78102 ], [ -73.93064, 40.78227 ], [ -73.93105, 40.7824 ], [ -73.93502, 40.78301 ], [ -73.93598, 40.78395 ], [ -73.93607, 40.78423 ], [ -73.93605, 40.78452 ], [ -73.93571, 40.78569 ], [ -73.9327, 40.78919 ], [ -73.9324, 40.78973 ], [ -73.93224, 40.7897 ], [ -73.93148, 40.79049 ], [ -73.93084, 40.791 ], [ -73.93073, 40.79096 ], [ -73.92973, 40.79137 ], [ -73.92872, 40.79095 ], [ -73.92807, 40.79083 ], [ -73.92692, 40.7908 ], [ -73.92642, 40.7907 ], [ -73.92611, 40.79074 ], [ -73.92605, 40.79127 ], [ -73.92616, 40.79172 ], [ -73.92657, 40.79187 ], [ -73.92559, 40.79183 ], [ -73.92561, 40.7919 ], [ -73.92674, 40.79194 ], [ -73.9267, 40.79184 ], [ -73.92637, 40.79167 ], [ -73.92633, 40.79151 ], [ -73.92635, 40.79126 ], [ -73.92657, 40.79099 ], [ -73.92787, 40.79096 ], [ -73.9279, 40.7911 ], [ -73.92714, 40.79194 ], [ -73.9278, 40.79201 ], [ -73.92827, 40.79234 ], [ -73.92834, 40.79299 ], [ -73.92827, 40.79322 ], [ -73.92735, 40.79447 ], [ -73.92694, 40.79551 ], [ -73.92689, 40.79626 ], [ -73.92695, 40.79672 ], [ -73.92722, 40.79742 ], [ -73.92728, 40.79742 ], [ -73.92744, 40.79772 ], [ -73.92748, 40.79813 ], [ -73.92726, 40.79893 ], [ -73.92688, 40.79995 ], [ -73.9265, 40.80038 ], [ -73.92669, 40.80046 ], [ -73.92578, 40.80174 ], [ -73.92549, 40.80196 ], [ -73.92436, 40.80199 ], [ -73.92264, 40.80188 ], [ -73.92191, 40.80151 ], [ -73.92134, 40.80086 ], [ -73.92103, 40.80027 ], [ -73.92032, 40.79938 ], [ -73.919, 40.79878 ], [ -73.91663, 40.79787 ] ] ] } },
{ "type": "Feature", "properties": { "name": "Rego Park" }, "geometry": { "type": "Polygon", "coordinates": [ [ [ -73.85887, 40.73595 ], [ -73.85626, 40.73097 ], [ -73.85851, 40.7303 ], [ -73.85763, 40.72862 ], [ -73.85798, 40.72874 ], [ -73.85942, 40.72647 ], [ -73.85727, 40.72569 ], [ -73.85806, 40.72445 ], [ -73.86204, 40.72597 ], [ -73.85991, 40.72435 ], [ -73.85868, 40.72262 ], [ -73.85777, 40.71646 ], [ -73.85745, 40.7137 ], [ -73.85729, 40.71148 ], [ -73.85976, 40.71185 ], [ -73.85964, 40.71399 ], [ -73.85975, 40.7144 ], [ -73.86004, 40.71494 ], [ -73.86302, 40.71772 ], [ -73.86524, 40.71998 ], [ -73.86929, 40.72444 ], [ -73.87085, 40.72749 ], [ -73.87146, 40.72933 ], [ -73.87524, 40.73073 ], [ -73.86879, 40.73294 ], [ -73.86457, 40.7342 ], [ -73.86462, 40.73429 ], [ -73.85887, 40.73595 ] ] ] } },
{ "type": "Feature", "properties": { "name": "Richmond Hill" }, "geometry": { "type": "Polygon", "coordinates": [ [ [ -73.81648, 40.70246 ], [ -73.81546, 40.70029 ], [ -73.81373, 40.69714 ], [ -73.81439, 40.69708 ], [ -73.81888, 40.6958 ], [ -73.81958, 40.69574 ], [ -73.82086, 40.69536 ], [ -73.82108, 40.69579 ], [ -73.82479, 40.69473 ], [ -73.82968, 40.69354 ], [ -73.84496, 40.68917 ], [ -73.84773, 40.69478 ], [ -73.84894, 40.69757 ], [ -73.84948, 40.6982 ], [ -73.84868, 40.69847 ], [ -73.84821, 40.69853 ], [ -73.84503, 40.69937 ], [ -73.84276, 40.70067 ], [ -73.84157, 40.70111 ], [ -73.83948, 40.7027 ], [ -73.83696, 40.70422 ], [ -73.83662, 40.70343 ], [ -73.83598, 40.70344 ], [ -73.83557, 40.70369 ], [ -73.8346, 40.70394 ], [ -73.83392, 40.70236 ], [ -73.83213, 40.7028 ], [ -73.83152, 40.7014 ], [ -73.82246, 40.70366 ], [ -73.81755, 40.70267 ], [ -73.81741, 40.70271 ], [ -73.81733, 40.70297 ], [ -73.81686, 40.70245 ], [ -73.81648, 40.70246 ] ] ] } },
{ "type": "Feature", "properties": { "name": "Ridgewood" }, "geometry": { "type": "Polygon", "coordinates": [ [ [ -73.90608, 40.71291 ], [ -73.88842, 40.71228 ], [ -73.88731, 40.71057 ], [ -73.88813, 40.71035 ], [ -73.88785, 40.7099 ], [ -73.88862, 40.70968 ], [ -73.88822, 40.70891 ], [ -73.88938, 40.70856 ], [ -73.8893, 40.70791 ], [ -73.88553, 40.70645 ], [ -73.88555, 40.70616 ], [ -73.88653, 40.70623 ], [ -73.88912, 40.70561 ], [ -73.88984, 40.70498 ], [ -73.89105, 40.70382 ], [ -73.8928, 40.70198 ], [ -73.89272, 40.70187 ], [ -73.89306, 40.70169 ], [ -73.89384, 40.70087 ], [ -73.89388, 40.70074 ], [ -73.8942, 40.70052 ], [ -73.895, 40.69972 ], [ -73.89485, 40.6986 ], [ -73.89578, 40.69852 ], [ -73.89559, 40.69714 ], [ -73.89677, 40.69681 ], [ -73.89838, 40.69614 ], [ -73.90003, 40.69345 ], [ -73.9002, 40.69341 ], [ -73.90075, 40.69249 ], [ -73.90059, 40.69241 ], [ -73.9014, 40.6916 ], [ -73.9058, 40.69414 ], [ -73.90426, 40.69571 ], [ -73.91181, 40.69996 ], [ -73.91068, 40.70105 ], [ -73.91291, 40.70237 ], [ -73.91181, 40.70344 ], [ -73.92189, 40.7094 ], [ -73.92075, 40.71054 ], [ -73.92155, 40.71105 ], [ -73.92224, 40.71286 ], [ -73.92404, 40.71402 ], [ -73.90608, 40.71291 ] ] ] } },
{ "type": "Feature", "properties": { "name": "Rikers Island" }, "geometry": { "type": "Polygon", "coordinates": [ [ [ -73.87287, 40.78598 ], [ -73.87352, 40.78576 ], [ -73.87534, 40.78588 ], [ -73.87667, 40.78582 ], [ -73.87831, 40.78536 ], [ -73.88538, 40.78668 ], [ -73.88596, 40.78676 ], [ -73.88692, 40.78674 ], [ -73.88715, 40.78683 ], [ -73.8877, 40.78688 ], [ -73.88831, 40.78701 ], [ -73.88905, 40.78738 ], [ -73.88941, 40.7878 ], [ -73.88961, 40.78821 ], [ -73.89013, 40.78964 ], [ -73.8903, 40.78989 ], [ -73.8908, 40.79022 ], [ -73.89161, 40.79017 ], [ -73.89198, 40.79024 ], [ -73.89218, 40.7904 ], [ -73.89282, 40.79283 ], [ -73.89262, 40.79385 ], [ -73.89179, 40.79678 ], [ -73.89127, 40.79731 ], [ -73.89073, 40.79767 ], [ -73.89088, 40.79784 ], [ -73.8908, 40.79787 ], [ -73.89072, 40.7977 ], [ -73.89062, 40.79776 ], [ -73.89083, 40.79802 ], [ -73.89061, 40.79778 ], [ -73.89017, 40.79797 ], [ -73.89012, 40.7979 ], [ -73.88937, 40.79782 ], [ -73.88886, 40.79788 ], [ -73.88831, 40.79819 ], [ -73.88852, 40.79825 ], [ -73.88846, 40.7983 ], [ -73.88856, 40.79836 ], [ -73.88851, 40.79845 ], [ -73.88839, 40.79838 ], [ -73.88851, 40.7986 ], [ -73.889, 40.79869 ], [ -73.88898, 40.79876 ], [ -73.8886, 40.79866 ], [ -73.88859, 40.79871 ], [ -73.88821, 40.79867 ], [ -73.88825, 40.79859 ], [ -73.88839, 40.79857 ], [ -73.88823, 40.79825 ], [ -73.88756, 40.79838 ], [ -73.88713, 40.79829 ], [ -73.88665, 40.79805 ], [ -73.88531, 40.79706 ], [ -73.88395, 40.79583 ], [ -73.88372, 40.7957 ], [ -73.88362, 40.79568 ], [ -73.88373, 40.79589 ], [ -73.88366, 40.79598 ], [ -73.88321, 40.79555 ], [ -73.8821, 40.79517 ], [ -73.87981, 40.7949 ], [ -73.87875, 40.79465 ], [ -73.87798, 40.79437 ], [ -73.8769, 40.79378 ], [ -73.87582, 40.79315 ], [ -73.87485, 40.79227 ], [ -73.87418, 40.7919 ], [ -73.87362, 40.79178 ], [ -73.87304, 40.79154 ], [ -73.87222, 40.79105 ], [ -73.87171, 40.79063 ], [ -73.87121, 40.79004 ], [ -73.87102, 40.7894 ], [ -73.8708, 40.78793 ], [ -73.87138, 40.78728 ], [ -73.87163, 40.78681 ], [ -73.87247, 40.78631 ], [ -73.87287, 40.78598 ] ] ] } },
{ "type": "Feature", "properties": { "name": "Riverdale-Spuyten Duyvil" }, "geometry": { "type": "Polygon", "coordinates": [ [ [ -73.89663, 40.91143 ], [ -73.89636, 40.90321 ], [ -73.89697, 40.90062 ], [ -73.89716, 40.89938 ], [ -73.89643, 40.89366 ], [ -73.89676, 40.89265 ], [ -73.89728, 40.89172 ], [ -73.89739, 40.89164 ], [ -73.89792, 40.89055 ], [ -73.89845, 40.89072 ], [ -73.89854, 40.8904 ], [ -73.89965, 40.88981 ], [ -73.90084, 40.88893 ], [ -73.90119, 40.88892 ], [ -73.90185, 40.88916 ], [ -73.90262, 40.8891 ], [ -73.90286, 40.88917 ], [ -73.90337, 40.88814 ], [ -73.90414, 40.88709 ], [ -73.90589, 40.8856 ], [ -73.90608, 40.88564 ], [ -73.90647, 40.88514 ], [ -73.90681, 40.88485 ], [ -73.90759, 40.8844 ], [ -73.90802, 40.88321 ], [ -73.90851, 40.88267 ], [ -73.90939, 40.88146 ], [ -73.90938, 40.88137 ], [ -73.90953, 40.88133 ], [ -73.9105, 40.88053 ], [ -73.91047, 40.8803 ], [ -73.91034, 40.88006 ], [ -73.90968, 40.87952 ], [ -73.91033, 40.87905 ], [ -73.91149, 40.87903 ], [ -73.91206, 40.87813 ], [ -73.91485, 40.87668 ], [ -73.91579, 40.87573 ], [ -73.91726, 40.87582 ], [ -73.91776, 40.87567 ], [ -73.91799, 40.87581 ], [ -73.91908, 40.87607 ], [ -73.92003, 40.8766 ], [ -73.92026, 40.87696 ], [ -73.92207, 40.87858 ], [ -73.92249, 40.87871 ], [ -73.92274, 40.87891 ], [ -73.92452, 40.87907 ], [ -73.9249, 40.8789 ], [ -73.92381, 40.88033 ], [ -73.92039, 40.88766 ], [ -73.91782, 40.89442 ], [ -73.9179, 40.89468 ], [ -73.91764, 40.89495 ], [ -73.91694, 40.89665 ], [ -73.91672, 40.8975 ], [ -73.91519, 40.90159 ], [ -73.91543, 40.90182 ], [ -73.91502, 40.90309 ], [ -73.91459, 40.90413 ], [ -73.91419, 40.90415 ], [ -73.91287, 40.90754 ], [ -73.91311, 40.90785 ], [ -73.91265, 40.90808 ], [ -73.91236, 40.90915 ], [ -73.91227, 40.90924 ], [ -73.91158, 40.91214 ], [ -73.91149, 40.91224 ], [ -73.91154, 40.91231 ], [ -73.91143, 40.91283 ], [ -73.91166, 40.91343 ], [ -73.9115, 40.91377 ], [ -73.91121, 40.91406 ], [ -73.91124, 40.91415 ], [ -73.91111, 40.91437 ], [ -73.91071, 40.91467 ], [ -73.91033, 40.91554 ], [ -73.91011, 40.91541 ], [ -73.90851, 40.91501 ], [ -73.90246, 40.91297 ], [ -73.90061, 40.91262 ], [ -73.89811, 40.9118 ], [ -73.89725, 40.91166 ], [ -73.89663, 40.91143 ] ] ] } },
{ "type": "Feature", "properties": { "name": "Rockaway Beach-Arverne-Edgemere" }, "geometry": { "type": "Polygon", "coordinates": [ [ [ -73.78635, 40.6032 ], [ -73.78617, 40.60306 ], [ -73.78647, 40.60281 ], [ -73.78647, 40.60273 ], [ -73.78718, 40.60231 ], [ -73.78766, 40.60138 ], [ -73.78807, 40.60086 ], [ -73.78928, 40.60003 ], [ -73.78954, 40.59998 ], [ -73.79005, 40.59938 ], [ -73.7903, 40.59927 ], [ -73.79043, 40.59867 ], [ -73.79124, 40.5968 ], [ -73.79124, 40.59663 ], [ -73.79093, 40.59597 ], [ -73.79102, 40.59546 ], [ -73.79088, 40.59504 ], [ -73.79065, 40.59479 ], [ -73.79042, 40.59476 ], [ -73.79046, 40.59497 ], [ -73.79057, 40.59496 ], [ -73.79072, 40.59609 ], [ -73.79081, 40.5961 ], [ -73.7906, 40.59612 ], [ -73.79068, 40.5961 ], [ -73.79054, 40.59499 ], [ -73.79043, 40.595 ], [ -73.79041, 40.59486 ], [ -73.79032, 40.59487 ], [ -73.79041, 40.59484 ], [ -73.79038, 40.59476 ], [ -73.79015, 40.59483 ], [ -73.79032, 40.59606 ], [ -73.79043, 40.59606 ], [ -73.79018, 40.59608 ], [ -73.79028, 40.59606 ], [ -73.79013, 40.59483 ], [ -73.78991, 40.59482 ], [ -73.78987, 40.59472 ], [ -73.7899, 40.59483 ], [ -73.78985, 40.59473 ], [ -73.78979, 40.59474 ], [ -73.78982, 40.59484 ], [ -73.78978, 40.59474 ], [ -73.78967, 40.59485 ], [ -73.78971, 40.59485 ], [ -73.78987, 40.59621 ], [ -73.79, 40.59622 ], [ -73.7897, 40.59624 ], [ -73.78984, 40.59622 ], [ -73.78968, 40.59487 ], [ -73.78946, 40.59501 ], [ -73.7894, 40.59496 ], [ -73.78935, 40.5952 ], [ -73.78917, 40.5952 ], [ -73.78911, 40.59553 ], [ -73.78922, 40.5957 ], [ -73.78911, 40.59589 ], [ -73.78916, 40.59609 ], [ -73.78824, 40.59612 ], [ -73.78837, 40.59751 ], [ -73.78209, 40.59786 ], [ -73.78195, 40.59646 ], [ -73.7798, 40.59662 ], [ -73.77969, 40.5967 ], [ -73.77976, 40.59728 ], [ -73.77967, 40.59738 ], [ -73.77905, 40.59766 ], [ -73.779, 40.59779 ], [ -73.77877, 40.59797 ], [ -73.77823, 40.59819 ], [ -73.77742, 40.59882 ], [ -73.7772, 40.59959 ], [ -73.77699, 40.5998 ], [ -73.77632, 40.60105 ], [ -73.77619, 40.60111 ], [ -73.776, 40.6014 ], [ -73.7756, 40.60166 ], [ -73.77497, 40.60175 ], [ -73.77485, 40.60156 ], [ -73.77487, 40.60131 ], [ -73.77471, 40.60104 ], [ -73.77473, 40.60072 ], [ -73.77457, 40.60042 ], [ -73.77425, 40.60014 ], [ -73.77412, 40.59988 ], [ -73.77419, 40.59931 ], [ -73.77412, 40.59926 ], [ -73.77422, 40.59901 ], [ -73.77375, 40.59868 ], [ -73.77372, 40.59824 ], [ -73.77354, 40.5981 ], [ -73.7732, 40.59804 ], [ -73.773, 40.59789 ], [ -73.77172, 40.59798 ], [ -73.7711, 40.59831 ], [ -73.77109, 40.59802 ], [ -73.77066, 40.59601 ], [ -73.77233, 40.59583 ], [ -73.77388, 40.59578 ], [ -73.77368, 40.5939 ], [ -73.77281, 40.59408 ], [ -73.7727, 40.59313 ], [ -73.77133, 40.59345 ], [ -73.77023, 40.59398 ], [ -73.76965, 40.59078 ], [ -73.77083, 40.59056 ], [ -73.77154, 40.59059 ], [ -73.77593, 40.59019 ], [ -73.77584, 40.59033 ], [ -73.77666, 40.59007 ], [ -73.77761, 40.59006 ], [ -73.77919, 40.5896 ], [ -73.77986, 40.58966 ], [ -73.78043, 40.5896 ], [ -73.78142, 40.58928 ], [ -73.78289, 40.58901 ], [ -73.78453, 40.58849 ], [ -73.78769, 40.58793 ], [ -73.78879, 40.58746 ], [ -73.78942, 40.58764 ], [ -73.79113, 40.58728 ], [ -73.7915, 40.58731 ], [ -73.79201, 40.58723 ], [ -73.79257, 40.58705 ], [ -73.79345, 40.58695 ], [ -73.79385, 40.58679 ], [ -73.79461, 40.58673 ], [ -73.79505, 40.58654 ], [ -73.79583, 40.58646 ], [ -73.79609, 40.58633 ], [ -73.79672, 40.58637 ], [ -73.79882, 40.5859 ], [ -73.79974, 40.58578 ], [ -73.80061, 40.58549 ], [ -73.80183, 40.58536 ], [ -73.80326, 40.5849 ], [ -73.80372, 40.58503 ], [ -73.80584, 40.58447 ], [ -73.80624, 40.58451 ], [ -73.80679, 40.58443 ], [ -73.80799, 40.58401 ], [ -73.80894, 40.58402 ], [ -73.80953, 40.58383 ], [ -73.81133, 40.58373 ], [ -73.81353, 40.58348 ], [ -73.81589, 40.58272 ], [ -73.82134, 40.58127 ], [ -73.82155, 40.58168 ], [ -73.82192, 40.58211 ], [ -73.8226, 40.58316 ], [ -73.82404, 40.58564 ], [ -73.82466, 40.58546 ], [ -73.8249, 40.58596 ], [ -73.82525, 40.58691 ], [ -73.82477, 40.58705 ], [ -73.82481, 40.58716 ], [ -73.82474, 40.58705 ], [ -73.82326, 40.58748 ], [ -73.82294, 40.5875 ], [ -73.82146, 40.58678 ], [ -73.8193, 40.5879 ], [ -73.81884, 40.58826 ], [ -73.81742, 40.58893 ], [ -73.81764, 40.58929 ], [ -73.81742, 40.58937 ], [ -73.81737, 40.58926 ], [ -73.81717, 40.58937 ], [ -73.81674, 40.58933 ], [ -73.81525, 40.59 ], [ -73.8147, 40.59062 ], [ -73.81445, 40.59069 ], [ -73.81406, 40.59063 ], [ -73.81363, 40.5908 ], [ -73.81326, 40.59105 ], [ -73.81359, 40.59171 ], [ -73.81324, 40.59108 ], [ -73.81313, 40.59125 ], [ -73.81255, 40.59139 ], [ -73.81214, 40.59137 ], [ -73.8117, 40.5916 ], [ -73.81151, 40.59179 ], [ -73.81158, 40.59284 ], [ -73.8115, 40.59291 ], [ -73.81134, 40.59175 ], [ -73.81101, 40.59178 ], [ -73.81089, 40.59196 ], [ -73.81091, 40.59207 ], [ -73.81082, 40.5921 ], [ -73.81095, 40.59251 ], [ -73.81139, 40.59245 ], [ -73.81141, 40.59288 ], [ -73.81107, 40.59303 ], [ -73.81103, 40.593 ], [ -73.81138, 40.59287 ], [ -73.81137, 40.59271 ], [ -73.81075, 40.5928 ], [ -73.81137, 40.59269 ], [ -73.81136, 40.59247 ], [ -73.81094, 40.59256 ], [ -73.81081, 40.5921 ], [ -73.8099, 40.59228 ], [ -73.81004, 40.59309 ], [ -73.8099, 40.59309 ], [ -73.80978, 40.59241 ], [ -73.80973, 40.59241 ], [ -73.80981, 40.59272 ], [ -73.80974, 40.5927 ], [ -73.80971, 40.59245 ], [ -73.80949, 40.59277 ], [ -73.8097, 40.59354 ], [ -73.80962, 40.59358 ], [ -73.80951, 40.59358 ], [ -73.80936, 40.59338 ], [ -73.80905, 40.59337 ], [ -73.80688, 40.59227 ], [ -73.80665, 40.59227 ], [ -73.80603, 40.59202 ], [ -73.80593, 40.59186 ], [ -73.80578, 40.59077 ], [ -73.80583, 40.5919 ], [ -73.8043, 40.59133 ], [ -73.80417, 40.59186 ], [ -73.80701, 40.59306 ], [ -73.80732, 40.59307 ], [ -73.80783, 40.59338 ], [ -73.80805, 40.59366 ], [ -73.80781, 40.59392 ], [ -73.80781, 40.59403 ], [ -73.80798, 40.59417 ], [ -73.80789, 40.5942 ], [ -73.8079, 40.59431 ], [ -73.80773, 40.59449 ], [ -73.80753, 40.59461 ], [ -73.80745, 40.59487 ], [ -73.80711, 40.59529 ], [ -73.80687, 40.59542 ], [ -73.80604, 40.59556 ], [ -73.80485, 40.59506 ], [ -73.80412, 40.59433 ], [ -73.80401, 40.59378 ], [ -73.80404, 40.59356 ], [ -73.80413, 40.59352 ], [ -73.80403, 40.59322 ], [ -73.80375, 40.593 ], [ -73.80381, 40.5929 ], [ -73.80362, 40.59295 ], [ -73.80303, 40.59259 ], [ -73.80244, 40.59265 ], [ -73.80249, 40.59329 ], [ -73.80238, 40.59329 ], [ -73.80251, 40.59396 ], [ -73.80314, 40.59386 ], [ -73.80314, 40.59377 ], [ -73.80318, 40.59395 ], [ -73.80314, 40.59388 ], [ -73.80251, 40.59398 ], [ -73.80257, 40.59428 ], [ -73.80324, 40.5942 ], [ -73.80324, 40.5941 ], [ -73.80329, 40.59429 ], [ -73.80324, 40.59421 ], [ -73.80261, 40.5943 ], [ -73.80271, 40.59431 ], [ -73.80234, 40.59441 ], [ -73.80235, 40.5945 ], [ -73.80278, 40.59449 ], [ -73.80278, 40.59456 ], [ -73.80304, 40.59454 ], [ -73.80319, 40.59467 ], [ -73.80347, 40.59451 ], [ -73.80344, 40.59444 ], [ -73.80351, 40.59451 ], [ -73.8032, 40.59469 ], [ -73.80338, 40.59488 ], [ -73.80366, 40.59474 ], [ -73.80373, 40.59483 ], [ -73.80365, 40.59476 ], [ -73.80339, 40.59489 ], [ -73.8032, 40.59488 ], [ -73.8032, 40.59495 ], [ -73.80339, 40.59496 ], [ -73.80321, 40.59496 ], [ -73.80321, 40.59502 ], [ -73.80339, 40.59501 ], [ -73.80321, 40.59503 ], [ -73.80322, 40.59515 ], [ -73.80364, 40.59514 ], [ -73.80391, 40.59501 ], [ -73.80365, 40.59516 ], [ -73.80332, 40.59519 ], [ -73.80369, 40.59521 ], [ -73.80464, 40.59632 ], [ -73.80511, 40.59716 ], [ -73.8047, 40.59769 ], [ -73.80393, 40.59795 ], [ -73.80385, 40.59811 ], [ -73.80359, 40.5982 ], [ -73.80338, 40.59853 ], [ -73.80298, 40.59885 ], [ -73.80266, 40.59894 ], [ -73.80199, 40.59886 ], [ -73.80167, 40.5989 ], [ -73.80124, 40.59913 ], [ -73.80095, 40.59916 ], [ -73.80089, 40.59921 ], [ -73.80092, 40.5994 ], [ -73.80078, 40.59917 ], [ -73.8005, 40.59921 ], [ -73.80051, 40.59934 ], [ -73.80045, 40.59919 ], [ -73.79916, 40.59927 ], [ -73.7992, 40.59938 ], [ -73.79914, 40.59938 ], [ -73.79914, 40.59927 ], [ -73.79869, 40.59927 ], [ -73.79843, 40.59918 ], [ -73.79811, 40.59925 ], [ -73.79811, 40.59931 ], [ -73.79555, 40.59951 ], [ -73.79482, 40.59942 ], [ -73.79421, 40.59949 ], [ -73.79377, 40.59967 ], [ -73.79332, 40.59999 ], [ -73.79277, 40.59997 ], [ -73.7926, 40.60008 ], [ -73.79233, 40.59998 ], [ -73.79203, 40.60024 ], [ -73.79151, 40.60039 ], [ -73.79067, 40.60111 ], [ -73.79025, 40.60126 ], [ -73.78786, 40.60312 ], [ -73.78728, 40.60325 ], [ -73.78664, 40.60326 ], [ -73.78635, 40.6032 ] ] ] } },
{ "type": "Feature", "properties": { "name": "Rockaway Community Park" }, "geometry": { "type": "MultiPolygon", "coordinates": [ [ [ [ -73.77464, 40.60085 ], [ -73.77477, 40.60085 ], [ -73.77464, 40.60086 ], [ -73.77464, 40.60085 ] ] ], [ [ [ -73.77448, 40.601 ], [ -73.7746, 40.60094 ], [ -73.77475, 40.60096 ], [ -73.77462, 40.601 ], [ -73.77448, 40.601 ] ] ], [ [ [ -73.77636, 40.60966 ], [ -73.77544, 40.60975 ], [ -73.77522, 40.60971 ], [ -73.77453, 40.6092 ], [ -73.77413, 40.60875 ], [ -73.77446, 40.60846 ], [ -73.77482, 40.60841 ], [ -73.7747, 40.60818 ], [ -73.77431, 40.60786 ], [ -73.77422, 40.60764 ], [ -73.77433, 40.60747 ], [ -73.7746, 40.60743 ], [ -73.77485, 40.60803 ], [ -73.77524, 40.60856 ], [ -73.77561, 40.60897 ], [ -73.77592, 40.60921 ], [ -73.77601, 40.6092 ], [ -73.77495, 40.60807 ], [ -73.77474, 40.60746 ], [ -73.77459, 40.60731 ], [ -73.77459, 40.60653 ], [ -73.77483, 40.60599 ], [ -73.77491, 40.60564 ], [ -73.77489, 40.60527 ], [ -73.77519, 40.60453 ], [ -73.77513, 40.6044 ], [ -73.77472, 40.60441 ], [ -73.77471, 40.60429 ], [ -73.77497, 40.60411 ], [ -73.77538, 40.60417 ], [ -73.77588, 40.60348 ], [ -73.77606, 40.60276 ], [ -73.77587, 40.60278 ], [ -73.77576, 40.60301 ], [ -73.77559, 40.60305 ], [ -73.77569, 40.60282 ], [ -73.77606, 40.60252 ], [ -73.77635, 40.60253 ], [ -73.77648, 40.60246 ], [ -73.77663, 40.60222 ], [ -73.77649, 40.60218 ], [ -73.777, 40.6017 ], [ -73.77762, 40.60125 ], [ -73.7778, 40.60097 ], [ -73.77808, 40.60081 ], [ -73.77837, 40.60085 ], [ -73.77808, 40.60071 ], [ -73.77816, 40.60041 ], [ -73.77835, 40.60037 ], [ -73.7799, 40.60075 ], [ -73.78011, 40.60074 ], [ -73.7807, 40.60023 ], [ -73.78081, 40.59996 ], [ -73.78144, 40.59955 ], [ -73.78157, 40.59933 ], [ -73.78187, 40.59916 ], [ -73.782, 40.59895 ], [ -73.78188, 40.59841 ], [ -73.7815, 40.59803 ], [ -73.78136, 40.59798 ], [ -73.78133, 40.59776 ], [ -73.7806, 40.59732 ], [ -73.78017, 40.59721 ], [ -73.78016, 40.59689 ], [ -73.78006, 40.59689 ], [ -73.77976, 40.59728 ], [ -73.77969, 40.5967 ], [ -73.78, 40.59657 ], [ -73.78195, 40.59646 ], [ -73.78209, 40.59786 ], [ -73.78671, 40.59763 ], [ -73.78837, 40.59751 ], [ -73.78824, 40.59612 ], [ -73.78916, 40.59609 ], [ -73.78927, 40.59646 ], [ -73.7892, 40.59679 ], [ -73.78926, 40.59692 ], [ -73.7891, 40.59743 ], [ -73.78919, 40.5978 ], [ -73.78907, 40.59803 ], [ -73.78873, 40.59834 ], [ -73.78822, 40.59856 ], [ -73.78756, 40.59919 ], [ -73.7871, 40.59945 ], [ -73.78697, 40.5996 ], [ -73.78702, 40.59967 ], [ -73.78663, 40.60003 ], [ -73.78597, 40.60032 ], [ -73.7858, 40.60058 ], [ -73.78614, 40.60066 ], [ -73.78611, 40.60072 ], [ -73.78578, 40.6006 ], [ -73.78564, 40.60081 ], [ -73.78598, 40.60093 ], [ -73.78594, 40.60099 ], [ -73.78563, 40.60082 ], [ -73.78554, 40.60134 ], [ -73.78539, 40.60153 ], [ -73.78448, 40.60181 ], [ -73.7838, 40.60225 ], [ -73.78351, 40.60257 ], [ -73.78313, 40.60377 ], [ -73.78321, 40.60391 ], [ -73.78348, 40.60406 ], [ -73.78363, 40.60443 ], [ -73.78395, 40.60483 ], [ -73.78367, 40.60533 ], [ -73.78339, 40.60553 ], [ -73.78318, 40.60584 ], [ -73.78259, 40.60638 ], [ -73.78226, 40.60659 ], [ -73.78099, 40.60792 ], [ -73.77927, 40.60932 ], [ -73.77857, 40.60965 ], [ -73.77739, 40.60985 ], [ -73.77693, 40.60984 ], [ -73.77636, 40.60966 ] ] ] ] } },
{ "type": "Feature", "properties": { "name": "Rosebank-Shore Acres-Park Hill" }, "geometry": { "type": "Polygon", "coordinates": [ [ [ -74.05677, 40.60791 ], [ -74.06043, 40.60636 ], [ -74.06517, 40.60422 ], [ -74.0643, 40.6031 ], [ -74.06398, 40.60215 ], [ -74.06646, 40.60291 ], [ -74.07179, 40.60494 ], [ -74.07361, 40.60551 ], [ -74.0758, 40.60594 ], [ -74.0778, 40.60608 ], [ -74.08127, 40.60616 ], [ -74.08371, 40.60645 ], [ -74.08576, 40.60702 ], [ -74.09056, 40.60901 ], [ -74.08959, 40.60986 ], [ -74.08721, 40.61332 ], [ -74.0811, 40.6178 ], [ -74.07832, 40.61557 ], [ -74.07631, 40.61657 ], [ -74.07488, 40.61743 ], [ -74.07455, 40.61695 ], [ -74.07375, 40.61765 ], [ -74.0725, 40.61836 ], [ -74.07183, 40.61891 ], [ -74.07152, 40.61927 ], [ -74.07124, 40.6198 ], [ -74.07115, 40.62018 ], [ -74.07117, 40.62071 ], [ -74.07293, 40.62298 ], [ -74.07423, 40.62423 ], [ -74.07565, 40.62667 ], [ -74.07288, 40.62694 ], [ -74.07271, 40.62688 ], [ -74.07226, 40.62462 ], [ -74.07106, 40.6228 ], [ -74.07072, 40.62259 ], [ -74.07003, 40.62146 ], [ -74.06991, 40.62145 ], [ -74.06976, 40.62122 ], [ -74.06946, 40.6211 ], [ -74.06649, 40.61891 ], [ -74.06596, 40.61937 ], [ -74.06591, 40.61932 ], [ -74.06641, 40.61887 ], [ -74.0662, 40.61873 ], [ -74.06557, 40.61928 ], [ -74.06545, 40.61921 ], [ -74.06668, 40.61808 ], [ -74.06642, 40.61788 ], [ -74.06605, 40.6182 ], [ -74.0657, 40.61796 ], [ -74.06547, 40.61812 ], [ -74.06496, 40.61778 ], [ -74.06436, 40.61825 ], [ -74.06426, 40.61818 ], [ -74.0651, 40.61752 ], [ -74.06444, 40.61707 ], [ -74.06401, 40.61741 ], [ -74.06391, 40.61734 ], [ -74.06433, 40.617 ], [ -74.06377, 40.61681 ], [ -74.06377, 40.61661 ], [ -74.06144, 40.61439 ], [ -74.06081, 40.61304 ], [ -74.06074, 40.61305 ], [ -74.0606, 40.61226 ], [ -74.06034, 40.61191 ], [ -74.05986, 40.61211 ], [ -74.06002, 40.61277 ], [ -74.0602, 40.61279 ], [ -74.06, 40.61279 ], [ -74.05977, 40.61206 ], [ -74.06027, 40.61183 ], [ -74.05944, 40.61167 ], [ -74.0589, 40.61101 ], [ -74.05912, 40.61083 ], [ -74.05909, 40.61064 ], [ -74.05833, 40.60978 ], [ -74.05717, 40.60875 ], [ -74.05677, 40.60791 ] ] ] } },
{ "type": "Feature", "properties": { "name": "Rosedale" }, "geometry": { "type": "Polygon", "coordinates": [ [ [ -73.72586, 40.68325 ], [ -73.72591, 40.68266 ], [ -73.72563, 40.6796 ], [ -73.7263, 40.67707 ], [ -73.72756, 40.67417 ], [ -73.728, 40.66941 ], [ -73.72817, 40.66873 ], [ -73.72824, 40.66803 ], [ -73.72827, 40.66644 ], [ -73.72811, 40.66535 ], [ -73.72786, 40.66508 ], [ -73.72777, 40.66407 ], [ -73.72783, 40.66398 ], [ -73.72782, 40.66313 ], [ -73.72833, 40.66305 ], [ -73.72815, 40.66246 ], [ -73.72805, 40.66241 ], [ -73.72793, 40.66176 ], [ -73.72645, 40.65917 ], [ -73.72557, 40.65673 ], [ -73.7255, 40.65552 ], [ -73.72499, 40.65426 ], [ -73.7251, 40.65235 ], [ -73.72523, 40.65201 ], [ -73.7265, 40.65167 ], [ -73.73052, 40.65032 ], [ -73.73514, 40.64974 ], [ -73.73905, 40.64821 ], [ -73.74144, 40.6469 ], [ -73.74166, 40.64221 ], [ -73.74205, 40.64148 ], [ -73.74142, 40.64051 ], [ -73.74228, 40.64013 ], [ -73.74126, 40.63891 ], [ -73.73947, 40.63571 ], [ -73.73996, 40.63515 ], [ -73.74001, 40.63532 ], [ -73.74067, 40.63522 ], [ -73.74077, 40.63517 ], [ -73.74075, 40.63512 ], [ -73.74097, 40.63504 ], [ -73.74103, 40.63513 ], [ -73.74079, 40.63517 ], [ -73.74144, 40.6351 ], [ -73.74141, 40.63499 ], [ -73.74149, 40.63509 ], [ -73.74171, 40.63505 ], [ -73.74169, 40.63496 ], [ -73.74149, 40.63502 ], [ -73.74147, 40.63495 ], [ -73.74177, 40.63489 ], [ -73.7418, 40.63499 ], [ -73.7417, 40.63496 ], [ -73.74179, 40.63503 ], [ -73.74192, 40.63501 ], [ -73.74188, 40.63492 ], [ -73.74196, 40.6349 ], [ -73.74194, 40.63498 ], [ -73.74247, 40.63513 ], [ -73.74257, 40.63527 ], [ -73.74242, 40.63539 ], [ -73.7425, 40.63536 ], [ -73.74249, 40.63544 ], [ -73.74243, 40.6354 ], [ -73.74239, 40.63564 ], [ -73.74259, 40.63546 ], [ -73.74244, 40.63572 ], [ -73.74238, 40.63565 ], [ -73.7423, 40.63575 ], [ -73.74242, 40.63576 ], [ -73.74226, 40.63581 ], [ -73.742, 40.6362 ], [ -73.74148, 40.63668 ], [ -73.74155, 40.63673 ], [ -73.7414, 40.63676 ], [ -73.74125, 40.63695 ], [ -73.74129, 40.63701 ], [ -73.74123, 40.637 ], [ -73.74119, 40.6372 ], [ -73.74102, 40.63728 ], [ -73.74112, 40.63748 ], [ -73.74097, 40.63731 ], [ -73.74113, 40.63772 ], [ -73.74131, 40.63791 ], [ -73.74189, 40.63813 ], [ -73.74273, 40.63828 ], [ -73.74335, 40.63818 ], [ -73.74397, 40.63789 ], [ -73.74404, 40.63799 ], [ -73.74352, 40.6389 ], [ -73.74374, 40.63903 ], [ -73.74403, 40.63866 ], [ -73.74396, 40.63863 ], [ -73.74422, 40.63803 ], [ -73.74451, 40.63759 ], [ -73.74473, 40.63739 ], [ -73.74468, 40.63729 ], [ -73.7448, 40.63708 ], [ -73.74471, 40.63732 ], [ -73.74484, 40.63719 ], [ -73.74517, 40.63721 ], [ -73.74564, 40.63696 ], [ -73.74627, 40.63645 ], [ -73.74646, 40.6365 ], [ -73.7468, 40.63681 ], [ -73.74659, 40.63712 ], [ -73.74604, 40.63753 ], [ -73.74527, 40.63792 ], [ -73.74516, 40.63809 ], [ -73.7453, 40.63834 ], [ -73.74567, 40.63813 ], [ -73.74551, 40.63795 ], [ -73.74644, 40.63744 ], [ -73.74691, 40.63693 ], [ -73.74704, 40.63693 ], [ -73.747, 40.63736 ], [ -73.74688, 40.63776 ], [ -73.74678, 40.63786 ], [ -73.74687, 40.63803 ], [ -73.74661, 40.63835 ], [ -73.7465, 40.63896 ], [ -73.74633, 40.63933 ], [ -73.74635, 40.6399 ], [ -73.74617, 40.64041 ], [ -73.74635, 40.64068 ], [ -73.74628, 40.64094 ], [ -73.74637, 40.6412 ], [ -73.74632, 40.6414 ], [ -73.74654, 40.6417 ], [ -73.74675, 40.64231 ], [ -73.74719, 40.64289 ], [ -73.7473, 40.64321 ], [ -73.7479, 40.64386 ], [ -73.74875, 40.64448 ], [ -73.74869, 40.64495 ], [ -73.74878, 40.64513 ], [ -73.74902, 40.64517 ], [ -73.74929, 40.64496 ], [ -73.74946, 40.64494 ], [ -73.75007, 40.64545 ], [ -73.75205, 40.64666 ], [ -73.75158, 40.64727 ], [ -73.74832, 40.64541 ], [ -73.74712, 40.64438 ], [ -73.74617, 40.64487 ], [ -73.74608, 40.64558 ], [ -73.74625, 40.64638 ], [ -73.74622, 40.6468 ], [ -73.74644, 40.64806 ], [ -73.74625, 40.6486 ], [ -73.74624, 40.6498 ], [ -73.74615, 40.65048 ], [ -73.74587, 40.65044 ], [ -73.74644, 40.6515 ], [ -73.74654, 40.65196 ], [ -73.74655, 40.65257 ], [ -73.74333, 40.65255 ], [ -73.74329, 40.65614 ], [ -73.74488, 40.65615 ], [ -73.74508, 40.65757 ], [ -73.74501, 40.65803 ], [ -73.74496, 40.65818 ], [ -73.74244, 40.66088 ], [ -73.74115, 40.66278 ], [ -73.74044, 40.66412 ], [ -73.74002, 40.66476 ], [ -73.73849, 40.66642 ], [ -73.74118, 40.66641 ], [ -73.73799, 40.6698 ], [ -73.73719, 40.67092 ], [ -73.73678, 40.67077 ], [ -73.73552, 40.67257 ], [ -73.73592, 40.67266 ], [ -73.73513, 40.67395 ], [ -73.73303, 40.6765 ], [ -73.73106, 40.67831 ], [ -73.73047, 40.67936 ], [ -73.72951, 40.68006 ], [ -73.72852, 40.68122 ], [ -73.7281, 40.68177 ], [ -73.72718, 40.68361 ], [ -73.72586, 40.68325 ] ] ] } },
{ "type": "Feature", "properties": { "name": "Sheepshead Bay-Manhattan Beach-Gerritsen Beach" }, "geometry": { "type": "MultiPolygon", "coordinates": [ [ [ [ -73.91809, 40.58658 ], [ -73.91806, 40.58644 ], [ -73.91831, 40.58639 ], [ -73.91917, 40.58596 ], [ -73.9196, 40.58617 ], [ -73.92014, 40.58607 ], [ -73.92019, 40.586 ], [ -73.92005, 40.586 ], [ -73.92017, 40.58595 ], [ -73.92041, 40.5861 ], [ -73.92081, 40.58599 ], [ -73.92087, 40.58593 ], [ -73.92067, 40.58578 ], [ -73.92074, 40.58574 ], [ -73.92089, 40.58591 ], [ -73.92099, 40.58578 ], [ -73.92091, 40.5856 ], [ -73.92101, 40.58576 ], [ -73.92176, 40.58581 ], [ -73.9219, 40.5857 ], [ -73.92195, 40.58572 ], [ -73.92185, 40.58585 ], [ -73.92212, 40.58582 ], [ -73.92235, 40.58603 ], [ -73.92297, 40.5859 ], [ -73.92354, 40.58599 ], [ -73.9239, 40.58581 ], [ -73.92404, 40.58591 ], [ -73.92402, 40.58578 ], [ -73.92463, 40.58564 ], [ -73.92482, 40.58564 ], [ -73.92521, 40.58581 ], [ -73.92548, 40.58609 ], [ -73.92544, 40.58619 ], [ -73.92557, 40.58618 ], [ -73.92576, 40.58645 ], [ -73.92584, 40.58644 ], [ -73.92628, 40.58689 ], [ -73.92637, 40.58688 ], [ -73.92657, 40.58706 ], [ -73.9265, 40.5871 ], [ -73.92674, 40.5872 ], [ -73.92684, 40.5873 ], [ -73.92678, 40.58734 ], [ -73.92707, 40.58757 ], [ -73.92713, 40.58755 ], [ -73.92697, 40.58736 ], [ -73.92719, 40.58757 ], [ -73.9271, 40.5876 ], [ -73.92721, 40.58773 ], [ -73.92766, 40.58748 ], [ -73.92725, 40.58776 ], [ -73.92736, 40.58803 ], [ -73.92795, 40.58767 ], [ -73.92788, 40.5876 ], [ -73.92792, 40.58756 ], [ -73.92808, 40.58771 ], [ -73.92796, 40.58767 ], [ -73.92737, 40.58805 ], [ -73.92741, 40.58821 ], [ -73.92751, 40.58823 ], [ -73.9279, 40.58796 ], [ -73.92802, 40.58808 ], [ -73.92792, 40.588 ], [ -73.92746, 40.58831 ], [ -73.92776, 40.58867 ], [ -73.92395, 40.59115 ], [ -73.9242, 40.59137 ], [ -73.9246, 40.59121 ], [ -73.92816, 40.58883 ], [ -73.92836, 40.58898 ], [ -73.92842, 40.58894 ], [ -73.92822, 40.58879 ], [ -73.92836, 40.58887 ], [ -73.92867, 40.58864 ], [ -73.92863, 40.58858 ], [ -73.92876, 40.58868 ], [ -73.9287, 40.58865 ], [ -73.92839, 40.58887 ], [ -73.92847, 40.58894 ], [ -73.92838, 40.58899 ], [ -73.92862, 40.58913 ], [ -73.92891, 40.58893 ], [ -73.92888, 40.58886 ], [ -73.92895, 40.58892 ], [ -73.92867, 40.58915 ], [ -73.92922, 40.58882 ], [ -73.92917, 40.58888 ], [ -73.92924, 40.58896 ], [ -73.92916, 40.58889 ], [ -73.92909, 40.58893 ], [ -73.92916, 40.58901 ], [ -73.92908, 40.58894 ], [ -73.92902, 40.58899 ], [ -73.92909, 40.58905 ], [ -73.92894, 40.58904 ], [ -73.92893, 40.58904 ], [ -73.92887, 40.58909 ], [ -73.92895, 40.58916 ], [ -73.92885, 40.5891 ], [ -73.92876, 40.58916 ], [ -73.92965, 40.58937 ], [ -73.92998, 40.58952 ], [ -73.93002, 40.58947 ], [ -73.92975, 40.58933 ], [ -73.92937, 40.58923 ], [ -73.92977, 40.5893 ], [ -73.93004, 40.58943 ], [ -73.93058, 40.5899 ], [ -73.93034, 40.58982 ], [ -73.93016, 40.58957 ], [ -73.9301, 40.58961 ], [ -73.93038, 40.58995 ], [ -73.9303, 40.59004 ], [ -73.93057, 40.59003 ], [ -73.93059, 40.58996 ], [ -73.93063, 40.59026 ], [ -73.93057, 40.59005 ], [ -73.93047, 40.59007 ], [ -73.93053, 40.59032 ], [ -73.93065, 40.5903 ], [ -73.93068, 40.5906 ], [ -73.93063, 40.59034 ], [ -73.93053, 40.59034 ], [ -73.93047, 40.59086 ], [ -73.9305, 40.59094 ], [ -73.93062, 40.59093 ], [ -73.93065, 40.59063 ], [ -73.93064, 40.59095 ], [ -73.93046, 40.59101 ], [ -73.9307, 40.59103 ], [ -73.93046, 40.59103 ], [ -73.93045, 40.59109 ], [ -73.93073, 40.5911 ], [ -73.93051, 40.5911 ], [ -73.93037, 40.59122 ], [ -73.93061, 40.59119 ], [ -73.9306, 40.59149 ], [ -73.93058, 40.59124 ], [ -73.93047, 40.59128 ], [ -73.93041, 40.59174 ], [ -73.93061, 40.59155 ], [ -73.93047, 40.59176 ], [ -73.93045, 40.59225 ], [ -73.9304, 40.59176 ], [ -73.9303, 40.59231 ], [ -73.93039, 40.59226 ], [ -73.93037, 40.59249 ], [ -73.93036, 40.59232 ], [ -73.9303, 40.59232 ], [ -73.93029, 40.59245 ], [ -73.93018, 40.59241 ], [ -73.93036, 40.59256 ], [ -73.93027, 40.59263 ], [ -73.93033, 40.59256 ], [ -73.93019, 40.59246 ], [ -73.93002, 40.59269 ], [ -73.9301, 40.59277 ], [ -73.93021, 40.59269 ], [ -73.93011, 40.59281 ], [ -73.92999, 40.59274 ], [ -73.92991, 40.59286 ], [ -73.9301, 40.59288 ], [ -73.93005, 40.59301 ], [ -73.93006, 40.59293 ], [ -73.92989, 40.59288 ], [ -73.92971, 40.59313 ], [ -73.92998, 40.59317 ], [ -73.93004, 40.59307 ], [ -73.92996, 40.59332 ], [ -73.92998, 40.59318 ], [ -73.92974, 40.59315 ], [ -73.92982, 40.59338 ], [ -73.93004, 40.59336 ], [ -73.92978, 40.59344 ], [ -73.92996, 40.59401 ], [ -73.93002, 40.5941 ], [ -73.93022, 40.59398 ], [ -73.93008, 40.5936 ], [ -73.93023, 40.59394 ], [ -73.93046, 40.59382 ], [ -73.93053, 40.59389 ], [ -73.93036, 40.59398 ], [ -73.93055, 40.59421 ], [ -73.9303, 40.59395 ], [ -73.93004, 40.59411 ], [ -73.93043, 40.59441 ], [ -73.93061, 40.59449 ], [ -73.93076, 40.59439 ], [ -73.93062, 40.59421 ], [ -73.93084, 40.59442 ], [ -73.93066, 40.59447 ], [ -73.93083, 40.59444 ], [ -73.93094, 40.59447 ], [ -73.93126, 40.59425 ], [ -73.93122, 40.59419 ], [ -73.93133, 40.59428 ], [ -73.93096, 40.59447 ], [ -73.93137, 40.59454 ], [ -73.93159, 40.5945 ], [ -73.93162, 40.59437 ], [ -73.93174, 40.59438 ], [ -73.93177, 40.59429 ], [ -73.93176, 40.59439 ], [ -73.93163, 40.59438 ], [ -73.93161, 40.59451 ], [ -73.93137, 40.59455 ], [ -73.93085, 40.59446 ], [ -73.93078, 40.59451 ], [ -73.93114, 40.59465 ], [ -73.93194, 40.5947 ], [ -73.93231, 40.59492 ], [ -73.93245, 40.59492 ], [ -73.93237, 40.59481 ], [ -73.93256, 40.59477 ], [ -73.93244, 40.59485 ], [ -73.93261, 40.59494 ], [ -73.93283, 40.59481 ], [ -73.93268, 40.59424 ], [ -73.93235, 40.59388 ], [ -73.93176, 40.59284 ], [ -73.93168, 40.59286 ], [ -73.93176, 40.59305 ], [ -73.93171, 40.59306 ], [ -73.93154, 40.5927 ], [ -73.93163, 40.59284 ], [ -73.93174, 40.5928 ], [ -73.93157, 40.59256 ], [ -73.93144, 40.59218 ], [ -73.93131, 40.59217 ], [ -73.93114, 40.59202 ], [ -73.93137, 40.59194 ], [ -73.9314, 40.59181 ], [ -73.93101, 40.59194 ], [ -73.931, 40.59183 ], [ -73.93135, 40.5918 ], [ -73.9313, 40.5917 ], [ -73.93143, 40.59161 ], [ -73.93105, 40.59173 ], [ -73.93108, 40.59161 ], [ -73.93108, 40.5917 ], [ -73.93123, 40.59165 ], [ -73.93131, 40.59137 ], [ -73.93125, 40.59165 ], [ -73.93142, 40.5916 ], [ -73.93154, 40.59136 ], [ -73.93147, 40.59141 ], [ -73.93143, 40.59125 ], [ -73.93148, 40.59135 ], [ -73.93156, 40.5913 ], [ -73.93155, 40.59121 ], [ -73.93143, 40.59114 ], [ -73.93142, 40.59062 ], [ -73.93134, 40.59062 ], [ -73.93113, 40.58955 ], [ -73.93121, 40.58954 ], [ -73.93109, 40.58933 ], [ -73.93089, 40.58922 ], [ -73.93069, 40.58883 ], [ -73.93057, 40.58879 ], [ -73.93009, 40.589 ], [ -73.93065, 40.58868 ], [ -73.9304, 40.58847 ], [ -73.92973, 40.58862 ], [ -73.93039, 40.58845 ], [ -73.92972, 40.58757 ], [ -73.93135, 40.58734 ], [ -73.93125, 40.58686 ], [ -73.93118, 40.58681 ], [ -73.93105, 40.58682 ], [ -73.93106, 40.58692 ], [ -73.92964, 40.58704 ], [ -73.93102, 40.58689 ], [ -73.93101, 40.58684 ], [ -73.92967, 40.58696 ], [ -73.9292, 40.5871 ], [ -73.92858, 40.58707 ], [ -73.92808, 40.58671 ], [ -73.92812, 40.58634 ], [ -73.92804, 40.58633 ], [ -73.92815, 40.58619 ], [ -73.92792, 40.58614 ], [ -73.92817, 40.58612 ], [ -73.92817, 40.58618 ], [ -73.92828, 40.58612 ], [ -73.92816, 40.58587 ], [ -73.92786, 40.58593 ], [ -73.92774, 40.58606 ], [ -73.92737, 40.58601 ], [ -73.92759, 40.58626 ], [ -73.9276, 40.58641 ], [ -73.92752, 40.58641 ], [ -73.92751, 40.58628 ], [ -73.92728, 40.58605 ], [ -73.92737, 40.58597 ], [ -73.92731, 40.58587 ], [ -73.92676, 40.58561 ], [ -73.92638, 40.5853 ], [ -73.92631, 40.58537 ], [ -73.9266, 40.58554 ], [ -73.92655, 40.58558 ], [ -73.92549, 40.58503 ], [ -73.92553, 40.58499 ], [ -73.92628, 40.58536 ], [ -73.92635, 40.58528 ], [ -73.92583, 40.58496 ], [ -73.92682, 40.58484 ], [ -73.92712, 40.58489 ], [ -73.92722, 40.58479 ], [ -73.9314, 40.58609 ], [ -73.93127, 40.58544 ], [ -73.93019, 40.58509 ], [ -73.9301, 40.58451 ], [ -73.93204, 40.58424 ], [ -73.93186, 40.58309 ], [ -73.93198, 40.58312 ], [ -73.93193, 40.58288 ], [ -73.93238, 40.58293 ], [ -73.93202, 40.58293 ], [ -73.93202, 40.58312 ], [ -73.9326, 40.58293 ], [ -73.93349, 40.58307 ], [ -73.93349, 40.58297 ], [ -73.93421, 40.58299 ], [ -73.93421, 40.5831 ], [ -73.93438, 40.58315 ], [ -73.93456, 40.58317 ], [ -73.93456, 40.58303 ], [ -73.93528, 40.58311 ], [ -73.93528, 40.58325 ], [ -73.93569, 40.58328 ], [ -73.93567, 40.58303 ], [ -73.93583, 40.58303 ], [ -73.93577, 40.58329 ], [ -73.93613, 40.58332 ], [ -73.93625, 40.58326 ], [ -73.93629, 40.58301 ], [ -73.9361, 40.58302 ], [ -73.9361, 40.58296 ], [ -73.93657, 40.58297 ], [ -73.9363, 40.58301 ], [ -73.93632, 40.58319 ], [ -73.93654, 40.58317 ], [ -73.93658, 40.58325 ], [ -73.93698, 40.58324 ], [ -73.93699, 40.58302 ], [ -73.93663, 40.58298 ], [ -73.93706, 40.58299 ], [ -73.93705, 40.58309 ], [ -73.93763, 40.5831 ], [ -73.93703, 40.58313 ], [ -73.93701, 40.58302 ], [ -73.93702, 40.58324 ], [ -73.93713, 40.58335 ], [ -73.93733, 40.5833 ], [ -73.93812, 40.58335 ], [ -73.9381, 40.58313 ], [ -73.93824, 40.58313 ], [ -73.93833, 40.58335 ], [ -73.93855, 40.58335 ], [ -73.93848, 40.58319 ], [ -73.93867, 40.58317 ], [ -73.93863, 40.58308 ], [ -73.93879, 40.58308 ], [ -73.93867, 40.58309 ], [ -73.9387, 40.58317 ], [ -73.9393, 40.58318 ], [ -73.9393, 40.58334 ], [ -73.93983, 40.58334 ], [ -73.93983, 40.58318 ], [ -73.93986, 40.58334 ], [ -73.94058, 40.58334 ], [ -73.94057, 40.5831 ], [ -73.94011, 40.58308 ], [ -73.94068, 40.58307 ], [ -73.94059, 40.58309 ], [ -73.94059, 40.58322 ], [ -73.9407, 40.58334 ], [ -73.94092, 40.58331 ], [ -73.9409, 40.5831 ], [ -73.94074, 40.58308 ], [ -73.94103, 40.58308 ], [ -73.94092, 40.5831 ], [ -73.94094, 40.58331 ], [ -73.94116, 40.58331 ], [ -73.9411, 40.5831 ], [ -73.9412, 40.5831 ], [ -73.94121, 40.58331 ], [ -73.94144, 40.58335 ], [ -73.94158, 40.58362 ], [ -73.94255, 40.58352 ], [ -73.94202, 40.58312 ], [ -73.94215, 40.58311 ], [ -73.9427, 40.58352 ], [ -73.94305, 40.5835 ], [ -73.94256, 40.58314 ], [ -73.94269, 40.58313 ], [ -73.9432, 40.5835 ], [ -73.94355, 40.58348 ], [ -73.94309, 40.58314 ], [ -73.94323, 40.58314 ], [ -73.94369, 40.58348 ], [ -73.94407, 40.58348 ], [ -73.94364, 40.58315 ], [ -73.94377, 40.58315 ], [ -73.94424, 40.58349 ], [ -73.94462, 40.5835 ], [ -73.94418, 40.58317 ], [ -73.94432, 40.58317 ], [ -73.94478, 40.58352 ], [ -73.94518, 40.58353 ], [ -73.94471, 40.58317 ], [ -73.94485, 40.58317 ], [ -73.94535, 40.58354 ], [ -73.94573, 40.58355 ], [ -73.94527, 40.58319 ], [ -73.94538, 40.58319 ], [ -73.9459, 40.58356 ], [ -73.94629, 40.58358 ], [ -73.9458, 40.5832 ], [ -73.94593, 40.5832 ], [ -73.94644, 40.58357 ], [ -73.94679, 40.58356 ], [ -73.94632, 40.58322 ], [ -73.94646, 40.58321 ], [ -73.94692, 40.58355 ], [ -73.94727, 40.58354 ], [ -73.94682, 40.5832 ], [ -73.94702, 40.5832 ], [ -73.94747, 40.58354 ], [ -73.95349, 40.583 ], [ -73.9533, 40.58201 ], [ -73.9497, 40.58233 ], [ -73.94274, 40.581 ], [ -73.93381, 40.58114 ], [ -73.93382, 40.58122 ], [ -73.9334, 40.58122 ], [ -73.9334, 40.58117 ], [ -73.93376, 40.58119 ], [ -73.93376, 40.58114 ], [ -73.933, 40.58115 ], [ -73.93297, 40.58129 ], [ -73.93291, 40.58115 ], [ -73.93287, 40.58129 ], [ -73.93287, 40.58116 ], [ -73.93281, 40.58116 ], [ -73.9327, 40.58128 ], [ -73.93258, 40.58127 ], [ -73.93182, 40.57897 ], [ -73.93183, 40.57869 ], [ -73.93169, 40.57819 ], [ -73.93106, 40.57627 ], [ -73.93106, 40.57617 ], [ -73.9315, 40.57567 ], [ -73.93486, 40.57554 ], [ -73.93489, 40.57523 ], [ -73.935, 40.57523 ], [ -73.935, 40.57544 ], [ -73.93508, 40.57552 ], [ -73.93647, 40.57587 ], [ -73.9366, 40.57578 ], [ -73.93671, 40.57543 ], [ -73.93683, 40.57557 ], [ -73.94251, 40.57538 ], [ -73.94248, 40.5755 ], [ -73.94256, 40.57557 ], [ -73.94364, 40.57578 ], [ -73.94428, 40.57581 ], [ -73.94463, 40.5757 ], [ -73.94455, 40.5753 ], [ -73.9446, 40.57524 ], [ -73.94475, 40.57552 ], [ -73.94572, 40.57557 ], [ -73.94604, 40.57547 ], [ -73.94618, 40.57531 ], [ -73.94621, 40.57521 ], [ -73.94595, 40.57522 ], [ -73.94593, 40.57512 ], [ -73.94897, 40.57479 ], [ -73.94992, 40.57456 ], [ -73.95211, 40.57439 ], [ -73.9524, 40.57426 ], [ -73.95381, 40.58176 ], [ -73.95392, 40.58188 ], [ -73.95414, 40.58311 ], [ -73.95646, 40.58267 ], [ -73.95723, 40.58315 ], [ -73.95734, 40.58303 ], [ -73.95911, 40.58286 ], [ -73.96005, 40.58328 ], [ -73.96011, 40.58342 ], [ -73.96034, 40.58598 ], [ -73.96035, 40.58731 ], [ -73.9562, 40.58777 ], [ -73.957, 40.59201 ], [ -73.95608, 40.59211 ], [ -73.95693, 40.59662 ], [ -73.94249, 40.59821 ], [ -73.94289, 40.60033 ], [ -73.93447, 40.60124 ], [ -73.93503, 40.60174 ], [ -73.93355, 40.6027 ], [ -73.92813, 40.59779 ], [ -73.92957, 40.59683 ], [ -73.91809, 40.58658 ] ] ], [ [ [ -73.93514, 40.58119 ], [ -73.93511, 40.58131 ], [ -73.9351, 40.58122 ], [ -73.93382, 40.58122 ], [ -73.93514, 40.58119 ] ] ] ] } },
{ "type": "Feature", "properties": { "name": "Shirley Chisholm State Park" }, "geometry": { "type": "MultiPolygon", "coordinates": [ [ [ [ -73.8731, 40.64394 ], [ -73.87297, 40.64385 ], [ -73.87276, 40.64326 ], [ -73.87195, 40.6424 ], [ -73.87088, 40.64078 ], [ -73.87085, 40.64056 ], [ -73.87044, 40.6403 ], [ -73.87009, 40.63985 ], [ -73.87008, 40.63922 ], [ -73.8699, 40.63894 ], [ -73.86953, 40.63865 ], [ -73.868, 40.63812 ], [ -73.86961, 40.63709 ], [ -73.8697, 40.63716 ], [ -73.86921, 40.63747 ], [ -73.86956, 40.63796 ], [ -73.87061, 40.63759 ], [ -73.87167, 40.63709 ], [ -73.87255, 40.6365 ], [ -73.87348, 40.63629 ], [ -73.87445, 40.63667 ], [ -73.87515, 40.63706 ], [ -73.8763, 40.63806 ], [ -73.87712, 40.63865 ], [ -73.87752, 40.63879 ], [ -73.87835, 40.63888 ], [ -73.87647, 40.64262 ], [ -73.87569, 40.64396 ], [ -73.87497, 40.64501 ], [ -73.87386, 40.64632 ], [ -73.87342, 40.64566 ], [ -73.87319, 40.64545 ], [ -73.87339, 40.64501 ], [ -73.87345, 40.64457 ], [ -73.87327, 40.64391 ], [ -73.8731, 40.64394 ] ] ], [ [ [ -73.85717, 40.64369 ], [ -73.85894, 40.64323 ], [ -73.86201, 40.6429 ], [ -73.8629, 40.64256 ], [ -73.86331, 40.64231 ], [ -73.8638, 40.64181 ], [ -73.86531, 40.64076 ], [ -73.86671, 40.64003 ], [ -73.8662, 40.63955 ], [ -73.86629, 40.63948 ], [ -73.86682, 40.63997 ], [ -73.86703, 40.63986 ], [ -73.86732, 40.63988 ], [ -73.86867, 40.64093 ], [ -73.86991, 40.64329 ], [ -73.87002, 40.64408 ], [ -73.87062, 40.64486 ], [ -73.87119, 40.64531 ], [ -73.87157, 40.64542 ], [ -73.87212, 40.64543 ], [ -73.87257, 40.64558 ], [ -73.87343, 40.64679 ], [ -73.87212, 40.64791 ], [ -73.8701, 40.6493 ], [ -73.86377, 40.65272 ], [ -73.86054, 40.65463 ], [ -73.85722, 40.65029 ], [ -73.85743, 40.65017 ], [ -73.85755, 40.64994 ], [ -73.85771, 40.64875 ], [ -73.85784, 40.64831 ], [ -73.85838, 40.64728 ], [ -73.85717, 40.64369 ] ] ] ] } },
{ "type": "Feature", "properties": { "name": "Snug Harbor" }, "geometry": { "type": "Polygon", "coordinates": [ [ [ -74.10013, 40.64507 ], [ -74.10013, 40.64493 ], [ -74.10073, 40.64502 ], [ -74.1009, 40.64478 ], [ -74.09972, 40.64477 ], [ -74.09957, 40.64316 ], [ -74.10039, 40.64313 ], [ -74.09991, 40.64017 ], [ -74.10481, 40.63898 ], [ -74.10542, 40.63891 ], [ -74.10655, 40.64425 ], [ -74.10716, 40.64421 ], [ -74.10751, 40.6449 ], [ -74.1078, 40.64523 ], [ -74.10465, 40.64531 ], [ -74.10472, 40.64557 ], [ -74.10465, 40.64564 ], [ -74.10413, 40.64575 ], [ -74.10392, 40.64562 ], [ -74.10307, 40.64565 ], [ -74.10232, 40.64555 ], [ -74.10013, 40.64507 ] ] ] } },
{ "type": "Feature", "properties": { "name": "SoHo-Little Italy-Hudson Square" }, "geometry": { "type": "Polygon", "coordinates": [ [ [ -74.00282, 40.72837 ], [ -73.99677, 40.72544 ], [ -73.99533, 40.72509 ], [ -73.9926, 40.72414 ], [ -73.99481, 40.71847 ], [ -73.99606, 40.71624 ], [ -73.99859, 40.71711 ], [ -73.99931, 40.71756 ], [ -74.01081, 40.7258 ], [ -74.01092, 40.7258 ], [ -74.01124, 40.72427 ], [ -74.01197, 40.72434 ], [ -74.01165, 40.72588 ], [ -74.01232, 40.72604 ], [ -74.01521, 40.72637 ], [ -74.01513, 40.7268 ], [ -74.01154, 40.72646 ], [ -74.01138, 40.72824 ], [ -74.01064, 40.72818 ], [ -74.01055, 40.72911 ], [ -74.00282, 40.72837 ] ] ] } },
{ "type": "Feature", "properties": { "name": "Soundview Park" }, "geometry": { "type": "Polygon", "coordinates": [ [ [ -73.86229, 40.80995 ], [ -73.8644, 40.81028 ], [ -73.86766, 40.81059 ], [ -73.86869, 40.81186 ], [ -73.86977, 40.81343 ], [ -73.87078, 40.8145 ], [ -73.87172, 40.81493 ], [ -73.87652, 40.81614 ], [ -73.87664, 40.81572 ], [ -73.87806, 40.81619 ], [ -73.88098, 40.81824 ], [ -73.87982, 40.81917 ], [ -73.87247, 40.82016 ], [ -73.87342, 40.82408 ], [ -73.87357, 40.82443 ], [ -73.87146, 40.82473 ], [ -73.86955, 40.8161 ], [ -73.86891, 40.81512 ], [ -73.86818, 40.81482 ], [ -73.86658, 40.81438 ], [ -73.86522, 40.81454 ], [ -73.86513, 40.81416 ], [ -73.86462, 40.81423 ], [ -73.86436, 40.81302 ], [ -73.86111, 40.81116 ], [ -73.86229, 40.80995 ] ] ] } },
{ "type": "Feature", "properties": { "name": "Soundview-Bruckner-Bronx River" }, "geometry": { "type": "Polygon", "coordinates": [ [ [ -73.86272, 40.83293 ], [ -73.86367, 40.8327 ], [ -73.86264, 40.82818 ], [ -73.86067, 40.82843 ], [ -73.8597, 40.82629 ], [ -73.87357, 40.82443 ], [ -73.87342, 40.82408 ], [ -73.87247, 40.82016 ], [ -73.87982, 40.81917 ], [ -73.88098, 40.81824 ], [ -73.88245, 40.81928 ], [ -73.88379, 40.82194 ], [ -73.8843, 40.82273 ], [ -73.88465, 40.82382 ], [ -73.88461, 40.82528 ], [ -73.88439, 40.82683 ], [ -73.88379, 40.82828 ], [ -73.88352, 40.82927 ], [ -73.88358, 40.82949 ], [ -73.8839, 40.82981 ], [ -73.88005, 40.83471 ], [ -73.87925, 40.83443 ], [ -73.87867, 40.83503 ], [ -73.87809, 40.83549 ], [ -73.87748, 40.83587 ], [ -73.87673, 40.83621 ], [ -73.87393, 40.836 ], [ -73.87323, 40.83816 ], [ -73.87284, 40.83976 ], [ -73.86921, 40.83961 ], [ -73.86782, 40.84017 ], [ -73.86448, 40.8411 ], [ -73.86394, 40.84005 ], [ -73.86272, 40.83293 ] ] ] } },
{ "type": "Feature", "properties": { "name": "Soundview-Clason Point" }, "geometry": { "type": "Polygon", "coordinates": [ [ [ -73.84577, 40.81159 ], [ -73.84617, 40.81068 ], [ -73.84689, 40.81053 ], [ -73.8472, 40.81059 ], [ -73.84747, 40.81091 ], [ -73.84758, 40.81129 ], [ -73.84822, 40.81247 ], [ -73.84876, 40.81291 ], [ -73.84939, 40.81325 ], [ -73.85041, 40.81359 ], [ -73.8506, 40.81394 ], [ -73.85159, 40.81431 ], [ -73.85244, 40.81431 ], [ -73.85226, 40.8145 ], [ -73.85244, 40.81446 ], [ -73.85262, 40.81453 ], [ -73.8528, 40.81445 ], [ -73.85301, 40.81459 ], [ -73.85284, 40.81435 ], [ -73.85266, 40.81435 ], [ -73.85262, 40.81407 ], [ -73.85266, 40.81397 ], [ -73.85298, 40.81388 ], [ -73.85292, 40.8137 ], [ -73.85337, 40.8136 ], [ -73.85435, 40.81387 ], [ -73.85532, 40.81442 ], [ -73.85538, 40.8143 ], [ -73.85532, 40.81417 ], [ -73.85471, 40.81385 ], [ -73.85347, 40.81349 ], [ -73.85256, 40.81374 ], [ -73.85206, 40.81373 ], [ -73.8512, 40.81356 ], [ -73.84968, 40.81278 ], [ -73.84921, 40.81239 ], [ -73.84903, 40.81213 ], [ -73.84905, 40.81199 ], [ -73.84939, 40.8113 ], [ -73.84917, 40.81093 ], [ -73.84942, 40.8106 ], [ -73.84953, 40.81029 ], [ -73.8498, 40.81004 ], [ -73.84991, 40.80967 ], [ -73.84977, 40.80968 ], [ -73.84976, 40.80965 ], [ -73.84992, 40.80963 ], [ -73.85002, 40.80926 ], [ -73.84985, 40.80926 ], [ -73.85004, 40.80922 ], [ -73.84997, 40.80888 ], [ -73.84973, 40.80888 ], [ -73.84996, 40.80884 ], [ -73.84995, 40.80872 ], [ -73.84955, 40.80873 ], [ -73.84995, 40.8087 ], [ -73.84997, 40.80859 ], [ -73.84987, 40.80835 ], [ -73.84961, 40.80813 ], [ -73.84876, 40.80835 ], [ -73.84871, 40.80825 ], [ -73.84952, 40.80806 ], [ -73.84939, 40.80789 ], [ -73.84878, 40.80764 ], [ -73.84842, 40.80738 ], [ -73.84828, 40.80686 ], [ -73.8484, 40.80653 ], [ -73.84838, 40.80637 ], [ -73.84812, 40.80614 ], [ -73.84754, 40.80593 ], [ -73.84749, 40.80546 ], [ -73.84767, 40.80517 ], [ -73.8479, 40.80501 ], [ -73.8484, 40.80487 ], [ -73.84865, 40.80471 ], [ -73.84874, 40.8049 ], [ -73.84895, 40.80477 ], [ -73.84934, 40.80506 ], [ -73.84932, 40.80467 ], [ -73.84941, 40.80468 ], [ -73.84943, 40.80507 ], [ -73.84982, 40.8051 ], [ -73.84998, 40.80507 ], [ -73.8502, 40.80452 ], [ -73.85092, 40.80449 ], [ -73.85148, 40.80461 ], [ -73.85205, 40.80461 ], [ -73.85407, 40.80447 ], [ -73.8546, 40.80456 ], [ -73.85539, 40.80447 ], [ -73.85586, 40.80452 ], [ -73.85663, 40.80484 ], [ -73.85658, 40.80494 ], [ -73.8564, 40.80496 ], [ -73.85569, 40.80468 ], [ -73.85556, 40.80479 ], [ -73.85561, 40.80507 ], [ -73.85572, 40.80513 ], [ -73.85613, 40.80529 ], [ -73.85653, 40.80525 ], [ -73.85725, 40.80532 ], [ -73.85713, 40.80519 ], [ -73.85668, 40.805 ], [ -73.85684, 40.80492 ], [ -73.85813, 40.80547 ], [ -73.85891, 40.80592 ], [ -73.85883, 40.806 ], [ -73.85851, 40.80583 ], [ -73.85845, 40.80596 ], [ -73.85832, 40.80601 ], [ -73.85839, 40.80642 ], [ -73.8585, 40.80643 ], [ -73.85852, 40.80665 ], [ -73.85889, 40.8067 ], [ -73.85905, 40.80657 ], [ -73.85908, 40.80642 ], [ -73.85885, 40.80602 ], [ -73.85897, 40.80597 ], [ -73.85937, 40.80668 ], [ -73.85938, 40.80758 ], [ -73.85926, 40.80755 ], [ -73.85916, 40.80689 ], [ -73.85867, 40.80684 ], [ -73.85839, 40.80827 ], [ -73.85878, 40.80924 ], [ -73.85895, 40.81028 ], [ -73.85908, 40.80998 ], [ -73.85947, 40.80991 ], [ -73.86013, 40.80961 ], [ -73.85954, 40.80903 ], [ -73.85933, 40.80901 ], [ -73.85942, 40.80887 ], [ -73.85932, 40.80822 ], [ -73.8594, 40.80817 ], [ -73.8597, 40.80895 ], [ -73.86018, 40.80943 ], [ -73.86078, 40.80967 ], [ -73.86229, 40.80995 ], [ -73.86111, 40.81116 ], [ -73.86436, 40.81302 ], [ -73.86462, 40.81423 ], [ -73.86513, 40.81416 ], [ -73.86522, 40.81454 ], [ -73.86658, 40.81438 ], [ -73.86818, 40.81482 ], [ -73.86891, 40.81512 ], [ -73.86955, 40.8161 ], [ -73.87146, 40.82473 ], [ -73.85636, 40.82676 ], [ -73.8562, 40.82605 ], [ -73.85597, 40.82607 ], [ -73.85362, 40.8161 ], [ -73.85164, 40.81637 ], [ -73.85115, 40.8144 ], [ -73.85093, 40.81434 ], [ -73.84706, 40.81483 ], [ -73.84664, 40.81304 ], [ -73.84611, 40.81311 ], [ -73.84647, 40.81231 ], [ -73.84633, 40.8117 ], [ -73.84577, 40.81159 ] ] ] } },
{ "type": "Feature", "properties": { "name": "South Jamaica" }, "geometry": { "type": "Polygon", "coordinates": [ [ [ -73.77396, 40.69981 ], [ -73.78277, 40.696 ], [ -73.78092, 40.69385 ], [ -73.77789, 40.68993 ], [ -73.77977, 40.68929 ], [ -73.78078, 40.69104 ], [ -73.78581, 40.689 ], [ -73.78698, 40.68862 ], [ -73.79039, 40.68776 ], [ -73.79391, 40.68631 ], [ -73.79562, 40.68867 ], [ -73.79995, 40.68684 ], [ -73.79898, 40.68487 ], [ -73.80586, 40.68292 ], [ -73.80737, 40.68597 ], [ -73.81073, 40.69193 ], [ -73.80952, 40.69227 ], [ -73.8089, 40.69257 ], [ -73.80643, 40.69088 ], [ -73.8012, 40.69534 ], [ -73.79918, 40.69688 ], [ -73.79786, 40.698 ], [ -73.79723, 40.69837 ], [ -73.79572, 40.69902 ], [ -73.79358, 40.69976 ], [ -73.79261, 40.70044 ], [ -73.79221, 40.70083 ], [ -73.79187, 40.70137 ], [ -73.79239, 40.70217 ], [ -73.79116, 40.7023 ], [ -73.78967, 40.70305 ], [ -73.78598, 40.70419 ], [ -73.78257, 40.70543 ], [ -73.78189, 40.70549 ], [ -73.78035, 40.70542 ], [ -73.77792, 40.7033 ], [ -73.77587, 40.70166 ], [ -73.77396, 40.69981 ] ] ] } },
{ "type": "Feature", "properties": { "name": "South Ozone Park" }, "geometry": { "type": "Polygon", "coordinates": [ [ [ -73.80737, 40.68597 ], [ -73.80179, 40.6744 ], [ -73.80149, 40.67355 ], [ -73.80132, 40.67279 ], [ -73.80125, 40.66985 ], [ -73.80142, 40.66779 ], [ -73.80161, 40.66686 ], [ -73.80215, 40.66526 ], [ -73.80432, 40.66513 ], [ -73.80615, 40.66492 ], [ -73.80845, 40.66447 ], [ -73.81169, 40.66314 ], [ -73.81327, 40.66282 ], [ -73.81411, 40.6628 ], [ -73.82296, 40.66387 ], [ -73.82305, 40.66356 ], [ -73.82571, 40.6636 ], [ -73.82687, 40.66371 ], [ -73.8291, 40.66426 ], [ -73.83271, 40.66541 ], [ -73.83812, 40.67664 ], [ -73.83794, 40.6768 ], [ -73.84013, 40.68115 ], [ -73.83865, 40.68145 ], [ -73.83698, 40.682 ], [ -73.83808, 40.68425 ], [ -73.82753, 40.68725 ], [ -73.82851, 40.68925 ], [ -73.82599, 40.68996 ], [ -73.82501, 40.68796 ], [ -73.81354, 40.69122 ], [ -73.81073, 40.69193 ], [ -73.80737, 40.68597 ] ] ] } },
{ "type": "Feature", "properties": { "name": "South Richmond Hill" }, "geometry": { "type": "Polygon", "coordinates": [ [ [ -73.81073, 40.69193 ], [ -73.81354, 40.69122 ], [ -73.82501, 40.68796 ], [ -73.82599, 40.68996 ], [ -73.82851, 40.68925 ], [ -73.82753, 40.68725 ], [ -73.83595, 40.68485 ], [ -73.83694, 40.68685 ], [ -73.83728, 40.68676 ], [ -73.83811, 40.68844 ], [ -73.83635, 40.68894 ], [ -73.83751, 40.6913 ], [ -73.82968, 40.69354 ], [ -73.82479, 40.69473 ], [ -73.82108, 40.69579 ], [ -73.82086, 40.69536 ], [ -73.81958, 40.69574 ], [ -73.81888, 40.6958 ], [ -73.81416, 40.69713 ], [ -73.81373, 40.69714 ], [ -73.81073, 40.69193 ] ] ] } },
{ "type": "Feature", "properties": { "name": "South Williamsburg" }, "geometry": { "type": "Polygon", "coordinates": [ [ [ -73.95024, 40.70548 ], [ -73.94193, 40.70073 ], [ -73.95702, 40.69898 ], [ -73.96284, 40.69805 ], [ -73.96218, 40.70023 ], [ -73.96721, 40.70426 ], [ -73.96762, 40.70497 ], [ -73.96838, 40.70684 ], [ -73.96328, 40.70774 ], [ -73.95846, 40.70726 ], [ -73.95839, 40.70768 ], [ -73.95791, 40.70844 ], [ -73.95191, 40.70637 ], [ -73.95024, 40.70548 ] ] ] } },
{ "type": "Feature", "properties": { "name": "Spring Creek Park" }, "geometry": { "type": "MultiPolygon", "coordinates": [ [ [ [ -73.85321, 40.65382 ], [ -73.8484, 40.65451 ], [ -73.84679, 40.6478 ], [ -73.83837, 40.64897 ], [ -73.83681, 40.64926 ], [ -73.83592, 40.64551 ], [ -73.83633, 40.64533 ], [ -73.83861, 40.64536 ], [ -73.8399, 40.64513 ], [ -73.84039, 40.6449 ], [ -73.84126, 40.64489 ], [ -73.8458, 40.64411 ], [ -73.84951, 40.64414 ], [ -73.85208, 40.64618 ], [ -73.85236, 40.64671 ], [ -73.85243, 40.64717 ], [ -73.85234, 40.64769 ], [ -73.85173, 40.64892 ], [ -73.85159, 40.6491 ], [ -73.85137, 40.64919 ], [ -73.85119, 40.64908 ], [ -73.85091, 40.64918 ], [ -73.85093, 40.64942 ], [ -73.85081, 40.64957 ], [ -73.85078, 40.64981 ], [ -73.85061, 40.6498 ], [ -73.85058, 40.64987 ], [ -73.85059, 40.65035 ], [ -73.85052, 40.65039 ], [ -73.85038, 40.65028 ], [ -73.85042, 40.65049 ], [ -73.84969, 40.65093 ], [ -73.84943, 40.65094 ], [ -73.84926, 40.65104 ], [ -73.84922, 40.65118 ], [ -73.8494, 40.65144 ], [ -73.84992, 40.65167 ], [ -73.85079, 40.65154 ], [ -73.85149, 40.65121 ], [ -73.85179, 40.65082 ], [ -73.85206, 40.65081 ], [ -73.85231, 40.65061 ], [ -73.85251, 40.65056 ], [ -73.85403, 40.65067 ], [ -73.85496, 40.65098 ], [ -73.85525, 40.65128 ], [ -73.85588, 40.6513 ], [ -73.85625, 40.65161 ], [ -73.85635, 40.65219 ], [ -73.85652, 40.65235 ], [ -73.85662, 40.65269 ], [ -73.85684, 40.65291 ], [ -73.8571, 40.65297 ], [ -73.85772, 40.65273 ], [ -73.85828, 40.653 ], [ -73.85852, 40.65332 ], [ -73.85857, 40.65373 ], [ -73.85877, 40.65404 ], [ -73.85876, 40.65417 ], [ -73.85916, 40.65441 ], [ -73.85933, 40.65495 ], [ -73.85967, 40.6552 ], [ -73.85735, 40.6568 ], [ -73.85362, 40.65974 ], [ -73.85355, 40.65932 ], [ -73.85437, 40.65861 ], [ -73.85321, 40.65382 ] ] ], [ [ [ -73.85722, 40.65029 ], [ -73.86054, 40.65463 ], [ -73.86021, 40.65485 ], [ -73.85979, 40.65448 ], [ -73.85976, 40.65411 ], [ -73.85941, 40.65387 ], [ -73.85945, 40.65365 ], [ -73.85934, 40.65357 ], [ -73.85925, 40.65326 ], [ -73.85905, 40.65312 ], [ -73.85898, 40.65268 ], [ -73.85855, 40.65237 ], [ -73.85784, 40.65157 ], [ -73.85732, 40.65125 ], [ -73.8573, 40.65107 ], [ -73.85696, 40.6506 ], [ -73.85718, 40.65047 ], [ -73.85722, 40.65029 ] ] ] ] } },
{ "type": "Feature", "properties": { "name": "Spring Creek-Starrett City" }, "geometry": { "type": "MultiPolygon", "coordinates": [ [ [ [ -73.88829, 40.64673 ], [ -73.88864, 40.64709 ], [ -73.88858, 40.64712 ], [ -73.88864, 40.64722 ], [ -73.88852, 40.64737 ], [ -73.8882, 40.64715 ], [ -73.88818, 40.64682 ], [ -73.88829, 40.64673 ] ] ], [ [ [ -73.86054, 40.65463 ], [ -73.86377, 40.65272 ], [ -73.8701, 40.6493 ], [ -73.87212, 40.64791 ], [ -73.87343, 40.64679 ], [ -73.87922, 40.6546 ], [ -73.87933, 40.65463 ], [ -73.87964, 40.65451 ], [ -73.87972, 40.65438 ], [ -73.87924, 40.65375 ], [ -73.87911, 40.65371 ], [ -73.87676, 40.65057 ], [ -73.87672, 40.65033 ], [ -73.87386, 40.64632 ], [ -73.87497, 40.64501 ], [ -73.87569, 40.64396 ], [ -73.87647, 40.64262 ], [ -73.87835, 40.63888 ], [ -73.87857, 40.63905 ], [ -73.87862, 40.63937 ], [ -73.87884, 40.63947 ], [ -73.87931, 40.64008 ], [ -73.8799, 40.64037 ], [ -73.87989, 40.64053 ], [ -73.8801, 40.64066 ], [ -73.88026, 40.64098 ], [ -73.88049, 40.64099 ], [ -73.88048, 40.64113 ], [ -73.88074, 40.64157 ], [ -73.88059, 40.64146 ], [ -73.88029, 40.64141 ], [ -73.88003, 40.64173 ], [ -73.88007, 40.64201 ], [ -73.88028, 40.64213 ], [ -73.88054, 40.64207 ], [ -73.88078, 40.6422 ], [ -73.88139, 40.64236 ], [ -73.88157, 40.6425 ], [ -73.88175, 40.64291 ], [ -73.88224, 40.64346 ], [ -73.88215, 40.64375 ], [ -73.88302, 40.64419 ], [ -73.88342, 40.64453 ], [ -73.8837, 40.64436 ], [ -73.884, 40.64438 ], [ -73.88433, 40.64411 ], [ -73.88481, 40.64395 ], [ -73.88558, 40.64405 ], [ -73.88601, 40.64458 ], [ -73.8872, 40.64561 ], [ -73.88744, 40.64594 ], [ -73.88736, 40.646 ], [ -73.88739, 40.64609 ], [ -73.88764, 40.64633 ], [ -73.88767, 40.64651 ], [ -73.88773, 40.64715 ], [ -73.88752, 40.64742 ], [ -73.88764, 40.6476 ], [ -73.88764, 40.64781 ], [ -73.88777, 40.6479 ], [ -73.88816, 40.64788 ], [ -73.88864, 40.64803 ], [ -73.88881, 40.64835 ], [ -73.88925, 40.64875 ], [ -73.88954, 40.64889 ], [ -73.89007, 40.64933 ], [ -73.89034, 40.64936 ], [ -73.89014, 40.64918 ], [ -73.89035, 40.64904 ], [ -73.89125, 40.65003 ], [ -73.89001, 40.65116 ], [ -73.88959, 40.65135 ], [ -73.86916, 40.66013 ], [ -73.86847, 40.6603 ], [ -73.86718, 40.66046 ], [ -73.86386, 40.65607 ], [ -73.86245, 40.6553 ], [ -73.86087, 40.65509 ], [ -73.86054, 40.65463 ] ] ] ] } },
{ "type": "Feature", "properties": { "name": "Springfield Gardens (North)-Rochdale Village" }, "geometry": { "type": "Polygon", "coordinates": [ [ [ -73.76032, 40.67512 ], [ -73.75881, 40.67301 ], [ -73.7587, 40.67312 ], [ -73.75862, 40.67305 ], [ -73.7585, 40.67266 ], [ -73.75822, 40.6727 ], [ -73.75636, 40.67244 ], [ -73.75649, 40.6715 ], [ -73.75644, 40.66967 ], [ -73.757, 40.66775 ], [ -73.75763, 40.66646 ], [ -73.77155, 40.66797 ], [ -73.77343, 40.66804 ], [ -73.78567, 40.6672 ], [ -73.78941, 40.66685 ], [ -73.78916, 40.66835 ], [ -73.78809, 40.67302 ], [ -73.78658, 40.67277 ], [ -73.78575, 40.67239 ], [ -73.78435, 40.6747 ], [ -73.78398, 40.67513 ], [ -73.78095, 40.67736 ], [ -73.77842, 40.67904 ], [ -73.77723, 40.67966 ], [ -73.7747, 40.68049 ], [ -73.77232, 40.6815 ], [ -73.77014, 40.68312 ], [ -73.76974, 40.68379 ], [ -73.76716, 40.68239 ], [ -73.76161, 40.67974 ], [ -73.76192, 40.67889 ], [ -73.76289, 40.67751 ], [ -73.76325, 40.6768 ], [ -73.76343, 40.67633 ], [ -73.76368, 40.67475 ], [ -73.76345, 40.67472 ], [ -73.76249, 40.6742 ], [ -73.76032, 40.67512 ] ] ] } },
{ "type": "Feature", "properties": { "name": "Springfield Gardens (South)-Brookville" }, "geometry": { "type": "Polygon", "coordinates": [ [ [ -73.75763, 40.66646 ], [ -73.75602, 40.6664 ], [ -73.73849, 40.66642 ], [ -73.74002, 40.66476 ], [ -73.74044, 40.66412 ], [ -73.74115, 40.66278 ], [ -73.74244, 40.66088 ], [ -73.74496, 40.65818 ], [ -73.74508, 40.65757 ], [ -73.74488, 40.65615 ], [ -73.74329, 40.65614 ], [ -73.74333, 40.65255 ], [ -73.74655, 40.65257 ], [ -73.74654, 40.65196 ], [ -73.74644, 40.6515 ], [ -73.74587, 40.65044 ], [ -73.74615, 40.65048 ], [ -73.74624, 40.6498 ], [ -73.74625, 40.6486 ], [ -73.74644, 40.64806 ], [ -73.74622, 40.6468 ], [ -73.74625, 40.64638 ], [ -73.74608, 40.64558 ], [ -73.74617, 40.64487 ], [ -73.74712, 40.64438 ], [ -73.74787, 40.64508 ], [ -73.74857, 40.64556 ], [ -73.76476, 40.65476 ], [ -73.76976, 40.65749 ], [ -73.77383, 40.65966 ], [ -73.77394, 40.65964 ], [ -73.7751, 40.66016 ], [ -73.77691, 40.66068 ], [ -73.77877, 40.66152 ], [ -73.77872, 40.6616 ], [ -73.77933, 40.66185 ], [ -73.7792, 40.6617 ], [ -73.78124, 40.66248 ], [ -73.78342, 40.66309 ], [ -73.78751, 40.66383 ], [ -73.79642, 40.66503 ], [ -73.79982, 40.66527 ], [ -73.80215, 40.66526 ], [ -73.80164, 40.66677 ], [ -73.7992, 40.66653 ], [ -73.79852, 40.6666 ], [ -73.79711, 40.66696 ], [ -73.79307, 40.66708 ], [ -73.78941, 40.66685 ], [ -73.78567, 40.6672 ], [ -73.77343, 40.66804 ], [ -73.77155, 40.66797 ], [ -73.75763, 40.66646 ] ] ] } },
{ "type": "Feature", "properties": { "name": "St. Albans" }, "geometry": { "type": "Polygon", "coordinates": [ [ [ -73.75047, 40.70565 ], [ -73.74618, 40.69613 ], [ -73.74508, 40.6964 ], [ -73.74359, 40.69622 ], [ -73.74427, 40.69427 ], [ -73.74468, 40.69342 ], [ -73.74624, 40.69129 ], [ -73.7485, 40.68779 ], [ -73.74935, 40.68665 ], [ -73.75002, 40.6859 ], [ -73.75097, 40.68421 ], [ -73.75103, 40.68423 ], [ -73.75226, 40.6815 ], [ -73.75485, 40.67794 ], [ -73.75524, 40.6773 ], [ -73.75576, 40.67589 ], [ -73.75649, 40.67603 ], [ -73.75673, 40.67622 ], [ -73.75692, 40.67654 ], [ -73.76249, 40.6742 ], [ -73.76345, 40.67472 ], [ -73.76368, 40.67475 ], [ -73.76343, 40.67633 ], [ -73.76325, 40.6768 ], [ -73.76289, 40.67751 ], [ -73.76192, 40.67889 ], [ -73.76161, 40.67974 ], [ -73.76716, 40.68239 ], [ -73.76974, 40.68379 ], [ -73.7724, 40.68529 ], [ -73.77571, 40.68762 ], [ -73.77662, 40.68837 ], [ -73.77726, 40.68908 ], [ -73.78092, 40.69385 ], [ -73.78277, 40.696 ], [ -73.77745, 40.69827 ], [ -73.77231, 40.70058 ], [ -73.77508, 40.70525 ], [ -73.77559, 40.70534 ], [ -73.7756, 40.70589 ], [ -73.77549, 40.70626 ], [ -73.77505, 40.70693 ], [ -73.77431, 40.7074 ], [ -73.77334, 40.7078 ], [ -73.7723, 40.70808 ], [ -73.76845, 40.70965 ], [ -73.76826, 40.70953 ], [ -73.76735, 40.70664 ], [ -73.7623, 40.70796 ], [ -73.76176, 40.70661 ], [ -73.76197, 40.70661 ], [ -73.76195, 40.70593 ], [ -73.76213, 40.70551 ], [ -73.76096, 40.70292 ], [ -73.75047, 40.70565 ] ] ] } },
{ "type": "Feature", "properties": { "name": "St. George-New Brighton" }, "geometry": { "type": "Polygon", "coordinates": [ [ [ -74.07258, 40.63795 ], [ -74.07684, 40.63776 ], [ -74.07855, 40.6383 ], [ -74.07879, 40.63828 ], [ -74.08178, 40.63663 ], [ -74.08374, 40.63575 ], [ -74.08588, 40.6367 ], [ -74.08691, 40.63587 ], [ -74.08871, 40.63685 ], [ -74.08922, 40.6361 ], [ -74.08971, 40.63569 ], [ -74.09059, 40.63547 ], [ -74.09244, 40.6356 ], [ -74.09339, 40.63661 ], [ -74.09386, 40.63803 ], [ -74.09409, 40.63928 ], [ -74.09767, 40.63897 ], [ -74.09788, 40.64037 ], [ -74.09991, 40.64017 ], [ -74.10039, 40.64313 ], [ -74.09957, 40.64316 ], [ -74.09972, 40.64477 ], [ -74.1009, 40.64478 ], [ -74.10073, 40.64502 ], [ -74.10013, 40.64493 ], [ -74.10013, 40.64507 ], [ -74.0988, 40.64506 ], [ -74.0985, 40.64538 ], [ -74.09605, 40.64538 ], [ -74.09469, 40.64556 ], [ -74.09299, 40.64598 ], [ -74.09301, 40.64608 ], [ -74.09136, 40.64671 ], [ -74.0894, 40.64732 ], [ -74.08768, 40.64824 ], [ -74.08571, 40.64889 ], [ -74.08485, 40.6489 ], [ -74.0839, 40.64859 ], [ -74.08221, 40.64829 ], [ -74.08142, 40.64851 ], [ -74.08052, 40.64825 ], [ -74.07981, 40.64839 ], [ -74.079, 40.64815 ], [ -74.07651, 40.64698 ], [ -74.07445, 40.64508 ], [ -74.07408, 40.64509 ], [ -74.07396, 40.6452 ], [ -74.07359, 40.64501 ], [ -74.0735, 40.64509 ], [ -74.07383, 40.64532 ], [ -74.07378, 40.64536 ], [ -74.07386, 40.64543 ], [ -74.07334, 40.64579 ], [ -74.07325, 40.64571 ], [ -74.07369, 40.64531 ], [ -74.07324, 40.64497 ], [ -74.07303, 40.64514 ], [ -74.0732, 40.64495 ], [ -74.07301, 40.64485 ], [ -74.07306, 40.64482 ], [ -74.07343, 40.64501 ], [ -74.07327, 40.64492 ], [ -74.07335, 40.64486 ], [ -74.07312, 40.64472 ], [ -74.0728, 40.64492 ], [ -74.07259, 40.6448 ], [ -74.0727, 40.64465 ], [ -74.07257, 40.64473 ], [ -74.07258, 40.64463 ], [ -74.07267, 40.64463 ], [ -74.07253, 40.64457 ], [ -74.07273, 40.64463 ], [ -74.07278, 40.6445 ], [ -74.0727, 40.64445 ], [ -74.07166, 40.64504 ], [ -74.07231, 40.64459 ], [ -74.07216, 40.64459 ], [ -74.07202, 40.64442 ], [ -74.07229, 40.64427 ], [ -74.07219, 40.64412 ], [ -74.07186, 40.64421 ], [ -74.07176, 40.64402 ], [ -74.07206, 40.64391 ], [ -74.072, 40.64379 ], [ -74.07165, 40.6438 ], [ -74.0716, 40.64347 ], [ -74.07136, 40.64351 ], [ -74.07149, 40.64344 ], [ -74.07142, 40.6432 ], [ -74.07113, 40.64321 ], [ -74.0715, 40.64314 ], [ -74.07148, 40.64282 ], [ -74.07165, 40.64281 ], [ -74.07165, 40.64269 ], [ -74.0717, 40.6428 ], [ -74.07219, 40.64272 ], [ -74.07211, 40.64247 ], [ -74.07038, 40.6427 ], [ -74.07033, 40.64253 ], [ -74.07324, 40.64219 ], [ -74.07315, 40.64186 ], [ -74.07025, 40.64222 ], [ -74.0702, 40.64202 ], [ -74.07309, 40.64165 ], [ -74.07289, 40.64093 ], [ -74.07196, 40.641 ], [ -74.07181, 40.64104 ], [ -74.07181, 40.64113 ], [ -74.07002, 40.64129 ], [ -74.06999, 40.64108 ], [ -74.07285, 40.64081 ], [ -74.07278, 40.64054 ], [ -74.07308, 40.64052 ], [ -74.07309, 40.63863 ], [ -74.07293, 40.6386 ], [ -74.07293, 40.63845 ], [ -74.07302, 40.63842 ], [ -74.07267, 40.63838 ], [ -74.07261, 40.63824 ], [ -74.07239, 40.63825 ], [ -74.07238, 40.63817 ], [ -74.07261, 40.63814 ], [ -74.07258, 40.63795 ] ] ] } },
{ "type": "Feature", "properties": { "name": "St. John Cemetery" }, "geometry": { "type": "Polygon", "coordinates": [ [ [ -73.85966, 40.71339 ], [ -73.86501, 40.71079 ], [ -73.86662, 40.71041 ], [ -73.87018, 40.70924 ], [ -73.87032, 40.70991 ], [ -73.87155, 40.71261 ], [ -73.8717, 40.71427 ], [ -73.87209, 40.716 ], [ -73.87239, 40.71784 ], [ -73.87053, 40.71817 ], [ -73.86717, 40.71965 ], [ -73.86548, 40.72029 ], [ -73.86302, 40.71772 ], [ -73.86004, 40.71494 ], [ -73.85964, 40.71402 ], [ -73.85966, 40.71339 ] ] ] } },
{ "type": "Feature", "properties": { "name": "St. Michael's Cemetery" }, "geometry": { "type": "Polygon", "coordinates": [ [ [ -73.89433, 40.76615 ], [ -73.89461, 40.76572 ], [ -73.8951, 40.76436 ], [ -73.89646, 40.76321 ], [ -73.89877, 40.75992 ], [ -73.90153, 40.75964 ], [ -73.90182, 40.76077 ], [ -73.90167, 40.7608 ], [ -73.90207, 40.76239 ], [ -73.90351, 40.76586 ], [ -73.90218, 40.76732 ], [ -73.90203, 40.76743 ], [ -73.89433, 40.76615 ] ] ] } },
{ "type": "Feature", "properties": { "name": "Stuyvesant Town-Peter Cooper Village" }, "geometry": { "type": "MultiPolygon", "coordinates": [ [ [ [ -73.96201, 40.724 ], [ -73.96207, 40.72389 ], [ -73.96247, 40.72418 ], [ -73.96237, 40.72422 ], [ -73.96201, 40.724 ] ] ], [ [ [ -73.97496, 40.73538 ], [ -73.97475, 40.73543 ], [ -73.97444, 40.73533 ], [ -73.97396, 40.73343 ], [ -73.97386, 40.73322 ], [ -73.97368, 40.73321 ], [ -73.97387, 40.73307 ], [ -73.97341, 40.73129 ], [ -73.97301, 40.73083 ], [ -73.97196, 40.73001 ], [ -73.97151, 40.72933 ], [ -73.97141, 40.72873 ], [ -73.97156, 40.72771 ], [ -73.97165, 40.72765 ], [ -73.97169, 40.72741 ], [ -73.97149, 40.72736 ], [ -73.97163, 40.72664 ], [ -73.97205, 40.72689 ], [ -73.97567, 40.72847 ], [ -73.98256, 40.73136 ], [ -73.98239, 40.73142 ], [ -73.97946, 40.7354 ], [ -73.97858, 40.73669 ], [ -73.97854, 40.7369 ], [ -73.97834, 40.73673 ], [ -73.97637, 40.73588 ], [ -73.97496, 40.73538 ] ] ] ] } },
{ "type": "Feature", "properties": { "name": "Sunnyside" }, "geometry": { "type": "Polygon", "coordinates": [ [ [ -73.90971, 40.74976 ], [ -73.91015, 40.74853 ], [ -73.91164, 40.74869 ], [ -73.91191, 40.74811 ], [ -73.91245, 40.74593 ], [ -73.91125, 40.74579 ], [ -73.91199, 40.7422 ], [ -73.91383, 40.74242 ], [ -73.91444, 40.74054 ], [ -73.91574, 40.7408 ], [ -73.9163, 40.73908 ], [ -73.91651, 40.73895 ], [ -73.91718, 40.73691 ], [ -73.91652, 40.73677 ], [ -73.9169, 40.73545 ], [ -73.91749, 40.73543 ], [ -73.91835, 40.73316 ], [ -73.91882, 40.73322 ], [ -73.91902, 40.7321 ], [ -73.91732, 40.73145 ], [ -73.91752, 40.73101 ], [ -73.91761, 40.73058 ], [ -73.91837, 40.72594 ], [ -73.92135, 40.72632 ], [ -73.92217, 40.7265 ], [ -73.92296, 40.72674 ], [ -73.9248, 40.72754 ], [ -73.92645, 40.72813 ], [ -73.92653, 40.72796 ], [ -73.92791, 40.72826 ], [ -73.92849, 40.72777 ], [ -73.92924, 40.72827 ], [ -73.93044, 40.72857 ], [ -73.93453, 40.72911 ], [ -73.93648, 40.72969 ], [ -73.93805, 40.73052 ], [ -73.93911, 40.73139 ], [ -73.93941, 40.73194 ], [ -73.9395, 40.73221 ], [ -73.93941, 40.73224 ], [ -73.93991, 40.73328 ], [ -73.94003, 40.73325 ], [ -73.94017, 40.73349 ], [ -73.94002, 40.73355 ], [ -73.94007, 40.73377 ], [ -73.94087, 40.73508 ], [ -73.94163, 40.73585 ], [ -73.94264, 40.73636 ], [ -73.94595, 40.73752 ], [ -73.94491, 40.73794 ], [ -73.94464, 40.73815 ], [ -73.94448, 40.73812 ], [ -73.94258, 40.73882 ], [ -73.94281, 40.73887 ], [ -73.94256, 40.73903 ], [ -73.94146, 40.73926 ], [ -73.93868, 40.73822 ], [ -73.93726, 40.74518 ], [ -73.9377, 40.74525 ], [ -73.93327, 40.7463 ], [ -73.92677, 40.7476 ], [ -73.9208, 40.7469 ], [ -73.92034, 40.74917 ], [ -73.91541, 40.75012 ], [ -73.91445, 40.75022 ], [ -73.91349, 40.75021 ], [ -73.90971, 40.74976 ] ] ] } },
{ "type": "Feature", "properties": { "name": "Sunnyside Yards (North)" }, "geometry": { "type": "Polygon", "coordinates": [ [ [ -73.91023, 40.75298 ], [ -73.91034, 40.75269 ], [ -73.90984, 40.75165 ], [ -73.91314, 40.75098 ], [ -73.91526, 40.75085 ], [ -73.92054, 40.74976 ], [ -73.92071, 40.75048 ], [ -73.92102, 40.75098 ], [ -73.92161, 40.75138 ], [ -73.92255, 40.75158 ], [ -73.92464, 40.75165 ], [ -73.93152, 40.75116 ], [ -73.93394, 40.75028 ], [ -73.93539, 40.74942 ], [ -73.9361, 40.74974 ], [ -73.93474, 40.75099 ], [ -73.93383, 40.75161 ], [ -73.93228, 40.75196 ], [ -73.92563, 40.75215 ], [ -73.91892, 40.75364 ], [ -73.91763, 40.75387 ], [ -73.91651, 40.7539 ], [ -73.91447, 40.75368 ], [ -73.91257, 40.75331 ], [ -73.91023, 40.75298 ] ] ] } },
{ "type": "Feature", "properties": { "name": "Sunnyside Yards (South)" }, "geometry": { "type": "Polygon", "coordinates": [ [ [ -73.90971, 40.74976 ], [ -73.91349, 40.75021 ], [ -73.91445, 40.75022 ], [ -73.91541, 40.75012 ], [ -73.92034, 40.74917 ], [ -73.9208, 40.7469 ], [ -73.92677, 40.7476 ], [ -73.93327, 40.7463 ], [ -73.9377, 40.74525 ], [ -73.94032, 40.74441 ], [ -73.9442, 40.74289 ], [ -73.94401, 40.74365 ], [ -73.94343, 40.74424 ], [ -73.94272, 40.74459 ], [ -73.94033, 40.74542 ], [ -73.93664, 40.74821 ], [ -73.93686, 40.74843 ], [ -73.93539, 40.74942 ], [ -73.93394, 40.75028 ], [ -73.93152, 40.75116 ], [ -73.92464, 40.75165 ], [ -73.92255, 40.75158 ], [ -73.92161, 40.75138 ], [ -73.92102, 40.75098 ], [ -73.92071, 40.75048 ], [ -73.92054, 40.74976 ], [ -73.91526, 40.75085 ], [ -73.91314, 40.75098 ], [ -73.90984, 40.75165 ], [ -73.90944, 40.75076 ], [ -73.90971, 40.74976 ] ] ] } },
{ "type": "Feature", "properties": { "name": "Sunset Park (Central)" }, "geometry": { "type": "Polygon", "coordinates": [ [ [ -73.99605, 40.64835 ], [ -73.99702, 40.64755 ], [ -74.00956, 40.6355 ], [ -74.00557, 40.63309 ], [ -74.00702, 40.63212 ], [ -74.01074, 40.63436 ], [ -74.01191, 40.63324 ], [ -74.01629, 40.63592 ], [ -74.01678, 40.63544 ], [ -74.01792, 40.63624 ], [ -74.02006, 40.63745 ], [ -74.02109, 40.63827 ], [ -74.01843, 40.64085 ], [ -74.01617, 40.63949 ], [ -74.00217, 40.65296 ], [ -73.9978, 40.6503 ], [ -73.99831, 40.64975 ], [ -73.99605, 40.64835 ] ] ] } },
{ "type": "Feature", "properties": { "name": "Sunset Park (East)-Borough Park (West)" }, "geometry": { "type": "Polygon", "coordinates": [ [ [ -73.98906, 40.64413 ], [ -74.00557, 40.63309 ], [ -74.00956, 40.6355 ], [ -73.99702, 40.64755 ], [ -73.99605, 40.64835 ], [ -73.98906, 40.64413 ] ] ] } },
{ "type": "Feature", "properties": { "name": "Sunset Park (West)" }, "geometry": { "type": "Polygon", "coordinates": [ [ [ -73.9947, 40.66667 ], [ -73.98832, 40.66279 ], [ -73.98872, 40.66241 ], [ -73.98725, 40.66039 ], [ -73.98735, 40.6604 ], [ -73.98731, 40.66034 ], [ -73.98745, 40.6602 ], [ -73.99019, 40.65761 ], [ -73.99238, 40.65891 ], [ -73.99297, 40.65835 ], [ -73.99517, 40.65968 ], [ -74.01617, 40.63949 ], [ -74.01843, 40.64085 ], [ -74.02109, 40.63827 ], [ -74.02156, 40.63899 ], [ -74.02169, 40.63984 ], [ -74.02185, 40.63982 ], [ -74.02165, 40.64061 ], [ -74.02112, 40.64152 ], [ -74.02228, 40.6407 ], [ -74.02322, 40.63991 ], [ -74.0234, 40.63969 ], [ -74.02355, 40.63933 ], [ -74.02476, 40.63813 ], [ -74.02695, 40.63945 ], [ -74.02624, 40.64013 ], [ -74.02718, 40.64045 ], [ -74.0289, 40.64122 ], [ -74.02906, 40.64173 ], [ -74.02983, 40.64233 ], [ -74.0323, 40.64359 ], [ -74.03224, 40.64365 ], [ -74.03254, 40.64383 ], [ -74.03227, 40.64408 ], [ -74.0319, 40.6439 ], [ -74.03052, 40.64528 ], [ -74.02908, 40.64441 ], [ -74.029, 40.64448 ], [ -74.02916, 40.64459 ], [ -74.02886, 40.64487 ], [ -74.02909, 40.64459 ], [ -74.0285, 40.64419 ], [ -74.02819, 40.64442 ], [ -74.02846, 40.64416 ], [ -74.02821, 40.64402 ], [ -74.02605, 40.64627 ], [ -74.02974, 40.64849 ], [ -74.02939, 40.64881 ], [ -74.02572, 40.64662 ], [ -74.02538, 40.64692 ], [ -74.02507, 40.64673 ], [ -74.02436, 40.64741 ], [ -74.02415, 40.64762 ], [ -74.02513, 40.64833 ], [ -74.02497, 40.64861 ], [ -74.02554, 40.64979 ], [ -74.02485, 40.65061 ], [ -74.02521, 40.65083 ], [ -74.02542, 40.65063 ], [ -74.02605, 40.651 ], [ -74.02587, 40.65117 ], [ -74.02593, 40.6512 ], [ -74.02553, 40.65149 ], [ -74.02491, 40.65111 ], [ -74.0251, 40.6509 ], [ -74.02477, 40.6507 ], [ -74.02424, 40.65114 ], [ -74.0255, 40.65185 ], [ -74.02542, 40.65194 ], [ -74.02418, 40.6512 ], [ -74.02382, 40.65136 ], [ -74.02366, 40.65126 ], [ -74.0236, 40.65132 ], [ -74.02306, 40.65098 ], [ -74.02285, 40.65118 ], [ -74.02537, 40.65273 ], [ -74.02523, 40.65284 ], [ -74.02273, 40.65131 ], [ -74.02262, 40.65132 ], [ -74.02154, 40.65068 ], [ -74.02135, 40.65086 ], [ -74.02125, 40.65084 ], [ -74.02139, 40.65098 ], [ -74.02113, 40.65095 ], [ -74.02105, 40.65111 ], [ -74.02234, 40.65192 ], [ -74.02225, 40.65199 ], [ -74.02098, 40.65117 ], [ -74.0209, 40.65126 ], [ -74.02381, 40.65305 ], [ -74.0236, 40.65322 ], [ -74.02333, 40.65295 ], [ -74.02294, 40.65289 ], [ -74.02285, 40.65275 ], [ -74.02196, 40.65223 ], [ -74.02162, 40.65233 ], [ -74.02123, 40.65271 ], [ -74.02119, 40.65285 ], [ -74.02321, 40.6541 ], [ -74.02306, 40.65424 ], [ -74.0221, 40.6536 ], [ -74.02188, 40.65356 ], [ -74.02163, 40.65365 ], [ -74.02129, 40.65397 ], [ -74.02115, 40.65422 ], [ -74.02183, 40.65466 ], [ -74.02165, 40.65489 ], [ -74.0209, 40.65444 ], [ -74.02064, 40.65445 ], [ -74.0206, 40.6543 ], [ -74.02048, 40.65422 ], [ -74.01962, 40.65417 ], [ -74.01942, 40.65401 ], [ -74.01919, 40.65403 ], [ -74.01925, 40.65395 ], [ -74.01897, 40.65388 ], [ -74.01873, 40.65348 ], [ -74.01812, 40.65389 ], [ -74.02026, 40.65513 ], [ -74.02005, 40.65534 ], [ -74.01788, 40.65407 ], [ -74.01715, 40.65478 ], [ -74.0198, 40.6565 ], [ -74.01971, 40.65659 ], [ -74.01727, 40.6552 ], [ -74.01692, 40.65549 ], [ -74.01665, 40.65535 ], [ -74.0164, 40.65563 ], [ -74.01911, 40.65738 ], [ -74.01861, 40.65785 ], [ -74.01586, 40.65622 ], [ -74.01544, 40.65664 ], [ -74.01774, 40.65811 ], [ -74.01767, 40.65819 ], [ -74.01787, 40.65832 ], [ -74.01769, 40.65846 ], [ -74.01749, 40.65835 ], [ -74.01751, 40.65828 ], [ -74.01505, 40.65696 ], [ -74.01442, 40.65762 ], [ -74.01746, 40.65946 ], [ -74.01554, 40.66077 ], [ -74.01401, 40.65982 ], [ -74.01366, 40.66004 ], [ -74.01184, 40.65892 ], [ -74.01111, 40.65971 ], [ -74.01402, 40.66154 ], [ -74.01316, 40.66199 ], [ -74.01266, 40.66199 ], [ -74.0086, 40.65953 ], [ -74.00746, 40.66057 ], [ -74.01037, 40.66241 ], [ -74.01046, 40.66265 ], [ -74.00955, 40.66328 ], [ -74.00869, 40.66338 ], [ -74.00616, 40.66185 ], [ -74.00569, 40.66228 ], [ -74.00429, 40.66145 ], [ -74.00415, 40.66157 ], [ -74.00562, 40.6625 ], [ -74.00623, 40.6628 ], [ -74.00593, 40.66312 ], [ -74.00381, 40.66192 ], [ -74.00349, 40.66225 ], [ -74.00456, 40.66282 ], [ -74.00461, 40.66273 ], [ -74.00455, 40.66269 ], [ -74.00473, 40.6625 ], [ -74.00536, 40.66288 ], [ -74.00516, 40.66306 ], [ -74.00506, 40.663 ], [ -74.00497, 40.66308 ], [ -74.00519, 40.66321 ], [ -74.00525, 40.66311 ], [ -74.00519, 40.66308 ], [ -74.00538, 40.66289 ], [ -74.006, 40.66327 ], [ -74.0058, 40.66344 ], [ -74.0057, 40.66339 ], [ -74.00561, 40.66347 ], [ -74.00772, 40.66473 ], [ -74.00764, 40.6648 ], [ -74.00731, 40.66461 ], [ -74.00725, 40.6647 ], [ -74.00732, 40.66474 ], [ -74.00713, 40.66492 ], [ -74.00653, 40.66456 ], [ -74.00671, 40.66437 ], [ -74.0068, 40.66443 ], [ -74.00688, 40.66435 ], [ -74.00663, 40.6642 ], [ -74.00654, 40.66427 ], [ -74.00664, 40.66433 ], [ -74.00645, 40.66451 ], [ -74.00584, 40.66415 ], [ -74.00603, 40.66397 ], [ -74.00612, 40.66402 ], [ -74.0062, 40.66394 ], [ -74.00605, 40.66385 ], [ -74.00576, 40.66393 ], [ -74.00582, 40.66406 ], [ -74.00576, 40.66412 ], [ -74.00589, 40.6642 ], [ -74.00575, 40.66433 ], [ -74.00585, 40.66451 ], [ -74.00564, 40.66454 ], [ -74.00565, 40.66391 ], [ -74.00363, 40.66274 ], [ -74.0034, 40.66299 ], [ -74.00459, 40.66374 ], [ -74.00432, 40.66406 ], [ -74.00528, 40.66467 ], [ -74.00486, 40.66507 ], [ -74.00114, 40.66291 ], [ -74.00095, 40.66308 ], [ -74.00084, 40.66301 ], [ -73.99953, 40.66441 ], [ -74.00293, 40.66647 ], [ -74.00224, 40.6668 ], [ -74.00162, 40.66677 ], [ -74.00121, 40.66703 ], [ -74.00147, 40.66718 ], [ -74.00069, 40.66755 ], [ -73.99998, 40.66746 ], [ -73.99903, 40.66845 ], [ -73.99906, 40.66886 ], [ -73.99895, 40.66898 ], [ -73.99903, 40.66902 ], [ -73.99918, 40.6683 ], [ -73.99924, 40.66831 ], [ -73.99908, 40.66905 ], [ -73.99866, 40.66952 ], [ -73.99891, 40.66966 ], [ -73.99892, 40.66981 ], [ -73.99856, 40.67134 ], [ -73.99877, 40.67161 ], [ -73.99855, 40.67193 ], [ -73.99662, 40.66886 ], [ -73.99648, 40.66893 ], [ -73.99598, 40.66801 ], [ -73.99585, 40.66798 ], [ -73.9947, 40.66667 ] ] ] } },
{ "type": "Feature", "properties": { "name": "The Battery-Governors Island-Ellis Island-Liberty Island" }, "geometry": { "type": "MultiPolygon", "coordinates": [ [ [ [ -74.01218, 40.6841 ], [ -74.00836, 40.68641 ], [ -74.00817, 40.68618 ], [ -74.01193, 40.6839 ], [ -74.01218, 40.6841 ] ] ], [ [ [ -74.00742, 40.68821 ], [ -74.00501, 40.68761 ], [ -74.00563, 40.68679 ], [ -74.00783, 40.68739 ], [ -74.00742, 40.68821 ] ] ], [ [ [ -74.01536, 40.69323 ], [ -74.01539, 40.69331 ], [ -74.01518, 40.69326 ], [ -74.01531, 40.69306 ], [ -74.01513, 40.69325 ], [ -74.01494, 40.69315 ], [ -74.01516, 40.69302 ], [ -74.01422, 40.69283 ], [ -74.01345, 40.69213 ], [ -74.0125, 40.69231 ], [ -74.01237, 40.69254 ], [ -74.01211, 40.69262 ], [ -74.01185, 40.69253 ], [ -74.01175, 40.69232 ], [ -74.0119, 40.6921 ], [ -74.01215, 40.69205 ], [ -74.01246, 40.69222 ], [ -74.01333, 40.69203 ], [ -74.01326, 40.69193 ], [ -74.01319, 40.69197 ], [ -74.01291, 40.6917 ], [ -74.0129, 40.69159 ], [ -74.01261, 40.69137 ], [ -74.01204, 40.69151 ], [ -74.0126, 40.69134 ], [ -74.01253, 40.69115 ], [ -74.01183, 40.69107 ], [ -74.01183, 40.69102 ], [ -74.0122, 40.69104 ], [ -74.01221, 40.6908 ], [ -74.01197, 40.69078 ], [ -74.01198, 40.69061 ], [ -74.01205, 40.69062 ], [ -74.01214, 40.69046 ], [ -74.01223, 40.69047 ], [ -74.01231, 40.68929 ], [ -74.01317, 40.68816 ], [ -74.01488, 40.68726 ], [ -74.01605, 40.68735 ], [ -74.01705, 40.68688 ], [ -74.01665, 40.68642 ], [ -74.01515, 40.68653 ], [ -74.01515, 40.68645 ], [ -74.01667, 40.68631 ], [ -74.01678, 40.68636 ], [ -74.01712, 40.68685 ], [ -74.02055, 40.68528 ], [ -74.02021, 40.68484 ], [ -74.01946, 40.68516 ], [ -74.0194, 40.6851 ], [ -74.02095, 40.68439 ], [ -74.02101, 40.68446 ], [ -74.02028, 40.68482 ], [ -74.02061, 40.68525 ], [ -74.02224, 40.68453 ], [ -74.02212, 40.68436 ], [ -74.02226, 40.68443 ], [ -74.0222, 40.68433 ], [ -74.02234, 40.68448 ], [ -74.0226, 40.68437 ], [ -74.02213, 40.68378 ], [ -74.02306, 40.68293 ], [ -74.0232, 40.68301 ], [ -74.02237, 40.68379 ], [ -74.02276, 40.68429 ], [ -74.02354, 40.68401 ], [ -74.02465, 40.68399 ], [ -74.02567, 40.68424 ], [ -74.02634, 40.68481 ], [ -74.02658, 40.68525 ], [ -74.02663, 40.68554 ], [ -74.02657, 40.68591 ], [ -74.02643, 40.68618 ], [ -74.02021, 40.69204 ], [ -74.01973, 40.69312 ], [ -74.01935, 40.69324 ], [ -74.01675, 40.69335 ], [ -74.01541, 40.69307 ], [ -74.01536, 40.69323 ] ] ], [ [ [ -74.04271, 40.69016 ], [ -74.04256, 40.68997 ], [ -74.04264, 40.68994 ], [ -74.0427, 40.69001 ], [ -74.04347, 40.68965 ], [ -74.04364, 40.68877 ], [ -74.04398, 40.68859 ], [ -74.04439, 40.68852 ], [ -74.04479, 40.6886 ], [ -74.04628, 40.68934 ], [ -74.0468, 40.68996 ], [ -74.04748, 40.68962 ], [ -74.04773, 40.68992 ], [ -74.04759, 40.68999 ], [ -74.04743, 40.68981 ], [ -74.04689, 40.69007 ], [ -74.0472, 40.69043 ], [ -74.04711, 40.69048 ], [ -74.04712, 40.69066 ], [ -74.04723, 40.69086 ], [ -74.04717, 40.691 ], [ -74.04615, 40.69113 ], [ -74.04461, 40.69058 ], [ -74.04388, 40.6902 ], [ -74.04351, 40.6897 ], [ -74.04274, 40.69006 ], [ -74.04279, 40.69013 ], [ -74.04271, 40.69016 ] ] ], [ [ [ -74.0381, 40.69905 ], [ -74.03823, 40.69838 ], [ -74.039, 40.69838 ], [ -74.03934, 40.69812 ], [ -74.04124, 40.69954 ], [ -74.04175, 40.69916 ], [ -74.03991, 40.69771 ], [ -74.04166, 40.69646 ], [ -74.04368, 40.69803 ], [ -74.04271, 40.69881 ], [ -74.04297, 40.69901 ], [ -74.0411, 40.7005 ], [ -74.0408, 40.70028 ], [ -74.03995, 40.7009 ], [ -74.03945, 40.70054 ], [ -74.03938, 40.70059 ], [ -74.03771, 40.69935 ], [ -74.0381, 40.69905 ] ] ], [ [ [ -74.01586, 40.70484 ], [ -74.01476, 40.70468 ], [ -74.01426, 40.7045 ], [ -74.01443, 40.70316 ], [ -74.01426, 40.70281 ], [ -74.01384, 40.70241 ], [ -74.01381, 40.70213 ], [ -74.01401, 40.70198 ], [ -74.01398, 40.70154 ], [ -74.01371, 40.70108 ], [ -74.01434, 40.70114 ], [ -74.01395, 40.701 ], [ -74.01422, 40.70012 ], [ -74.01431, 40.70014 ], [ -74.01415, 40.70059 ], [ -74.01429, 40.70065 ], [ -74.01467, 40.70022 ], [ -74.01433, 40.70067 ], [ -74.01464, 40.70083 ], [ -74.01507, 40.70033 ], [ -74.0151, 40.70034 ], [ -74.01468, 40.70084 ], [ -74.01502, 40.701 ], [ -74.01514, 40.70085 ], [ -74.01579, 40.70136 ], [ -74.01715, 40.70271 ], [ -74.0175, 40.70316 ], [ -74.01767, 40.7036 ], [ -74.01788, 40.70355 ], [ -74.01789, 40.70363 ], [ -74.01767, 40.70361 ], [ -74.01766, 40.70402 ], [ -74.01757, 40.70419 ], [ -74.01713, 40.70429 ], [ -74.01685, 40.70464 ], [ -74.01664, 40.70464 ], [ -74.01663, 40.70481 ], [ -74.01586, 40.70484 ] ] ], [ [ [ -74.00382, 40.68894 ], [ -74.00459, 40.68822 ], [ -74.00679, 40.68884 ], [ -74.00637, 40.68968 ], [ -74.00382, 40.68894 ] ] ], [ [ [ -74.00534, 40.6911 ], [ -74.00298, 40.69043 ], [ -74.00341, 40.68962 ], [ -74.00576, 40.69024 ], [ -74.00534, 40.6911 ] ] ], [ [ [ -74.0048, 40.69177 ], [ -74.00441, 40.69254 ], [ -74.00197, 40.69185 ], [ -74.00133, 40.69147 ], [ -74.0007, 40.69062 ], [ -74.0048, 40.69177 ] ] ], [ [ [ -74.00205, 40.69221 ], [ -74.00216, 40.69225 ], [ -74.00206, 40.69245 ], [ -74.00195, 40.69242 ], [ -74.00199, 40.69234 ], [ -74.0018, 40.69228 ], [ -74.00201, 40.69231 ], [ -74.00205, 40.69221 ] ] ], [ [ [ -74.00345, 40.69406 ], [ -74.00127, 40.6933 ], [ -74.00175, 40.69242 ], [ -74.00401, 40.69322 ], [ -74.00345, 40.69406 ] ] ] ] } },
{ "type": "Feature", "properties": { "name": "The Evergreens Cemetery" }, "geometry": { "type": "Polygon", "coordinates": [ [ [ -73.89653, 40.68241 ], [ -73.89687, 40.68089 ], [ -73.89711, 40.68048 ], [ -73.89749, 40.68008 ], [ -73.89807, 40.6798 ], [ -73.8989, 40.67957 ], [ -73.8997, 40.67955 ], [ -73.90025, 40.67943 ], [ -73.90262, 40.68067 ], [ -73.90286, 40.68095 ], [ -73.90281, 40.68235 ], [ -73.90576, 40.68401 ], [ -73.9045, 40.68631 ], [ -73.90534, 40.68683 ], [ -73.90504, 40.68751 ], [ -73.9033, 40.68963 ], [ -73.90189, 40.69109 ], [ -73.90043, 40.68819 ], [ -73.90116, 40.68789 ], [ -73.89653, 40.68241 ] ] ] } },
{ "type": "Feature", "properties": { "name": "Throgs Neck-Schuylerville" }, "geometry": { "type": "Polygon", "coordinates": [ [ [ -73.82597, 40.84033 ], [ -73.82585, 40.83707 ], [ -73.82544, 40.83597 ], [ -73.82541, 40.83567 ], [ -73.82545, 40.83537 ], [ -73.8256, 40.83504 ], [ -73.82622, 40.83436 ], [ -73.82601, 40.83403 ], [ -73.82516, 40.83462 ], [ -73.82463, 40.83386 ], [ -73.8238, 40.83431 ], [ -73.82223, 40.83456 ], [ -73.81606, 40.83604 ], [ -73.81585, 40.83591 ], [ -73.81553, 40.83598 ], [ -73.81554, 40.83591 ], [ -73.81606, 40.83578 ], [ -73.81601, 40.83552 ], [ -73.81558, 40.83553 ], [ -73.81608, 40.83537 ], [ -73.81609, 40.83507 ], [ -73.816, 40.83498 ], [ -73.81609, 40.8346 ], [ -73.81601, 40.83449 ], [ -73.81566, 40.8345 ], [ -73.81603, 40.83436 ], [ -73.81601, 40.83399 ], [ -73.81589, 40.83393 ], [ -73.81599, 40.83391 ], [ -73.81594, 40.83369 ], [ -73.81581, 40.83349 ], [ -73.8157, 40.83347 ], [ -73.81582, 40.83331 ], [ -73.81574, 40.83293 ], [ -73.81549, 40.83231 ], [ -73.81537, 40.83221 ], [ -73.81529, 40.83188 ], [ -73.81503, 40.83169 ], [ -73.81512, 40.83162 ], [ -73.81498, 40.83143 ], [ -73.81488, 40.83104 ], [ -73.81447, 40.83115 ], [ -73.81484, 40.83099 ], [ -73.81477, 40.83083 ], [ -73.81452, 40.83063 ], [ -73.81392, 40.83093 ], [ -73.8139, 40.83092 ], [ -73.81451, 40.83062 ], [ -73.81441, 40.8305 ], [ -73.8143, 40.83051 ], [ -73.81431, 40.83037 ], [ -73.81386, 40.83057 ], [ -73.8143, 40.83036 ], [ -73.81391, 40.83008 ], [ -73.81382, 40.82998 ], [ -73.81387, 40.82987 ], [ -73.8137, 40.82994 ], [ -73.81367, 40.8299 ], [ -73.81389, 40.82979 ], [ -73.8137, 40.82956 ], [ -73.81357, 40.8296 ], [ -73.81369, 40.82954 ], [ -73.81361, 40.82939 ], [ -73.81338, 40.8294 ], [ -73.81351, 40.82923 ], [ -73.81339, 40.82903 ], [ -73.8132, 40.82894 ], [ -73.8129, 40.82896 ], [ -73.81318, 40.82881 ], [ -73.81305, 40.82881 ], [ -73.81313, 40.8287 ], [ -73.81284, 40.82865 ], [ -73.81287, 40.82838 ], [ -73.81276, 40.82826 ], [ -73.81073, 40.82829 ], [ -73.81002, 40.82826 ], [ -73.80993, 40.82819 ], [ -73.80998, 40.82792 ], [ -73.8101, 40.82783 ], [ -73.8103, 40.828 ], [ -73.81106, 40.82799 ], [ -73.81105, 40.82785 ], [ -73.81025, 40.82784 ], [ -73.81004, 40.82779 ], [ -73.81183, 40.82784 ], [ -73.81107, 40.82785 ], [ -73.81107, 40.82799 ], [ -73.81159, 40.82801 ], [ -73.81264, 40.82784 ], [ -73.81273, 40.82775 ], [ -73.81265, 40.82757 ], [ -73.81385, 40.82681 ], [ -73.81389, 40.82667 ], [ -73.81368, 40.82644 ], [ -73.81372, 40.82628 ], [ -73.81292, 40.82636 ], [ -73.81373, 40.82627 ], [ -73.81399, 40.82608 ], [ -73.81404, 40.82596 ], [ -73.81395, 40.82574 ], [ -73.81342, 40.82593 ], [ -73.81394, 40.82573 ], [ -73.8138, 40.82558 ], [ -73.8138, 40.82531 ], [ -73.81334, 40.82518 ], [ -73.81211, 40.82556 ], [ -73.81328, 40.82517 ], [ -73.81311, 40.82505 ], [ -73.81315, 40.82488 ], [ -73.81404, 40.82449 ], [ -73.81389, 40.8241 ], [ -73.81378, 40.82401 ], [ -73.81328, 40.82397 ], [ -73.81319, 40.82415 ], [ -73.81281, 40.82435 ], [ -73.81282, 40.82469 ], [ -73.81275, 40.82479 ], [ -73.81232, 40.82442 ], [ -73.81177, 40.82435 ], [ -73.81159, 40.8245 ], [ -73.81164, 40.82461 ], [ -73.81156, 40.82452 ], [ -73.81122, 40.82459 ], [ -73.8112, 40.8248 ], [ -73.81103, 40.82472 ], [ -73.81085, 40.82488 ], [ -73.81088, 40.82512 ], [ -73.81079, 40.82512 ], [ -73.81076, 40.82491 ], [ -73.81041, 40.82503 ], [ -73.8103, 40.82517 ], [ -73.81006, 40.82515 ], [ -73.80966, 40.82528 ], [ -73.80909, 40.82588 ], [ -73.80784, 40.82578 ], [ -73.80767, 40.82591 ], [ -73.80723, 40.82546 ], [ -73.80698, 40.8254 ], [ -73.80674, 40.82469 ], [ -73.80657, 40.82461 ], [ -73.80675, 40.82451 ], [ -73.80678, 40.82439 ], [ -73.80671, 40.82427 ], [ -73.80652, 40.82421 ], [ -73.80673, 40.82414 ], [ -73.80679, 40.824 ], [ -73.80675, 40.82384 ], [ -73.80647, 40.82381 ], [ -73.80669, 40.82369 ], [ -73.8066, 40.82335 ], [ -73.80624, 40.82332 ], [ -73.80651, 40.82316 ], [ -73.80645, 40.82301 ], [ -73.8063, 40.82284 ], [ -73.80595, 40.82289 ], [ -73.8062, 40.82279 ], [ -73.80622, 40.82267 ], [ -73.80583, 40.82178 ], [ -73.80585, 40.82156 ], [ -73.80596, 40.82144 ], [ -73.80599, 40.82083 ], [ -73.80573, 40.82019 ], [ -73.80452, 40.81894 ], [ -73.80393, 40.8185 ], [ -73.80337, 40.81826 ], [ -73.80268, 40.81825 ], [ -73.80252, 40.81853 ], [ -73.8023, 40.81849 ], [ -73.80205, 40.81855 ], [ -73.80189, 40.81837 ], [ -73.80071, 40.81805 ], [ -73.80059, 40.81794 ], [ -73.80058, 40.81771 ], [ -73.80033, 40.81757 ], [ -73.79813, 40.81682 ], [ -73.79795, 40.81663 ], [ -73.79759, 40.81652 ], [ -73.79738, 40.81577 ], [ -73.79772, 40.81552 ], [ -73.79812, 40.81571 ], [ -73.79864, 40.81547 ], [ -73.79903, 40.81555 ], [ -73.79995, 40.81446 ], [ -73.80011, 40.81403 ], [ -73.80092, 40.81377 ], [ -73.80132, 40.81327 ], [ -73.80146, 40.81295 ], [ -73.80175, 40.81287 ], [ -73.80134, 40.8124 ], [ -73.80141, 40.81237 ], [ -73.80176, 40.81287 ], [ -73.80215, 40.81278 ], [ -73.80278, 40.81248 ], [ -73.80362, 40.81253 ], [ -73.80365, 40.81261 ], [ -73.80352, 40.81293 ], [ -73.80362, 40.81297 ], [ -73.80378, 40.81282 ], [ -73.80362, 40.81305 ], [ -73.80424, 40.81365 ], [ -73.80436, 40.81362 ], [ -73.80416, 40.81374 ], [ -73.80423, 40.81367 ], [ -73.80356, 40.81305 ], [ -73.80362, 40.81298 ], [ -73.80352, 40.81294 ], [ -73.80324, 40.8133 ], [ -73.80345, 40.81336 ], [ -73.80323, 40.81337 ], [ -73.80346, 40.81341 ], [ -73.80397, 40.81397 ], [ -73.80409, 40.81396 ], [ -73.80444, 40.8143 ], [ -73.80453, 40.81426 ], [ -73.80444, 40.81433 ], [ -73.80404, 40.81397 ], [ -73.80396, 40.814 ], [ -73.80343, 40.81343 ], [ -73.80322, 40.81338 ], [ -73.8032, 40.81351 ], [ -73.80352, 40.81396 ], [ -73.80418, 40.8146 ], [ -73.80439, 40.81455 ], [ -73.80443, 40.81459 ], [ -73.80433, 40.81461 ], [ -73.80447, 40.8149 ], [ -73.80515, 40.81568 ], [ -73.80596, 40.81605 ], [ -73.8062, 40.8163 ], [ -73.80629, 40.81628 ], [ -73.80642, 40.81652 ], [ -73.80658, 40.8166 ], [ -73.80612, 40.81596 ], [ -73.80538, 40.81549 ], [ -73.80508, 40.81521 ], [ -73.80456, 40.81464 ], [ -73.80466, 40.81455 ], [ -73.80459, 40.81463 ], [ -73.80528, 40.81539 ], [ -73.8061, 40.81593 ], [ -73.80633, 40.81615 ], [ -73.80661, 40.81659 ], [ -73.80672, 40.81658 ], [ -73.80658, 40.81663 ], [ -73.80661, 40.81667 ], [ -73.80693, 40.81658 ], [ -73.80654, 40.8159 ], [ -73.80694, 40.81657 ], [ -73.80705, 40.81654 ], [ -73.80695, 40.81622 ], [ -73.80663, 40.81569 ], [ -73.8064, 40.81571 ], [ -73.80662, 40.81568 ], [ -73.80663, 40.8156 ], [ -73.80641, 40.81539 ], [ -73.80569, 40.81504 ], [ -73.80564, 40.81477 ], [ -73.80546, 40.81469 ], [ -73.80558, 40.81455 ], [ -73.80543, 40.81441 ], [ -73.80545, 40.81338 ], [ -73.80532, 40.81324 ], [ -73.80527, 40.81285 ], [ -73.80503, 40.81262 ], [ -73.80506, 40.81236 ], [ -73.80496, 40.81217 ], [ -73.80477, 40.81204 ], [ -73.80458, 40.81213 ], [ -73.80439, 40.81202 ], [ -73.80391, 40.81212 ], [ -73.80337, 40.81155 ], [ -73.80318, 40.81088 ], [ -73.80293, 40.81055 ], [ -73.80235, 40.81005 ], [ -73.80215, 40.81003 ], [ -73.80136, 40.81072 ], [ -73.80116, 40.8106 ], [ -73.80101, 40.81072 ], [ -73.80147, 40.81015 ], [ -73.80011, 40.80972 ], [ -73.79854, 40.8096 ], [ -73.79229, 40.80686 ], [ -73.79166, 40.80689 ], [ -73.7914, 40.80701 ], [ -73.7913, 40.80718 ], [ -73.79159, 40.80742 ], [ -73.79152, 40.8075 ], [ -73.79087, 40.80735 ], [ -73.79074, 40.80698 ], [ -73.79074, 40.8066 ], [ -73.79043, 40.80633 ], [ -73.79013, 40.80578 ], [ -73.79006, 40.80542 ], [ -73.79029, 40.80483 ], [ -73.79104, 40.80427 ], [ -73.79206, 40.80411 ], [ -73.79225, 40.804 ], [ -73.79285, 40.80418 ], [ -73.79339, 40.80421 ], [ -73.79401, 40.80465 ], [ -73.79402, 40.80484 ], [ -73.79452, 40.80501 ], [ -73.79505, 40.80562 ], [ -73.79578, 40.80617 ], [ -73.79584, 40.80618 ], [ -73.79601, 40.80593 ], [ -73.79621, 40.80598 ], [ -73.7965, 40.80611 ], [ -73.79637, 40.80629 ], [ -73.79703, 40.80635 ], [ -73.79792, 40.80672 ], [ -73.79885, 40.80719 ], [ -73.80054, 40.80841 ], [ -73.8016, 40.80899 ], [ -73.80222, 40.80915 ], [ -73.80278, 40.80913 ], [ -73.8036, 40.80877 ], [ -73.80373, 40.80854 ], [ -73.80393, 40.80854 ], [ -73.80406, 40.80876 ], [ -73.80468, 40.80923 ], [ -73.80502, 40.80945 ], [ -73.80506, 40.80937 ], [ -73.80512, 40.80941 ], [ -73.80504, 40.80946 ], [ -73.80622, 40.81006 ], [ -73.80714, 40.81067 ], [ -73.80774, 40.81143 ], [ -73.80857, 40.81217 ], [ -73.80954, 40.81276 ], [ -73.81017, 40.813 ], [ -73.8106, 40.81295 ], [ -73.81067, 40.81277 ], [ -73.81079, 40.81278 ], [ -73.81088, 40.81289 ], [ -73.81108, 40.81289 ], [ -73.81133, 40.81302 ], [ -73.81173, 40.81306 ], [ -73.81185, 40.81295 ], [ -73.81194, 40.81304 ], [ -73.81277, 40.81317 ], [ -73.81314, 40.81334 ], [ -73.81347, 40.8134 ], [ -73.8136, 40.81333 ], [ -73.8136, 40.81339 ], [ -73.814, 40.81356 ], [ -73.81443, 40.81353 ], [ -73.81446, 40.81297 ], [ -73.81437, 40.81294 ], [ -73.8145, 40.81292 ], [ -73.81462, 40.81298 ], [ -73.8145, 40.81297 ], [ -73.81448, 40.81353 ], [ -73.81566, 40.81352 ], [ -73.81588, 40.81378 ], [ -73.81648, 40.81386 ], [ -73.81675, 40.81372 ], [ -73.81737, 40.81358 ], [ -73.81736, 40.81338 ], [ -73.81739, 40.81358 ], [ -73.81792, 40.81355 ], [ -73.81794, 40.81331 ], [ -73.81798, 40.81331 ], [ -73.81796, 40.81355 ], [ -73.81804, 40.81354 ], [ -73.81809, 40.81348 ], [ -73.81875, 40.81343 ], [ -73.81982, 40.81319 ], [ -73.82007, 40.81305 ], [ -73.82011, 40.81287 ], [ -73.82039, 40.81285 ], [ -73.82041, 40.81298 ], [ -73.82056, 40.81303 ], [ -73.82025, 40.81244 ], [ -73.82107, 40.81221 ], [ -73.82032, 40.81245 ], [ -73.82042, 40.81265 ], [ -73.82113, 40.81246 ], [ -73.82044, 40.81267 ], [ -73.82056, 40.81282 ], [ -73.82059, 40.81303 ], [ -73.82118, 40.81296 ], [ -73.82123, 40.81286 ], [ -73.82141, 40.81288 ], [ -73.82142, 40.81271 ], [ -73.82152, 40.81286 ], [ -73.82169, 40.81278 ], [ -73.8217, 40.81267 ], [ -73.82176, 40.81278 ], [ -73.82211, 40.81271 ], [ -73.82209, 40.81264 ], [ -73.82228, 40.81267 ], [ -73.82217, 40.81236 ], [ -73.82231, 40.81267 ], [ -73.8234, 40.81236 ], [ -73.82348, 40.8122 ], [ -73.82362, 40.81228 ], [ -73.82426, 40.81212 ], [ -73.82506, 40.81184 ], [ -73.82481, 40.81145 ], [ -73.82508, 40.81183 ], [ -73.82524, 40.81177 ], [ -73.82488, 40.81128 ], [ -73.82527, 40.81176 ], [ -73.82549, 40.81167 ], [ -73.82523, 40.81122 ], [ -73.82551, 40.81166 ], [ -73.82565, 40.8116 ], [ -73.82536, 40.81104 ], [ -73.82567, 40.81159 ], [ -73.82577, 40.81156 ], [ -73.8255, 40.81104 ], [ -73.82581, 40.81154 ], [ -73.82593, 40.81149 ], [ -73.82577, 40.81122 ], [ -73.82596, 40.81148 ], [ -73.82614, 40.8113 ], [ -73.82631, 40.81129 ], [ -73.82842, 40.81488 ], [ -73.82317, 40.81669 ], [ -73.82371, 40.81766 ], [ -73.82537, 40.82022 ], [ -73.82672, 40.82183 ], [ -73.82833, 40.82105 ], [ -73.82946, 40.82239 ], [ -73.82465, 40.82477 ], [ -73.8311, 40.82683 ], [ -73.83132, 40.82673 ], [ -73.83534, 40.8282 ], [ -73.83683, 40.82845 ], [ -73.83702, 40.82906 ], [ -73.84229, 40.82871 ], [ -73.84233, 40.82908 ], [ -73.84223, 40.82984 ], [ -73.84189, 40.83072 ], [ -73.84085, 40.83176 ], [ -73.83918, 40.83316 ], [ -73.83888, 40.83361 ], [ -73.83882, 40.83397 ], [ -73.83924, 40.83675 ], [ -73.83919, 40.83712 ], [ -73.83926, 40.83721 ], [ -73.83929, 40.83805 ], [ -73.83916, 40.83847 ], [ -73.83919, 40.83872 ], [ -73.83936, 40.83881 ], [ -73.83959, 40.83881 ], [ -73.83972, 40.83957 ], [ -73.83957, 40.84056 ], [ -73.83937, 40.84089 ], [ -73.83839, 40.84069 ], [ -73.83762, 40.84029 ], [ -73.83767, 40.84113 ], [ -73.83699, 40.84319 ], [ -73.83683, 40.84347 ], [ -73.83294, 40.84353 ], [ -73.83043, 40.84387 ], [ -73.82758, 40.84474 ], [ -73.82611, 40.84535 ], [ -73.82624, 40.843 ], [ -73.82597, 40.84033 ] ] ] } },
{ "type": "Feature", "properties": { "name": "Todt Hill-Emerson Hill-Lighthouse Hill-Manor Heights" }, "geometry": { "type": "Polygon", "coordinates": [ [ [ -74.09766, 40.61052 ], [ -74.09545, 40.6105 ], [ -74.09434, 40.61034 ], [ -74.09257, 40.60983 ], [ -74.09056, 40.60901 ], [ -74.09141, 40.60823 ], [ -74.09173, 40.60773 ], [ -74.0924, 40.60708 ], [ -74.09265, 40.60667 ], [ -74.09272, 40.60637 ], [ -74.09244, 40.60413 ], [ -74.0929, 40.60137 ], [ -74.09284, 40.6011 ], [ -74.09197, 40.59983 ], [ -74.09172, 40.59923 ], [ -74.09178, 40.59873 ], [ -74.09272, 40.59747 ], [ -74.09376, 40.59675 ], [ -74.09428, 40.59646 ], [ -74.09586, 40.59596 ], [ -74.09706, 40.59546 ], [ -74.1001, 40.59367 ], [ -74.10054, 40.59319 ], [ -74.1009, 40.59246 ], [ -74.10098, 40.59194 ], [ -74.10088, 40.59019 ], [ -74.1015, 40.58935 ], [ -74.10455, 40.58651 ], [ -74.10791, 40.58369 ], [ -74.10925, 40.58269 ], [ -74.10988, 40.58236 ], [ -74.11128, 40.5818 ], [ -74.11307, 40.58078 ], [ -74.11367, 40.58032 ], [ -74.11562, 40.5785 ], [ -74.11594, 40.57839 ], [ -74.11702, 40.57822 ], [ -74.11745, 40.57785 ], [ -74.11849, 40.57664 ], [ -74.11911, 40.57617 ], [ -74.11979, 40.57582 ], [ -74.12154, 40.57516 ], [ -74.1221, 40.57514 ], [ -74.12319, 40.57576 ], [ -74.12535, 40.57591 ], [ -74.12707, 40.57641 ], [ -74.12749, 40.57545 ], [ -74.12774, 40.57521 ], [ -74.13279, 40.57349 ], [ -74.13379, 40.5733 ], [ -74.14419, 40.57205 ], [ -74.14388, 40.57061 ], [ -74.14439, 40.56971 ], [ -74.14635, 40.57053 ], [ -74.1471, 40.57051 ], [ -74.1479, 40.5709 ], [ -74.15033, 40.56892 ], [ -74.15172, 40.5679 ], [ -74.15358, 40.56626 ], [ -74.15467, 40.56552 ], [ -74.15503, 40.5651 ], [ -74.15585, 40.56378 ], [ -74.15686, 40.5628 ], [ -74.15726, 40.56256 ], [ -74.16153, 40.56128 ], [ -74.16378, 40.56033 ], [ -74.16494, 40.56012 ], [ -74.16983, 40.5611 ], [ -74.16963, 40.56829 ], [ -74.16983, 40.57084 ], [ -74.15316, 40.58018 ], [ -74.15253, 40.58063 ], [ -74.15231, 40.58059 ], [ -74.15138, 40.58137 ], [ -74.15097, 40.5821 ], [ -74.15027, 40.58274 ], [ -74.14813, 40.58445 ], [ -74.14786, 40.58453 ], [ -74.14728, 40.58502 ], [ -74.14762, 40.58503 ], [ -74.14632, 40.58608 ], [ -74.14593, 40.58794 ], [ -74.14552, 40.59121 ], [ -74.14542, 40.59148 ], [ -74.14272, 40.59491 ], [ -74.14002, 40.5986 ], [ -74.14046, 40.60308 ], [ -74.14203, 40.60338 ], [ -74.14303, 40.60376 ], [ -74.14648, 40.60523 ], [ -74.14714, 40.60559 ], [ -74.14751, 40.60607 ], [ -74.14723, 40.60827 ], [ -74.14531, 40.60783 ], [ -74.14355, 40.60769 ], [ -74.12876, 40.6085 ], [ -74.12485, 40.60909 ], [ -74.12139, 40.60992 ], [ -74.12134, 40.60967 ], [ -74.11745, 40.6108 ], [ -74.11564, 40.6111 ], [ -74.11342, 40.61102 ], [ -74.11031, 40.61029 ], [ -74.10899, 40.61013 ], [ -74.10547, 40.61016 ], [ -74.09766, 40.61052 ] ] ] } },
{ "type": "Feature", "properties": { "name": "Tompkinsville-Stapleton-Clifton-Fox Hills" }, "geometry": { "type": "Polygon", "coordinates": [ [ [ -74.07258, 40.63795 ], [ -74.07257, 40.63788 ], [ -74.07349, 40.6378 ], [ -74.07346, 40.63766 ], [ -74.07354, 40.63765 ], [ -74.07337, 40.63662 ], [ -74.07211, 40.63673 ], [ -74.0721, 40.63666 ], [ -74.07336, 40.63654 ], [ -74.07291, 40.63364 ], [ -74.07333, 40.63207 ], [ -74.07299, 40.63032 ], [ -74.06802, 40.6288 ], [ -74.06813, 40.62855 ], [ -74.07291, 40.63 ], [ -74.07251, 40.62778 ], [ -74.0724, 40.62764 ], [ -74.0723, 40.62715 ], [ -74.07319, 40.62708 ], [ -74.0735, 40.62698 ], [ -74.07352, 40.62687 ], [ -74.07565, 40.62667 ], [ -74.07423, 40.62423 ], [ -74.07293, 40.62298 ], [ -74.07117, 40.62071 ], [ -74.07118, 40.61999 ], [ -74.07141, 40.61944 ], [ -74.07183, 40.61891 ], [ -74.07226, 40.61853 ], [ -74.07375, 40.61765 ], [ -74.07455, 40.61695 ], [ -74.07488, 40.61743 ], [ -74.07631, 40.61657 ], [ -74.07832, 40.61557 ], [ -74.0811, 40.6178 ], [ -74.08721, 40.61332 ], [ -74.08747, 40.61457 ], [ -74.08782, 40.6151 ], [ -74.08785, 40.61525 ], [ -74.08657, 40.61718 ], [ -74.08618, 40.61809 ], [ -74.08581, 40.62038 ], [ -74.08525, 40.62281 ], [ -74.08496, 40.62463 ], [ -74.08416, 40.62628 ], [ -74.08362, 40.62693 ], [ -74.08306, 40.62732 ], [ -74.08262, 40.62744 ], [ -74.08222, 40.62746 ], [ -74.08165, 40.62736 ], [ -74.08085, 40.62739 ], [ -74.08065, 40.62764 ], [ -74.08052, 40.62811 ], [ -74.07973, 40.62896 ], [ -74.08173, 40.63002 ], [ -74.08141, 40.63031 ], [ -74.08491, 40.63365 ], [ -74.08575, 40.63396 ], [ -74.08444, 40.63541 ], [ -74.08178, 40.63663 ], [ -74.07891, 40.63825 ], [ -74.07855, 40.6383 ], [ -74.07684, 40.63776 ], [ -74.07258, 40.63795 ] ] ] } },
{ "type": "Feature", "properties": { "name": "Tottenville-Charleston" }, "geometry": { "type": "Polygon", "coordinates": [ [ [ -74.21324, 40.55668 ], [ -74.2057, 40.55852 ], [ -74.207, 40.55758 ], [ -74.21051, 40.55707 ], [ -74.2122, 40.55645 ], [ -74.2135, 40.55568 ], [ -74.21509, 40.55551 ], [ -74.21744, 40.55466 ], [ -74.21774, 40.55447 ], [ -74.21788, 40.55425 ], [ -74.21791, 40.55392 ], [ -74.21779, 40.55306 ], [ -74.21912, 40.55224 ], [ -74.22115, 40.5505 ], [ -74.22132, 40.55026 ], [ -74.22065, 40.5486 ], [ -74.22197, 40.54665 ], [ -74.22313, 40.54433 ], [ -74.2235, 40.54342 ], [ -74.22397, 40.54188 ], [ -74.22432, 40.54017 ], [ -74.22453, 40.53829 ], [ -74.22457, 40.53703 ], [ -74.22395, 40.53084 ], [ -74.2236, 40.52631 ], [ -74.2237, 40.525 ], [ -74.22399, 40.52328 ], [ -74.22412, 40.52321 ], [ -74.22469, 40.52324 ], [ -74.22482, 40.523 ], [ -74.22399, 40.52288 ], [ -74.22424, 40.522 ], [ -74.225, 40.52047 ], [ -74.2238, 40.5182 ], [ -74.22476, 40.51833 ], [ -74.22568, 40.51857 ], [ -74.22607, 40.51888 ], [ -74.22672, 40.51917 ], [ -74.2267, 40.51856 ], [ -74.22658, 40.51728 ], [ -74.22322, 40.50867 ], [ -74.22292, 40.50724 ], [ -74.22319, 40.50555 ], [ -74.22312, 40.50485 ], [ -74.22209, 40.50428 ], [ -74.22211, 40.50319 ], [ -74.22184, 40.50255 ], [ -74.22211, 40.50261 ], [ -74.22247, 40.50251 ], [ -74.22305, 40.50249 ], [ -74.22336, 40.50232 ], [ -74.22392, 40.50226 ], [ -74.22445, 40.50197 ], [ -74.22507, 40.50177 ], [ -74.22662, 40.50223 ], [ -74.2273, 40.50231 ], [ -74.22844, 40.50226 ], [ -74.22972, 40.50209 ], [ -74.23033, 40.50187 ], [ -74.23034, 40.50181 ], [ -74.23056, 40.50196 ], [ -74.23125, 40.50184 ], [ -74.2336, 40.50092 ], [ -74.23527, 40.50061 ], [ -74.23643, 40.50009 ], [ -74.23679, 40.50001 ], [ -74.23741, 40.49951 ], [ -74.23767, 40.49913 ], [ -74.23799, 40.49917 ], [ -74.23851, 40.4989 ], [ -74.23985, 40.49759 ], [ -74.24096, 40.49765 ], [ -74.24214, 40.49753 ], [ -74.24279, 40.49764 ], [ -74.24433, 40.49755 ], [ -74.24549, 40.49705 ], [ -74.24676, 40.49614 ], [ -74.24818, 40.49629 ], [ -74.24894, 40.49652 ], [ -74.24964, 40.49685 ], [ -74.25086, 40.49801 ], [ -74.25111, 40.49894 ], [ -74.25147, 40.4992 ], [ -74.2526, 40.49965 ], [ -74.25316, 40.50013 ], [ -74.25341, 40.50052 ], [ -74.25385, 40.50164 ], [ -74.25428, 40.50217 ], [ -74.25472, 40.50297 ], [ -74.25524, 40.50394 ], [ -74.25534, 40.50431 ], [ -74.25531, 40.50654 ], [ -74.25559, 40.50765 ], [ -74.25553, 40.50787 ], [ -74.25525, 40.50825 ], [ -74.25463, 40.50868 ], [ -74.25498, 40.50878 ], [ -74.25497, 40.50881 ], [ -74.25462, 40.50869 ], [ -74.25449, 40.50881 ], [ -74.25435, 40.5088 ], [ -74.25412, 40.509 ], [ -74.254, 40.50898 ], [ -74.25411, 40.50918 ], [ -74.25404, 40.50926 ], [ -74.25431, 40.50938 ], [ -74.25439, 40.50935 ], [ -74.25432, 40.50942 ], [ -74.25402, 40.50928 ], [ -74.25389, 40.50943 ], [ -74.25369, 40.50943 ], [ -74.25457, 40.50989 ], [ -74.25465, 40.50983 ], [ -74.25453, 40.50998 ], [ -74.25455, 40.5099 ], [ -74.25365, 40.50948 ], [ -74.25332, 40.50987 ], [ -74.25315, 40.5104 ], [ -74.25307, 40.51106 ], [ -74.25326, 40.5111 ], [ -74.25306, 40.51108 ], [ -74.25301, 40.5112 ], [ -74.25308, 40.5114 ], [ -74.25353, 40.51169 ], [ -74.25304, 40.51144 ], [ -74.253, 40.51187 ], [ -74.25309, 40.51213 ], [ -74.25195, 40.51301 ], [ -74.25193, 40.51322 ], [ -74.25215, 40.51356 ], [ -74.25213, 40.51372 ], [ -74.25135, 40.5144 ], [ -74.25061, 40.51469 ], [ -74.25011, 40.51505 ], [ -74.25008, 40.51523 ], [ -74.25056, 40.51572 ], [ -74.25046, 40.51578 ], [ -74.2502, 40.51552 ], [ -74.25028, 40.51547 ], [ -74.25016, 40.51537 ], [ -74.24989, 40.51553 ], [ -74.25048, 40.51613 ], [ -74.25056, 40.51611 ], [ -74.25042, 40.5162 ], [ -74.25045, 40.51614 ], [ -74.24936, 40.51501 ], [ -74.24928, 40.51506 ], [ -74.24934, 40.51515 ], [ -74.24922, 40.51509 ], [ -74.24963, 40.51555 ], [ -74.24952, 40.5157 ], [ -74.24994, 40.51615 ], [ -74.24943, 40.5157 ], [ -74.24865, 40.51612 ], [ -74.24884, 40.51631 ], [ -74.24868, 40.51619 ], [ -74.24863, 40.51622 ], [ -74.24876, 40.51636 ], [ -74.24855, 40.51618 ], [ -74.24851, 40.51623 ], [ -74.2486, 40.51632 ], [ -74.24829, 40.5165 ], [ -74.24895, 40.5172 ], [ -74.24941, 40.51699 ], [ -74.24852, 40.51748 ], [ -74.24892, 40.51722 ], [ -74.24752, 40.51574 ], [ -74.24693, 40.51607 ], [ -74.2466, 40.51608 ], [ -74.24644, 40.51597 ], [ -74.24613, 40.51615 ], [ -74.2463, 40.51615 ], [ -74.24675, 40.5165 ], [ -74.24651, 40.51668 ], [ -74.247, 40.51719 ], [ -74.24648, 40.5167 ], [ -74.24638, 40.51675 ], [ -74.24654, 40.51697 ], [ -74.24635, 40.51676 ], [ -74.24521, 40.5173 ], [ -74.24567, 40.5178 ], [ -74.2456, 40.51787 ], [ -74.24571, 40.51799 ], [ -74.24564, 40.51808 ], [ -74.24509, 40.51808 ], [ -74.2443, 40.51852 ], [ -74.24365, 40.5183 ], [ -74.24282, 40.51832 ], [ -74.24264, 40.51825 ], [ -74.24233, 40.51833 ], [ -74.24126, 40.51919 ], [ -74.24109, 40.51935 ], [ -74.24103, 40.51955 ], [ -74.24049, 40.5192 ], [ -74.2401, 40.51988 ], [ -74.23985, 40.52001 ], [ -74.23982, 40.5201 ], [ -74.23992, 40.52012 ], [ -74.24003, 40.52032 ], [ -74.24056, 40.52046 ], [ -74.24073, 40.52058 ], [ -74.24117, 40.52107 ], [ -74.24133, 40.5209 ], [ -74.24293, 40.52124 ], [ -74.24259, 40.52221 ], [ -74.24276, 40.52274 ], [ -74.24262, 40.52309 ], [ -74.24274, 40.52328 ], [ -74.2428, 40.52402 ], [ -74.24336, 40.52483 ], [ -74.24397, 40.52491 ], [ -74.24397, 40.52501 ], [ -74.24334, 40.52586 ], [ -74.24308, 40.5267 ], [ -74.24304, 40.52708 ], [ -74.24289, 40.52731 ], [ -74.24288, 40.52759 ], [ -74.24295, 40.52773 ], [ -74.24284, 40.52801 ], [ -74.24289, 40.52821 ], [ -74.24251, 40.52845 ], [ -74.24242, 40.52874 ], [ -74.24246, 40.52896 ], [ -74.24219, 40.52945 ], [ -74.24217, 40.52971 ], [ -74.24225, 40.52983 ], [ -74.24171, 40.53055 ], [ -74.24151, 40.53105 ], [ -74.24153, 40.53148 ], [ -74.24172, 40.53162 ], [ -74.24167, 40.53193 ], [ -74.24181, 40.53257 ], [ -74.24218, 40.53258 ], [ -74.24228, 40.5334 ], [ -74.24207, 40.53349 ], [ -74.24197, 40.53364 ], [ -74.24205, 40.53435 ], [ -74.2424, 40.53476 ], [ -74.24263, 40.53479 ], [ -74.24263, 40.53494 ], [ -74.24287, 40.53518 ], [ -74.24296, 40.53541 ], [ -74.24333, 40.53566 ], [ -74.2437, 40.53609 ], [ -74.24413, 40.5362 ], [ -74.24398, 40.53647 ], [ -74.24415, 40.53689 ], [ -74.24459, 40.53694 ], [ -74.24494, 40.53667 ], [ -74.24522, 40.53677 ], [ -74.24534, 40.53691 ], [ -74.24536, 40.53702 ], [ -74.24526, 40.53715 ], [ -74.24496, 40.53725 ], [ -74.2448, 40.53739 ], [ -74.24449, 40.53781 ], [ -74.24443, 40.53802 ], [ -74.24447, 40.53817 ], [ -74.24468, 40.53835 ], [ -74.24469, 40.53851 ], [ -74.24512, 40.53895 ], [ -74.2454, 40.53956 ], [ -74.24543, 40.54039 ], [ -74.2456, 40.54096 ], [ -74.24583, 40.54106 ], [ -74.24599, 40.54129 ], [ -74.24626, 40.54194 ], [ -74.24649, 40.54222 ], [ -74.24768, 40.54313 ], [ -74.24792, 40.54306 ], [ -74.24804, 40.5431 ], [ -74.24771, 40.54353 ], [ -74.24762, 40.54352 ], [ -74.24614, 40.5457 ], [ -74.24336, 40.54787 ], [ -74.2433, 40.54784 ], [ -74.24359, 40.54763 ], [ -74.24294, 40.54712 ], [ -74.2422, 40.54696 ], [ -74.2418, 40.54701 ], [ -74.24039, 40.54767 ], [ -74.23939, 40.54837 ], [ -74.23877, 40.54895 ], [ -74.23837, 40.54915 ], [ -74.23762, 40.55013 ], [ -74.23688, 40.55031 ], [ -74.23642, 40.55052 ], [ -74.23629, 40.5507 ], [ -74.23617, 40.55144 ], [ -74.23651, 40.55204 ], [ -74.2365, 40.55222 ], [ -74.2364, 40.55234 ], [ -74.2349, 40.55301 ], [ -74.23415, 40.55279 ], [ -74.23378, 40.55252 ], [ -74.23333, 40.55252 ], [ -74.2327, 40.55294 ], [ -74.23229, 40.55337 ], [ -74.23193, 40.55416 ], [ -74.23122, 40.55487 ], [ -74.23071, 40.55557 ], [ -74.23056, 40.55557 ], [ -74.23025, 40.55539 ], [ -74.22979, 40.55552 ], [ -74.22932, 40.5555 ], [ -74.22925, 40.55562 ], [ -74.22935, 40.55576 ], [ -74.22925, 40.55588 ], [ -74.22914, 40.55588 ], [ -74.22905, 40.55612 ], [ -74.22873, 40.55631 ], [ -74.22833, 40.5564 ], [ -74.22811, 40.55637 ], [ -74.22744, 40.55605 ], [ -74.22677, 40.55612 ], [ -74.22641, 40.55626 ], [ -74.2239, 40.55591 ], [ -74.22387, 40.55611 ], [ -74.22344, 40.55605 ], [ -74.22347, 40.55595 ], [ -74.22376, 40.55599 ], [ -74.22379, 40.55589 ], [ -74.22316, 40.5558 ], [ -74.22297, 40.55551 ], [ -74.22258, 40.55541 ], [ -74.22237, 40.5555 ], [ -74.2218, 40.55543 ], [ -74.22157, 40.55566 ], [ -74.22145, 40.55554 ], [ -74.22143, 40.55539 ], [ -74.2213, 40.55537 ], [ -74.22122, 40.55544 ], [ -74.22118, 40.55569 ], [ -74.22105, 40.55571 ], [ -74.22098, 40.55592 ], [ -74.22087, 40.55595 ], [ -74.22055, 40.55589 ], [ -74.22041, 40.55564 ], [ -74.2203, 40.55561 ], [ -74.22019, 40.55543 ], [ -74.22011, 40.55494 ], [ -74.21992, 40.55471 ], [ -74.21975, 40.55462 ], [ -74.21918, 40.55477 ], [ -74.21908, 40.55486 ], [ -74.21926, 40.55516 ], [ -74.2192, 40.5554 ], [ -74.21931, 40.55552 ], [ -74.21934, 40.5557 ], [ -74.21922, 40.55581 ], [ -74.21918, 40.55554 ], [ -74.21908, 40.55552 ], [ -74.21896, 40.55487 ], [ -74.21878, 40.55468 ], [ -74.21859, 40.55468 ], [ -74.21854, 40.55494 ], [ -74.21882, 40.55588 ], [ -74.21876, 40.5559 ], [ -74.21875, 40.55604 ], [ -74.21867, 40.55606 ], [ -74.21842, 40.55574 ], [ -74.21818, 40.55561 ], [ -74.21807, 40.5553 ], [ -74.21775, 40.55501 ], [ -74.21604, 40.55555 ], [ -74.21474, 40.55625 ], [ -74.21499, 40.5568 ], [ -74.21462, 40.55692 ], [ -74.21448, 40.5567 ], [ -74.21435, 40.55673 ], [ -74.21423, 40.55657 ], [ -74.21396, 40.55667 ], [ -74.21377, 40.55641 ], [ -74.21324, 40.55668 ] ] ] } },
{ "type": "Feature", "properties": { "name": "Tremont" }, "geometry": { "type": "Polygon", "coordinates": [ [ [ -73.88312, 40.84823 ], [ -73.88331, 40.84759 ], [ -73.88352, 40.84718 ], [ -73.88479, 40.84564 ], [ -73.8852, 40.84499 ], [ -73.88619, 40.84011 ], [ -73.8866, 40.83929 ], [ -73.88814, 40.83987 ], [ -73.88869, 40.83917 ], [ -73.88942, 40.83943 ], [ -73.89538, 40.84295 ], [ -73.89479, 40.84373 ], [ -73.90132, 40.84448 ], [ -73.89561, 40.85458 ], [ -73.89545, 40.85453 ], [ -73.89535, 40.8547 ], [ -73.894, 40.85426 ], [ -73.89421, 40.85386 ], [ -73.89217, 40.85278 ], [ -73.89039, 40.8547 ], [ -73.88961, 40.85363 ], [ -73.88963, 40.85318 ], [ -73.8899, 40.85267 ], [ -73.88989, 40.85223 ], [ -73.88997, 40.85211 ], [ -73.88824, 40.85104 ], [ -73.88736, 40.85088 ], [ -73.88312, 40.84823 ] ] ] } },
{ "type": "Feature", "properties": { "name": "Tribeca-Civic Center" }, "geometry": { "type": "Polygon", "coordinates": [ [ [ -73.99931, 40.71756 ], [ -74.00079, 40.7153 ], [ -74.00053, 40.71518 ], [ -74.00046, 40.71437 ], [ -74.00075, 40.71452 ], [ -74.00097, 40.71391 ], [ -74.00157, 40.71369 ], [ -74.00093, 40.71327 ], [ -74.00086, 40.71161 ], [ -74.00074, 40.71128 ], [ -74.00051, 40.71099 ], [ -74.00142, 40.70982 ], [ -74.00442, 40.7122 ], [ -74.00449, 40.71255 ], [ -74.00429, 40.71292 ], [ -74.00486, 40.71246 ], [ -74.00528, 40.71226 ], [ -74.00751, 40.71168 ], [ -74.00808, 40.71173 ], [ -74.00821, 40.71164 ], [ -74.00822, 40.71153 ], [ -74.00797, 40.71146 ], [ -74.00835, 40.71137 ], [ -74.0086, 40.7114 ], [ -74.01373, 40.71369 ], [ -74.0131, 40.71563 ], [ -74.01229, 40.71905 ], [ -74.01303, 40.71914 ], [ -74.01291, 40.71974 ], [ -74.01346, 40.71981 ], [ -74.01342, 40.72003 ], [ -74.01638, 40.72038 ], [ -74.01631, 40.72074 ], [ -74.013, 40.72034 ], [ -74.0129, 40.72088 ], [ -74.0157, 40.72121 ], [ -74.01562, 40.72155 ], [ -74.01316, 40.72126 ], [ -74.01312, 40.72148 ], [ -74.01364, 40.72152 ], [ -74.01362, 40.72159 ], [ -74.01254, 40.72151 ], [ -74.01197, 40.72434 ], [ -74.01124, 40.72427 ], [ -74.01092, 40.7258 ], [ -74.01081, 40.7258 ], [ -73.99931, 40.71756 ] ] ] } },
{ "type": "Feature", "properties": { "name": "United Nations" }, "geometry": { "type": "MultiPolygon", "coordinates": [ [ [ [ -73.96428, 40.74655 ], [ -73.96445, 40.74642 ], [ -73.96458, 40.74646 ], [ -73.96448, 40.74665 ], [ -73.96416, 40.74687 ], [ -73.96428, 40.74655 ] ] ], [ [ [ -73.96723, 40.7527 ], [ -73.96515, 40.75193 ], [ -73.96522, 40.75182 ], [ -73.96506, 40.75182 ], [ -73.96486, 40.75202 ], [ -73.96471, 40.75173 ], [ -73.96791, 40.74798 ], [ -73.96846, 40.7483 ], [ -73.96999, 40.74888 ], [ -73.96955, 40.74921 ], [ -73.96778, 40.75163 ], [ -73.9677, 40.75205 ], [ -73.96723, 40.7527 ] ] ] ] } },
{ "type": "Feature", "properties": { "name": "University Heights (North)-Fordham" }, "geometry": { "type": "Polygon", "coordinates": [ [ [ -73.90747, 40.87356 ], [ -73.90572, 40.87315 ], [ -73.90452, 40.8725 ], [ -73.90444, 40.87225 ], [ -73.90449, 40.87059 ], [ -73.90442, 40.87037 ], [ -73.90375, 40.8696 ], [ -73.90319, 40.86916 ], [ -73.90189, 40.86852 ], [ -73.89943, 40.86789 ], [ -73.89965, 40.86856 ], [ -73.8996, 40.86874 ], [ -73.89934, 40.86924 ], [ -73.89892, 40.86967 ], [ -73.89656, 40.86857 ], [ -73.8974, 40.86748 ], [ -73.89631, 40.86705 ], [ -73.89412, 40.86595 ], [ -73.89386, 40.86576 ], [ -73.89372, 40.8653 ], [ -73.89347, 40.86539 ], [ -73.89323, 40.86528 ], [ -73.89016, 40.86348 ], [ -73.89177, 40.86188 ], [ -73.89285, 40.86184 ], [ -73.89483, 40.86207 ], [ -73.89694, 40.86245 ], [ -73.89798, 40.86241 ], [ -73.89944, 40.86213 ], [ -73.90108, 40.86276 ], [ -73.90188, 40.8617 ], [ -73.90255, 40.86059 ], [ -73.90352, 40.86093 ], [ -73.90487, 40.8587 ], [ -73.9068, 40.85938 ], [ -73.90726, 40.85936 ], [ -73.90778, 40.85962 ], [ -73.90967, 40.85749 ], [ -73.90987, 40.85768 ], [ -73.91021, 40.8583 ], [ -73.91057, 40.85863 ], [ -73.91329, 40.85963 ], [ -73.91543, 40.85874 ], [ -73.91508, 40.8592 ], [ -73.91616, 40.85879 ], [ -73.91685, 40.85766 ], [ -73.91721, 40.85685 ], [ -73.91719, 40.85593 ], [ -73.9174, 40.85613 ], [ -73.91745, 40.8563 ], [ -73.91738, 40.85675 ], [ -73.91741, 40.85706 ], [ -73.91753, 40.8569 ], [ -73.91891, 40.85727 ], [ -73.91903, 40.8574 ], [ -73.91776, 40.85872 ], [ -73.91721, 40.85894 ], [ -73.91581, 40.86048 ], [ -73.91576, 40.86065 ], [ -73.91481, 40.86172 ], [ -73.91472, 40.86186 ], [ -73.91482, 40.86191 ], [ -73.91342, 40.86338 ], [ -73.91276, 40.86304 ], [ -73.91227, 40.86364 ], [ -73.9128, 40.86391 ], [ -73.91275, 40.86395 ], [ -73.91253, 40.8638 ], [ -73.91268, 40.86403 ], [ -73.91044, 40.86654 ], [ -73.91036, 40.86689 ], [ -73.9095, 40.86884 ], [ -73.90894, 40.87103 ], [ -73.90865, 40.87139 ], [ -73.90893, 40.87217 ], [ -73.90872, 40.87224 ], [ -73.90847, 40.87263 ], [ -73.90774, 40.87285 ], [ -73.90747, 40.87356 ] ] ] } },
{ "type": "Feature", "properties": { "name": "University Heights (South)-Morris Heights" }, "geometry": { "type": "Polygon", "coordinates": [ [ [ -73.90487, 40.8587 ], [ -73.90566, 40.85741 ], [ -73.90469, 40.85707 ], [ -73.90522, 40.85621 ], [ -73.90922, 40.85181 ], [ -73.91058, 40.85019 ], [ -73.91419, 40.84514 ], [ -73.91733, 40.84507 ], [ -73.92265, 40.84475 ], [ -73.92286, 40.84427 ], [ -73.92349, 40.84447 ], [ -73.92393, 40.8448 ], [ -73.92564, 40.84491 ], [ -73.92805, 40.84547 ], [ -73.92787, 40.84561 ], [ -73.92767, 40.84604 ], [ -73.92755, 40.8461 ], [ -73.92734, 40.84647 ], [ -73.92694, 40.84693 ], [ -73.92683, 40.8473 ], [ -73.92663, 40.8474 ], [ -73.92631, 40.84788 ], [ -73.92603, 40.84808 ], [ -73.92594, 40.84828 ], [ -73.92466, 40.84979 ], [ -73.92385, 40.85119 ], [ -73.92395, 40.85123 ], [ -73.92256, 40.8532 ], [ -73.92174, 40.85423 ], [ -73.92154, 40.85413 ], [ -73.92134, 40.85433 ], [ -73.92152, 40.85452 ], [ -73.9208, 40.85539 ], [ -73.92037, 40.85518 ], [ -73.9203, 40.85525 ], [ -73.92057, 40.85552 ], [ -73.92053, 40.85569 ], [ -73.9203, 40.85585 ], [ -73.92031, 40.85594 ], [ -73.91957, 40.85685 ], [ -73.91903, 40.8574 ], [ -73.91891, 40.85727 ], [ -73.91753, 40.8569 ], [ -73.91741, 40.85706 ], [ -73.91738, 40.85675 ], [ -73.91745, 40.8563 ], [ -73.9174, 40.85613 ], [ -73.91719, 40.85593 ], [ -73.91721, 40.85685 ], [ -73.91685, 40.85766 ], [ -73.91616, 40.85879 ], [ -73.91508, 40.8592 ], [ -73.91543, 40.85874 ], [ -73.91329, 40.85963 ], [ -73.91057, 40.85863 ], [ -73.91021, 40.8583 ], [ -73.90987, 40.85768 ], [ -73.90967, 40.85749 ], [ -73.90778, 40.85962 ], [ -73.90726, 40.85936 ], [ -73.9068, 40.85938 ], [ -73.90487, 40.8587 ] ] ] } },
{ "type": "Feature", "properties": { "name": "Upper East Side-Carnegie Hill" }, "geometry": { "type": "Polygon", "coordinates": [ [ [ -73.94933, 40.7852 ], [ -73.96658, 40.76156 ], [ -73.97302, 40.76429 ], [ -73.95578, 40.78792 ], [ -73.94933, 40.7852 ] ] ] } },
{ "type": "Feature", "properties": { "name": "Upper East Side-Lenox Hill-Roosevelt Island" }, "geometry": { "type": "MultiPolygon", "coordinates": [ [ [ [ -73.95752, 40.74831 ], [ -73.95767, 40.74838 ], [ -73.95773, 40.7483 ], [ -73.95784, 40.74835 ], [ -73.95769, 40.74854 ], [ -73.95758, 40.7485 ], [ -73.95764, 40.74841 ], [ -73.95752, 40.74831 ] ] ], [ [ [ -73.94286, 40.76831 ], [ -73.94382, 40.76723 ], [ -73.94484, 40.76583 ], [ -73.94662, 40.76387 ], [ -73.94943, 40.76056 ], [ -73.95034, 40.75987 ], [ -73.95126, 40.75882 ], [ -73.95178, 40.75841 ], [ -73.95209, 40.758 ], [ -73.95221, 40.75759 ], [ -73.95254, 40.7571 ], [ -73.95507, 40.75481 ], [ -73.9552, 40.75478 ], [ -73.95693, 40.75297 ], [ -73.95792, 40.75212 ], [ -73.95903, 40.75139 ], [ -73.95903, 40.75131 ], [ -73.95956, 40.75082 ], [ -73.96039, 40.75026 ], [ -73.96091, 40.74981 ], [ -73.96117, 40.74978 ], [ -73.96133, 40.74961 ], [ -73.96154, 40.74973 ], [ -73.96139, 40.74989 ], [ -73.96144, 40.75001 ], [ -73.96111, 40.75061 ], [ -73.96069, 40.75121 ], [ -73.96001, 40.75184 ], [ -73.9595, 40.75296 ], [ -73.95902, 40.7536 ], [ -73.95893, 40.75357 ], [ -73.95846, 40.75396 ], [ -73.95566, 40.7571 ], [ -73.95366, 40.75949 ], [ -73.95332, 40.75975 ], [ -73.95339, 40.75981 ], [ -73.95313, 40.76006 ], [ -73.95298, 40.75997 ], [ -73.95209, 40.76087 ], [ -73.95163, 40.76169 ], [ -73.95094, 40.76258 ], [ -73.94997, 40.76365 ], [ -73.94921, 40.76428 ], [ -73.94909, 40.76427 ], [ -73.94585, 40.76833 ], [ -73.94571, 40.76834 ], [ -73.94548, 40.76863 ], [ -73.94563, 40.7687 ], [ -73.94556, 40.76881 ], [ -73.94541, 40.76874 ], [ -73.94525, 40.76878 ], [ -73.94516, 40.76913 ], [ -73.94473, 40.76979 ], [ -73.94401, 40.7703 ], [ -73.94321, 40.771 ], [ -73.94258, 40.77171 ], [ -73.94213, 40.77204 ], [ -73.94137, 40.77232 ], [ -73.94089, 40.77238 ], [ -73.94028, 40.77296 ], [ -73.94008, 40.77293 ], [ -73.94001, 40.77285 ], [ -73.94028, 40.77231 ], [ -73.9402, 40.77114 ], [ -73.94036, 40.7705 ], [ -73.94112, 40.76942 ], [ -73.9418, 40.76906 ], [ -73.94286, 40.76831 ] ] ], [ [ [ -73.95846, 40.75859 ], [ -73.95872, 40.75865 ], [ -73.95894, 40.75834 ], [ -73.96658, 40.76156 ], [ -73.9573, 40.77429 ], [ -73.94749, 40.77012 ], [ -73.94867, 40.76887 ], [ -73.95007, 40.76703 ], [ -73.95442, 40.76219 ], [ -73.95846, 40.75859 ] ] ], [ [ [ -73.93552, 40.77172 ], [ -73.93557, 40.77164 ], [ -73.93585, 40.77172 ], [ -73.93581, 40.77181 ], [ -73.9357, 40.77178 ], [ -73.93561, 40.77194 ], [ -73.93566, 40.77176 ], [ -73.93552, 40.77172 ] ] ] ] } },
{ "type": "Feature", "properties": { "name": "Upper East Side-Yorkville" }, "geometry": { "type": "MultiPolygon", "coordinates": [ [ [ [ -73.94344, 40.77977 ], [ -73.94242, 40.78004 ], [ -73.94212, 40.77947 ], [ -73.94214, 40.77941 ], [ -73.94273, 40.77927 ], [ -73.94277, 40.77902 ], [ -73.943, 40.77886 ], [ -73.94266, 40.77813 ], [ -73.94246, 40.77742 ], [ -73.94228, 40.77736 ], [ -73.94246, 40.77776 ], [ -73.94234, 40.77778 ], [ -73.94226, 40.77732 ], [ -73.94212, 40.77726 ], [ -73.94219, 40.77717 ], [ -73.9423, 40.77725 ], [ -73.94244, 40.77731 ], [ -73.94234, 40.77726 ], [ -73.94239, 40.77718 ], [ -73.94219, 40.77708 ], [ -73.94208, 40.77693 ], [ -73.942, 40.77619 ], [ -73.94208, 40.77597 ], [ -73.9424, 40.77574 ], [ -73.94259, 40.77523 ], [ -73.94293, 40.77468 ], [ -73.94367, 40.77385 ], [ -73.94488, 40.77258 ], [ -73.94641, 40.77128 ], [ -73.94749, 40.77012 ], [ -73.9573, 40.77429 ], [ -73.94933, 40.7852 ], [ -73.94376, 40.78284 ], [ -73.94365, 40.78266 ], [ -73.94388, 40.78154 ], [ -73.94387, 40.78128 ], [ -73.94344, 40.77977 ] ] ], [ [ [ -73.9379, 40.78076 ], [ -73.9378, 40.78079 ], [ -73.9378, 40.78104 ], [ -73.93765, 40.78101 ], [ -73.9376, 40.78048 ], [ -73.93824, 40.78027 ], [ -73.93861, 40.78035 ], [ -73.93924, 40.77974 ], [ -73.93953, 40.77954 ], [ -73.93959, 40.77958 ], [ -73.93943, 40.77982 ], [ -73.93949, 40.77988 ], [ -73.93922, 40.78002 ], [ -73.93873, 40.78052 ], [ -73.93884, 40.78061 ], [ -73.93875, 40.78105 ], [ -73.9383, 40.78137 ], [ -73.93808, 40.78143 ], [ -73.93797, 40.7813 ], [ -73.93807, 40.78095 ], [ -73.93805, 40.78084 ], [ -73.9379, 40.78076 ] ] ] ] } },
{ "type": "Feature", "properties": { "name": "Upper West Side (Central)" }, "geometry": { "type": "Polygon", "coordinates": [ [ [ -73.96418, 40.79237 ], [ -73.975, 40.77754 ], [ -73.98507, 40.78179 ], [ -73.98568, 40.78032 ], [ -73.98813, 40.78141 ], [ -73.98808, 40.78166 ], [ -73.98802, 40.78164 ], [ -73.98547, 40.78537 ], [ -73.98617, 40.78608 ], [ -73.98646, 40.78593 ], [ -73.98712, 40.78522 ], [ -73.9865, 40.78596 ], [ -73.98617, 40.78613 ], [ -73.98613, 40.78625 ], [ -73.98603, 40.78624 ], [ -73.9861, 40.78607 ], [ -73.98543, 40.78542 ], [ -73.98508, 40.78593 ], [ -73.98569, 40.78623 ], [ -73.98577, 40.7862 ], [ -73.98568, 40.78632 ], [ -73.98567, 40.78625 ], [ -73.98502, 40.78602 ], [ -73.98466, 40.78654 ], [ -73.98575, 40.78658 ], [ -73.98589, 40.78643 ], [ -73.98595, 40.7865 ], [ -73.98581, 40.78663 ], [ -73.98462, 40.78659 ], [ -73.9764, 40.79828 ], [ -73.96942, 40.79537 ], [ -73.96987, 40.79474 ], [ -73.96418, 40.79237 ] ] ] } },
{ "type": "Feature", "properties": { "name": "Upper West Side-Lincoln Square" }, "geometry": { "type": "Polygon", "coordinates": [ [ [ -73.975, 40.77754 ], [ -73.98168, 40.7684 ], [ -73.98144, 40.76817 ], [ -73.98149, 40.76789 ], [ -73.98179, 40.76772 ], [ -73.98211, 40.76775 ], [ -73.98236, 40.7674 ], [ -73.99378, 40.77221 ], [ -73.99333, 40.77284 ], [ -73.99341, 40.77289 ], [ -73.99359, 40.7728 ], [ -73.99389, 40.77296 ], [ -73.99414, 40.77291 ], [ -73.99438, 40.77305 ], [ -73.9943, 40.77316 ], [ -73.99502, 40.77349 ], [ -73.99509, 40.7734 ], [ -73.99502, 40.77337 ], [ -73.99505, 40.77331 ], [ -73.99624, 40.7738 ], [ -73.99606, 40.7739 ], [ -73.99618, 40.774 ], [ -73.9961, 40.77409 ], [ -73.99394, 40.77319 ], [ -73.99377, 40.77349 ], [ -73.99341, 40.77381 ], [ -73.99262, 40.77498 ], [ -73.99227, 40.77512 ], [ -73.99206, 40.77551 ], [ -73.99233, 40.77548 ], [ -73.99239, 40.77557 ], [ -73.99093, 40.77758 ], [ -73.9904, 40.77759 ], [ -73.98887, 40.7797 ], [ -73.99124, 40.77968 ], [ -73.99155, 40.77958 ], [ -73.99142, 40.77976 ], [ -73.98889, 40.77989 ], [ -73.98892, 40.78023 ], [ -73.98813, 40.78141 ], [ -73.98568, 40.78032 ], [ -73.98507, 40.78179 ], [ -73.975, 40.77754 ] ] ] } },
{ "type": "Feature", "properties": { "name": "Upper West Side-Manhattan Valley" }, "geometry": { "type": "Polygon", "coordinates": [ [ [ -73.9667, 40.80418 ], [ -73.95817, 40.80059 ], [ -73.96418, 40.79237 ], [ -73.96987, 40.79474 ], [ -73.96942, 40.79537 ], [ -73.9764, 40.79828 ], [ -73.97372, 40.80218 ], [ -73.97205, 40.80454 ], [ -73.97182, 40.80473 ], [ -73.97111, 40.8058 ], [ -73.9667, 40.80418 ] ] ] } },
{ "type": "Feature", "properties": { "name": "Van Cortlandt Park" }, "geometry": { "type": "Polygon", "coordinates": [ [ [ -73.8679, 40.90295 ], [ -73.8682, 40.90236 ], [ -73.86848, 40.90208 ], [ -73.86912, 40.90147 ], [ -73.86996, 40.90084 ], [ -73.8716, 40.89993 ], [ -73.87403, 40.89891 ], [ -73.87526, 40.89812 ], [ -73.8759, 40.89753 ], [ -73.87644, 40.89688 ], [ -73.87684, 40.89619 ], [ -73.87712, 40.89548 ], [ -73.88004, 40.89523 ], [ -73.88041, 40.89326 ], [ -73.88035, 40.89253 ], [ -73.87919, 40.89032 ], [ -73.87819, 40.88806 ], [ -73.87801, 40.88735 ], [ -73.87815, 40.88688 ], [ -73.88125, 40.88272 ], [ -73.88275, 40.88341 ], [ -73.88368, 40.88317 ], [ -73.88422, 40.88321 ], [ -73.88684, 40.88435 ], [ -73.88759, 40.88426 ], [ -73.89406, 40.88554 ], [ -73.89448, 40.88561 ], [ -73.89468, 40.88553 ], [ -73.89596, 40.88584 ], [ -73.89991, 40.88657 ], [ -73.89739, 40.89164 ], [ -73.89728, 40.89172 ], [ -73.89676, 40.89265 ], [ -73.89643, 40.89366 ], [ -73.89716, 40.89938 ], [ -73.89697, 40.90062 ], [ -73.89636, 40.90321 ], [ -73.89663, 40.91143 ], [ -73.88606, 40.90832 ], [ -73.88303, 40.90734 ], [ -73.8679, 40.90295 ] ] ] } },
{ "type": "Feature", "properties": { "name": "Wakefield-Woodlawn" }, "geometry": { "type": "Polygon", "coordinates": [ [ [ -73.85107, 40.91038 ], [ -73.85348, 40.90754 ], [ -73.85092, 40.90662 ], [ -73.85017, 40.90752 ], [ -73.84708, 40.90617 ], [ -73.84482, 40.90554 ], [ -73.84493, 40.90467 ], [ -73.84489, 40.9042 ], [ -73.84139, 40.90418 ], [ -73.84113, 40.90351 ], [ -73.84078, 40.90164 ], [ -73.83925, 40.89951 ], [ -73.83919, 40.8993 ], [ -73.83923, 40.89879 ], [ -73.83967, 40.89789 ], [ -73.83965, 40.89734 ], [ -73.83839, 40.89408 ], [ -73.85069, 40.89131 ], [ -73.84591, 40.88975 ], [ -73.84745, 40.88699 ], [ -73.86274, 40.89185 ], [ -73.86198, 40.89317 ], [ -73.86136, 40.89467 ], [ -73.86402, 40.89553 ], [ -73.86492, 40.89576 ], [ -73.87049, 40.89665 ], [ -73.87481, 40.89573 ], [ -73.87712, 40.89548 ], [ -73.87684, 40.89619 ], [ -73.87644, 40.89688 ], [ -73.8759, 40.89753 ], [ -73.87526, 40.89812 ], [ -73.87403, 40.89891 ], [ -73.8716, 40.89993 ], [ -73.86996, 40.90084 ], [ -73.86912, 40.90147 ], [ -73.86848, 40.90208 ], [ -73.8682, 40.90236 ], [ -73.8679, 40.90295 ], [ -73.86305, 40.90152 ], [ -73.8628, 40.90154 ], [ -73.8618, 40.90113 ], [ -73.86157, 40.90107 ], [ -73.86134, 40.90112 ], [ -73.85947, 40.90053 ], [ -73.85908, 40.90102 ], [ -73.85924, 40.90111 ], [ -73.85942, 40.9014 ], [ -73.85938, 40.90157 ], [ -73.85903, 40.90145 ], [ -73.85887, 40.90172 ], [ -73.85947, 40.90194 ], [ -73.85958, 40.90245 ], [ -73.85927, 40.90268 ], [ -73.85911, 40.90265 ], [ -73.85873, 40.9023 ], [ -73.8584, 40.90222 ], [ -73.85816, 40.90231 ], [ -73.85817, 40.9026 ], [ -73.85797, 40.90286 ], [ -73.85775, 40.9028 ], [ -73.85756, 40.90293 ], [ -73.85711, 40.90366 ], [ -73.85717, 40.90409 ], [ -73.85699, 40.90459 ], [ -73.8571, 40.90472 ], [ -73.85736, 40.90474 ], [ -73.85744, 40.90485 ], [ -73.85718, 40.90529 ], [ -73.85705, 40.9053 ], [ -73.85666, 40.90506 ], [ -73.85636, 40.90511 ], [ -73.85601, 40.90531 ], [ -73.85601, 40.90549 ], [ -73.8565, 40.90557 ], [ -73.85693, 40.90598 ], [ -73.85681, 40.90616 ], [ -73.85656, 40.90627 ], [ -73.85581, 40.90627 ], [ -73.85553, 40.90639 ], [ -73.85514, 40.90688 ], [ -73.85424, 40.90704 ], [ -73.85374, 40.9078 ], [ -73.85384, 40.90798 ], [ -73.85471, 40.90801 ], [ -73.85491, 40.90836 ], [ -73.85459, 40.90895 ], [ -73.85392, 40.90947 ], [ -73.8536, 40.90962 ], [ -73.85335, 40.91005 ], [ -73.85296, 40.91036 ], [ -73.85277, 40.91041 ], [ -73.85259, 40.91032 ], [ -73.85266, 40.91002 ], [ -73.85246, 40.90987 ], [ -73.85228, 40.90986 ], [ -73.85149, 40.91028 ], [ -73.85145, 40.91046 ], [ -73.85107, 40.91038 ] ] ] } },
{ "type": "Feature", "properties": { "name": "Washington Heights (North)" }, "geometry": { "type": "Polygon", "coordinates": [ [ [ -73.93151, 40.86904 ], [ -73.92727, 40.86554 ], [ -73.92474, 40.8616 ], [ -73.92493, 40.8613 ], [ -73.92502, 40.8607 ], [ -73.92529, 40.86013 ], [ -73.92574, 40.85964 ], [ -73.92663, 40.85906 ], [ -73.92698, 40.85861 ], [ -73.92712, 40.85812 ], [ -73.92691, 40.85752 ], [ -73.92631, 40.85812 ], [ -73.92594, 40.85823 ], [ -73.92547, 40.85819 ], [ -73.925, 40.85789 ], [ -73.9247, 40.8573 ], [ -73.92464, 40.85689 ], [ -73.92489, 40.85633 ], [ -73.9277, 40.8525 ], [ -73.92703, 40.85221 ], [ -73.92708, 40.85144 ], [ -73.92748, 40.8507 ], [ -73.92825, 40.84985 ], [ -73.92867, 40.84958 ], [ -73.92898, 40.84926 ], [ -73.92977, 40.84812 ], [ -73.93062, 40.84849 ], [ -73.93139, 40.84744 ], [ -73.9364, 40.84955 ], [ -73.93767, 40.8484 ], [ -73.93804, 40.84757 ], [ -73.94206, 40.84833 ], [ -73.94389, 40.84821 ], [ -73.94319, 40.84976 ], [ -73.94697, 40.85047 ], [ -73.94652, 40.85098 ], [ -73.94637, 40.85098 ], [ -73.94628, 40.85085 ], [ -73.94617, 40.85097 ], [ -73.9462, 40.85104 ], [ -73.94608, 40.85099 ], [ -73.94612, 40.85118 ], [ -73.94565, 40.85122 ], [ -73.94545, 40.85144 ], [ -73.94525, 40.8515 ], [ -73.94527, 40.85158 ], [ -73.9447, 40.85183 ], [ -73.94467, 40.85193 ], [ -73.94451, 40.85197 ], [ -73.94451, 40.8519 ], [ -73.94433, 40.85183 ], [ -73.9442, 40.85202 ], [ -73.94401, 40.85201 ], [ -73.94388, 40.85218 ], [ -73.94348, 40.85229 ], [ -73.94303, 40.85263 ], [ -73.94187, 40.85388 ], [ -73.94029, 40.85665 ], [ -73.93911, 40.85805 ], [ -73.93831, 40.85939 ], [ -73.93753, 40.8601 ], [ -73.93758, 40.86021 ], [ -73.93714, 40.86079 ], [ -73.93704, 40.86107 ], [ -73.93681, 40.86127 ], [ -73.93648, 40.86193 ], [ -73.9356, 40.86297 ], [ -73.93444, 40.86451 ], [ -73.93436, 40.86474 ], [ -73.93402, 40.86504 ], [ -73.93395, 40.86536 ], [ -73.93379, 40.86544 ], [ -73.93266, 40.86725 ], [ -73.9329, 40.8673 ], [ -73.93284, 40.86742 ], [ -73.9326, 40.86732 ], [ -73.93252, 40.86742 ], [ -73.93239, 40.8677 ], [ -73.93227, 40.86857 ], [ -73.93249, 40.86869 ], [ -73.93265, 40.86847 ], [ -73.93252, 40.86873 ], [ -73.93225, 40.86865 ], [ -73.93232, 40.86893 ], [ -73.93257, 40.86899 ], [ -73.93251, 40.86914 ], [ -73.93229, 40.86921 ], [ -73.93219, 40.86938 ], [ -73.93247, 40.86948 ], [ -73.93236, 40.86976 ], [ -73.93227, 40.86974 ], [ -73.93236, 40.86952 ], [ -73.93213, 40.86942 ], [ -73.93205, 40.86965 ], [ -73.9322, 40.86985 ], [ -73.93157, 40.86959 ], [ -73.93151, 40.86904 ] ] ] } },
{ "type": "Feature", "properties": { "name": "Washington Heights (South)" }, "geometry": { "type": "Polygon", "coordinates": [ [ [ -73.93139, 40.84744 ], [ -73.93557, 40.84172 ], [ -73.93563, 40.84129 ], [ -73.93501, 40.83986 ], [ -73.93506, 40.83934 ], [ -73.93533, 40.83888 ], [ -73.93596, 40.83838 ], [ -73.93638, 40.83786 ], [ -73.93803, 40.83432 ], [ -73.93828, 40.83402 ], [ -73.93948, 40.83302 ], [ -73.94023, 40.83187 ], [ -73.94037, 40.83156 ], [ -73.94035, 40.83047 ], [ -73.94828, 40.83387 ], [ -73.94891, 40.83407 ], [ -73.94934, 40.83399 ], [ -73.95021, 40.83431 ], [ -73.94974, 40.83564 ], [ -73.94955, 40.83661 ], [ -73.94928, 40.83675 ], [ -73.94954, 40.83689 ], [ -73.94856, 40.83957 ], [ -73.94738, 40.84195 ], [ -73.94717, 40.84217 ], [ -73.94694, 40.84263 ], [ -73.94646, 40.84326 ], [ -73.94613, 40.8439 ], [ -73.94608, 40.84461 ], [ -73.94622, 40.84527 ], [ -73.94617, 40.8454 ], [ -73.94628, 40.8457 ], [ -73.94652, 40.846 ], [ -73.94635, 40.84625 ], [ -73.94672, 40.84683 ], [ -73.94683, 40.84714 ], [ -73.94664, 40.84795 ], [ -73.94664, 40.84892 ], [ -73.94703, 40.85005 ], [ -73.94695, 40.85011 ], [ -73.94705, 40.85023 ], [ -73.94697, 40.85047 ], [ -73.94319, 40.84976 ], [ -73.94389, 40.84821 ], [ -73.94206, 40.84833 ], [ -73.93804, 40.84757 ], [ -73.93767, 40.8484 ], [ -73.9364, 40.84955 ], [ -73.93139, 40.84744 ] ] ] } },
{ "type": "Feature", "properties": { "name": "West Farms" }, "geometry": { "type": "Polygon", "coordinates": [ [ [ -73.87284, 40.83976 ], [ -73.87323, 40.83816 ], [ -73.87393, 40.836 ], [ -73.87673, 40.83621 ], [ -73.87748, 40.83587 ], [ -73.87809, 40.83549 ], [ -73.87867, 40.83503 ], [ -73.87925, 40.83443 ], [ -73.88223, 40.83546 ], [ -73.88206, 40.83602 ], [ -73.88214, 40.8369 ], [ -73.88201, 40.83745 ], [ -73.88229, 40.83808 ], [ -73.88286, 40.8385 ], [ -73.88271, 40.83863 ], [ -73.88347, 40.83907 ], [ -73.88357, 40.83899 ], [ -73.88418, 40.83934 ], [ -73.88465, 40.83918 ], [ -73.88619, 40.84011 ], [ -73.8852, 40.84499 ], [ -73.88479, 40.84564 ], [ -73.88352, 40.84718 ], [ -73.88331, 40.84759 ], [ -73.88312, 40.84823 ], [ -73.88285, 40.84783 ], [ -73.87734, 40.844 ], [ -73.87818, 40.84263 ], [ -73.8768, 40.84231 ], [ -73.87459, 40.84153 ], [ -73.87402, 40.84255 ], [ -73.87311, 40.84326 ], [ -73.87211, 40.84371 ], [ -73.87186, 40.8445 ], [ -73.87172, 40.8446 ], [ -73.87137, 40.84462 ], [ -73.87117, 40.84478 ], [ -73.87097, 40.84597 ], [ -73.87054, 40.84627 ], [ -73.87034, 40.84654 ], [ -73.87036, 40.84663 ], [ -73.87007, 40.84656 ], [ -73.86988, 40.84663 ], [ -73.86942, 40.84752 ], [ -73.86889, 40.84812 ], [ -73.86956, 40.84803 ], [ -73.86953, 40.8487 ], [ -73.86921, 40.84925 ], [ -73.86786, 40.84887 ], [ -73.86836, 40.84709 ], [ -73.86893, 40.84689 ], [ -73.86866, 40.84627 ], [ -73.86874, 40.84562 ], [ -73.86864, 40.84532 ], [ -73.86804, 40.84482 ], [ -73.86889, 40.84442 ], [ -73.871, 40.84312 ], [ -73.8723, 40.84159 ], [ -73.8736, 40.83981 ], [ -73.87284, 40.83976 ] ] ] } },
{ "type": "Feature", "properties": { "name": "West New Brighton-Silver Lake-Grymes Hill" }, "geometry": { "type": "Polygon", "coordinates": [ [ [ -74.10472, 40.64557 ], [ -74.10465, 40.64531 ], [ -74.1078, 40.64523 ], [ -74.10751, 40.6449 ], [ -74.10716, 40.64421 ], [ -74.10655, 40.64425 ], [ -74.10542, 40.63891 ], [ -74.10481, 40.63898 ], [ -74.09991, 40.64017 ], [ -74.09788, 40.64037 ], [ -74.09767, 40.63897 ], [ -74.09409, 40.63928 ], [ -74.09386, 40.63803 ], [ -74.09339, 40.63661 ], [ -74.09244, 40.6356 ], [ -74.09059, 40.63547 ], [ -74.08971, 40.63569 ], [ -74.08922, 40.6361 ], [ -74.08871, 40.63685 ], [ -74.08691, 40.63587 ], [ -74.08588, 40.6367 ], [ -74.08374, 40.63575 ], [ -74.08444, 40.63541 ], [ -74.08575, 40.63396 ], [ -74.08491, 40.63365 ], [ -74.08141, 40.63031 ], [ -74.08173, 40.63002 ], [ -74.07973, 40.62896 ], [ -74.08052, 40.62811 ], [ -74.08065, 40.62764 ], [ -74.08085, 40.62739 ], [ -74.08165, 40.62736 ], [ -74.08242, 40.62746 ], [ -74.08299, 40.62736 ], [ -74.08362, 40.62693 ], [ -74.08416, 40.62628 ], [ -74.08496, 40.62463 ], [ -74.08525, 40.62281 ], [ -74.08581, 40.62038 ], [ -74.08621, 40.61801 ], [ -74.08657, 40.61718 ], [ -74.08785, 40.61525 ], [ -74.08782, 40.6151 ], [ -74.08747, 40.61457 ], [ -74.08721, 40.61332 ], [ -74.08959, 40.60986 ], [ -74.09056, 40.60901 ], [ -74.09257, 40.60983 ], [ -74.09434, 40.61034 ], [ -74.09545, 40.6105 ], [ -74.09766, 40.61052 ], [ -74.09988, 40.61293 ], [ -74.1021, 40.61461 ], [ -74.10351, 40.61642 ], [ -74.10519, 40.61829 ], [ -74.10572, 40.61876 ], [ -74.10609, 40.61899 ], [ -74.11002, 40.6207 ], [ -74.11095, 40.6212 ], [ -74.11154, 40.62161 ], [ -74.11326, 40.62306 ], [ -74.11741, 40.62468 ], [ -74.11822, 40.62511 ], [ -74.12013, 40.62654 ], [ -74.12126, 40.62783 ], [ -74.12304, 40.62902 ], [ -74.12489, 40.63174 ], [ -74.11684, 40.63268 ], [ -74.1172, 40.63458 ], [ -74.12024, 40.63431 ], [ -74.12063, 40.63658 ], [ -74.11755, 40.63696 ], [ -74.1177, 40.63944 ], [ -74.11799, 40.64058 ], [ -74.11807, 40.64131 ], [ -74.1202, 40.64108 ], [ -74.12093, 40.64092 ], [ -74.12071, 40.64105 ], [ -74.11994, 40.64121 ], [ -74.11997, 40.64132 ], [ -74.11961, 40.64139 ], [ -74.11996, 40.64222 ], [ -74.11986, 40.64224 ], [ -74.11953, 40.64148 ], [ -74.11943, 40.64143 ], [ -74.1191, 40.64148 ], [ -74.11948, 40.64236 ], [ -74.1194, 40.64239 ], [ -74.119, 40.64147 ], [ -74.11862, 40.64154 ], [ -74.11865, 40.64182 ], [ -74.11896, 40.64251 ], [ -74.11884, 40.64255 ], [ -74.1184, 40.64154 ], [ -74.11816, 40.6416 ], [ -74.11821, 40.64176 ], [ -74.11792, 40.64183 ], [ -74.1178, 40.64179 ], [ -74.1177, 40.64155 ], [ -74.1175, 40.64159 ], [ -74.11712, 40.64168 ], [ -74.11723, 40.64185 ], [ -74.11672, 40.64204 ], [ -74.11723, 40.64304 ], [ -74.11715, 40.64306 ], [ -74.11667, 40.64212 ], [ -74.1163, 40.64221 ], [ -74.11675, 40.64317 ], [ -74.11667, 40.6432 ], [ -74.11614, 40.64222 ], [ -74.11535, 40.64248 ], [ -74.11512, 40.64279 ], [ -74.1138, 40.64362 ], [ -74.11404, 40.64405 ], [ -74.11395, 40.64414 ], [ -74.11289, 40.64454 ], [ -74.11285, 40.64448 ], [ -74.11386, 40.64408 ], [ -74.11366, 40.6437 ], [ -74.11344, 40.64383 ], [ -74.11333, 40.64373 ], [ -74.11181, 40.64462 ], [ -74.1119, 40.64471 ], [ -74.11116, 40.6451 ], [ -74.11112, 40.64506 ], [ -74.11177, 40.64471 ], [ -74.11173, 40.64467 ], [ -74.11092, 40.64509 ], [ -74.10974, 40.64547 ], [ -74.10887, 40.64559 ], [ -74.10472, 40.64557 ] ] ] } },
{ "type": "Feature", "properties": { "name": "West Village" }, "geometry": { "type": "Polygon", "coordinates": [ [ [ -74.00915, 40.7425 ], [ -74.0087, 40.74237 ], [ -73.99684, 40.73737 ], [ -74.00141, 40.73107 ], [ -74.00216, 40.72977 ], [ -74.00282, 40.72837 ], [ -74.01055, 40.72911 ], [ -74.01064, 40.72818 ], [ -74.01439, 40.72847 ], [ -74.01409, 40.73067 ], [ -74.01116, 40.73046 ], [ -74.01099, 40.73233 ], [ -74.01094, 40.73302 ], [ -74.014, 40.73308 ], [ -74.014, 40.73334 ], [ -74.01091, 40.73331 ], [ -74.01073, 40.73347 ], [ -74.01087, 40.73361 ], [ -74.01083, 40.73402 ], [ -74.01202, 40.73407 ], [ -74.012, 40.73435 ], [ -74.01082, 40.73429 ], [ -74.01064, 40.73606 ], [ -74.01073, 40.73621 ], [ -74.01062, 40.73635 ], [ -74.01048, 40.73807 ], [ -74.01109, 40.7381 ], [ -74.01107, 40.73831 ], [ -74.01114, 40.7384 ], [ -74.01046, 40.73837 ], [ -74.01039, 40.73918 ], [ -74.01158, 40.73927 ], [ -74.01163, 40.73951 ], [ -74.01156, 40.73956 ], [ -74.01146, 40.74059 ], [ -74.01216, 40.74061 ], [ -74.01216, 40.74068 ], [ -74.01266, 40.7407 ], [ -74.01266, 40.74076 ], [ -74.00963, 40.74065 ], [ -74.0095, 40.74074 ], [ -74.00941, 40.74116 ], [ -74.00967, 40.74131 ], [ -74.00962, 40.74137 ], [ -74.01021, 40.74162 ], [ -74.01039, 40.74141 ], [ -74.0114, 40.74183 ], [ -74.01084, 40.7426 ], [ -74.01029, 40.74237 ], [ -74.01013, 40.74258 ], [ -74.00932, 40.74225 ], [ -74.00919, 40.7423 ], [ -74.00915, 40.7425 ] ], [ [ -74.00937, 40.74219 ], [ -74.01009, 40.7425 ], [ -74.0102, 40.74234 ], [ -74.00982, 40.74217 ], [ -74.01017, 40.74168 ], [ -74.00957, 40.74143 ], [ -74.00952, 40.74149 ], [ -74.00936, 40.74143 ], [ -74.00924, 40.74208 ], [ -74.00942, 40.74214 ], [ -74.00937, 40.74219 ] ] ] } },
{ "type": "Feature", "properties": { "name": "Westchester Square" }, "geometry": { "type": "Polygon", "coordinates": [ [ [ -73.84162, 40.84058 ], [ -73.83937, 40.84089 ], [ -73.83957, 40.84056 ], [ -73.83972, 40.83957 ], [ -73.8403, 40.83953 ], [ -73.84028, 40.83921 ], [ -73.84011, 40.83886 ], [ -73.84003, 40.83887 ], [ -73.84003, 40.83896 ], [ -73.84001, 40.83885 ], [ -73.8401, 40.83884 ], [ -73.84014, 40.83862 ], [ -73.83996, 40.83829 ], [ -73.83992, 40.83783 ], [ -73.83984, 40.83791 ], [ -73.83983, 40.8377 ], [ -73.83985, 40.8378 ], [ -73.83992, 40.83779 ], [ -73.83995, 40.83759 ], [ -73.83984, 40.83677 ], [ -73.83984, 40.83612 ], [ -73.83976, 40.83614 ], [ -73.83976, 40.8363 ], [ -73.83966, 40.83608 ], [ -73.83983, 40.83606 ], [ -73.83971, 40.83603 ], [ -73.83982, 40.83601 ], [ -73.83973, 40.83597 ], [ -73.83982, 40.83595 ], [ -73.83976, 40.8359 ], [ -73.8398, 40.83582 ], [ -73.83965, 40.83584 ], [ -73.83968, 40.83607 ], [ -73.8396, 40.83568 ], [ -73.83966, 40.83581 ], [ -73.8398, 40.8358 ], [ -73.83966, 40.83575 ], [ -73.83979, 40.83573 ], [ -73.83968, 40.83568 ], [ -73.8398, 40.83563 ], [ -73.83962, 40.83562 ], [ -73.83969, 40.83552 ], [ -73.8396, 40.83553 ], [ -73.83967, 40.8355 ], [ -73.83958, 40.83547 ], [ -73.83965, 40.83539 ], [ -73.83957, 40.8354 ], [ -73.83963, 40.83533 ], [ -73.83955, 40.83533 ], [ -73.83962, 40.83531 ], [ -73.83953, 40.83525 ], [ -73.83962, 40.83523 ], [ -73.83951, 40.83518 ], [ -73.8396, 40.83517 ], [ -73.83959, 40.83511 ], [ -73.83951, 40.83511 ], [ -73.8396, 40.8351 ], [ -73.83946, 40.83501 ], [ -73.83957, 40.83499 ], [ -73.83948, 40.83494 ], [ -73.83955, 40.83487 ], [ -73.83946, 40.83486 ], [ -73.83962, 40.83481 ], [ -73.83948, 40.83483 ], [ -73.83962, 40.83479 ], [ -73.83947, 40.83476 ], [ -73.83961, 40.83474 ], [ -73.83947, 40.83473 ], [ -73.83941, 40.83461 ], [ -73.83959, 40.83457 ], [ -73.83953, 40.83438 ], [ -73.83959, 40.83405 ], [ -73.83992, 40.83333 ], [ -73.84182, 40.83173 ], [ -73.84221, 40.83156 ], [ -73.84276, 40.83083 ], [ -73.8427, 40.83075 ], [ -73.84294, 40.83013 ], [ -73.84305, 40.83011 ], [ -73.8431, 40.82997 ], [ -73.84302, 40.82997 ], [ -73.84305, 40.82977 ], [ -73.84311, 40.8298 ], [ -73.84304, 40.82894 ], [ -73.84292, 40.82863 ], [ -73.84399, 40.82844 ], [ -73.84423, 40.82852 ], [ -73.84532, 40.82843 ], [ -73.84544, 40.82849 ], [ -73.84505, 40.82881 ], [ -73.84585, 40.82892 ], [ -73.84728, 40.82932 ], [ -73.84849, 40.83453 ], [ -73.85169, 40.83421 ], [ -73.85207, 40.83563 ], [ -73.85334, 40.84248 ], [ -73.84806, 40.84308 ], [ -73.84624, 40.8445 ], [ -73.84789, 40.846 ], [ -73.84657, 40.84708 ], [ -73.84578, 40.84797 ], [ -73.84537, 40.84872 ], [ -73.84535, 40.84946 ], [ -73.84489, 40.85021 ], [ -73.84505, 40.8492 ], [ -73.84504, 40.84871 ], [ -73.84475, 40.8474 ], [ -73.84461, 40.84626 ], [ -73.84491, 40.84544 ], [ -73.84328, 40.84355 ], [ -73.84146, 40.84096 ], [ -73.84202, 40.84067 ], [ -73.84162, 40.84058 ] ] ] } },
{ "type": "Feature", "properties": { "name": "Westerleigh-Castleton Corners" }, "geometry": { "type": "Polygon", "coordinates": [ [ [ -74.12126, 40.62783 ], [ -74.12013, 40.62654 ], [ -74.11796, 40.62495 ], [ -74.11326, 40.62306 ], [ -74.11154, 40.62161 ], [ -74.11095, 40.6212 ], [ -74.11002, 40.6207 ], [ -74.10609, 40.61899 ], [ -74.10572, 40.61876 ], [ -74.10519, 40.61829 ], [ -74.10351, 40.61642 ], [ -74.1021, 40.61461 ], [ -74.09988, 40.61293 ], [ -74.09766, 40.61052 ], [ -74.10547, 40.61016 ], [ -74.10899, 40.61013 ], [ -74.11031, 40.61029 ], [ -74.11342, 40.61102 ], [ -74.11564, 40.6111 ], [ -74.11745, 40.6108 ], [ -74.12134, 40.60967 ], [ -74.12139, 40.60992 ], [ -74.12485, 40.60909 ], [ -74.12876, 40.6085 ], [ -74.14355, 40.60769 ], [ -74.14531, 40.60783 ], [ -74.14639, 40.60804 ], [ -74.14723, 40.60827 ], [ -74.1487, 40.60884 ], [ -74.15052, 40.60992 ], [ -74.15369, 40.61236 ], [ -74.15256, 40.61623 ], [ -74.15209, 40.61733 ], [ -74.15144, 40.61814 ], [ -74.14816, 40.62148 ], [ -74.14765, 40.62213 ], [ -74.14684, 40.62332 ], [ -74.14639, 40.62421 ], [ -74.14611, 40.62494 ], [ -74.14403, 40.625 ], [ -74.13806, 40.62423 ], [ -74.137, 40.62436 ], [ -74.13581, 40.62507 ], [ -74.13806, 40.62708 ], [ -74.13789, 40.62746 ], [ -74.13807, 40.62758 ], [ -74.13674, 40.62867 ], [ -74.13586, 40.62807 ], [ -74.13409, 40.62955 ], [ -74.13344, 40.62908 ], [ -74.13162, 40.63059 ], [ -74.13108, 40.63116 ], [ -74.1306, 40.63089 ], [ -74.13048, 40.63089 ], [ -74.13014, 40.62997 ], [ -74.13131, 40.62634 ], [ -74.1307, 40.62635 ], [ -74.12216, 40.62749 ], [ -74.12126, 40.62783 ] ] ] } },
{ "type": "Feature", "properties": { "name": "Whitestone-Beechhurst" }, "geometry": { "type": "Polygon", "coordinates": [ [ [ -73.79186, 40.78931 ], [ -73.79058, 40.78814 ], [ -73.7939, 40.78664 ], [ -73.79494, 40.78628 ], [ -73.79685, 40.78592 ], [ -73.79783, 40.78585 ], [ -73.80242, 40.78603 ], [ -73.803, 40.78142 ], [ -73.80325, 40.78128 ], [ -73.80303, 40.78095 ], [ -73.80379, 40.77562 ], [ -73.81486, 40.77649 ], [ -73.81453, 40.7789 ], [ -73.82331, 40.77959 ], [ -73.82278, 40.78084 ], [ -73.82224, 40.7817 ], [ -73.82499, 40.78171 ], [ -73.82463, 40.78287 ], [ -73.82384, 40.78676 ], [ -73.8235, 40.78764 ], [ -73.82259, 40.78912 ], [ -73.82249, 40.7895 ], [ -73.82247, 40.79018 ], [ -73.82287, 40.79149 ], [ -73.82369, 40.79273 ], [ -73.82404, 40.79305 ], [ -73.82703, 40.79773 ], [ -73.82662, 40.79779 ], [ -73.82631, 40.79738 ], [ -73.82612, 40.79728 ], [ -73.82527, 40.7973 ], [ -73.82505, 40.79739 ], [ -73.82399, 40.79802 ], [ -73.82409, 40.79826 ], [ -73.82395, 40.79824 ], [ -73.82423, 40.7987 ], [ -73.82386, 40.79816 ], [ -73.82355, 40.79832 ], [ -73.82352, 40.79845 ], [ -73.82343, 40.79841 ], [ -73.82372, 40.79891 ], [ -73.82341, 40.79843 ], [ -73.82326, 40.79848 ], [ -73.8231, 40.79869 ], [ -73.82331, 40.79897 ], [ -73.823, 40.79865 ], [ -73.82261, 40.7989 ], [ -73.82254, 40.79897 ], [ -73.82279, 40.79935 ], [ -73.82252, 40.799 ], [ -73.82241, 40.7991 ], [ -73.82268, 40.79949 ], [ -73.82239, 40.79912 ], [ -73.82162, 40.8 ], [ -73.82094, 40.80051 ], [ -73.82043, 40.80064 ], [ -73.8205, 40.80102 ], [ -73.82041, 40.80065 ], [ -73.82006, 40.80081 ], [ -73.81981, 40.80081 ], [ -73.81922, 40.8006 ], [ -73.81721, 40.79922 ], [ -73.81684, 40.79911 ], [ -73.81657, 40.79942 ], [ -73.81682, 40.79911 ], [ -73.8167, 40.79908 ], [ -73.81646, 40.79935 ], [ -73.81668, 40.79907 ], [ -73.81649, 40.79902 ], [ -73.81615, 40.79874 ], [ -73.81612, 40.79862 ], [ -73.81578, 40.79903 ], [ -73.81608, 40.79858 ], [ -73.81368, 40.79755 ], [ -73.81363, 40.79745 ], [ -73.81375, 40.79716 ], [ -73.8137, 40.79709 ], [ -73.81342, 40.7977 ], [ -73.81335, 40.79768 ], [ -73.81364, 40.79706 ], [ -73.8135, 40.79695 ], [ -73.81325, 40.79722 ], [ -73.81304, 40.79719 ], [ -73.81299, 40.7973 ], [ -73.81294, 40.79729 ], [ -73.81299, 40.79718 ], [ -73.81288, 40.79719 ], [ -73.81255, 40.79806 ], [ -73.81226, 40.79814 ], [ -73.81179, 40.79803 ], [ -73.81182, 40.79747 ], [ -73.81161, 40.79738 ], [ -73.8102, 40.79717 ], [ -73.80879, 40.7968 ], [ -73.80768, 40.79668 ], [ -73.80636, 40.7964 ], [ -73.80623, 40.79683 ], [ -73.80633, 40.7964 ], [ -73.80623, 40.79651 ], [ -73.80589, 40.79648 ], [ -73.8054, 40.79618 ], [ -73.80532, 40.79651 ], [ -73.80534, 40.79617 ], [ -73.80467, 40.79618 ], [ -73.80463, 40.79637 ], [ -73.80463, 40.79615 ], [ -73.80435, 40.79622 ], [ -73.80427, 40.79665 ], [ -73.80431, 40.79622 ], [ -73.80417, 40.79624 ], [ -73.80412, 40.79669 ], [ -73.80407, 40.79668 ], [ -73.80414, 40.79624 ], [ -73.80401, 40.79628 ], [ -73.80396, 40.79666 ], [ -73.80398, 40.79629 ], [ -73.80388, 40.79632 ], [ -73.80381, 40.79654 ], [ -73.80382, 40.79634 ], [ -73.80364, 40.79641 ], [ -73.80361, 40.79664 ], [ -73.80361, 40.79643 ], [ -73.80348, 40.79648 ], [ -73.8034, 40.79692 ], [ -73.80347, 40.79648 ], [ -73.80341, 40.79671 ], [ -73.80328, 40.79671 ], [ -73.80324, 40.79709 ], [ -73.80326, 40.79671 ], [ -73.80298, 40.79672 ], [ -73.80296, 40.79642 ], [ -73.80262, 40.79637 ], [ -73.80258, 40.7963 ], [ -73.80201, 40.79628 ], [ -73.80178, 40.79632 ], [ -73.80175, 40.79652 ], [ -73.80176, 40.79633 ], [ -73.80101, 40.79653 ], [ -73.80088, 40.79635 ], [ -73.80066, 40.79636 ], [ -73.80062, 40.79644 ], [ -73.80048, 40.79629 ], [ -73.80029, 40.79633 ], [ -73.8003, 40.79626 ], [ -73.80021, 40.79628 ], [ -73.80016, 40.79646 ], [ -73.80013, 40.79646 ], [ -73.80018, 40.79628 ], [ -73.79968, 40.79618 ], [ -73.79968, 40.79633 ], [ -73.79961, 40.79634 ], [ -73.79933, 40.7961 ], [ -73.79874, 40.79598 ], [ -73.79836, 40.79572 ], [ -73.7979, 40.79557 ], [ -73.79767, 40.796 ], [ -73.79758, 40.79598 ], [ -73.79787, 40.79556 ], [ -73.79724, 40.79546 ], [ -73.79725, 40.79535 ], [ -73.79674, 40.79522 ], [ -73.79651, 40.79566 ], [ -73.79644, 40.79564 ], [ -73.79671, 40.79521 ], [ -73.79656, 40.79515 ], [ -73.79573, 40.79499 ], [ -73.7953, 40.79499 ], [ -73.79508, 40.79507 ], [ -73.79502, 40.79494 ], [ -73.7946, 40.79495 ], [ -73.79439, 40.79482 ], [ -73.79456, 40.79476 ], [ -73.79432, 40.79433 ], [ -73.79428, 40.79405 ], [ -73.79438, 40.79386 ], [ -73.79432, 40.79357 ], [ -73.79464, 40.79311 ], [ -73.79458, 40.79273 ], [ -73.79484, 40.79255 ], [ -73.79496, 40.79188 ], [ -73.79477, 40.79128 ], [ -73.79403, 40.78963 ], [ -73.79373, 40.78904 ], [ -73.79365, 40.78907 ], [ -73.79338, 40.78959 ], [ -73.79324, 40.78954 ], [ -73.79362, 40.789 ], [ -73.79286, 40.7888 ], [ -73.79263, 40.78879 ], [ -73.79235, 40.78892 ], [ -73.79186, 40.78931 ] ] ] } },
{ "type": "Feature", "properties": { "name": "Williamsbridge-Olinville" }, "geometry": { "type": "Polygon", "coordinates": [ [ [ -73.84745, 40.88699 ], [ -73.85248, 40.87947 ], [ -73.85207, 40.87931 ], [ -73.85092, 40.8779 ], [ -73.85255, 40.8771 ], [ -73.85172, 40.87685 ], [ -73.85069, 40.87549 ], [ -73.85364, 40.87331 ], [ -73.85651, 40.87423 ], [ -73.85662, 40.87126 ], [ -73.86427, 40.8714 ], [ -73.86433, 40.86966 ], [ -73.87054, 40.86968 ], [ -73.87056, 40.87152 ], [ -73.87038, 40.87329 ], [ -73.87032, 40.87563 ], [ -73.87023, 40.87573 ], [ -73.87009, 40.87635 ], [ -73.86936, 40.87812 ], [ -73.87095, 40.87852 ], [ -73.87015, 40.88036 ], [ -73.87084, 40.88046 ], [ -73.87002, 40.88235 ], [ -73.86921, 40.88333 ], [ -73.86877, 40.88423 ], [ -73.86822, 40.88561 ], [ -73.86761, 40.8876 ], [ -73.86701, 40.88908 ], [ -73.86369, 40.89433 ], [ -73.86356, 40.89539 ], [ -73.86136, 40.89467 ], [ -73.86198, 40.89317 ], [ -73.86274, 40.89185 ], [ -73.84745, 40.88699 ] ] ] } },
{ "type": "Feature", "properties": { "name": "Williamsburg" }, "geometry": { "type": "Polygon", "coordinates": [ [ [ -73.95876, 40.72455 ], [ -73.95772, 40.72429 ], [ -73.95478, 40.72247 ], [ -73.95165, 40.72349 ], [ -73.95065, 40.72171 ], [ -73.94987, 40.72219 ], [ -73.94908, 40.72255 ], [ -73.94842, 40.71846 ], [ -73.94721, 40.71857 ], [ -73.95115, 40.71604 ], [ -73.95349, 40.71408 ], [ -73.94937, 40.71408 ], [ -73.94866, 40.70973 ], [ -73.95088, 40.70952 ], [ -73.95024, 40.70548 ], [ -73.95191, 40.70637 ], [ -73.95791, 40.70844 ], [ -73.95839, 40.70768 ], [ -73.95846, 40.70726 ], [ -73.96328, 40.70774 ], [ -73.96838, 40.70684 ], [ -73.96929, 40.7071 ], [ -73.96985, 40.70801 ], [ -73.96994, 40.70931 ], [ -73.96961, 40.71028 ], [ -73.97007, 40.71046 ], [ -73.96998, 40.71053 ], [ -73.96966, 40.71051 ], [ -73.96963, 40.71067 ], [ -73.96978, 40.71069 ], [ -73.96977, 40.7108 ], [ -73.96938, 40.71103 ], [ -73.96991, 40.71128 ], [ -73.96931, 40.71112 ], [ -73.96924, 40.71125 ], [ -73.96929, 40.71128 ], [ -73.96923, 40.71144 ], [ -73.96915, 40.71147 ], [ -73.96882, 40.71226 ], [ -73.96884, 40.7124 ], [ -73.96894, 40.71243 ], [ -73.96887, 40.71259 ], [ -73.96867, 40.71287 ], [ -73.9685, 40.71282 ], [ -73.96844, 40.71295 ], [ -73.96856, 40.713 ], [ -73.96851, 40.71311 ], [ -73.96885, 40.71322 ], [ -73.96737, 40.71649 ], [ -73.96724, 40.7166 ], [ -73.96726, 40.71668 ], [ -73.96711, 40.71692 ], [ -73.96725, 40.71699 ], [ -73.96631, 40.71832 ], [ -73.9662, 40.71826 ], [ -73.96512, 40.71924 ], [ -73.96532, 40.71942 ], [ -73.9654, 40.71963 ], [ -73.96526, 40.72016 ], [ -73.96503, 40.72039 ], [ -73.96448, 40.72004 ], [ -73.96434, 40.72022 ], [ -73.96445, 40.72029 ], [ -73.96434, 40.72039 ], [ -73.9644, 40.72045 ], [ -73.96354, 40.72158 ], [ -73.96344, 40.72157 ], [ -73.96297, 40.72204 ], [ -73.96276, 40.72241 ], [ -73.96224, 40.72358 ], [ -73.9619, 40.72411 ], [ -73.96166, 40.72487 ], [ -73.96212, 40.72516 ], [ -73.9619, 40.72533 ], [ -73.96154, 40.72512 ], [ -73.96117, 40.72527 ], [ -73.96043, 40.72512 ], [ -73.95876, 40.72455 ] ] ] } },
{ "type": "Feature", "properties": { "name": "Windsor Terrace-South Slope" }, "geometry": { "type": "Polygon", "coordinates": [ [ [ -73.98017, 40.66116 ], [ -73.98021, 40.66093 ], [ -73.98, 40.66077 ], [ -73.97976, 40.66075 ], [ -73.97958, 40.66086 ], [ -73.97516, 40.65873 ], [ -73.97448, 40.65835 ], [ -73.97437, 40.6582 ], [ -73.97412, 40.6577 ], [ -73.97233, 40.65141 ], [ -73.97259, 40.65128 ], [ -73.97269, 40.65098 ], [ -73.97244, 40.65071 ], [ -73.97209, 40.65067 ], [ -73.9714, 40.64827 ], [ -73.97327, 40.64759 ], [ -73.97527, 40.64784 ], [ -73.98029, 40.64731 ], [ -73.9818, 40.65525 ], [ -73.98843, 40.65926 ], [ -73.98731, 40.66034 ], [ -73.98735, 40.6604 ], [ -73.98725, 40.66039 ], [ -73.98872, 40.66241 ], [ -73.98832, 40.66279 ], [ -73.99277, 40.66552 ], [ -73.99174, 40.66674 ], [ -73.98017, 40.66116 ] ] ] } },
{ "type": "Feature", "properties": { "name": "Woodhaven" }, "geometry": { "type": "Polygon", "coordinates": [ [ [ -73.84914, 40.69829 ], [ -73.84948, 40.6982 ], [ -73.84894, 40.69757 ], [ -73.84773, 40.69478 ], [ -73.84496, 40.68917 ], [ -73.85053, 40.6876 ], [ -73.85056, 40.68767 ], [ -73.8663, 40.68319 ], [ -73.8666, 40.68528 ], [ -73.86746, 40.68841 ], [ -73.8686, 40.69389 ], [ -73.86869, 40.69404 ], [ -73.86841, 40.69474 ], [ -73.85745, 40.69692 ], [ -73.85275, 40.69757 ], [ -73.85271, 40.69798 ], [ -73.85283, 40.69842 ], [ -73.85386, 40.69987 ], [ -73.85457, 40.7006 ], [ -73.85424, 40.70075 ], [ -73.85413, 40.70077 ], [ -73.8541, 40.70052 ], [ -73.85071, 40.70021 ], [ -73.84914, 40.69829 ] ] ] } },
{ "type": "Feature", "properties": { "name": "Woodlawn Cemetery" }, "geometry": { "type": "Polygon", "coordinates": [ [ [ -73.87192, 40.88025 ], [ -73.87495, 40.87996 ], [ -73.87479, 40.88008 ], [ -73.8747, 40.88156 ], [ -73.87813, 40.88216 ], [ -73.87773, 40.88346 ], [ -73.87761, 40.88453 ], [ -73.87783, 40.88678 ], [ -73.87804, 40.88713 ], [ -73.878, 40.88746 ], [ -73.87819, 40.88806 ], [ -73.87919, 40.89032 ], [ -73.88035, 40.89253 ], [ -73.88041, 40.89326 ], [ -73.88004, 40.89523 ], [ -73.87481, 40.89573 ], [ -73.87049, 40.89665 ], [ -73.86492, 40.89576 ], [ -73.86356, 40.89539 ], [ -73.86369, 40.89433 ], [ -73.86701, 40.88908 ], [ -73.86761, 40.8876 ], [ -73.86822, 40.88561 ], [ -73.86877, 40.88423 ], [ -73.86921, 40.88333 ], [ -73.87002, 40.88235 ], [ -73.87084, 40.88046 ], [ -73.87187, 40.88034 ], [ -73.87192, 40.88025 ] ] ] } },
{ "type": "Feature", "properties": { "name": "Woodside" }, "geometry": { "type": "Polygon", "coordinates": [ [ [ -73.89565, 40.74848 ], [ -73.89169, 40.74215 ], [ -73.89089, 40.7407 ], [ -73.89469, 40.74024 ], [ -73.88725, 40.73884 ], [ -73.88754, 40.73677 ], [ -73.89137, 40.73607 ], [ -73.89138, 40.73593 ], [ -73.88961, 40.73595 ], [ -73.88936, 40.73585 ], [ -73.88852, 40.73454 ], [ -73.8891, 40.7346 ], [ -73.89256, 40.73449 ], [ -73.89348, 40.73461 ], [ -73.89493, 40.73502 ], [ -73.89855, 40.7352 ], [ -73.89943, 40.73507 ], [ -73.90022, 40.73477 ], [ -73.90058, 40.73452 ], [ -73.90108, 40.73392 ], [ -73.90517, 40.73587 ], [ -73.90602, 40.73402 ], [ -73.90569, 40.73392 ], [ -73.90629, 40.73241 ], [ -73.91069, 40.73348 ], [ -73.90856, 40.73794 ], [ -73.90756, 40.74167 ], [ -73.91199, 40.7422 ], [ -73.91125, 40.74579 ], [ -73.91245, 40.74593 ], [ -73.91191, 40.74811 ], [ -73.91164, 40.74869 ], [ -73.91015, 40.74853 ], [ -73.9099, 40.7491 ], [ -73.90945, 40.75066 ], [ -73.9095, 40.75096 ], [ -73.91034, 40.75269 ], [ -73.91023, 40.75298 ], [ -73.89874, 40.75416 ], [ -73.89793, 40.75295 ], [ -73.89768, 40.75241 ], [ -73.8974, 40.75081 ], [ -73.89708, 40.74995 ], [ -73.89636, 40.74878 ], [ -73.89565, 40.74848 ] ] ] } },
{ "type": "Feature", "properties": { "name": "Yankee Stadium-Macombs Dam Park" }, "geometry": { "type": "Polygon", "coordinates": [ [ [ -73.92715, 40.82573 ], [ -73.92976, 40.82659 ], [ -73.92986, 40.82672 ], [ -73.93069, 40.82707 ], [ -73.93096, 40.82835 ], [ -73.93004, 40.8286 ], [ -73.92917, 40.82895 ], [ -73.92803, 40.82973 ], [ -73.92538, 40.83264 ], [ -73.92403, 40.83507 ], [ -73.92237, 40.83612 ], [ -73.92318, 40.83454 ], [ -73.92222, 40.83417 ], [ -73.92715, 40.82573 ] ] ] } }
]
}
