{
"type": "FeatureCollection",
"name": "seattle-neighborhood-overlay",
"crs": { "type": "name", "properties": { "name": "urn:ogc:def:crs:OGC:1.3:CRS84" } },
"xy_coordinate_resolution": 1e-05,
"features": [
{ "type": "Feature", "properties": { "name": "Alki" }, "geometry": { "type": "Polygon", "coordinates": [ [ [ -122.38153, 47.5895 ], [ -122.38205, 47.5898 ], [ -122.38286, 47.59094 ], [ -122.38474, 47.59327 ], [ -122.38594, 47.59407 ], [ -122.38628, 47.59414 ], [ -122.38659, 47.59408 ], [ -122.387, 47.59377 ], [ -122.38701, 47.59354 ], [ -122.38682, 47.59328 ], [ -122.38705, 47.59313 ], [ -122.38728, 47.59241 ], [ -122.38838, 47.59151 ], [ -122.38945, 47.59115 ], [ -122.38993, 47.59055 ], [ -122.39145, 47.5894 ], [ -122.39235, 47.58816 ], [ -122.39451, 47.58667 ], [ -122.39575, 47.58625 ], [ -122.39704, 47.58541 ], [ -122.39872, 47.58466 ], [ -122.399, 47.58462 ], [ -122.40044, 47.58332 ], [ -122.40262, 47.58174 ], [ -122.40265, 47.58037 ], [ -122.40357, 47.57945 ], [ -122.40402, 47.57946 ], [ -122.40402, 47.57886 ], [ -122.40376, 47.5787 ], [ -122.40363, 47.5787 ], [ -122.40294, 47.57909 ], [ -122.40063, 47.57907 ], [ -122.40135, 47.57842 ], [ -122.4034, 47.57726 ], [ -122.40334, 47.57581 ], [ -122.40274, 47.57581 ], [ -122.4028, 47.57219 ], [ -122.40379, 47.57221 ], [ -122.40387, 47.57081 ], [ -122.40318, 47.57039 ], [ -122.39877, 47.57034 ], [ -122.39889, 47.56301 ], [ -122.39824, 47.56302 ], [ -122.39829, 47.55942 ], [ -122.39761, 47.55939 ], [ -122.39769, 47.55749 ], [ -122.39888, 47.55757 ], [ -122.39907, 47.55819 ], [ -122.39959, 47.55875 ], [ -122.39987, 47.55925 ], [ -122.40035, 47.55961 ], [ -122.4007, 47.56027 ], [ -122.40258, 47.56107 ], [ -122.40428, 47.5609 ], [ -122.40452, 47.56125 ], [ -122.40572, 47.56209 ], [ -122.4064, 47.56267 ], [ -122.40677, 47.56353 ], [ -122.40696, 47.56361 ], [ -122.40703, 47.56398 ], [ -122.40713, 47.56406 ], [ -122.40742, 47.56486 ], [ -122.40837, 47.56558 ], [ -122.40877, 47.56574 ], [ -122.40972, 47.56689 ], [ -122.40967, 47.56693 ], [ -122.40991, 47.56729 ], [ -122.40987, 47.56743 ], [ -122.40996, 47.56766 ], [ -122.41006, 47.56768 ], [ -122.41002, 47.56844 ], [ -122.40984, 47.56853 ], [ -122.40976, 47.56889 ], [ -122.40989, 47.56929 ], [ -122.41071, 47.57026 ], [ -122.41098, 47.57047 ], [ -122.41232, 47.57045 ], [ -122.41268, 47.57057 ], [ -122.41268, 47.5707 ], [ -122.4125, 47.57073 ], [ -122.41125, 47.5707 ], [ -122.41132, 47.57086 ], [ -122.41165, 47.57112 ], [ -122.41255, 47.57152 ], [ -122.4138, 47.57228 ], [ -122.41404, 47.57251 ], [ -122.41487, 47.57296 ], [ -122.41662, 47.57361 ], [ -122.41705, 47.57391 ], [ -122.41794, 47.57432 ], [ -122.41798, 47.57441 ], [ -122.41931, 47.57503 ], [ -122.42045, 47.5758 ], [ -122.42079, 47.57618 ], [ -122.42076, 47.57636 ], [ -122.42037, 47.57654 ], [ -122.42021, 47.5767 ], [ -122.41923, 47.57713 ], [ -122.41457, 47.57835 ], [ -122.41059, 47.57952 ], [ -122.40985, 47.5798 ], [ -122.40478, 47.58197 ], [ -122.40107, 47.58377 ], [ -122.39292, 47.59083 ], [ -122.39062, 47.5936 ], [ -122.38995, 47.59405 ], [ -122.38794, 47.59506 ], [ -122.38765, 47.59511 ], [ -122.38779, 47.59538 ], [ -122.38743, 47.59549 ], [ -122.38728, 47.5953 ], [ -122.3871, 47.59523 ], [ -122.38648, 47.59532 ], [ -122.38528, 47.59523 ], [ -122.38458, 47.59501 ], [ -122.3839, 47.59459 ], [ -122.38342, 47.59403 ], [ -122.38364, 47.594 ], [ -122.38153, 47.5895 ] ] ] } },
{ "type": "Feature", "properties": { "name": "Arbor Heights" }, "geometry": { "type": "Polygon", "coordinates": [ [ [ -122.37955, 47.51747 ], [ -122.37137, 47.51743 ], [ -122.37088, 47.51031 ], [ -122.37088, 47.50811 ], [ -122.3707, 47.50759 ], [ -122.37072, 47.50726 ], [ -122.3704, 47.50594 ], [ -122.37055, 47.50481 ], [ -122.37055, 47.50385 ], [ -122.37065, 47.50356 ], [ -122.37214, 47.50212 ], [ -122.37393, 47.50072 ], [ -122.37415, 47.49952 ], [ -122.37496, 47.49742 ], [ -122.37565, 47.49643 ], [ -122.37577, 47.49638 ], [ -122.37601, 47.4967 ], [ -122.37651, 47.49714 ], [ -122.37789, 47.49789 ], [ -122.37812, 47.49828 ], [ -122.3784, 47.49854 ], [ -122.37966, 47.49919 ], [ -122.38232, 47.50034 ], [ -122.38534, 47.50185 ], [ -122.38649, 47.50228 ], [ -122.38691, 47.50252 ], [ -122.38777, 47.50396 ], [ -122.38833, 47.50444 ], [ -122.38834, 47.50452 ], [ -122.38736, 47.50418 ], [ -122.38513, 47.50247 ], [ -122.38488, 47.50247 ], [ -122.38479, 47.50264 ], [ -122.3852, 47.50376 ], [ -122.38513, 47.50403 ], [ -122.3848, 47.50414 ], [ -122.38446, 47.50403 ], [ -122.38369, 47.50314 ], [ -122.38223, 47.50252 ], [ -122.38194, 47.50256 ], [ -122.38188, 47.50262 ], [ -122.38217, 47.50352 ], [ -122.3819, 47.50416 ], [ -122.38154, 47.50635 ], [ -122.382, 47.50644 ], [ -122.38645, 47.50649 ], [ -122.38706, 47.50665 ], [ -122.38748, 47.50696 ], [ -122.38785, 47.50759 ], [ -122.38782, 47.50872 ], [ -122.38796, 47.50965 ], [ -122.38811, 47.51002 ], [ -122.38856, 47.51054 ], [ -122.38949, 47.51115 ], [ -122.39027, 47.51179 ], [ -122.39052, 47.51213 ], [ -122.39101, 47.51311 ], [ -122.39153, 47.51558 ], [ -122.39175, 47.51753 ], [ -122.38486, 47.51749 ], [ -122.3848, 47.51655 ], [ -122.38423, 47.51655 ], [ -122.37944, 47.51656 ], [ -122.37955, 47.51747 ] ] ] } },
{ "type": "Feature", "properties": { "name": "Atlantic" }, "geometry": { "type": "Polygon", "coordinates": [ [ [ -122.31677, 47.60172 ], [ -122.29681, 47.60168 ], [ -122.29681, 47.60136 ], [ -122.29743, 47.59958 ], [ -122.29745, 47.59724 ], [ -122.29754, 47.59584 ], [ -122.29786, 47.59474 ], [ -122.29781, 47.59296 ], [ -122.2974, 47.59081 ], [ -122.29766, 47.58945 ], [ -122.29803, 47.58845 ], [ -122.29812, 47.58687 ], [ -122.29815, 47.5834 ], [ -122.29794, 47.58254 ], [ -122.29641, 47.58042 ], [ -122.29622, 47.5799 ], [ -122.29617, 47.57946 ], [ -122.29621, 47.57738 ], [ -122.29632, 47.57688 ], [ -122.29661, 47.57633 ], [ -122.30302, 47.5847 ], [ -122.30525, 47.58774 ], [ -122.3139, 47.59899 ], [ -122.31414, 47.59921 ], [ -122.31723, 47.59919 ], [ -122.31719, 47.60027 ], [ -122.31677, 47.60172 ] ] ] } },
{ "type": "Feature", "properties": { "name": "Ballard" }, "geometry": { "type": "Polygon", "coordinates": [ [ [ -122.37621, 47.67574 ], [ -122.37623, 47.66099 ], [ -122.3764, 47.661 ], [ -122.37641, 47.66089 ], [ -122.37723, 47.66089 ], [ -122.37725, 47.6611 ], [ -122.37753, 47.66118 ], [ -122.37779, 47.66074 ], [ -122.37789, 47.6607 ], [ -122.38013, 47.66133 ], [ -122.38024, 47.66151 ], [ -122.3807, 47.66168 ], [ -122.38065, 47.66186 ], [ -122.38139, 47.66229 ], [ -122.38236, 47.66307 ], [ -122.38207, 47.66354 ], [ -122.38243, 47.66398 ], [ -122.38294, 47.66373 ], [ -122.38393, 47.66444 ], [ -122.38381, 47.66455 ], [ -122.38398, 47.66468 ], [ -122.38475, 47.66427 ], [ -122.38502, 47.66451 ], [ -122.38489, 47.66458 ], [ -122.38516, 47.66479 ], [ -122.3853, 47.66475 ], [ -122.38549, 47.66489 ], [ -122.38565, 47.66479 ], [ -122.38792, 47.66647 ], [ -122.38798, 47.66654 ], [ -122.38776, 47.6668 ], [ -122.3881, 47.66707 ], [ -122.38812, 47.66717 ], [ -122.38832, 47.66703 ], [ -122.38902, 47.66733 ], [ -122.38909, 47.66733 ], [ -122.38917, 47.66714 ], [ -122.3892, 47.66746 ], [ -122.38976, 47.66743 ], [ -122.39043, 47.66754 ], [ -122.39048, 47.66766 ], [ -122.39089, 47.66766 ], [ -122.391, 47.66751 ], [ -122.39138, 47.66731 ], [ -122.39145, 47.66709 ], [ -122.39189, 47.6671 ], [ -122.39209, 47.66712 ], [ -122.39213, 47.66741 ], [ -122.39323, 47.66738 ], [ -122.39324, 47.66754 ], [ -122.39361, 47.66756 ], [ -122.39376, 47.66739 ], [ -122.39377, 47.66656 ], [ -122.39481, 47.66656 ], [ -122.39485, 47.66635 ], [ -122.39548, 47.66624 ], [ -122.39584, 47.66559 ], [ -122.39487, 47.66535 ], [ -122.39415, 47.66528 ], [ -122.39415, 47.66514 ], [ -122.39358, 47.66499 ], [ -122.39119, 47.66471 ], [ -122.39113, 47.66464 ], [ -122.39353, 47.66492 ], [ -122.39519, 47.66534 ], [ -122.39516, 47.66521 ], [ -122.39529, 47.66514 ], [ -122.39462, 47.66496 ], [ -122.39503, 47.66497 ], [ -122.39714, 47.66548 ], [ -122.39718, 47.66541 ], [ -122.3971, 47.66537 ], [ -122.39728, 47.66505 ], [ -122.39742, 47.66508 ], [ -122.3973, 47.66537 ], [ -122.39869, 47.66576 ], [ -122.39724, 47.66543 ], [ -122.39718, 47.6655 ], [ -122.40017, 47.66624 ], [ -122.4002, 47.6663 ], [ -122.39846, 47.66592 ], [ -122.39829, 47.66599 ], [ -122.39836, 47.66612 ], [ -122.39974, 47.66651 ], [ -122.39979, 47.66668 ], [ -122.40185, 47.6675 ], [ -122.40194, 47.66756 ], [ -122.402, 47.66785 ], [ -122.40194, 47.66805 ], [ -122.40101, 47.66768 ], [ -122.39833, 47.66748 ], [ -122.39837, 47.67583 ], [ -122.39826, 47.67586 ], [ -122.38183, 47.67599 ], [ -122.37671, 47.676 ], [ -122.37634, 47.67592 ], [ -122.37621, 47.67574 ] ] ] } },
{ "type": "Feature", "properties": { "name": "Belltown" }, "geometry": { "type": "Polygon", "coordinates": [ [ [ -122.34536, 47.61856 ], [ -122.34221, 47.6167 ], [ -122.34264, 47.61637 ], [ -122.33874, 47.61407 ], [ -122.33918, 47.61372 ], [ -122.33739, 47.61267 ], [ -122.33927, 47.61188 ], [ -122.34047, 47.61097 ], [ -122.34304, 47.61252 ], [ -122.34649, 47.60994 ], [ -122.34731, 47.61044 ], [ -122.3476, 47.61044 ], [ -122.34794, 47.61065 ], [ -122.34876, 47.61067 ], [ -122.34918, 47.61091 ], [ -122.35018, 47.6115 ], [ -122.34974, 47.61185 ], [ -122.35042, 47.61226 ], [ -122.35253, 47.61226 ], [ -122.35316, 47.61258 ], [ -122.35315, 47.61278 ], [ -122.35233, 47.61279 ], [ -122.35266, 47.61304 ], [ -122.35197, 47.61306 ], [ -122.35284, 47.61355 ], [ -122.35502, 47.61356 ], [ -122.35572, 47.6139 ], [ -122.35574, 47.6141 ], [ -122.35568, 47.61413 ], [ -122.35476, 47.61412 ], [ -122.3547, 47.61427 ], [ -122.35408, 47.61427 ], [ -122.35446, 47.61451 ], [ -122.35667, 47.61452 ], [ -122.35735, 47.6149 ], [ -122.35732, 47.61498 ], [ -122.35522, 47.61497 ], [ -122.35652, 47.61575 ], [ -122.35784, 47.61677 ], [ -122.35831, 47.617 ], [ -122.3589, 47.61714 ], [ -122.35994, 47.61771 ], [ -122.36043, 47.61809 ], [ -122.3605, 47.61851 ], [ -122.36048, 47.61858 ], [ -122.35781, 47.61862 ], [ -122.34536, 47.61856 ] ] ] } },
{ "type": "Feature", "properties": { "name": "Bitter Lake" }, "geometry": { "type": "Polygon", "coordinates": [ [ [ -122.35564, 47.73413 ], [ -122.3451, 47.73413 ], [ -122.34492, 47.71751 ], [ -122.3447, 47.70505 ], [ -122.35546, 47.70508 ], [ -122.35556, 47.73232 ], [ -122.35564, 47.73413 ] ] ] } },
{ "type": "Feature", "properties": { "name": "Briarcliff" }, "geometry": { "type": "Polygon", "coordinates": [ [ [ -122.41999, 47.65239 ], [ -122.41971, 47.65412 ], [ -122.40359, 47.65405 ], [ -122.40362, 47.64681 ], [ -122.40094, 47.64682 ], [ -122.40103, 47.63923 ], [ -122.40072, 47.63923 ], [ -122.40041, 47.63912 ], [ -122.39963, 47.63911 ], [ -122.39809, 47.63802 ], [ -122.39792, 47.63771 ], [ -122.39788, 47.63575 ], [ -122.3975, 47.63377 ], [ -122.39721, 47.63327 ], [ -122.39415, 47.63229 ], [ -122.39362, 47.63224 ], [ -122.3937, 47.63044 ], [ -122.39494, 47.63048 ], [ -122.39546, 47.63082 ], [ -122.39565, 47.63142 ], [ -122.3958, 47.63153 ], [ -122.39662, 47.63164 ], [ -122.39754, 47.63198 ], [ -122.399, 47.63225 ], [ -122.39916, 47.6324 ], [ -122.40037, 47.63288 ], [ -122.40167, 47.63332 ], [ -122.40194, 47.63327 ], [ -122.40193, 47.63344 ], [ -122.40628, 47.63513 ], [ -122.40831, 47.63635 ], [ -122.4092, 47.63673 ], [ -122.41176, 47.63842 ], [ -122.41242, 47.63859 ], [ -122.41271, 47.63885 ], [ -122.41266, 47.63902 ], [ -122.41272, 47.63907 ], [ -122.41413, 47.64002 ], [ -122.41498, 47.64036 ], [ -122.41531, 47.64062 ], [ -122.41645, 47.64184 ], [ -122.41647, 47.64201 ], [ -122.41704, 47.6429 ], [ -122.41734, 47.6432 ], [ -122.41727, 47.64331 ], [ -122.41739, 47.64389 ], [ -122.41752, 47.64396 ], [ -122.41754, 47.64434 ], [ -122.41774, 47.64495 ], [ -122.41741, 47.64572 ], [ -122.41746, 47.64638 ], [ -122.41734, 47.64667 ], [ -122.41746, 47.6472 ], [ -122.41736, 47.64839 ], [ -122.41745, 47.64879 ], [ -122.41767, 47.64918 ], [ -122.41802, 47.64954 ], [ -122.418, 47.64963 ], [ -122.41834, 47.6501 ], [ -122.41868, 47.65034 ], [ -122.41889, 47.65087 ], [ -122.41891, 47.65132 ], [ -122.41948, 47.65182 ], [ -122.41943, 47.65194 ], [ -122.41949, 47.65205 ], [ -122.41999, 47.65239 ] ] ] } },
{ "type": "Feature", "properties": { "name": "Brighton" }, "geometry": { "type": "Polygon", "coordinates": [ [ [ -122.28067, 47.54599 ], [ -122.26989, 47.54606 ], [ -122.26993, 47.53981 ], [ -122.2669, 47.5398 ], [ -122.26719, 47.53872 ], [ -122.26726, 47.5354 ], [ -122.2664, 47.53159 ], [ -122.28065, 47.53154 ], [ -122.28077, 47.53621 ], [ -122.28551, 47.54605 ], [ -122.28067, 47.54599 ] ] ] } },
{ "type": "Feature", "properties": { "name": "Broadview" }, "geometry": { "type": "Polygon", "coordinates": [ [ [ -122.37994, 47.71228 ], [ -122.37898, 47.71312 ], [ -122.37728, 47.71506 ], [ -122.3766, 47.71602 ], [ -122.37611, 47.71698 ], [ -122.37585, 47.7176 ], [ -122.3757, 47.71863 ], [ -122.37622, 47.72094 ], [ -122.37621, 47.72147 ], [ -122.37608, 47.72204 ], [ -122.3755, 47.72341 ], [ -122.37387, 47.72559 ], [ -122.37343, 47.72661 ], [ -122.37315, 47.72875 ], [ -122.37319, 47.72977 ], [ -122.37365, 47.73188 ], [ -122.37462, 47.73416 ], [ -122.35564, 47.73413 ], [ -122.35556, 47.73232 ], [ -122.35546, 47.70508 ], [ -122.36077, 47.70512 ], [ -122.36079, 47.70693 ], [ -122.36185, 47.70694 ], [ -122.36292, 47.70764 ], [ -122.36294, 47.70875 ], [ -122.3637, 47.70876 ], [ -122.3637, 47.70901 ], [ -122.36358, 47.70926 ], [ -122.36297, 47.70956 ], [ -122.36279, 47.70976 ], [ -122.36369, 47.70973 ], [ -122.36456, 47.70931 ], [ -122.36482, 47.70935 ], [ -122.36539, 47.71011 ], [ -122.36502, 47.71082 ], [ -122.36477, 47.71111 ], [ -122.36498, 47.71116 ], [ -122.36549, 47.71112 ], [ -122.36592, 47.71096 ], [ -122.36612, 47.71108 ], [ -122.36617, 47.70876 ], [ -122.37083, 47.70891 ], [ -122.38004, 47.70881 ], [ -122.38033, 47.70891 ], [ -122.38014, 47.70933 ], [ -122.38003, 47.70986 ], [ -122.38, 47.71098 ], [ -122.37988, 47.71175 ], [ -122.37973, 47.71192 ], [ -122.37983, 47.712 ], [ -122.37982, 47.71222 ], [ -122.37994, 47.71228 ] ] ] } },
{ "type": "Feature", "properties": { "name": "Broadway" }, "geometry": { "type": "Polygon", "coordinates": [ [ [ -122.32288, 47.63972 ], [ -122.32231, 47.63953 ], [ -122.32133, 47.63954 ], [ -122.32136, 47.63614 ], [ -122.32122, 47.6359 ], [ -122.31359, 47.63594 ], [ -122.31352, 47.63536 ], [ -122.31336, 47.635 ], [ -122.31253, 47.63397 ], [ -122.31248, 47.63298 ], [ -122.31276, 47.6145 ], [ -122.31675, 47.6129 ], [ -122.31944, 47.61294 ], [ -122.31945, 47.61409 ], [ -122.32741, 47.61409 ], [ -122.3306, 47.61276 ], [ -122.32972, 47.61478 ], [ -122.32922, 47.61617 ], [ -122.32873, 47.61825 ], [ -122.32864, 47.61918 ], [ -122.32867, 47.62694 ], [ -122.32854, 47.62755 ], [ -122.32824, 47.6283 ], [ -122.32779, 47.62895 ], [ -122.32508, 47.6314 ], [ -122.32421, 47.63258 ], [ -122.32344, 47.63453 ], [ -122.32307, 47.63592 ], [ -122.32295, 47.63687 ], [ -122.32288, 47.63972 ] ] ] } },
{ "type": "Feature", "properties": { "name": "Bryant" }, "geometry": { "type": "Polygon", "coordinates": [ [ [ -122.29048, 47.68305 ], [ -122.28516, 47.68304 ], [ -122.28488, 47.67577 ], [ -122.27954, 47.67578 ], [ -122.27944, 47.66796 ], [ -122.28003, 47.66759 ], [ -122.28576, 47.66208 ], [ -122.287, 47.66143 ], [ -122.28826, 47.66117 ], [ -122.29287, 47.66124 ], [ -122.29014, 47.66264 ], [ -122.29025, 47.67512 ], [ -122.29048, 47.68305 ] ] ] } },
{ "type": "Feature", "properties": { "name": "Cedar Park" }, "geometry": { "type": "Polygon", "coordinates": [ [ [ -122.29242, 47.73375 ], [ -122.28413, 47.73373 ], [ -122.28393, 47.73317 ], [ -122.28378, 47.73318 ], [ -122.28346, 47.73302 ], [ -122.2833, 47.73277 ], [ -122.28289, 47.73254 ], [ -122.28263, 47.73226 ], [ -122.28255, 47.7323 ], [ -122.28232, 47.73218 ], [ -122.28197, 47.73177 ], [ -122.28159, 47.73162 ], [ -122.28144, 47.73148 ], [ -122.28131, 47.73125 ], [ -122.28132, 47.73106 ], [ -122.28157, 47.73063 ], [ -122.28167, 47.73063 ], [ -122.28157, 47.73041 ], [ -122.28165, 47.73036 ], [ -122.28169, 47.73009 ], [ -122.28184, 47.72985 ], [ -122.28208, 47.72982 ], [ -122.28212, 47.72952 ], [ -122.28185, 47.72947 ], [ -122.28143, 47.72862 ], [ -122.28135, 47.72863 ], [ -122.28139, 47.72858 ], [ -122.28131, 47.72853 ], [ -122.28129, 47.72824 ], [ -122.28065, 47.72702 ], [ -122.28034, 47.72661 ], [ -122.28028, 47.72642 ], [ -122.28038, 47.72641 ], [ -122.28031, 47.72638 ], [ -122.28027, 47.72609 ], [ -122.28016, 47.72603 ], [ -122.28008, 47.72548 ], [ -122.28001, 47.72547 ], [ -122.28002, 47.72525 ], [ -122.2802, 47.72525 ], [ -122.28022, 47.72509 ], [ -122.28029, 47.72508 ], [ -122.28024, 47.7247 ], [ -122.28033, 47.72467 ], [ -122.28026, 47.72466 ], [ -122.28032, 47.72444 ], [ -122.28082, 47.72305 ], [ -122.28111, 47.72301 ], [ -122.28086, 47.72288 ], [ -122.28099, 47.72233 ], [ -122.28076, 47.72074 ], [ -122.28046, 47.71999 ], [ -122.28016, 47.71977 ], [ -122.27972, 47.71971 ], [ -122.27947, 47.71959 ], [ -122.27925, 47.7196 ], [ -122.27879, 47.71906 ], [ -122.27829, 47.71735 ], [ -122.27785, 47.71617 ], [ -122.27886, 47.7156 ], [ -122.27921, 47.71577 ], [ -122.27921, 47.71673 ], [ -122.27949, 47.71706 ], [ -122.28007, 47.71729 ], [ -122.28041, 47.71765 ], [ -122.2817, 47.71731 ], [ -122.2827, 47.71721 ], [ -122.28298, 47.71739 ], [ -122.2839, 47.71739 ], [ -122.2839, 47.71557 ], [ -122.29157, 47.71553 ], [ -122.29739, 47.71562 ], [ -122.29366, 47.72195 ], [ -122.293, 47.72338 ], [ -122.29262, 47.72451 ], [ -122.29237, 47.72564 ], [ -122.29223, 47.72705 ], [ -122.29242, 47.73375 ] ] ] } },
{ "type": "Feature", "properties": { "name": "Central Business District" }, "geometry": { "type": "Polygon", "coordinates": [ [ [ -122.32925, 47.61607 ], [ -122.32972, 47.61478 ], [ -122.331, 47.61178 ], [ -122.33118, 47.61101 ], [ -122.33119, 47.61013 ], [ -122.33099, 47.60926 ], [ -122.33051, 47.60821 ], [ -122.32806, 47.60516 ], [ -122.33429, 47.60255 ], [ -122.33493, 47.60327 ], [ -122.33715, 47.60234 ], [ -122.33941, 47.60234 ], [ -122.33941, 47.60249 ], [ -122.33984, 47.6025 ], [ -122.33985, 47.60256 ], [ -122.33942, 47.60256 ], [ -122.33942, 47.60265 ], [ -122.33932, 47.60265 ], [ -122.33932, 47.60285 ], [ -122.33986, 47.60286 ], [ -122.33987, 47.60293 ], [ -122.33922, 47.60296 ], [ -122.33921, 47.60324 ], [ -122.33965, 47.60325 ], [ -122.33965, 47.60331 ], [ -122.33922, 47.60331 ], [ -122.33921, 47.60353 ], [ -122.339, 47.60353 ], [ -122.33901, 47.60388 ], [ -122.3401, 47.60391 ], [ -122.34049, 47.60434 ], [ -122.33923, 47.60438 ], [ -122.3395, 47.60458 ], [ -122.34043, 47.60463 ], [ -122.34044, 47.60494 ], [ -122.3398, 47.60494 ], [ -122.34002, 47.60518 ], [ -122.34037, 47.60514 ], [ -122.34043, 47.60523 ], [ -122.34193, 47.60525 ], [ -122.34216, 47.60558 ], [ -122.34209, 47.60564 ], [ -122.34038, 47.60563 ], [ -122.34053, 47.60581 ], [ -122.34252, 47.60589 ], [ -122.3428, 47.60628 ], [ -122.34187, 47.60634 ], [ -122.34151, 47.60656 ], [ -122.3416, 47.6068 ], [ -122.338, 47.60829 ], [ -122.34047, 47.61097 ], [ -122.33927, 47.61188 ], [ -122.32925, 47.61607 ] ] ] } },
{ "type": "Feature", "properties": { "name": "Columbia City" }, "geometry": { "type": "Polygon", "coordinates": [ [ [ -122.29661, 47.57633 ], [ -122.29231, 47.57069 ], [ -122.29185, 47.57031 ], [ -122.29084, 47.56986 ], [ -122.29048, 47.56961 ], [ -122.28924, 47.56795 ], [ -122.28819, 47.56409 ], [ -122.27576, 47.56411 ], [ -122.27568, 47.55703 ], [ -122.27262, 47.55706 ], [ -122.27263, 47.54604 ], [ -122.28067, 47.54599 ], [ -122.28551, 47.54605 ], [ -122.29041, 47.55609 ], [ -122.29336, 47.56083 ], [ -122.29488, 47.56088 ], [ -122.29548, 47.56104 ], [ -122.29674, 47.56157 ], [ -122.29727, 47.56166 ], [ -122.29782, 47.56165 ], [ -122.29843, 47.56151 ], [ -122.30252, 47.55998 ], [ -122.30464, 47.5596 ], [ -122.30513, 47.56119 ], [ -122.3031, 47.56129 ], [ -122.30264, 47.56142 ], [ -122.30226, 47.56164 ], [ -122.30165, 47.56241 ], [ -122.3016, 47.56259 ], [ -122.30171, 47.56283 ], [ -122.30235, 47.56337 ], [ -122.30233, 47.56368 ], [ -122.30201, 47.56394 ], [ -122.30121, 47.56411 ], [ -122.30077, 47.56433 ], [ -122.29975, 47.56558 ], [ -122.29972, 47.5664 ], [ -122.29925, 47.56748 ], [ -122.29918, 47.57226 ], [ -122.29919, 47.57288 ], [ -122.29942, 47.57321 ], [ -122.29936, 47.57576 ], [ -122.29911, 47.57588 ], [ -122.29673, 47.57588 ], [ -122.29661, 47.57633 ] ] ] } },
{ "type": "Feature", "properties": { "name": "Crown Hill" }, "geometry": { "type": "Polygon", "coordinates": [ [ [ -122.36607, 47.70517 ], [ -122.366, 47.69065 ], [ -122.38328, 47.69059 ], [ -122.38325, 47.6913 ], [ -122.38289, 47.69193 ], [ -122.3829, 47.69424 ], [ -122.3828, 47.69465 ], [ -122.3768, 47.69469 ], [ -122.37677, 47.70154 ], [ -122.37543, 47.70153 ], [ -122.37542, 47.70519 ], [ -122.36607, 47.70517 ] ] ] } },
{ "type": "Feature", "properties": { "name": "Denny Triangle" }, "geometry": { "type": "Polygon", "coordinates": [ [ [ -122.33739, 47.61267 ], [ -122.33918, 47.61372 ], [ -122.33874, 47.61407 ], [ -122.34264, 47.61637 ], [ -122.34221, 47.6167 ], [ -122.34536, 47.61856 ], [ -122.32871, 47.61847 ], [ -122.32884, 47.6176 ], [ -122.32925, 47.61607 ], [ -122.33739, 47.61267 ] ] ] } },
{ "type": "Feature", "properties": { "name": "Dunlap" }, "geometry": { "type": "Polygon", "coordinates": [ [ [ -122.28065, 47.53154 ], [ -122.26311, 47.5316 ], [ -122.26307, 47.53112 ], [ -122.26298, 47.53112 ], [ -122.26298, 47.53094 ], [ -122.26305, 47.5309 ], [ -122.26321, 47.52997 ], [ -122.26318, 47.52975 ], [ -122.26262, 47.52905 ], [ -122.2625, 47.52931 ], [ -122.26215, 47.52924 ], [ -122.26173, 47.52927 ], [ -122.26047, 47.52834 ], [ -122.26027, 47.52785 ], [ -122.2602, 47.52718 ], [ -122.26011, 47.52718 ], [ -122.26008, 47.52706 ], [ -122.26015, 47.52658 ], [ -122.26013, 47.52645 ], [ -122.26004, 47.52645 ], [ -122.25991, 47.52547 ], [ -122.25993, 47.52507 ], [ -122.26008, 47.52444 ], [ -122.26027, 47.52398 ], [ -122.26047, 47.52372 ], [ -122.26081, 47.52365 ], [ -122.26133, 47.52369 ], [ -122.26154, 47.524 ], [ -122.26208, 47.52409 ], [ -122.2622, 47.52429 ], [ -122.26229, 47.52399 ], [ -122.26306, 47.52325 ], [ -122.2631, 47.52266 ], [ -122.2632, 47.52247 ], [ -122.26314, 47.52187 ], [ -122.26303, 47.52157 ], [ -122.2624, 47.52108 ], [ -122.26236, 47.52096 ], [ -122.26249, 47.52081 ], [ -122.26217, 47.52086 ], [ -122.26171, 47.52115 ], [ -122.26146, 47.52113 ], [ -122.26092, 47.52074 ], [ -122.26062, 47.5207 ], [ -122.26029, 47.52084 ], [ -122.25903, 47.52035 ], [ -122.26076, 47.52034 ], [ -122.26509, 47.51982 ], [ -122.26898, 47.51986 ], [ -122.26939, 47.51995 ], [ -122.26971, 47.52014 ], [ -122.26996, 47.51993 ], [ -122.26997, 47.51904 ], [ -122.27662, 47.51904 ], [ -122.27688, 47.51911 ], [ -122.27856, 47.52031 ], [ -122.27993, 47.52061 ], [ -122.27877, 47.5245 ], [ -122.27877, 47.52484 ], [ -122.27905, 47.52591 ], [ -122.27961, 47.52691 ], [ -122.28051, 47.52885 ], [ -122.28063, 47.52942 ], [ -122.28065, 47.53154 ] ] ] } },
{ "type": "Feature", "properties": { "name": "East Queen Anne" }, "geometry": { "type": "Polygon", "coordinates": [ [ [ -122.357, 47.63265 ], [ -122.35689, 47.64143 ], [ -122.35556, 47.64143 ], [ -122.35556, 47.64185 ], [ -122.35447, 47.64186 ], [ -122.35256, 47.64217 ], [ -122.34958, 47.64297 ], [ -122.34956, 47.64571 ], [ -122.34974, 47.64623 ], [ -122.34977, 47.64725 ], [ -122.34921, 47.64687 ], [ -122.34874, 47.64632 ], [ -122.34878, 47.64624 ], [ -122.34852, 47.64594 ], [ -122.34783, 47.64572 ], [ -122.3459, 47.64484 ], [ -122.34535, 47.64485 ], [ -122.34495, 47.64467 ], [ -122.345, 47.64457 ], [ -122.34414, 47.64402 ], [ -122.34404, 47.64375 ], [ -122.34382, 47.64374 ], [ -122.34376, 47.64367 ], [ -122.34391, 47.6436 ], [ -122.34381, 47.64348 ], [ -122.34353, 47.64352 ], [ -122.34369, 47.64333 ], [ -122.34355, 47.64317 ], [ -122.34308, 47.64325 ], [ -122.343, 47.64311 ], [ -122.34257, 47.64323 ], [ -122.34254, 47.64315 ], [ -122.34269, 47.64309 ], [ -122.34247, 47.64281 ], [ -122.34257, 47.64275 ], [ -122.34252, 47.64267 ], [ -122.34294, 47.64251 ], [ -122.34295, 47.64222 ], [ -122.3426, 47.64184 ], [ -122.3423, 47.64185 ], [ -122.34219, 47.64172 ], [ -122.34235, 47.64166 ], [ -122.3422, 47.64144 ], [ -122.34229, 47.64135 ], [ -122.34093, 47.63929 ], [ -122.34081, 47.63914 ], [ -122.34065, 47.63912 ], [ -122.34046, 47.6388 ], [ -122.34054, 47.63876 ], [ -122.34028, 47.63847 ], [ -122.34026, 47.63802 ], [ -122.34192, 47.638 ], [ -122.34381, 47.63746 ], [ -122.34438, 47.63742 ], [ -122.3437, 47.63643 ], [ -122.34347, 47.63564 ], [ -122.34354, 47.62802 ], [ -122.34754, 47.62804 ], [ -122.35015, 47.62814 ], [ -122.35668, 47.62808 ], [ -122.35659, 47.63208 ], [ -122.35666, 47.63223 ], [ -122.35691, 47.63243 ], [ -122.357, 47.63265 ] ] ] } },
{ "type": "Feature", "properties": { "name": "Eastlake" }, "geometry": { "type": "Polygon", "coordinates": [ [ [ -122.32257, 47.64992 ], [ -122.32295, 47.63685 ], [ -122.32307, 47.63592 ], [ -122.32333, 47.63487 ], [ -122.32692, 47.63487 ], [ -122.32692, 47.63556 ], [ -122.32941, 47.63702 ], [ -122.32941, 47.63825 ], [ -122.32952, 47.63973 ], [ -122.32968, 47.63973 ], [ -122.32979, 47.63996 ], [ -122.32978, 47.64045 ], [ -122.32967, 47.64058 ], [ -122.32969, 47.641 ], [ -122.32958, 47.6412 ], [ -122.32962, 47.64153 ], [ -122.32954, 47.64175 ], [ -122.32975, 47.6418 ], [ -122.32964, 47.64209 ], [ -122.32975, 47.64219 ], [ -122.32916, 47.64309 ], [ -122.32893, 47.64315 ], [ -122.3289, 47.64326 ], [ -122.3286, 47.64339 ], [ -122.3282, 47.64336 ], [ -122.32781, 47.64346 ], [ -122.3276, 47.64363 ], [ -122.3274, 47.64395 ], [ -122.32742, 47.64458 ], [ -122.32758, 47.64485 ], [ -122.32781, 47.64501 ], [ -122.32751, 47.64548 ], [ -122.32735, 47.64553 ], [ -122.32732, 47.64569 ], [ -122.32795, 47.64575 ], [ -122.32723, 47.64686 ], [ -122.3266, 47.64672 ], [ -122.32616, 47.64708 ], [ -122.32596, 47.64747 ], [ -122.32547, 47.64782 ], [ -122.32509, 47.64852 ], [ -122.32521, 47.64855 ], [ -122.3252, 47.64878 ], [ -122.32535, 47.64882 ], [ -122.32495, 47.64888 ], [ -122.32501, 47.64903 ], [ -122.32544, 47.64905 ], [ -122.32543, 47.64911 ], [ -122.32496, 47.64913 ], [ -122.32502, 47.64926 ], [ -122.32526, 47.64937 ], [ -122.32527, 47.64946 ], [ -122.32511, 47.64968 ], [ -122.3248, 47.64969 ], [ -122.32452, 47.65005 ], [ -122.32431, 47.65002 ], [ -122.32432, 47.65024 ], [ -122.32399, 47.65037 ], [ -122.32382, 47.65077 ], [ -122.32411, 47.65079 ], [ -122.32411, 47.65087 ], [ -122.32394, 47.6509 ], [ -122.32386, 47.65105 ], [ -122.32362, 47.6511 ], [ -122.32366, 47.65118 ], [ -122.32403, 47.65118 ], [ -122.32404, 47.65132 ], [ -122.32366, 47.65132 ], [ -122.3232, 47.65147 ], [ -122.32321, 47.65189 ], [ -122.32313, 47.65217 ], [ -122.32305, 47.65222 ], [ -122.32258, 47.65232 ], [ -122.32189, 47.65227 ], [ -122.32135, 47.65236 ], [ -122.32086, 47.65211 ], [ -122.32257, 47.64992 ] ] ] } },
{ "type": "Feature", "properties": { "name": "Fairmount Park" }, "geometry": { "type": "Polygon", "coordinates": [ [ [ -122.37063, 47.57144 ], [ -122.37081, 47.56757 ], [ -122.37268, 47.56451 ], [ -122.37301, 47.56426 ], [ -122.37345, 47.56411 ], [ -122.37616, 47.56407 ], [ -122.37642, 47.54654 ], [ -122.38313, 47.54663 ], [ -122.38355, 47.54597 ], [ -122.3843, 47.54547 ], [ -122.38498, 47.54525 ], [ -122.38722, 47.54487 ], [ -122.38679, 47.55931 ], [ -122.3815, 47.55929 ], [ -122.38152, 47.56117 ], [ -122.37788, 47.56399 ], [ -122.37682, 47.56471 ], [ -122.37539, 47.56535 ], [ -122.37427, 47.56602 ], [ -122.37383, 47.56646 ], [ -122.37353, 47.56699 ], [ -122.37274, 47.56988 ], [ -122.37245, 47.57045 ], [ -122.37211, 47.57081 ], [ -122.37166, 47.5711 ], [ -122.37063, 47.57144 ] ] ] } },
{ "type": "Feature", "properties": { "name": "Fauntleroy" }, "geometry": { "type": "Polygon", "coordinates": [ [ [ -122.39638, 47.53701 ], [ -122.38989, 47.53699 ], [ -122.38986, 47.53801 ], [ -122.38932, 47.53801 ], [ -122.38728, 47.53853 ], [ -122.388, 47.53826 ], [ -122.38855, 47.53753 ], [ -122.3885, 47.53726 ], [ -122.38863, 47.53699 ], [ -122.38848, 47.53443 ], [ -122.38878, 47.53293 ], [ -122.38734, 47.53292 ], [ -122.38739, 47.52854 ], [ -122.37665, 47.52829 ], [ -122.37667, 47.525 ], [ -122.3769, 47.51749 ], [ -122.37955, 47.51747 ], [ -122.37944, 47.51656 ], [ -122.38423, 47.51655 ], [ -122.3848, 47.51655 ], [ -122.38486, 47.51749 ], [ -122.39175, 47.51753 ], [ -122.39153, 47.51558 ], [ -122.39101, 47.51311 ], [ -122.39052, 47.51213 ], [ -122.39027, 47.51179 ], [ -122.38949, 47.51115 ], [ -122.38856, 47.51054 ], [ -122.38811, 47.51002 ], [ -122.38796, 47.50965 ], [ -122.38782, 47.50872 ], [ -122.38785, 47.50759 ], [ -122.38748, 47.50696 ], [ -122.38706, 47.50665 ], [ -122.38645, 47.50649 ], [ -122.382, 47.50644 ], [ -122.38154, 47.50635 ], [ -122.3819, 47.50416 ], [ -122.38217, 47.50352 ], [ -122.38188, 47.50262 ], [ -122.382, 47.50252 ], [ -122.38219, 47.50251 ], [ -122.38299, 47.5028 ], [ -122.38369, 47.50314 ], [ -122.38446, 47.50403 ], [ -122.3848, 47.50414 ], [ -122.38513, 47.50403 ], [ -122.3852, 47.50376 ], [ -122.38479, 47.50264 ], [ -122.38488, 47.50247 ], [ -122.38513, 47.50247 ], [ -122.38736, 47.50418 ], [ -122.38855, 47.50459 ], [ -122.38881, 47.50502 ], [ -122.38915, 47.50528 ], [ -122.38973, 47.50594 ], [ -122.39047, 47.50654 ], [ -122.39112, 47.50749 ], [ -122.3916, 47.50792 ], [ -122.39209, 47.50882 ], [ -122.39271, 47.50926 ], [ -122.39348, 47.51039 ], [ -122.39415, 47.51076 ], [ -122.39439, 47.51102 ], [ -122.39441, 47.51114 ], [ -122.39461, 47.51128 ], [ -122.39537, 47.51337 ], [ -122.39589, 47.51411 ], [ -122.39656, 47.51539 ], [ -122.39769, 47.51621 ], [ -122.39882, 47.5168 ], [ -122.39893, 47.51679 ], [ -122.39919, 47.517 ], [ -122.39907, 47.51736 ], [ -122.39883, 47.51756 ], [ -122.39699, 47.51878 ], [ -122.39502, 47.52032 ], [ -122.39439, 47.52116 ], [ -122.39419, 47.52172 ], [ -122.39418, 47.52319 ], [ -122.39393, 47.5239 ], [ -122.39387, 47.52452 ], [ -122.39401, 47.52502 ], [ -122.39435, 47.52551 ], [ -122.39508, 47.52617 ], [ -122.39638, 47.52711 ], [ -122.39864, 47.52838 ], [ -122.40065, 47.52935 ], [ -122.40113, 47.5297 ], [ -122.40152, 47.53031 ], [ -122.40146, 47.53063 ], [ -122.3978, 47.53313 ], [ -122.39643, 47.53449 ], [ -122.39602, 47.5351 ], [ -122.39586, 47.53577 ], [ -122.39598, 47.53636 ], [ -122.39622, 47.53685 ], [ -122.39638, 47.53701 ] ] ] } },
{ "type": "Feature", "properties": { "name": "First Hill" }, "geometry": { "type": "Polygon", "coordinates": [ [ [ -122.3306, 47.61276 ], [ -122.32741, 47.61409 ], [ -122.31945, 47.61409 ], [ -122.31944, 47.61294 ], [ -122.31675, 47.6129 ], [ -122.31678, 47.60622 ], [ -122.31942, 47.60622 ], [ -122.31943, 47.60778 ], [ -122.32745, 47.60443 ], [ -122.3304, 47.60806 ], [ -122.33096, 47.60916 ], [ -122.33117, 47.61003 ], [ -122.33119, 47.61091 ], [ -122.33103, 47.61168 ], [ -122.3306, 47.61276 ] ] ] } },
{ "type": "Feature", "properties": { "name": "Fremont" }, "geometry": { "type": "Polygon", "coordinates": [ [ [ -122.3608, 47.66691 ], [ -122.35983, 47.6653 ], [ -122.3595, 47.66489 ], [ -122.35738, 47.66306 ], [ -122.35586, 47.66226 ], [ -122.35544, 47.66214 ], [ -122.35541, 47.66503 ], [ -122.34731, 47.66501 ], [ -122.34734, 47.66139 ], [ -122.34215, 47.66138 ], [ -122.34279, 47.64832 ], [ -122.34282, 47.64803 ], [ -122.34309, 47.64803 ], [ -122.34318, 47.64751 ], [ -122.34365, 47.64754 ], [ -122.34367, 47.64779 ], [ -122.34377, 47.64779 ], [ -122.34377, 47.64809 ], [ -122.34414, 47.64815 ], [ -122.34418, 47.64827 ], [ -122.34476, 47.64833 ], [ -122.34484, 47.64825 ], [ -122.34518, 47.64821 ], [ -122.34545, 47.64827 ], [ -122.34548, 47.64837 ], [ -122.34609, 47.64836 ], [ -122.34635, 47.64858 ], [ -122.34668, 47.64863 ], [ -122.34699, 47.64852 ], [ -122.34702, 47.6479 ], [ -122.34709, 47.64775 ], [ -122.34767, 47.64751 ], [ -122.34808, 47.64745 ], [ -122.3484, 47.6475 ], [ -122.34977, 47.64796 ], [ -122.35008, 47.64821 ], [ -122.35595, 47.65083 ], [ -122.36093, 47.65327 ], [ -122.36202, 47.65394 ], [ -122.36531, 47.65566 ], [ -122.3668, 47.65653 ], [ -122.36504, 47.65776 ], [ -122.36504, 47.65814 ], [ -122.36612, 47.65935 ], [ -122.36616, 47.66147 ], [ -122.36079, 47.66147 ], [ -122.3608, 47.66691 ] ] ] } },
{ "type": "Feature", "properties": { "name": "Gatewood" }, "geometry": { "type": "Polygon", "coordinates": [ [ [ -122.39071, 47.54429 ], [ -122.38498, 47.54525 ], [ -122.3843, 47.54547 ], [ -122.38355, 47.54597 ], [ -122.38313, 47.54663 ], [ -122.37642, 47.54654 ], [ -122.37665, 47.53533 ], [ -122.37665, 47.52829 ], [ -122.38739, 47.52854 ], [ -122.38734, 47.53292 ], [ -122.38878, 47.53293 ], [ -122.38848, 47.53443 ], [ -122.38863, 47.53699 ], [ -122.3885, 47.53726 ], [ -122.38855, 47.53753 ], [ -122.388, 47.53826 ], [ -122.38728, 47.53853 ], [ -122.38932, 47.53801 ], [ -122.38986, 47.53801 ], [ -122.38989, 47.53699 ], [ -122.39638, 47.53701 ], [ -122.39677, 47.53779 ], [ -122.39671, 47.53869 ], [ -122.39678, 47.5391 ], [ -122.39739, 47.53957 ], [ -122.3975, 47.53994 ], [ -122.39625, 47.54085 ], [ -122.39553, 47.5416 ], [ -122.39434, 47.54317 ], [ -122.39093, 47.54314 ], [ -122.39092, 47.54406 ], [ -122.39071, 47.54429 ] ] ] } },
{ "type": "Feature", "properties": { "name": "Genesee" }, "geometry": { "type": "Polygon", "coordinates": [ [ [ -122.37274, 47.56988 ], [ -122.37353, 47.56699 ], [ -122.3739, 47.56638 ], [ -122.37465, 47.56575 ], [ -122.37682, 47.56471 ], [ -122.37788, 47.56399 ], [ -122.38152, 47.56117 ], [ -122.3815, 47.55929 ], [ -122.39829, 47.55942 ], [ -122.39824, 47.56302 ], [ -122.39889, 47.56301 ], [ -122.39877, 47.57034 ], [ -122.38644, 47.57019 ], [ -122.38086, 47.5702 ], [ -122.38014, 47.56913 ], [ -122.37967, 47.5698 ], [ -122.37612, 47.57022 ], [ -122.37558, 47.57018 ], [ -122.37451, 47.56987 ], [ -122.37274, 47.56988 ] ] ] } },
{ "type": "Feature", "properties": { "name": "Georgetown" }, "geometry": { "type": "Polygon", "coordinates": [ [ [ -122.34179, 47.55611 ], [ -122.33834, 47.55566 ], [ -122.33768, 47.55425 ], [ -122.33743, 47.55406 ], [ -122.33712, 47.55423 ], [ -122.33524, 47.55418 ], [ -122.32941, 47.55424 ], [ -122.32533, 47.55415 ], [ -122.32473, 47.55412 ], [ -122.3239, 47.55336 ], [ -122.32098, 47.55337 ], [ -122.32019, 47.5527 ], [ -122.31998, 47.55229 ], [ -122.31887, 47.55125 ], [ -122.31783, 47.55011 ], [ -122.31621, 47.54863 ], [ -122.31403, 47.54749 ], [ -122.31305, 47.54656 ], [ -122.30987, 47.54383 ], [ -122.30215, 47.53738 ], [ -122.29825, 47.53385 ], [ -122.29785, 47.53302 ], [ -122.29594, 47.53322 ], [ -122.2957, 47.5324 ], [ -122.29215, 47.5243 ], [ -122.30129, 47.52446 ], [ -122.30003, 47.52504 ], [ -122.29975, 47.52529 ], [ -122.29961, 47.52559 ], [ -122.29967, 47.52602 ], [ -122.30011, 47.52692 ], [ -122.30039, 47.52792 ], [ -122.30062, 47.52846 ], [ -122.30113, 47.52918 ], [ -122.30165, 47.5296 ], [ -122.30232, 47.52992 ], [ -122.30362, 47.53038 ], [ -122.30451, 47.53086 ], [ -122.3049, 47.53125 ], [ -122.3051, 47.5317 ], [ -122.31692, 47.53181 ], [ -122.31784, 47.53235 ], [ -122.31824, 47.53246 ], [ -122.31852, 47.5327 ], [ -122.31966, 47.53314 ], [ -122.32102, 47.5341 ], [ -122.31899, 47.53554 ], [ -122.31862, 47.53599 ], [ -122.31857, 47.53608 ], [ -122.31865, 47.53617 ], [ -122.3185, 47.53668 ], [ -122.31863, 47.53689 ], [ -122.31858, 47.53708 ], [ -122.31882, 47.5372 ], [ -122.31906, 47.53719 ], [ -122.31914, 47.53711 ], [ -122.31928, 47.53678 ], [ -122.31915, 47.53675 ], [ -122.31984, 47.53562 ], [ -122.32114, 47.53476 ], [ -122.32188, 47.53474 ], [ -122.32189, 47.53484 ], [ -122.32253, 47.53505 ], [ -122.32297, 47.53553 ], [ -122.32331, 47.53555 ], [ -122.3235, 47.5357 ], [ -122.32366, 47.53569 ], [ -122.32415, 47.53598 ], [ -122.32568, 47.53708 ], [ -122.32609, 47.53723 ], [ -122.32695, 47.53785 ], [ -122.32686, 47.53791 ], [ -122.32724, 47.53828 ], [ -122.32771, 47.5386 ], [ -122.32787, 47.53851 ], [ -122.32826, 47.53879 ], [ -122.3281, 47.53889 ], [ -122.32818, 47.53907 ], [ -122.32779, 47.53936 ], [ -122.32792, 47.53948 ], [ -122.32814, 47.53956 ], [ -122.32924, 47.53957 ], [ -122.32951, 47.53967 ], [ -122.33108, 47.54073 ], [ -122.33169, 47.54123 ], [ -122.33164, 47.54127 ], [ -122.33178, 47.54138 ], [ -122.33185, 47.54133 ], [ -122.3326, 47.54187 ], [ -122.33249, 47.54195 ], [ -122.33091, 47.54194 ], [ -122.33091, 47.54222 ], [ -122.33249, 47.54223 ], [ -122.33249, 47.54231 ], [ -122.32992, 47.54238 ], [ -122.32986, 47.54246 ], [ -122.33003, 47.54258 ], [ -122.3301, 47.543 ], [ -122.33019, 47.54312 ], [ -122.33183, 47.54297 ], [ -122.33191, 47.54309 ], [ -122.33286, 47.54274 ], [ -122.33307, 47.54287 ], [ -122.33308, 47.54281 ], [ -122.33323, 47.5428 ], [ -122.33349, 47.54292 ], [ -122.33414, 47.54295 ], [ -122.33445, 47.5431 ], [ -122.33496, 47.54352 ], [ -122.33516, 47.54349 ], [ -122.33538, 47.5436 ], [ -122.33602, 47.54417 ], [ -122.33627, 47.54451 ], [ -122.33615, 47.54513 ], [ -122.33587, 47.54569 ], [ -122.3349, 47.54698 ], [ -122.33482, 47.5476 ], [ -122.33502, 47.5477 ], [ -122.33531, 47.54761 ], [ -122.33566, 47.54725 ], [ -122.3358, 47.54722 ], [ -122.3358, 47.54713 ], [ -122.33638, 47.54658 ], [ -122.33684, 47.54636 ], [ -122.33693, 47.5464 ], [ -122.33723, 47.54682 ], [ -122.33724, 47.54698 ], [ -122.33749, 47.54742 ], [ -122.33802, 47.54826 ], [ -122.33822, 47.54846 ], [ -122.33832, 47.54893 ], [ -122.33826, 47.54909 ], [ -122.33855, 47.54983 ], [ -122.33867, 47.54983 ], [ -122.33882, 47.54997 ], [ -122.33988, 47.55188 ], [ -122.34009, 47.55213 ], [ -122.34073, 47.5538 ], [ -122.34066, 47.55409 ], [ -122.34076, 47.5546 ], [ -122.34087, 47.55472 ], [ -122.3413, 47.55488 ], [ -122.34149, 47.55484 ], [ -122.34161, 47.55506 ], [ -122.34155, 47.55511 ], [ -122.34162, 47.55509 ], [ -122.34191, 47.55563 ], [ -122.34133, 47.55566 ], [ -122.34131, 47.55581 ], [ -122.34179, 47.5559 ], [ -122.34179, 47.55611 ] ] ] } },
{ "type": "Feature", "properties": { "name": "Green Lake" }, "geometry": { "type": "Polygon", "coordinates": [ [ [ -122.32907, 47.6901 ], [ -122.32857, 47.68904 ], [ -122.3278, 47.68806 ], [ -122.32708, 47.6874 ], [ -122.32259, 47.68386 ], [ -122.32176, 47.68296 ], [ -122.32111, 47.68183 ], [ -122.32089, 47.68116 ], [ -122.32076, 47.68014 ], [ -122.32065, 47.67654 ], [ -122.32091, 47.67466 ], [ -122.3216, 47.67223 ], [ -122.33356, 47.67232 ], [ -122.33356, 47.67311 ], [ -122.33578, 47.67131 ], [ -122.33619, 47.67108 ], [ -122.337, 47.67073 ], [ -122.33718, 47.67125 ], [ -122.33798, 47.67058 ], [ -122.33798, 47.67019 ], [ -122.34001, 47.6702 ], [ -122.34002, 47.66947 ], [ -122.34064, 47.66995 ], [ -122.34251, 47.67054 ], [ -122.34307, 47.67085 ], [ -122.34366, 47.67148 ], [ -122.34386, 47.67233 ], [ -122.34422, 47.67298 ], [ -122.3449, 47.67369 ], [ -122.34572, 47.67423 ], [ -122.34622, 47.67469 ], [ -122.34663, 47.67524 ], [ -122.34685, 47.67582 ], [ -122.34672, 47.67632 ], [ -122.34578, 47.67752 ], [ -122.34551, 47.6783 ], [ -122.34528, 47.68011 ], [ -122.34507, 47.68053 ], [ -122.34461, 47.68109 ], [ -122.34449, 47.68138 ], [ -122.34453, 47.69056 ], [ -122.33024, 47.69045 ], [ -122.32961, 47.69035 ], [ -122.32907, 47.6901 ] ] ] } },
{ "type": "Feature", "properties": { "name": "Greenwood" }, "geometry": { "type": "Polygon", "coordinates": [ [ [ -122.36607, 47.70517 ], [ -122.3447, 47.70505 ], [ -122.34449, 47.68331 ], [ -122.36603, 47.68325 ], [ -122.36607, 47.70517 ] ] ] } },
{ "type": "Feature", "properties": { "name": "Haller Lake" }, "geometry": { "type": "Polygon", "coordinates": [ [ [ -122.3451, 47.73413 ], [ -122.32489, 47.73406 ], [ -122.32448, 47.73273 ], [ -122.32427, 47.73097 ], [ -122.32435, 47.71942 ], [ -122.32448, 47.71816 ], [ -122.32495, 47.71682 ], [ -122.32569, 47.71565 ], [ -122.32924, 47.7111 ], [ -122.32974, 47.71001 ], [ -122.33001, 47.70864 ], [ -122.33393, 47.70865 ], [ -122.33459, 47.70849 ], [ -122.33515, 47.70814 ], [ -122.33609, 47.70697 ], [ -122.3377, 47.70552 ], [ -122.33811, 47.70527 ], [ -122.3386, 47.7051 ], [ -122.3392, 47.70504 ], [ -122.3447, 47.70505 ], [ -122.34492, 47.71751 ], [ -122.3451, 47.73413 ] ] ] } },
{ "type": "Feature", "properties": { "name": "Harbor Island" }, "geometry": { "type": "Polygon", "coordinates": [ [ [ -122.3584, 47.57545 ], [ -122.35841, 47.57688 ], [ -122.35832, 47.57684 ], [ -122.3579, 47.57708 ], [ -122.3579, 47.57736 ], [ -122.35773, 47.5775 ], [ -122.35788, 47.57765 ], [ -122.35786, 47.57779 ], [ -122.35797, 47.57773 ], [ -122.35815, 47.57785 ], [ -122.35819, 47.57724 ], [ -122.35839, 47.57734 ], [ -122.35837, 47.57903 ], [ -122.35778, 47.57865 ], [ -122.35753, 47.57882 ], [ -122.35838, 47.5794 ], [ -122.35837, 47.57953 ], [ -122.35802, 47.5793 ], [ -122.35783, 47.57943 ], [ -122.35839, 47.57983 ], [ -122.35839, 47.58028 ], [ -122.35829, 47.58032 ], [ -122.35769, 47.57992 ], [ -122.35745, 47.5801 ], [ -122.35837, 47.58073 ], [ -122.35839, 47.58151 ], [ -122.35789, 47.58124 ], [ -122.35791, 47.58317 ], [ -122.35794, 47.58333 ], [ -122.3581, 47.58332 ], [ -122.35812, 47.58339 ], [ -122.35744, 47.58351 ], [ -122.35755, 47.58383 ], [ -122.35831, 47.58373 ], [ -122.35837, 47.58382 ], [ -122.35646, 47.58413 ], [ -122.35626, 47.58423 ], [ -122.35657, 47.58505 ], [ -122.35839, 47.58484 ], [ -122.35838, 47.58662 ], [ -122.35788, 47.58664 ], [ -122.35788, 47.58685 ], [ -122.35597, 47.58687 ], [ -122.35593, 47.58707 ], [ -122.35585, 47.58708 ], [ -122.35531, 47.58708 ], [ -122.35528, 47.58691 ], [ -122.35493, 47.58685 ], [ -122.35094, 47.58749 ], [ -122.35052, 47.58763 ], [ -122.35051, 47.58769 ], [ -122.35003, 47.5878 ], [ -122.35002, 47.58999 ], [ -122.34992, 47.58999 ], [ -122.34991, 47.58914 ], [ -122.3498, 47.58914 ], [ -122.3498, 47.58892 ], [ -122.34678, 47.59015 ], [ -122.34645, 47.59018 ], [ -122.34644, 47.59049 ], [ -122.34602, 47.59049 ], [ -122.34602, 47.57366 ], [ -122.34551, 47.57361 ], [ -122.34539, 47.57343 ], [ -122.34603, 47.57195 ], [ -122.34598, 47.57177 ], [ -122.34633, 47.57121 ], [ -122.3463, 47.57101 ], [ -122.3464, 47.5708 ], [ -122.34613, 47.57052 ], [ -122.34661, 47.5693 ], [ -122.34787, 47.56924 ], [ -122.34887, 47.56935 ], [ -122.35019, 47.57025 ], [ -122.35041, 47.5705 ], [ -122.35085, 47.57062 ], [ -122.35135, 47.5705 ], [ -122.35151, 47.57074 ], [ -122.35188, 47.57076 ], [ -122.3523, 47.57118 ], [ -122.35268, 47.57129 ], [ -122.35278, 47.57149 ], [ -122.3531, 47.57175 ], [ -122.35336, 47.57176 ], [ -122.35365, 47.57197 ], [ -122.35411, 47.57262 ], [ -122.355, 47.57329 ], [ -122.35609, 47.57397 ], [ -122.35631, 47.57418 ], [ -122.35668, 47.57416 ], [ -122.3584, 47.57545 ] ] ] } },
{ "type": "Feature", "properties": { "name": "Harrison/Denny-Blaine" }, "geometry": { "type": "Polygon", "coordinates": [ [ [ -122.27897, 47.62853 ], [ -122.27886, 47.62828 ], [ -122.27902, 47.62793 ], [ -122.27915, 47.62784 ], [ -122.27941, 47.62784 ], [ -122.2801, 47.62705 ], [ -122.2806, 47.62684 ], [ -122.28074, 47.62672 ], [ -122.28077, 47.62655 ], [ -122.28117, 47.62637 ], [ -122.28163, 47.62597 ], [ -122.28185, 47.62551 ], [ -122.28204, 47.62549 ], [ -122.28222, 47.62534 ], [ -122.28223, 47.62525 ], [ -122.28207, 47.62518 ], [ -122.28257, 47.6246 ], [ -122.28267, 47.6243 ], [ -122.28263, 47.62341 ], [ -122.28257, 47.62338 ], [ -122.28264, 47.62312 ], [ -122.28251, 47.62309 ], [ -122.28247, 47.62265 ], [ -122.28138, 47.6219 ], [ -122.2811, 47.62185 ], [ -122.2808, 47.62163 ], [ -122.28043, 47.62113 ], [ -122.28049, 47.621 ], [ -122.28036, 47.62082 ], [ -122.28, 47.6208 ], [ -122.27974, 47.62066 ], [ -122.27974, 47.6205 ], [ -122.27997, 47.6205 ], [ -122.27982, 47.62037 ], [ -122.28008, 47.61989 ], [ -122.28016, 47.61935 ], [ -122.28026, 47.61921 ], [ -122.28013, 47.61895 ], [ -122.28025, 47.61887 ], [ -122.28025, 47.61872 ], [ -122.28033, 47.61869 ], [ -122.28038, 47.61847 ], [ -122.28021, 47.61832 ], [ -122.28012, 47.61769 ], [ -122.28458, 47.61762 ], [ -122.28495, 47.61812 ], [ -122.2856, 47.61835 ], [ -122.29126, 47.61837 ], [ -122.29128, 47.61888 ], [ -122.29612, 47.6189 ], [ -122.29612, 47.6226 ], [ -122.29643, 47.62332 ], [ -122.28513, 47.63099 ], [ -122.28133, 47.63096 ], [ -122.28135, 47.62974 ], [ -122.27996, 47.62973 ], [ -122.27998, 47.62853 ], [ -122.27897, 47.62853 ] ] ] } },
{ "type": "Feature", "properties": { "name": "High Point" }, "geometry": { "type": "Polygon", "coordinates": [ [ [ -122.3763, 47.55379 ], [ -122.36296, 47.55372 ], [ -122.36304, 47.54677 ], [ -122.36121, 47.54434 ], [ -122.3612, 47.54195 ], [ -122.36076, 47.5407 ], [ -122.3613, 47.53658 ], [ -122.3613, 47.53599 ], [ -122.36047, 47.53372 ], [ -122.3684, 47.53366 ], [ -122.36848, 47.53556 ], [ -122.36585, 47.53555 ], [ -122.36584, 47.53663 ], [ -122.36707, 47.53696 ], [ -122.36747, 47.53735 ], [ -122.37662, 47.5374 ], [ -122.3763, 47.55379 ] ] ] } },
{ "type": "Feature", "properties": { "name": "Highland Park" }, "geometry": { "type": "Polygon", "coordinates": [ [ [ -122.34231, 47.54026 ], [ -122.34023, 47.53929 ], [ -122.33696, 47.53743 ], [ -122.33494, 47.53615 ], [ -122.33481, 47.53098 ], [ -122.33437, 47.52813 ], [ -122.33495, 47.52668 ], [ -122.33452, 47.5209 ], [ -122.33092, 47.5209 ], [ -122.32991, 47.51957 ], [ -122.32959, 47.51828 ], [ -122.32958, 47.51734 ], [ -122.32921, 47.51717 ], [ -122.32864, 47.51651 ], [ -122.32733, 47.51401 ], [ -122.33008, 47.514 ], [ -122.33043, 47.51461 ], [ -122.33097, 47.51517 ], [ -122.33349, 47.51473 ], [ -122.33363, 47.51477 ], [ -122.33359, 47.51453 ], [ -122.33436, 47.51453 ], [ -122.33427, 47.51402 ], [ -122.33704, 47.51399 ], [ -122.33712, 47.51502 ], [ -122.33752, 47.51726 ], [ -122.35503, 47.51736 ], [ -122.35513, 47.52094 ], [ -122.35503, 47.52464 ], [ -122.35507, 47.52559 ], [ -122.35497, 47.52648 ], [ -122.35498, 47.53151 ], [ -122.35507, 47.53369 ], [ -122.35394, 47.53369 ], [ -122.35246, 47.53425 ], [ -122.3521, 47.53432 ], [ -122.35055, 47.53401 ], [ -122.34718, 47.53408 ], [ -122.34716, 47.53599 ], [ -122.34659, 47.53856 ], [ -122.34635, 47.53903 ], [ -122.34591, 47.53944 ], [ -122.34528, 47.53975 ], [ -122.34243, 47.54045 ], [ -122.34231, 47.54026 ] ] ] } },
{ "type": "Feature", "properties": { "name": "Holly Park" }, "geometry": { "type": "Polygon", "coordinates": [ [ [ -122.297, 47.53897 ], [ -122.29717, 47.53942 ], [ -122.29689, 47.53963 ], [ -122.29689, 47.54444 ], [ -122.29031, 47.54434 ], [ -122.29027, 47.54249 ], [ -122.2838, 47.54246 ], [ -122.28077, 47.53621 ], [ -122.28065, 47.53154 ], [ -122.28327, 47.53154 ], [ -122.28334, 47.53338 ], [ -122.28372, 47.53502 ], [ -122.28387, 47.53537 ], [ -122.28421, 47.53577 ], [ -122.28464, 47.53604 ], [ -122.28661, 47.53663 ], [ -122.28688, 47.5369 ], [ -122.28686, 47.5373 ], [ -122.29143, 47.53886 ], [ -122.297, 47.53897 ] ] ] } },
{ "type": "Feature", "properties": { "name": "Industrial District" }, "geometry": { "type": "MultiPolygon", "coordinates": [ [ [ [ -122.34808, 47.5593 ], [ -122.3477, 47.55917 ], [ -122.34743, 47.55893 ], [ -122.34731, 47.55856 ], [ -122.34695, 47.55814 ], [ -122.34686, 47.55763 ], [ -122.34656, 47.55718 ], [ -122.34527, 47.55685 ], [ -122.34497, 47.55692 ], [ -122.34473, 47.55665 ], [ -122.34463, 47.55637 ], [ -122.34636, 47.5561 ], [ -122.34717, 47.55617 ], [ -122.34796, 47.55635 ], [ -122.34805, 47.55658 ], [ -122.34848, 47.55698 ], [ -122.34907, 47.55806 ], [ -122.3488, 47.55856 ], [ -122.34835, 47.55897 ], [ -122.34831, 47.55922 ], [ -122.34808, 47.5593 ] ] ], [ [ [ -122.32148, 47.56138 ], [ -122.32141, 47.56001 ], [ -122.32121, 47.55916 ], [ -122.32054, 47.55774 ], [ -122.31894, 47.55544 ], [ -122.3177, 47.55346 ], [ -122.31928, 47.55344 ], [ -122.31958, 47.55332 ], [ -122.31975, 47.55308 ], [ -122.32044, 47.55362 ], [ -122.32102, 47.55335 ], [ -122.3239, 47.55336 ], [ -122.32473, 47.55412 ], [ -122.32533, 47.55415 ], [ -122.32941, 47.55424 ], [ -122.33524, 47.55418 ], [ -122.33712, 47.55423 ], [ -122.33743, 47.55406 ], [ -122.33768, 47.55425 ], [ -122.33834, 47.55566 ], [ -122.34179, 47.55611 ], [ -122.33957, 47.55589 ], [ -122.33938, 47.55597 ], [ -122.33932, 47.55606 ], [ -122.33977, 47.55649 ], [ -122.34004, 47.55659 ], [ -122.34005, 47.55707 ], [ -122.34266, 47.55708 ], [ -122.3427, 47.55714 ], [ -122.34325, 47.55828 ], [ -122.34323, 47.55841 ], [ -122.34336, 47.55856 ], [ -122.34336, 47.55873 ], [ -122.34358, 47.55893 ], [ -122.34426, 47.56014 ], [ -122.34422, 47.5603 ], [ -122.3438, 47.56057 ], [ -122.344, 47.56069 ], [ -122.34435, 47.56066 ], [ -122.34454, 47.56084 ], [ -122.34476, 47.56144 ], [ -122.34475, 47.56161 ], [ -122.34452, 47.56192 ], [ -122.34502, 47.56289 ], [ -122.34526, 47.56311 ], [ -122.34527, 47.56319 ], [ -122.34508, 47.56329 ], [ -122.34558, 47.56347 ], [ -122.34621, 47.56469 ], [ -122.3456, 47.56749 ], [ -122.34557, 47.56797 ], [ -122.34579, 47.56801 ], [ -122.34538, 47.56908 ], [ -122.34573, 47.56924 ], [ -122.34574, 47.56934 ], [ -122.34524, 47.57059 ], [ -122.34477, 47.57083 ], [ -122.34456, 47.57148 ], [ -122.31989, 47.57165 ], [ -122.32018, 47.56865 ], [ -122.32134, 47.56229 ], [ -122.32148, 47.56138 ] ] ], [ [ [ -122.38284, 47.594 ], [ -122.38262, 47.59367 ], [ -122.38224, 47.59347 ], [ -122.382, 47.59314 ], [ -122.3824, 47.59292 ], [ -122.38224, 47.59257 ], [ -122.38184, 47.59245 ], [ -122.38189, 47.59207 ], [ -122.38171, 47.59143 ], [ -122.38188, 47.59119 ], [ -122.38158, 47.5908 ], [ -122.38158, 47.59051 ], [ -122.38168, 47.59041 ], [ -122.38155, 47.59009 ], [ -122.38131, 47.58981 ], [ -122.3811, 47.58969 ], [ -122.38046, 47.58969 ], [ -122.38031, 47.58962 ], [ -122.38008, 47.58934 ], [ -122.38002, 47.58901 ], [ -122.38016, 47.58888 ], [ -122.37996, 47.58867 ], [ -122.37964, 47.58849 ], [ -122.37932, 47.58854 ], [ -122.37852, 47.58784 ], [ -122.37815, 47.58772 ], [ -122.37807, 47.58743 ], [ -122.37783, 47.58725 ], [ -122.37757, 47.58724 ], [ -122.37667, 47.58677 ], [ -122.37637, 47.58679 ], [ -122.37614, 47.5865 ], [ -122.37557, 47.58608 ], [ -122.37528, 47.58566 ], [ -122.37355, 47.58455 ], [ -122.37306, 47.58407 ], [ -122.37261, 47.58377 ], [ -122.37251, 47.58352 ], [ -122.37226, 47.58332 ], [ -122.37196, 47.58339 ], [ -122.37008, 47.58308 ], [ -122.36999, 47.58355 ], [ -122.3694, 47.58379 ], [ -122.36899, 47.58381 ], [ -122.36899, 47.58503 ], [ -122.36888, 47.58509 ], [ -122.36884, 47.58472 ], [ -122.36865, 47.58472 ], [ -122.36843, 47.58492 ], [ -122.36803, 47.58511 ], [ -122.36751, 47.58475 ], [ -122.36731, 47.5847 ], [ -122.36625, 47.58484 ], [ -122.36625, 47.58496 ], [ -122.36616, 47.58499 ], [ -122.36609, 47.58497 ], [ -122.36607, 47.5844 ], [ -122.3628, 47.5844 ], [ -122.36214, 47.58416 ], [ -122.36212, 47.58355 ], [ -122.3619, 47.58329 ], [ -122.36191, 47.58278 ], [ -122.36206, 47.58259 ], [ -122.36205, 47.58146 ], [ -122.36196, 47.58136 ], [ -122.3617, 47.58134 ], [ -122.36168, 47.58129 ], [ -122.36168, 47.58062 ], [ -122.36183, 47.58058 ], [ -122.36182, 47.5805 ], [ -122.3614, 47.58048 ], [ -122.3614, 47.57366 ], [ -122.35985, 47.5737 ], [ -122.35981, 47.57382 ], [ -122.35846, 47.57382 ], [ -122.35839, 47.57368 ], [ -122.35781, 47.57359 ], [ -122.35688, 47.57291 ], [ -122.35653, 47.5729 ], [ -122.35617, 47.57261 ], [ -122.35636, 47.57251 ], [ -122.3561, 47.57228 ], [ -122.35626, 47.57216 ], [ -122.35618, 47.5721 ], [ -122.35593, 47.57216 ], [ -122.35574, 47.57207 ], [ -122.35537, 47.57174 ], [ -122.35495, 47.57159 ], [ -122.35486, 47.57145 ], [ -122.35485, 47.57116 ], [ -122.35428, 47.57105 ], [ -122.35289, 47.56997 ], [ -122.35272, 47.56964 ], [ -122.35245, 47.5697 ], [ -122.35147, 47.56898 ], [ -122.35155, 47.56892 ], [ -122.35128, 47.56871 ], [ -122.35107, 47.56858 ], [ -122.35096, 47.56862 ], [ -122.35085, 47.56855 ], [ -122.35078, 47.56832 ], [ -122.3503, 47.56793 ], [ -122.35013, 47.56739 ], [ -122.35042, 47.56702 ], [ -122.35023, 47.56643 ], [ -122.35035, 47.56621 ], [ -122.3501, 47.56614 ], [ -122.34995, 47.56593 ], [ -122.34986, 47.56595 ], [ -122.34981, 47.56586 ], [ -122.34989, 47.56584 ], [ -122.34989, 47.56569 ], [ -122.34951, 47.56535 ], [ -122.3495, 47.56514 ], [ -122.34929, 47.56503 ], [ -122.34897, 47.5651 ], [ -122.34814, 47.56338 ], [ -122.34925, 47.56236 ], [ -122.34937, 47.5624 ], [ -122.34945, 47.56234 ], [ -122.3495, 47.56229 ], [ -122.34928, 47.56215 ], [ -122.34932, 47.56209 ], [ -122.34955, 47.56205 ], [ -122.34964, 47.56196 ], [ -122.34974, 47.56202 ], [ -122.34998, 47.5618 ], [ -122.35034, 47.56172 ], [ -122.35004, 47.56142 ], [ -122.35001, 47.56128 ], [ -122.3501, 47.56113 ], [ -122.35057, 47.56098 ], [ -122.35049, 47.56071 ], [ -122.35032, 47.56051 ], [ -122.35022, 47.55975 ], [ -122.35022, 47.55943 ], [ -122.35038, 47.55887 ], [ -122.35037, 47.55849 ], [ -122.35044, 47.55842 ], [ -122.3505, 47.55793 ], [ -122.35033, 47.55782 ], [ -122.35022, 47.55755 ], [ -122.34973, 47.55696 ], [ -122.34879, 47.55614 ], [ -122.34879, 47.55596 ], [ -122.34787, 47.55557 ], [ -122.34775, 47.55546 ], [ -122.34777, 47.55532 ], [ -122.34635, 47.55509 ], [ -122.34611, 47.55498 ], [ -122.34424, 47.55525 ], [ -122.34382, 47.55523 ], [ -122.34232, 47.55237 ], [ -122.34239, 47.55229 ], [ -122.34213, 47.55229 ], [ -122.34168, 47.55146 ], [ -122.34185, 47.55142 ], [ -122.34183, 47.55108 ], [ -122.34144, 47.55113 ], [ -122.34141, 47.55058 ], [ -122.34126, 47.55057 ], [ -122.34124, 47.55081 ], [ -122.34117, 47.55079 ], [ -122.34114, 47.55051 ], [ -122.34098, 47.55021 ], [ -122.34118, 47.55022 ], [ -122.34143, 47.55011 ], [ -122.34149, 47.54972 ], [ -122.34169, 47.54945 ], [ -122.34167, 47.54924 ], [ -122.34202, 47.54911 ], [ -122.34257, 47.54837 ], [ -122.34092, 47.54836 ], [ -122.34071, 47.5483 ], [ -122.34059, 47.54816 ], [ -122.34016, 47.54826 ], [ -122.33854, 47.54519 ], [ -122.33891, 47.54506 ], [ -122.33825, 47.54373 ], [ -122.33802, 47.54359 ], [ -122.33786, 47.5437 ], [ -122.33764, 47.54366 ], [ -122.33679, 47.54294 ], [ -122.33632, 47.54265 ], [ -122.33605, 47.54235 ], [ -122.33552, 47.54219 ], [ -122.33629, 47.54098 ], [ -122.33664, 47.54077 ], [ -122.33709, 47.54066 ], [ -122.34231, 47.54026 ], [ -122.34243, 47.54045 ], [ -122.34264, 47.5404 ], [ -122.34354, 47.54145 ], [ -122.34428, 47.54327 ], [ -122.34572, 47.54979 ], [ -122.34662, 47.55305 ], [ -122.3471, 47.55394 ], [ -122.34743, 47.55427 ], [ -122.35074, 47.55655 ], [ -122.35114, 47.55692 ], [ -122.35142, 47.55733 ], [ -122.35168, 47.55808 ], [ -122.35178, 47.56167 ], [ -122.35353, 47.56674 ], [ -122.3562, 47.57096 ], [ -122.3574, 47.57105 ], [ -122.36037, 47.57146 ], [ -122.37063, 47.57144 ], [ -122.37099, 47.57467 ], [ -122.37147, 47.57687 ], [ -122.37256, 47.57876 ], [ -122.37261, 47.57908 ], [ -122.37248, 47.58023 ], [ -122.37318, 47.58205 ], [ -122.37628, 47.58578 ], [ -122.38153, 47.5895 ], [ -122.38364, 47.594 ], [ -122.38301, 47.59409 ], [ -122.38284, 47.594 ] ] ] ] } },
{ "type": "Feature", "properties": { "name": "Interbay" }, "geometry": { "type": "Polygon", "coordinates": [ [ [ -122.39728, 47.66505 ], [ -122.39746, 47.66475 ], [ -122.39721, 47.66461 ], [ -122.39725, 47.66454 ], [ -122.39641, 47.66412 ], [ -122.3963, 47.66394 ], [ -122.396, 47.66372 ], [ -122.3957, 47.66365 ], [ -122.395, 47.66325 ], [ -122.39434, 47.66321 ], [ -122.39286, 47.66341 ], [ -122.39263, 47.66321 ], [ -122.39206, 47.66321 ], [ -122.39204, 47.66344 ], [ -122.39008, 47.66333 ], [ -122.38772, 47.66259 ], [ -122.38746, 47.66244 ], [ -122.38743, 47.66218 ], [ -122.38614, 47.66166 ], [ -122.38603, 47.66176 ], [ -122.38552, 47.66157 ], [ -122.38545, 47.66163 ], [ -122.38489, 47.66141 ], [ -122.38485, 47.66137 ], [ -122.385, 47.66119 ], [ -122.38437, 47.66099 ], [ -122.38386, 47.66062 ], [ -122.38401, 47.66049 ], [ -122.38351, 47.65985 ], [ -122.38239, 47.65945 ], [ -122.38239, 47.65919 ], [ -122.37845, 47.65918 ], [ -122.37847, 47.65887 ], [ -122.37897, 47.65889 ], [ -122.37898, 47.65904 ], [ -122.38239, 47.65903 ], [ -122.38238, 47.65589 ], [ -122.38177, 47.65589 ], [ -122.38173, 47.65615 ], [ -122.38161, 47.65615 ], [ -122.3816, 47.65589 ], [ -122.38072, 47.65594 ], [ -122.37967, 47.65587 ], [ -122.37967, 47.65615 ], [ -122.3795, 47.65615 ], [ -122.37949, 47.65587 ], [ -122.37812, 47.65588 ], [ -122.37811, 47.65686 ], [ -122.37779, 47.65686 ], [ -122.3778, 47.65594 ], [ -122.3773, 47.65594 ], [ -122.3773, 47.65687 ], [ -122.37713, 47.65687 ], [ -122.37713, 47.65589 ], [ -122.37681, 47.6559 ], [ -122.37673, 47.65615 ], [ -122.37653, 47.65614 ], [ -122.37653, 47.65599 ], [ -122.37622, 47.65596 ], [ -122.37622, 47.65252 ], [ -122.37638, 47.64742 ], [ -122.37617, 47.64477 ], [ -122.37613, 47.63449 ], [ -122.37619, 47.6333 ], [ -122.37605, 47.63278 ], [ -122.37561, 47.63221 ], [ -122.37037, 47.62808 ], [ -122.36541, 47.62438 ], [ -122.35845, 47.61861 ], [ -122.36048, 47.61858 ], [ -122.36046, 47.61866 ], [ -122.36107, 47.6187 ], [ -122.36156, 47.61892 ], [ -122.36218, 47.61944 ], [ -122.3628, 47.6202 ], [ -122.3632, 47.62047 ], [ -122.36407, 47.62069 ], [ -122.36456, 47.62093 ], [ -122.36824, 47.62371 ], [ -122.36875, 47.62418 ], [ -122.36919, 47.62441 ], [ -122.37068, 47.6249 ], [ -122.37392, 47.6262 ], [ -122.37565, 47.62642 ], [ -122.37595, 47.62658 ], [ -122.37665, 47.62673 ], [ -122.37785, 47.62678 ], [ -122.37791, 47.62687 ], [ -122.37798, 47.6278 ], [ -122.37792, 47.62984 ], [ -122.37799, 47.63041 ], [ -122.37792, 47.63096 ], [ -122.3781, 47.63118 ], [ -122.37796, 47.63146 ], [ -122.37847, 47.6326 ], [ -122.3792, 47.63312 ], [ -122.37977, 47.63303 ], [ -122.37982, 47.63292 ], [ -122.37982, 47.63239 ], [ -122.37951, 47.63239 ], [ -122.37951, 47.63225 ], [ -122.37934, 47.63224 ], [ -122.37933, 47.63218 ], [ -122.37952, 47.63207 ], [ -122.37947, 47.62642 ], [ -122.37952, 47.62639 ], [ -122.3807, 47.62639 ], [ -122.38077, 47.62644 ], [ -122.38079, 47.63155 ], [ -122.3805, 47.63156 ], [ -122.38051, 47.63178 ], [ -122.38117, 47.63184 ], [ -122.38222, 47.63181 ], [ -122.3825, 47.63173 ], [ -122.3825, 47.63155 ], [ -122.38219, 47.63152 ], [ -122.38216, 47.62641 ], [ -122.3831, 47.62635 ], [ -122.38366, 47.62641 ], [ -122.38371, 47.63324 ], [ -122.38484, 47.63324 ], [ -122.38544, 47.633 ], [ -122.38549, 47.63158 ], [ -122.38681, 47.63155 ], [ -122.38704, 47.63146 ], [ -122.38813, 47.63136 ], [ -122.38918, 47.63067 ], [ -122.38998, 47.63049 ], [ -122.39096, 47.63005 ], [ -122.39182, 47.63 ], [ -122.39189, 47.63389 ], [ -122.39182, 47.63402 ], [ -122.39005, 47.63561 ], [ -122.38214, 47.64623 ], [ -122.38198, 47.64682 ], [ -122.382, 47.65055 ], [ -122.38539, 47.65499 ], [ -122.3914, 47.65977 ], [ -122.39249, 47.66047 ], [ -122.39432, 47.66133 ], [ -122.39604, 47.66132 ], [ -122.39829, 47.66255 ], [ -122.39833, 47.66495 ], [ -122.39759, 47.66477 ], [ -122.39742, 47.66508 ], [ -122.39728, 47.66505 ] ] ] } },
{ "type": "Feature", "properties": { "name": "International District" }, "geometry": { "type": "Polygon", "coordinates": [ [ [ -122.31216, 47.59581 ], [ -122.32768, 47.5958 ], [ -122.32904, 47.59648 ], [ -122.32897, 47.5975 ], [ -122.32897, 47.60171 ], [ -122.32497, 47.60171 ], [ -122.32258, 47.59999 ], [ -122.32173, 47.59919 ], [ -122.31414, 47.59921 ], [ -122.31384, 47.59892 ], [ -122.31153, 47.59588 ], [ -122.31216, 47.59581 ] ] ] } },
{ "type": "Feature", "properties": { "name": "Laurelhurst" }, "geometry": { "type": "Polygon", "coordinates": [ [ [ -122.29015, 47.66117 ], [ -122.28881, 47.66114 ], [ -122.28787, 47.66122 ], [ -122.28707, 47.66141 ], [ -122.28623, 47.66178 ], [ -122.28576, 47.66208 ], [ -122.27984, 47.66774 ], [ -122.27915, 47.66809 ], [ -122.27863, 47.66825 ], [ -122.27702, 47.66837 ], [ -122.27514, 47.66825 ], [ -122.27408, 47.66831 ], [ -122.27338, 47.66773 ], [ -122.26935, 47.66488 ], [ -122.27469, 47.66488 ], [ -122.27467, 47.66128 ], [ -122.27154, 47.66132 ], [ -122.27129, 47.66148 ], [ -122.27018, 47.66297 ], [ -122.27005, 47.663 ], [ -122.26995, 47.66298 ], [ -122.26984, 47.66278 ], [ -122.26935, 47.66164 ], [ -122.26892, 47.66128 ], [ -122.26888, 47.661 ], [ -122.26906, 47.65937 ], [ -122.27022, 47.65798 ], [ -122.27105, 47.65799 ], [ -122.27104, 47.65754 ], [ -122.27125, 47.65736 ], [ -122.27168, 47.65726 ], [ -122.27216, 47.65733 ], [ -122.27243, 47.65758 ], [ -122.27243, 47.65801 ], [ -122.27291, 47.65807 ], [ -122.27352, 47.65836 ], [ -122.27399, 47.65839 ], [ -122.27399, 47.65766 ], [ -122.27349, 47.65688 ], [ -122.27346, 47.65448 ], [ -122.27364, 47.65432 ], [ -122.27367, 47.65413 ], [ -122.27405, 47.65404 ], [ -122.27425, 47.65387 ], [ -122.27431, 47.65367 ], [ -122.27446, 47.65369 ], [ -122.27564, 47.65312 ], [ -122.27628, 47.65258 ], [ -122.27643, 47.65237 ], [ -122.27637, 47.65233 ], [ -122.27645, 47.65219 ], [ -122.27656, 47.65216 ], [ -122.27653, 47.65199 ], [ -122.27641, 47.6519 ], [ -122.27617, 47.65093 ], [ -122.27531, 47.65031 ], [ -122.27519, 47.64946 ], [ -122.27534, 47.64932 ], [ -122.27524, 47.64917 ], [ -122.27547, 47.64874 ], [ -122.27568, 47.64864 ], [ -122.27593, 47.64836 ], [ -122.27644, 47.64811 ], [ -122.27726, 47.64802 ], [ -122.27805, 47.64841 ], [ -122.27849, 47.6488 ], [ -122.27852, 47.64892 ], [ -122.2782, 47.6491 ], [ -122.27845, 47.64961 ], [ -122.27891, 47.64989 ], [ -122.2791, 47.65072 ], [ -122.27945, 47.65099 ], [ -122.27989, 47.6511 ], [ -122.27993, 47.65123 ], [ -122.28048, 47.65165 ], [ -122.28111, 47.65197 ], [ -122.28115, 47.65221 ], [ -122.28138, 47.65263 ], [ -122.28127, 47.65297 ], [ -122.28095, 47.65328 ], [ -122.28101, 47.65336 ], [ -122.2817, 47.65367 ], [ -122.28227, 47.6538 ], [ -122.28325, 47.65443 ], [ -122.28364, 47.65487 ], [ -122.28384, 47.6547 ], [ -122.28487, 47.65466 ], [ -122.28526, 47.65469 ], [ -122.28547, 47.65489 ], [ -122.28603, 47.65482 ], [ -122.28649, 47.65485 ], [ -122.28654, 47.65491 ], [ -122.28645, 47.65502 ], [ -122.28665, 47.65527 ], [ -122.28673, 47.65554 ], [ -122.28674, 47.65839 ], [ -122.29019, 47.65844 ], [ -122.29015, 47.66117 ] ] ] } },
{ "type": "Feature", "properties": { "name": "Lawton Park" }, "geometry": { "type": "Polygon", "coordinates": [ [ [ -122.41999, 47.65239 ], [ -122.42017, 47.6526 ], [ -122.42011, 47.6527 ], [ -122.42019, 47.65293 ], [ -122.42064, 47.65344 ], [ -122.42114, 47.65385 ], [ -122.42205, 47.65438 ], [ -122.42257, 47.65485 ], [ -122.42359, 47.65556 ], [ -122.424, 47.65602 ], [ -122.42418, 47.65635 ], [ -122.42476, 47.65697 ], [ -122.42529, 47.65739 ], [ -122.42604, 47.65778 ], [ -122.4264, 47.65835 ], [ -122.42938, 47.65952 ], [ -122.43595, 47.66189 ], [ -122.43594, 47.66202 ], [ -122.43439, 47.66238 ], [ -122.43114, 47.66277 ], [ -122.42515, 47.66522 ], [ -122.42491, 47.66535 ], [ -122.42271, 47.66748 ], [ -122.42223, 47.66769 ], [ -122.42166, 47.66778 ], [ -122.41854, 47.66903 ], [ -122.41778, 47.66944 ], [ -122.41751, 47.66975 ], [ -122.41588, 47.67043 ], [ -122.41582, 47.67053 ], [ -122.41151, 47.67148 ], [ -122.4093, 47.67158 ], [ -122.40878, 47.67142 ], [ -122.40839, 47.67031 ], [ -122.40792, 47.66973 ], [ -122.40783, 47.6695 ], [ -122.40792, 47.66876 ], [ -122.40825, 47.66781 ], [ -122.4082, 47.66753 ], [ -122.40783, 47.66708 ], [ -122.40686, 47.66655 ], [ -122.40654, 47.66647 ], [ -122.40556, 47.66647 ], [ -122.40551, 47.66639 ], [ -122.40517, 47.66634 ], [ -122.40506, 47.66623 ], [ -122.40446, 47.66622 ], [ -122.40419, 47.6663 ], [ -122.40194, 47.66623 ], [ -122.40173, 47.66609 ], [ -122.40068, 47.66583 ], [ -122.40024, 47.66553 ], [ -122.39908, 47.66511 ], [ -122.39852, 47.66492 ], [ -122.39833, 47.66495 ], [ -122.39829, 47.66255 ], [ -122.39604, 47.66132 ], [ -122.39432, 47.66133 ], [ -122.39249, 47.66047 ], [ -122.3914, 47.65977 ], [ -122.38539, 47.65499 ], [ -122.382, 47.65055 ], [ -122.38197, 47.64846 ], [ -122.38978, 47.6485 ], [ -122.39012, 47.64868 ], [ -122.39047, 47.64872 ], [ -122.39105, 47.64865 ], [ -122.39537, 47.64863 ], [ -122.3955, 47.6485 ], [ -122.39558, 47.64683 ], [ -122.40362, 47.64681 ], [ -122.40359, 47.65405 ], [ -122.41971, 47.65412 ], [ -122.41999, 47.65239 ] ] ] } },
{ "type": "Feature", "properties": { "name": "Leschi" }, "geometry": { "type": "Polygon", "coordinates": [ [ [ -122.29627, 47.60799 ], [ -122.28614, 47.60791 ], [ -122.28611, 47.60921 ], [ -122.28471, 47.60917 ], [ -122.28472, 47.60836 ], [ -122.28453, 47.60785 ], [ -122.28424, 47.60749 ], [ -122.2831, 47.60652 ], [ -122.28312, 47.60608 ], [ -122.28305, 47.60582 ], [ -122.28314, 47.60576 ], [ -122.28304, 47.60545 ], [ -122.28315, 47.60535 ], [ -122.28308, 47.6053 ], [ -122.28318, 47.60497 ], [ -122.28316, 47.60448 ], [ -122.2839, 47.60347 ], [ -122.28406, 47.60311 ], [ -122.28393, 47.60304 ], [ -122.28393, 47.60286 ], [ -122.28442, 47.60206 ], [ -122.28397, 47.60204 ], [ -122.28397, 47.6018 ], [ -122.28457, 47.60186 ], [ -122.2845, 47.60141 ], [ -122.2848, 47.60143 ], [ -122.28497, 47.60135 ], [ -122.2853, 47.60027 ], [ -122.28528, 47.60011 ], [ -122.28511, 47.60009 ], [ -122.28515, 47.59995 ], [ -122.28532, 47.59994 ], [ -122.28541, 47.59972 ], [ -122.28551, 47.59972 ], [ -122.28544, 47.59965 ], [ -122.28547, 47.59956 ], [ -122.28597, 47.5989 ], [ -122.28602, 47.59864 ], [ -122.28562, 47.59864 ], [ -122.28565, 47.59849 ], [ -122.28626, 47.5985 ], [ -122.28636, 47.59785 ], [ -122.28631, 47.5976 ], [ -122.28621, 47.59759 ], [ -122.28625, 47.59736 ], [ -122.2861, 47.59734 ], [ -122.28636, 47.59711 ], [ -122.28644, 47.59688 ], [ -122.28629, 47.59686 ], [ -122.28639, 47.59666 ], [ -122.28659, 47.59662 ], [ -122.28662, 47.59635 ], [ -122.28647, 47.59631 ], [ -122.28663, 47.59626 ], [ -122.28654, 47.59622 ], [ -122.28648, 47.59594 ], [ -122.28652, 47.59583 ], [ -122.28674, 47.59582 ], [ -122.28679, 47.59573 ], [ -122.28704, 47.594 ], [ -122.28729, 47.59338 ], [ -122.28725, 47.59287 ], [ -122.2867, 47.59216 ], [ -122.28651, 47.59178 ], [ -122.28657, 47.5917 ], [ -122.28654, 47.59159 ], [ -122.28635, 47.59155 ], [ -122.2862, 47.59135 ], [ -122.28632, 47.59112 ], [ -122.29747, 47.59128 ], [ -122.29781, 47.59296 ], [ -122.29786, 47.59474 ], [ -122.29754, 47.59584 ], [ -122.29745, 47.59724 ], [ -122.29743, 47.59958 ], [ -122.29681, 47.60136 ], [ -122.29668, 47.60352 ], [ -122.29677, 47.60428 ], [ -122.29678, 47.60665 ], [ -122.29641, 47.60737 ], [ -122.29627, 47.60799 ] ] ] } },
{ "type": "Feature", "properties": { "name": "Licton Springs" }, "geometry": { "type": "Polygon", "coordinates": [ [ [ -122.3447, 47.70505 ], [ -122.3392, 47.70504 ], [ -122.33857, 47.70511 ], [ -122.33811, 47.70527 ], [ -122.3377, 47.70552 ], [ -122.33609, 47.70697 ], [ -122.33515, 47.70814 ], [ -122.33459, 47.70849 ], [ -122.33393, 47.70865 ], [ -122.33001, 47.70864 ], [ -122.32977, 47.70455 ], [ -122.32995, 47.7018 ], [ -122.32992, 47.70071 ], [ -122.32939, 47.6959 ], [ -122.32929, 47.6945 ], [ -122.32926, 47.69089 ], [ -122.3291, 47.69012 ], [ -122.32961, 47.69035 ], [ -122.33024, 47.69045 ], [ -122.34453, 47.69056 ], [ -122.3447, 47.70505 ] ] ] } },
{ "type": "Feature", "properties": { "name": "Lower Queen Anne" }, "geometry": { "type": "Polygon", "coordinates": [ [ [ -122.34354, 47.62802 ], [ -122.34366, 47.62515 ], [ -122.34364, 47.62378 ], [ -122.35036, 47.61858 ], [ -122.35845, 47.61861 ], [ -122.36541, 47.62438 ], [ -122.36858, 47.62676 ], [ -122.36767, 47.62649 ], [ -122.36477, 47.62537 ], [ -122.36454, 47.62518 ], [ -122.36453, 47.62586 ], [ -122.36435, 47.62673 ], [ -122.36436, 47.62702 ], [ -122.36381, 47.6268 ], [ -122.36322, 47.62674 ], [ -122.36311, 47.63232 ], [ -122.35673, 47.63229 ], [ -122.35659, 47.63208 ], [ -122.35668, 47.62808 ], [ -122.35015, 47.62814 ], [ -122.34754, 47.62804 ], [ -122.34354, 47.62802 ] ] ] } },
{ "type": "Feature", "properties": { "name": "Loyal Heights" }, "geometry": { "type": "Polygon", "coordinates": [ [ [ -122.37634, 47.67592 ], [ -122.37671, 47.676 ], [ -122.39296, 47.67591 ], [ -122.393, 47.69058 ], [ -122.37681, 47.69061 ], [ -122.37677, 47.67641 ], [ -122.37667, 47.67618 ], [ -122.37634, 47.67592 ] ] ] } },
{ "type": "Feature", "properties": { "name": "Madison Park" }, "geometry": { "type": "Polygon", "coordinates": [ [ [ -122.29284, 47.64181 ], [ -122.29255, 47.64187 ], [ -122.29204, 47.64212 ], [ -122.29091, 47.64193 ], [ -122.28969, 47.64219 ], [ -122.28996, 47.64224 ], [ -122.28931, 47.64281 ], [ -122.28883, 47.64273 ], [ -122.28844, 47.64299 ], [ -122.28834, 47.64292 ], [ -122.28835, 47.64265 ], [ -122.28854, 47.64237 ], [ -122.28852, 47.64228 ], [ -122.28875, 47.6421 ], [ -122.28845, 47.64213 ], [ -122.28824, 47.64226 ], [ -122.28822, 47.64236 ], [ -122.28845, 47.64234 ], [ -122.28817, 47.64267 ], [ -122.28793, 47.6429 ], [ -122.28759, 47.64303 ], [ -122.28709, 47.64347 ], [ -122.28679, 47.6439 ], [ -122.2863, 47.64388 ], [ -122.28595, 47.64384 ], [ -122.28569, 47.64371 ], [ -122.28564, 47.64344 ], [ -122.28553, 47.64336 ], [ -122.28563, 47.64303 ], [ -122.28557, 47.64271 ], [ -122.28547, 47.64261 ], [ -122.28548, 47.64273 ], [ -122.28526, 47.64296 ], [ -122.28507, 47.64274 ], [ -122.2847, 47.64271 ], [ -122.28462, 47.64259 ], [ -122.28439, 47.64257 ], [ -122.28436, 47.6427 ], [ -122.28344, 47.64268 ], [ -122.2827, 47.64251 ], [ -122.2824, 47.64251 ], [ -122.28188, 47.64235 ], [ -122.2813, 47.6427 ], [ -122.2799, 47.64272 ], [ -122.27929, 47.64284 ], [ -122.27913, 47.64276 ], [ -122.27852, 47.64276 ], [ -122.27842, 47.64284 ], [ -122.27814, 47.64278 ], [ -122.27774, 47.64258 ], [ -122.2773, 47.64216 ], [ -122.27687, 47.64135 ], [ -122.27632, 47.6412 ], [ -122.27629, 47.64083 ], [ -122.27531, 47.64081 ], [ -122.27523, 47.64067 ], [ -122.2753, 47.64059 ], [ -122.27626, 47.6406 ], [ -122.27653, 47.64044 ], [ -122.27642, 47.64039 ], [ -122.27649, 47.64027 ], [ -122.27634, 47.64019 ], [ -122.27632, 47.64009 ], [ -122.27528, 47.63996 ], [ -122.27527, 47.63978 ], [ -122.27637, 47.63979 ], [ -122.27655, 47.63975 ], [ -122.27655, 47.63968 ], [ -122.27654, 47.63845 ], [ -122.27581, 47.63839 ], [ -122.27583, 47.6382 ], [ -122.27609, 47.6382 ], [ -122.2761, 47.63806 ], [ -122.27574, 47.63806 ], [ -122.27575, 47.63795 ], [ -122.27556, 47.63799 ], [ -122.27543, 47.63791 ], [ -122.27544, 47.63783 ], [ -122.27612, 47.63784 ], [ -122.27581, 47.63778 ], [ -122.27582, 47.6375 ], [ -122.27585, 47.63742 ], [ -122.27613, 47.63748 ], [ -122.27618, 47.63682 ], [ -122.2764, 47.63656 ], [ -122.27649, 47.63592 ], [ -122.27643, 47.63481 ], [ -122.27606, 47.63441 ], [ -122.27607, 47.63403 ], [ -122.27613, 47.63396 ], [ -122.27594, 47.63385 ], [ -122.27621, 47.6337 ], [ -122.27621, 47.63357 ], [ -122.27582, 47.63361 ], [ -122.27583, 47.63345 ], [ -122.27587, 47.63334 ], [ -122.27613, 47.63334 ], [ -122.27615, 47.63323 ], [ -122.27639, 47.63323 ], [ -122.27645, 47.6331 ], [ -122.27644, 47.63275 ], [ -122.27656, 47.63254 ], [ -122.27651, 47.63216 ], [ -122.27676, 47.63159 ], [ -122.27673, 47.6314 ], [ -122.2771, 47.63094 ], [ -122.27701, 47.63084 ], [ -122.27702, 47.63055 ], [ -122.2775, 47.63043 ], [ -122.27805, 47.63006 ], [ -122.27873, 47.62924 ], [ -122.27881, 47.62897 ], [ -122.27835, 47.62895 ], [ -122.27834, 47.62864 ], [ -122.27897, 47.62864 ], [ -122.27897, 47.62853 ], [ -122.27998, 47.62853 ], [ -122.27996, 47.62973 ], [ -122.28135, 47.62974 ], [ -122.28133, 47.63096 ], [ -122.28513, 47.63099 ], [ -122.29244, 47.62602 ], [ -122.29253, 47.62631 ], [ -122.29285, 47.62663 ], [ -122.29303, 47.62736 ], [ -122.29331, 47.62773 ], [ -122.29389, 47.62806 ], [ -122.29533, 47.62855 ], [ -122.29571, 47.62877 ], [ -122.29644, 47.62981 ], [ -122.29724, 47.63073 ], [ -122.29727, 47.6315 ], [ -122.29707, 47.63224 ], [ -122.29706, 47.63291 ], [ -122.29719, 47.63311 ], [ -122.29788, 47.63361 ], [ -122.29795, 47.63435 ], [ -122.29846, 47.6352 ], [ -122.29817, 47.63674 ], [ -122.29798, 47.63707 ], [ -122.29714, 47.63772 ], [ -122.29698, 47.63797 ], [ -122.29685, 47.6396 ], [ -122.29666, 47.6403 ], [ -122.29642, 47.6407 ], [ -122.29582, 47.6411 ], [ -122.29525, 47.64122 ], [ -122.29491, 47.64113 ], [ -122.29426, 47.64067 ], [ -122.29368, 47.64066 ], [ -122.29317, 47.64097 ], [ -122.2929, 47.64127 ], [ -122.29284, 47.64181 ] ] ] } },
{ "type": "Feature", "properties": { "name": "Madrona" }, "geometry": { "type": "Polygon", "coordinates": [ [ [ -122.29612, 47.6189 ], [ -122.29128, 47.61888 ], [ -122.29126, 47.61837 ], [ -122.2856, 47.61835 ], [ -122.28495, 47.61812 ], [ -122.28458, 47.61762 ], [ -122.28012, 47.61769 ], [ -122.28018, 47.61761 ], [ -122.28012, 47.61724 ], [ -122.28001, 47.61712 ], [ -122.28002, 47.61676 ], [ -122.28012, 47.6167 ], [ -122.2805, 47.61581 ], [ -122.2806, 47.61575 ], [ -122.28061, 47.61558 ], [ -122.28071, 47.6155 ], [ -122.28055, 47.61534 ], [ -122.28099, 47.61513 ], [ -122.28129, 47.61452 ], [ -122.28125, 47.6141 ], [ -122.28107, 47.61385 ], [ -122.28115, 47.61363 ], [ -122.2811, 47.61309 ], [ -122.2812, 47.61227 ], [ -122.28132, 47.61206 ], [ -122.28186, 47.6116 ], [ -122.28205, 47.61124 ], [ -122.28192, 47.61053 ], [ -122.28195, 47.61015 ], [ -122.28221, 47.60947 ], [ -122.28247, 47.60913 ], [ -122.28277, 47.60845 ], [ -122.283, 47.60749 ], [ -122.2831, 47.60652 ], [ -122.28424, 47.60749 ], [ -122.28453, 47.60785 ], [ -122.28472, 47.60836 ], [ -122.28471, 47.60917 ], [ -122.28611, 47.60921 ], [ -122.28614, 47.60791 ], [ -122.29627, 47.60799 ], [ -122.29612, 47.6189 ] ] ] } },
{ "type": "Feature", "properties": { "name": "Mann" }, "geometry": { "type": "Polygon", "coordinates": [ [ [ -122.29643, 47.62332 ], [ -122.29612, 47.6226 ], [ -122.29609, 47.62081 ], [ -122.29626, 47.60829 ], [ -122.29635, 47.60752 ], [ -122.29678, 47.60665 ], [ -122.29677, 47.60428 ], [ -122.29668, 47.60352 ], [ -122.29681, 47.60168 ], [ -122.30238, 47.60169 ], [ -122.30244, 47.60196 ], [ -122.30246, 47.60477 ], [ -122.30281, 47.60525 ], [ -122.30273, 47.612 ], [ -122.30254, 47.61917 ], [ -122.29643, 47.62332 ] ] ] } },
{ "type": "Feature", "properties": { "name": "Maple Leaf" }, "geometry": { "type": "Polygon", "coordinates": [ [ [ -122.33001, 47.70864 ], [ -122.31243, 47.70853 ], [ -122.31243, 47.70511 ], [ -122.31221, 47.70034 ], [ -122.30333, 47.70027 ], [ -122.30509, 47.69818 ], [ -122.3054, 47.69773 ], [ -122.30564, 47.69713 ], [ -122.30575, 47.69671 ], [ -122.30576, 47.6963 ], [ -122.30546, 47.69314 ], [ -122.30552, 47.69273 ], [ -122.3058, 47.69221 ], [ -122.30632, 47.69162 ], [ -122.30817, 47.69031 ], [ -122.32871, 47.69045 ], [ -122.3291, 47.69012 ], [ -122.32926, 47.69089 ], [ -122.32929, 47.6945 ], [ -122.32939, 47.6959 ], [ -122.32992, 47.70071 ], [ -122.32995, 47.7018 ], [ -122.32977, 47.70455 ], [ -122.33001, 47.70864 ] ] ] } },
{ "type": "Feature", "properties": { "name": "Matthews Beach" }, "geometry": { "type": "Polygon", "coordinates": [ [ [ -122.29052, 47.69745 ], [ -122.29087, 47.70464 ], [ -122.29066, 47.71271 ], [ -122.29081, 47.71325 ], [ -122.29155, 47.7144 ], [ -122.2915, 47.71553 ], [ -122.2839, 47.71557 ], [ -122.2839, 47.71739 ], [ -122.28298, 47.71739 ], [ -122.2827, 47.71721 ], [ -122.2817, 47.71731 ], [ -122.28041, 47.71765 ], [ -122.28007, 47.71729 ], [ -122.27949, 47.71706 ], [ -122.27921, 47.71673 ], [ -122.27921, 47.71577 ], [ -122.27886, 47.7156 ], [ -122.27785, 47.71617 ], [ -122.27783, 47.71612 ], [ -122.27769, 47.71566 ], [ -122.2772, 47.71464 ], [ -122.27718, 47.71421 ], [ -122.27643, 47.71226 ], [ -122.27641, 47.7121 ], [ -122.2765, 47.71208 ], [ -122.27655, 47.71191 ], [ -122.27652, 47.71156 ], [ -122.27641, 47.71135 ], [ -122.27632, 47.71072 ], [ -122.27593, 47.70991 ], [ -122.27599, 47.7099 ], [ -122.27594, 47.70964 ], [ -122.27557, 47.7089 ], [ -122.27548, 47.70849 ], [ -122.2753, 47.70818 ], [ -122.27533, 47.70807 ], [ -122.27523, 47.70807 ], [ -122.27513, 47.70793 ], [ -122.27503, 47.70736 ], [ -122.27491, 47.7072 ], [ -122.27486, 47.70692 ], [ -122.27497, 47.7057 ], [ -122.27487, 47.70565 ], [ -122.27481, 47.7053 ], [ -122.27488, 47.70517 ], [ -122.27477, 47.70515 ], [ -122.27465, 47.7048 ], [ -122.2747, 47.70474 ], [ -122.27456, 47.70472 ], [ -122.27451, 47.70459 ], [ -122.27448, 47.70442 ], [ -122.27456, 47.70439 ], [ -122.27433, 47.70422 ], [ -122.27424, 47.70377 ], [ -122.27399, 47.70333 ], [ -122.27399, 47.70321 ], [ -122.2738, 47.7032 ], [ -122.27367, 47.70292 ], [ -122.27339, 47.70259 ], [ -122.27304, 47.7016 ], [ -122.27287, 47.70055 ], [ -122.27255, 47.69955 ], [ -122.27246, 47.6985 ], [ -122.27264, 47.69787 ], [ -122.27267, 47.69689 ], [ -122.27255, 47.69659 ], [ -122.27229, 47.69638 ], [ -122.27213, 47.69583 ], [ -122.27191, 47.69563 ], [ -122.27174, 47.69559 ], [ -122.27142, 47.69501 ], [ -122.27289, 47.69482 ], [ -122.2736, 47.69504 ], [ -122.27287, 47.69477 ], [ -122.27179, 47.69491 ], [ -122.27174, 47.69478 ], [ -122.27186, 47.69475 ], [ -122.27187, 47.69458 ], [ -122.27162, 47.69404 ], [ -122.27138, 47.69391 ], [ -122.2712, 47.69391 ], [ -122.27113, 47.69379 ], [ -122.26978, 47.69318 ], [ -122.26844, 47.69229 ], [ -122.26802, 47.6921 ], [ -122.26766, 47.69172 ], [ -122.26761, 47.6912 ], [ -122.26735, 47.6908 ], [ -122.2668, 47.69035 ], [ -122.268, 47.69034 ], [ -122.26844, 47.69091 ], [ -122.26882, 47.69122 ], [ -122.27065, 47.69235 ], [ -122.27121, 47.69262 ], [ -122.27187, 47.69281 ], [ -122.27193, 47.69272 ], [ -122.27214, 47.69266 ], [ -122.273, 47.6928 ], [ -122.27364, 47.69247 ], [ -122.27446, 47.69238 ], [ -122.27536, 47.69214 ], [ -122.27591, 47.6923 ], [ -122.2766, 47.69228 ], [ -122.27687, 47.69222 ], [ -122.27811, 47.6916 ], [ -122.27838, 47.69157 ], [ -122.27867, 47.69164 ], [ -122.27919, 47.69225 ], [ -122.27999, 47.69294 ], [ -122.28003, 47.69738 ], [ -122.29052, 47.69745 ] ] ] } },
{ "type": "Feature", "properties": { "name": "Meadowbrook" }, "geometry": { "type": "Polygon", "coordinates": [ [ [ -122.29739, 47.71562 ], [ -122.2915, 47.71553 ], [ -122.29155, 47.7144 ], [ -122.29081, 47.71325 ], [ -122.29066, 47.71271 ], [ -122.29087, 47.70464 ], [ -122.29052, 47.69745 ], [ -122.30546, 47.69756 ], [ -122.30509, 47.69818 ], [ -122.30201, 47.70186 ], [ -122.30173, 47.70252 ], [ -122.30163, 47.70304 ], [ -122.30162, 47.70708 ], [ -122.30125, 47.70876 ], [ -122.30065, 47.71012 ], [ -122.29739, 47.71562 ] ] ] } },
{ "type": "Feature", "properties": { "name": "Mid-Beacon Hill" }, "geometry": { "type": "Polygon", "coordinates": [ [ [ -122.30464, 47.5596 ], [ -122.30252, 47.55998 ], [ -122.29843, 47.56151 ], [ -122.29782, 47.56165 ], [ -122.29727, 47.56166 ], [ -122.29674, 47.56157 ], [ -122.29548, 47.56104 ], [ -122.29488, 47.56088 ], [ -122.29336, 47.56083 ], [ -122.29041, 47.55609 ], [ -122.2838, 47.54246 ], [ -122.29027, 47.54249 ], [ -122.29031, 47.54434 ], [ -122.29689, 47.54444 ], [ -122.29689, 47.53963 ], [ -122.29717, 47.53942 ], [ -122.297, 47.53897 ], [ -122.29906, 47.53905 ], [ -122.2998, 47.5393 ], [ -122.30231, 47.54138 ], [ -122.3029, 47.542 ], [ -122.30364, 47.54307 ], [ -122.30615, 47.54548 ], [ -122.30751, 47.54667 ], [ -122.30872, 47.54743 ], [ -122.30992, 47.54805 ], [ -122.31112, 47.54888 ], [ -122.31399, 47.54745 ], [ -122.31621, 47.54863 ], [ -122.31783, 47.55011 ], [ -122.31887, 47.55125 ], [ -122.31998, 47.55229 ], [ -122.32019, 47.5527 ], [ -122.32098, 47.55337 ], [ -122.32044, 47.55362 ], [ -122.31975, 47.55308 ], [ -122.31958, 47.55332 ], [ -122.31928, 47.55344 ], [ -122.3177, 47.55346 ], [ -122.31894, 47.55544 ], [ -122.32054, 47.55774 ], [ -122.32121, 47.55916 ], [ -122.32141, 47.56001 ], [ -122.32148, 47.56138 ], [ -122.32018, 47.56865 ], [ -122.31982, 47.57257 ], [ -122.31866, 47.57321 ], [ -122.31758, 47.57348 ], [ -122.31646, 47.5734 ], [ -122.31572, 47.57315 ], [ -122.31535, 47.57294 ], [ -122.31507, 47.57261 ], [ -122.31458, 47.57175 ], [ -122.31344, 47.56909 ], [ -122.3135, 47.56417 ], [ -122.31331, 47.56372 ], [ -122.31097, 47.56194 ], [ -122.30987, 47.56133 ], [ -122.30464, 47.5596 ] ] ] } },
{ "type": "Feature", "properties": { "name": "Minor" }, "geometry": { "type": "Polygon", "coordinates": [ [ [ -122.30254, 47.61917 ], [ -122.30273, 47.612 ], [ -122.30281, 47.60525 ], [ -122.30246, 47.60477 ], [ -122.30244, 47.60196 ], [ -122.30238, 47.60169 ], [ -122.31677, 47.60172 ], [ -122.31675, 47.6129 ], [ -122.30415, 47.61807 ], [ -122.30254, 47.61917 ] ] ] } },
{ "type": "Feature", "properties": { "name": "Montlake" }, "geometry": { "type": "MultiPolygon", "coordinates": [ [ [ [ -122.30907, 47.64704 ], [ -122.30083, 47.64701 ], [ -122.30052, 47.64661 ], [ -122.29975, 47.64632 ], [ -122.29941, 47.64601 ], [ -122.29951, 47.64582 ], [ -122.29926, 47.6457 ], [ -122.29893, 47.64518 ], [ -122.29868, 47.64502 ], [ -122.29863, 47.64478 ], [ -122.2975, 47.64452 ], [ -122.29733, 47.64421 ], [ -122.2974, 47.64409 ], [ -122.29827, 47.64423 ], [ -122.29854, 47.64405 ], [ -122.29797, 47.64355 ], [ -122.2977, 47.6435 ], [ -122.29749, 47.64331 ], [ -122.29713, 47.64328 ], [ -122.29695, 47.6434 ], [ -122.29667, 47.64345 ], [ -122.29631, 47.6434 ], [ -122.29619, 47.64347 ], [ -122.29626, 47.64367 ], [ -122.29613, 47.64402 ], [ -122.29606, 47.64473 ], [ -122.29568, 47.64494 ], [ -122.29484, 47.64491 ], [ -122.29473, 47.64453 ], [ -122.29482, 47.64368 ], [ -122.29459, 47.64343 ], [ -122.29459, 47.643 ], [ -122.29494, 47.64277 ], [ -122.29541, 47.64276 ], [ -122.29573, 47.64265 ], [ -122.29587, 47.64248 ], [ -122.29599, 47.64248 ], [ -122.29619, 47.6423 ], [ -122.29641, 47.64188 ], [ -122.29621, 47.64166 ], [ -122.29616, 47.6415 ], [ -122.29601, 47.6415 ], [ -122.29551, 47.64186 ], [ -122.29545, 47.64203 ], [ -122.29555, 47.64233 ], [ -122.29548, 47.6425 ], [ -122.29527, 47.64259 ], [ -122.29482, 47.64247 ], [ -122.29449, 47.64216 ], [ -122.29414, 47.64206 ], [ -122.29407, 47.64185 ], [ -122.29427, 47.64137 ], [ -122.2941, 47.64113 ], [ -122.294, 47.64112 ], [ -122.29376, 47.64139 ], [ -122.29364, 47.64137 ], [ -122.29336, 47.6416 ], [ -122.29284, 47.64181 ], [ -122.2929, 47.64127 ], [ -122.29317, 47.64097 ], [ -122.29368, 47.64066 ], [ -122.29426, 47.64067 ], [ -122.29491, 47.64113 ], [ -122.29525, 47.64122 ], [ -122.29582, 47.6411 ], [ -122.29642, 47.6407 ], [ -122.29666, 47.6403 ], [ -122.29685, 47.6396 ], [ -122.29698, 47.63797 ], [ -122.29714, 47.63772 ], [ -122.29796, 47.63709 ], [ -122.29815, 47.63682 ], [ -122.29846, 47.6352 ], [ -122.29795, 47.63435 ], [ -122.29788, 47.63361 ], [ -122.29719, 47.63311 ], [ -122.29706, 47.63291 ], [ -122.29707, 47.63224 ], [ -122.29727, 47.6315 ], [ -122.29725, 47.63078 ], [ -122.29759, 47.63129 ], [ -122.29774, 47.63225 ], [ -122.29965, 47.63227 ], [ -122.30012, 47.63324 ], [ -122.30119, 47.63449 ], [ -122.30191, 47.63461 ], [ -122.30385, 47.63563 ], [ -122.30492, 47.63594 ], [ -122.30565, 47.63582 ], [ -122.30609, 47.63546 ], [ -122.30643, 47.63543 ], [ -122.30658, 47.63559 ], [ -122.30658, 47.63611 ], [ -122.30709, 47.63616 ], [ -122.30766, 47.63643 ], [ -122.30788, 47.63638 ], [ -122.30828, 47.6358 ], [ -122.30874, 47.63571 ], [ -122.3088, 47.63582 ], [ -122.30859, 47.63609 ], [ -122.30858, 47.63637 ], [ -122.30919, 47.63747 ], [ -122.30929, 47.63754 ], [ -122.30942, 47.63753 ], [ -122.30957, 47.63729 ], [ -122.31021, 47.63703 ], [ -122.31049, 47.63651 ], [ -122.31075, 47.63644 ], [ -122.311, 47.63649 ], [ -122.31115, 47.63671 ], [ -122.31116, 47.6374 ], [ -122.31081, 47.63784 ], [ -122.31082, 47.63806 ], [ -122.31132, 47.63864 ], [ -122.31164, 47.63879 ], [ -122.31206, 47.63882 ], [ -122.31254, 47.63868 ], [ -122.31287, 47.63871 ], [ -122.31418, 47.63917 ], [ -122.3145, 47.63912 ], [ -122.31469, 47.63897 ], [ -122.31471, 47.63827 ], [ -122.31359, 47.63748 ], [ -122.31359, 47.63594 ], [ -122.32122, 47.6359 ], [ -122.3213, 47.636 ], [ -122.32136, 47.63614 ], [ -122.32133, 47.63954 ], [ -122.32231, 47.63953 ], [ -122.32288, 47.63972 ], [ -122.32284, 47.64143 ], [ -122.32273, 47.64186 ], [ -122.32255, 47.64205 ], [ -122.32222, 47.64221 ], [ -122.32158, 47.64231 ], [ -122.31518, 47.64303 ], [ -122.31516, 47.64281 ], [ -122.31437, 47.64223 ], [ -122.31372, 47.64222 ], [ -122.31302, 47.64167 ], [ -122.31295, 47.64169 ], [ -122.313, 47.64186 ], [ -122.3129, 47.64194 ], [ -122.31227, 47.6418 ], [ -122.31217, 47.64145 ], [ -122.31189, 47.64141 ], [ -122.3115, 47.6418 ], [ -122.31113, 47.64181 ], [ -122.31107, 47.6423 ], [ -122.31056, 47.64236 ], [ -122.31029, 47.64249 ], [ -122.31022, 47.64288 ], [ -122.31002, 47.64299 ], [ -122.30967, 47.64306 ], [ -122.30949, 47.643 ], [ -122.30941, 47.6431 ], [ -122.30842, 47.64324 ], [ -122.3082, 47.6432 ], [ -122.30815, 47.64311 ], [ -122.30837, 47.64304 ], [ -122.30819, 47.64301 ], [ -122.30751, 47.64314 ], [ -122.30741, 47.64322 ], [ -122.30762, 47.64334 ], [ -122.30727, 47.6434 ], [ -122.30711, 47.6435 ], [ -122.30771, 47.64398 ], [ -122.30817, 47.64459 ], [ -122.3087, 47.64459 ], [ -122.3087, 47.64473 ], [ -122.30884, 47.64473 ], [ -122.30884, 47.64501 ], [ -122.3092, 47.64511 ], [ -122.30912, 47.64523 ], [ -122.30974, 47.64554 ], [ -122.30986, 47.6463 ], [ -122.30951, 47.64687 ], [ -122.30907, 47.64704 ] ] ], [ [ [ -122.29611, 47.64185 ], [ -122.2961, 47.64211 ], [ -122.29593, 47.64226 ], [ -122.29583, 47.64226 ], [ -122.29581, 47.642 ], [ -122.29599, 47.64184 ], [ -122.29611, 47.64185 ] ] ], [ [ [ -122.28886, 47.64279 ], [ -122.28923, 47.64297 ], [ -122.28873, 47.64338 ], [ -122.28861, 47.64297 ], [ -122.28886, 47.64279 ] ] ], [ [ [ -122.28789, 47.64457 ], [ -122.28724, 47.64451 ], [ -122.28806, 47.64416 ], [ -122.28789, 47.64457 ] ] ], [ [ [ -122.28981, 47.64676 ], [ -122.28924, 47.64627 ], [ -122.28866, 47.64599 ], [ -122.28835, 47.64565 ], [ -122.28827, 47.64574 ], [ -122.28834, 47.64597 ], [ -122.28784, 47.64605 ], [ -122.28784, 47.64552 ], [ -122.28795, 47.64522 ], [ -122.28809, 47.64513 ], [ -122.28945, 47.64517 ], [ -122.28958, 47.64509 ], [ -122.28957, 47.64497 ], [ -122.2893, 47.64472 ], [ -122.28835, 47.64463 ], [ -122.28835, 47.64442 ], [ -122.28921, 47.64352 ], [ -122.28981, 47.64268 ], [ -122.29026, 47.64228 ], [ -122.29083, 47.64207 ], [ -122.29179, 47.64215 ], [ -122.2923, 47.64227 ], [ -122.29303, 47.6429 ], [ -122.29352, 47.64302 ], [ -122.29402, 47.64304 ], [ -122.29387, 47.64347 ], [ -122.29329, 47.64379 ], [ -122.29265, 47.64436 ], [ -122.29206, 47.64466 ], [ -122.29121, 47.6448 ], [ -122.2911, 47.64507 ], [ -122.29142, 47.64532 ], [ -122.29232, 47.64554 ], [ -122.29303, 47.64562 ], [ -122.29319, 47.64574 ], [ -122.29342, 47.64575 ], [ -122.29351, 47.64588 ], [ -122.29286, 47.6462 ], [ -122.29249, 47.64612 ], [ -122.2914, 47.64648 ], [ -122.29079, 47.6466 ], [ -122.29062, 47.64671 ], [ -122.29063, 47.64684 ], [ -122.2905, 47.64688 ], [ -122.28981, 47.64676 ] ] ], [ [ [ -122.29423, 47.64456 ], [ -122.29416, 47.64487 ], [ -122.29402, 47.64486 ], [ -122.29399, 47.6448 ], [ -122.29423, 47.64456 ] ] ], [ [ [ -122.28741, 47.64517 ], [ -122.28756, 47.64523 ], [ -122.28747, 47.64558 ], [ -122.28753, 47.64589 ], [ -122.2875, 47.64598 ], [ -122.28735, 47.64601 ], [ -122.28716, 47.64567 ], [ -122.28721, 47.64521 ], [ -122.28741, 47.64517 ] ] ], [ [ [ -122.2941, 47.64643 ], [ -122.29446, 47.64612 ], [ -122.29508, 47.64592 ], [ -122.29594, 47.64587 ], [ -122.29654, 47.64574 ], [ -122.29855, 47.64576 ], [ -122.29868, 47.64583 ], [ -122.29872, 47.64601 ], [ -122.29742, 47.64605 ], [ -122.29681, 47.64628 ], [ -122.29577, 47.64647 ], [ -122.29464, 47.64653 ], [ -122.2941, 47.64643 ] ] ] ] } },
{ "type": "Feature", "properties": { "name": "Mount Baker" }, "geometry": { "type": "Polygon", "coordinates": [ [ [ -122.29747, 47.59128 ], [ -122.28632, 47.59112 ], [ -122.28571, 47.59027 ], [ -122.28551, 47.5898 ], [ -122.28552, 47.58961 ], [ -122.28535, 47.58936 ], [ -122.28527, 47.58877 ], [ -122.28513, 47.58868 ], [ -122.28529, 47.58832 ], [ -122.28539, 47.58826 ], [ -122.28523, 47.58815 ], [ -122.28525, 47.58799 ], [ -122.2854, 47.58789 ], [ -122.28532, 47.58776 ], [ -122.28541, 47.58773 ], [ -122.2858, 47.58693 ], [ -122.28585, 47.58659 ], [ -122.28575, 47.58624 ], [ -122.28603, 47.58591 ], [ -122.28729, 47.58496 ], [ -122.28758, 47.5845 ], [ -122.28761, 47.58374 ], [ -122.28723, 47.58318 ], [ -122.2866, 47.58269 ], [ -122.28537, 47.58196 ], [ -122.28453, 47.58106 ], [ -122.28394, 47.58011 ], [ -122.2833, 47.57838 ], [ -122.28226, 47.5762 ], [ -122.2809, 47.57444 ], [ -122.28046, 47.57345 ], [ -122.28076, 47.5734 ], [ -122.28077, 47.57252 ], [ -122.2807, 47.57205 ], [ -122.28021, 47.57099 ], [ -122.27955, 47.56998 ], [ -122.2795, 47.56409 ], [ -122.28064, 47.56408 ], [ -122.28082, 47.56415 ], [ -122.28819, 47.56409 ], [ -122.28924, 47.56795 ], [ -122.29048, 47.56961 ], [ -122.29084, 47.56986 ], [ -122.29185, 47.57031 ], [ -122.29231, 47.57069 ], [ -122.29661, 47.57633 ], [ -122.29632, 47.57688 ], [ -122.29621, 47.57738 ], [ -122.29617, 47.57946 ], [ -122.29622, 47.5799 ], [ -122.29641, 47.58042 ], [ -122.29794, 47.58254 ], [ -122.29814, 47.58333 ], [ -122.29812, 47.58687 ], [ -122.29803, 47.58845 ], [ -122.29766, 47.58945 ], [ -122.29749, 47.59021 ], [ -122.2974, 47.59081 ], [ -122.29747, 47.59128 ] ] ] } },
{ "type": "Feature", "properties": { "name": "North Admiral" }, "geometry": { "type": "Polygon", "coordinates": [ [ [ -122.38205, 47.5898 ], [ -122.37628, 47.58578 ], [ -122.37318, 47.58205 ], [ -122.37248, 47.58023 ], [ -122.37261, 47.57908 ], [ -122.37256, 47.57876 ], [ -122.37147, 47.57687 ], [ -122.37099, 47.57467 ], [ -122.37063, 47.57144 ], [ -122.37143, 47.57121 ], [ -122.37204, 47.57086 ], [ -122.3725, 47.57039 ], [ -122.37274, 47.56988 ], [ -122.37451, 47.56987 ], [ -122.37558, 47.57018 ], [ -122.37612, 47.57022 ], [ -122.37967, 47.5698 ], [ -122.38014, 47.56913 ], [ -122.38086, 47.5702 ], [ -122.38644, 47.57019 ], [ -122.40318, 47.57039 ], [ -122.40387, 47.57081 ], [ -122.40379, 47.57221 ], [ -122.4028, 47.57219 ], [ -122.40274, 47.57581 ], [ -122.40334, 47.57581 ], [ -122.4034, 47.57726 ], [ -122.40135, 47.57842 ], [ -122.40063, 47.57907 ], [ -122.40294, 47.57909 ], [ -122.40363, 47.5787 ], [ -122.40386, 47.57873 ], [ -122.404, 47.57883 ], [ -122.40402, 47.57946 ], [ -122.40357, 47.57945 ], [ -122.40265, 47.58037 ], [ -122.40262, 47.58174 ], [ -122.40044, 47.58332 ], [ -122.399, 47.58462 ], [ -122.39872, 47.58466 ], [ -122.39704, 47.58541 ], [ -122.39575, 47.58625 ], [ -122.39451, 47.58667 ], [ -122.39235, 47.58816 ], [ -122.39145, 47.5894 ], [ -122.38993, 47.59055 ], [ -122.38945, 47.59115 ], [ -122.38838, 47.59151 ], [ -122.38728, 47.59241 ], [ -122.38705, 47.59313 ], [ -122.38682, 47.59328 ], [ -122.38701, 47.59354 ], [ -122.387, 47.59377 ], [ -122.38688, 47.59393 ], [ -122.38656, 47.59409 ], [ -122.38624, 47.59414 ], [ -122.38591, 47.59406 ], [ -122.38474, 47.59327 ], [ -122.38286, 47.59094 ], [ -122.38205, 47.5898 ] ] ] } },
{ "type": "Feature", "properties": { "name": "North Beach/Blue Ridge" }, "geometry": { "type": "Polygon", "coordinates": [ [ [ -122.36612, 47.71108 ], [ -122.36592, 47.71096 ], [ -122.36549, 47.71112 ], [ -122.36498, 47.71116 ], [ -122.36477, 47.71111 ], [ -122.36502, 47.71082 ], [ -122.36539, 47.71011 ], [ -122.36477, 47.70932 ], [ -122.36453, 47.70932 ], [ -122.36372, 47.70972 ], [ -122.36279, 47.70976 ], [ -122.36297, 47.70956 ], [ -122.36358, 47.70926 ], [ -122.36369, 47.70905 ], [ -122.3637, 47.70876 ], [ -122.36294, 47.70875 ], [ -122.36292, 47.70764 ], [ -122.36185, 47.70694 ], [ -122.36079, 47.70693 ], [ -122.36077, 47.70512 ], [ -122.36527, 47.70519 ], [ -122.36553, 47.70514 ], [ -122.37542, 47.70519 ], [ -122.37543, 47.70153 ], [ -122.37677, 47.70154 ], [ -122.3768, 47.69469 ], [ -122.3828, 47.69465 ], [ -122.3829, 47.69424 ], [ -122.38289, 47.69193 ], [ -122.38325, 47.6913 ], [ -122.38328, 47.69059 ], [ -122.39831, 47.69057 ], [ -122.3985, 47.69074 ], [ -122.39856, 47.69195 ], [ -122.3993, 47.69358 ], [ -122.39958, 47.69454 ], [ -122.39992, 47.69505 ], [ -122.40026, 47.69529 ], [ -122.40077, 47.69542 ], [ -122.40236, 47.69528 ], [ -122.40266, 47.69602 ], [ -122.40203, 47.69768 ], [ -122.40211, 47.69768 ], [ -122.40179, 47.6979 ], [ -122.40111, 47.6983 ], [ -122.39955, 47.69898 ], [ -122.39091, 47.70205 ], [ -122.38791, 47.70328 ], [ -122.38538, 47.7047 ], [ -122.38183, 47.70727 ], [ -122.3808, 47.70818 ], [ -122.38033, 47.70891 ], [ -122.38004, 47.70881 ], [ -122.37083, 47.70891 ], [ -122.36617, 47.70876 ], [ -122.36612, 47.71108 ] ] ] } },
{ "type": "Feature", "properties": { "name": "North Beacon Hill" }, "geometry": { "type": "Polygon", "coordinates": [ [ [ -122.31153, 47.59588 ], [ -122.30525, 47.58774 ], [ -122.30302, 47.5847 ], [ -122.29661, 47.57633 ], [ -122.29673, 47.57588 ], [ -122.29911, 47.57588 ], [ -122.29936, 47.57576 ], [ -122.29942, 47.57321 ], [ -122.29919, 47.57288 ], [ -122.29918, 47.57226 ], [ -122.29925, 47.56748 ], [ -122.29972, 47.5664 ], [ -122.29975, 47.56558 ], [ -122.30077, 47.56433 ], [ -122.30121, 47.56411 ], [ -122.30201, 47.56394 ], [ -122.30233, 47.56368 ], [ -122.30235, 47.56337 ], [ -122.30171, 47.56283 ], [ -122.3016, 47.56259 ], [ -122.30165, 47.56241 ], [ -122.30226, 47.56164 ], [ -122.30264, 47.56142 ], [ -122.3031, 47.56129 ], [ -122.30513, 47.56119 ], [ -122.30464, 47.5596 ], [ -122.30987, 47.56133 ], [ -122.31097, 47.56194 ], [ -122.31331, 47.56372 ], [ -122.3135, 47.56417 ], [ -122.31344, 47.56909 ], [ -122.31458, 47.57175 ], [ -122.31507, 47.57261 ], [ -122.31535, 47.57294 ], [ -122.31572, 47.57315 ], [ -122.31646, 47.5734 ], [ -122.31758, 47.57348 ], [ -122.31866, 47.57321 ], [ -122.31982, 47.57257 ], [ -122.31963, 47.57603 ], [ -122.31902, 47.57869 ], [ -122.31896, 47.57958 ], [ -122.31902, 47.58029 ], [ -122.31925, 47.58149 ], [ -122.31985, 47.58394 ], [ -122.32032, 47.58834 ], [ -122.321, 47.59115 ], [ -122.32091, 47.5923 ], [ -122.32038, 47.59474 ], [ -122.32024, 47.59583 ], [ -122.31216, 47.59581 ], [ -122.31153, 47.59588 ] ] ] } },
{ "type": "Feature", "properties": { "name": "North Delridge" }, "geometry": { "type": "Polygon", "coordinates": [ [ [ -122.37081, 47.56757 ], [ -122.37063, 47.57144 ], [ -122.37019, 47.57148 ], [ -122.36033, 47.57146 ], [ -122.3574, 47.57105 ], [ -122.3562, 47.57096 ], [ -122.35353, 47.56674 ], [ -122.35178, 47.56167 ], [ -122.35171, 47.55941 ], [ -122.35474, 47.55945 ], [ -122.35548, 47.55971 ], [ -122.35621, 47.55981 ], [ -122.35682, 47.56011 ], [ -122.35718, 47.56015 ], [ -122.35862, 47.56001 ], [ -122.35902, 47.55979 ], [ -122.35947, 47.55926 ], [ -122.36019, 47.55903 ], [ -122.36004, 47.55371 ], [ -122.3763, 47.55379 ], [ -122.37616, 47.56407 ], [ -122.37345, 47.56411 ], [ -122.37301, 47.56426 ], [ -122.37268, 47.56451 ], [ -122.37081, 47.56757 ] ] ] } },
{ "type": "Feature", "properties": { "name": "North Queen Anne" }, "geometry": { "type": "Polygon", "coordinates": [ [ [ -122.37617, 47.64294 ], [ -122.37617, 47.64477 ], [ -122.37635, 47.64658 ], [ -122.37638, 47.6483 ], [ -122.37623, 47.65165 ], [ -122.37622, 47.65596 ], [ -122.37612, 47.65596 ], [ -122.37608, 47.65793 ], [ -122.37581, 47.65793 ], [ -122.37581, 47.65774 ], [ -122.37528, 47.65773 ], [ -122.37528, 47.65714 ], [ -122.37378, 47.65711 ], [ -122.37378, 47.65775 ], [ -122.37372, 47.6578 ], [ -122.37284, 47.65781 ], [ -122.37257, 47.65756 ], [ -122.37249, 47.65756 ], [ -122.37249, 47.6577 ], [ -122.37128, 47.65771 ], [ -122.3708, 47.65756 ], [ -122.36953, 47.65681 ], [ -122.36952, 47.65673 ], [ -122.36897, 47.65647 ], [ -122.36955, 47.65597 ], [ -122.36966, 47.65563 ], [ -122.36875, 47.65577 ], [ -122.3693, 47.65542 ], [ -122.36749, 47.6544 ], [ -122.36719, 47.65423 ], [ -122.36638, 47.65516 ], [ -122.36631, 47.65513 ], [ -122.36686, 47.65445 ], [ -122.36633, 47.65424 ], [ -122.36584, 47.65477 ], [ -122.36571, 47.65478 ], [ -122.36666, 47.65368 ], [ -122.36643, 47.65359 ], [ -122.36607, 47.654 ], [ -122.3657, 47.65386 ], [ -122.36578, 47.65374 ], [ -122.36558, 47.65366 ], [ -122.36581, 47.65335 ], [ -122.36579, 47.65326 ], [ -122.36551, 47.65316 ], [ -122.36548, 47.65306 ], [ -122.365, 47.65294 ], [ -122.36495, 47.65285 ], [ -122.36463, 47.65276 ], [ -122.36448, 47.65285 ], [ -122.36383, 47.65276 ], [ -122.36374, 47.65286 ], [ -122.36339, 47.65286 ], [ -122.36324, 47.65312 ], [ -122.3628, 47.65302 ], [ -122.36304, 47.65251 ], [ -122.36242, 47.65237 ], [ -122.36234, 47.65251 ], [ -122.36204, 47.65245 ], [ -122.36195, 47.65262 ], [ -122.36125, 47.65254 ], [ -122.35585, 47.64989 ], [ -122.35055, 47.64753 ], [ -122.35008, 47.64743 ], [ -122.34977, 47.64725 ], [ -122.34974, 47.64623 ], [ -122.34956, 47.64571 ], [ -122.34958, 47.64297 ], [ -122.35256, 47.64217 ], [ -122.35447, 47.64186 ], [ -122.35556, 47.64185 ], [ -122.35556, 47.64143 ], [ -122.35689, 47.64143 ], [ -122.35692, 47.63959 ], [ -122.37155, 47.63959 ], [ -122.37153, 47.64069 ], [ -122.37436, 47.64068 ], [ -122.37602, 47.64285 ], [ -122.37617, 47.64294 ] ] ] } },
{ "type": "Feature", "properties": { "name": "Olympic Hills" }, "geometry": { "type": "Polygon", "coordinates": [ [ [ -122.29242, 47.73375 ], [ -122.29223, 47.72733 ], [ -122.29242, 47.72536 ], [ -122.2927, 47.72423 ], [ -122.29323, 47.72281 ], [ -122.29382, 47.72167 ], [ -122.29524, 47.71928 ], [ -122.31266, 47.71942 ], [ -122.31265, 47.72684 ], [ -122.31276, 47.73395 ], [ -122.29242, 47.73375 ] ] ] } },
{ "type": "Feature", "properties": { "name": "Phinney Ridge" }, "geometry": { "type": "Polygon", "coordinates": [ [ [ -122.3402, 47.66504 ], [ -122.35541, 47.66503 ], [ -122.35544, 47.66214 ], [ -122.35611, 47.66234 ], [ -122.35738, 47.66306 ], [ -122.3595, 47.66489 ], [ -122.35983, 47.6653 ], [ -122.3608, 47.66691 ], [ -122.36078, 47.67589 ], [ -122.36069, 47.676 ], [ -122.36605, 47.676 ], [ -122.36603, 47.68325 ], [ -122.34449, 47.68331 ], [ -122.34451, 47.6813 ], [ -122.34509, 47.68051 ], [ -122.34528, 47.68011 ], [ -122.34551, 47.6783 ], [ -122.34577, 47.67754 ], [ -122.34675, 47.67627 ], [ -122.34685, 47.67597 ], [ -122.34683, 47.67569 ], [ -122.34654, 47.6751 ], [ -122.34616, 47.67462 ], [ -122.34567, 47.67419 ], [ -122.3449, 47.67369 ], [ -122.34422, 47.67298 ], [ -122.34386, 47.67233 ], [ -122.34369, 47.67153 ], [ -122.34329, 47.67103 ], [ -122.34251, 47.67054 ], [ -122.34061, 47.66993 ], [ -122.34002, 47.66947 ], [ -122.3401, 47.66573 ], [ -122.3402, 47.66504 ] ] ] } },
{ "type": "Feature", "properties": { "name": "Pike-Market" }, "geometry": { "type": "Polygon", "coordinates": [ [ [ -122.34649, 47.60994 ], [ -122.34304, 47.61252 ], [ -122.34041, 47.61093 ], [ -122.338, 47.60829 ], [ -122.3416, 47.6068 ], [ -122.34183, 47.60688 ], [ -122.34206, 47.60684 ], [ -122.34263, 47.60717 ], [ -122.34283, 47.60709 ], [ -122.34298, 47.60726 ], [ -122.34382, 47.60726 ], [ -122.34421, 47.60748 ], [ -122.34422, 47.60754 ], [ -122.34358, 47.60755 ], [ -122.34349, 47.60775 ], [ -122.34356, 47.60793 ], [ -122.34347, 47.60802 ], [ -122.34347, 47.60815 ], [ -122.34382, 47.60837 ], [ -122.34533, 47.60839 ], [ -122.34573, 47.60862 ], [ -122.34596, 47.60863 ], [ -122.34641, 47.60891 ], [ -122.3448, 47.60894 ], [ -122.34649, 47.60994 ] ] ] } },
{ "type": "Feature", "properties": { "name": "Pinehurst" }, "geometry": { "type": "Polygon", "coordinates": [ [ [ -122.32489, 47.73406 ], [ -122.31276, 47.73395 ], [ -122.31265, 47.72684 ], [ -122.31266, 47.7192 ], [ -122.31244, 47.71189 ], [ -122.31243, 47.70853 ], [ -122.33001, 47.70864 ], [ -122.32974, 47.71001 ], [ -122.32924, 47.7111 ], [ -122.32548, 47.71593 ], [ -122.32484, 47.71704 ], [ -122.32447, 47.71819 ], [ -122.32435, 47.71955 ], [ -122.32427, 47.73106 ], [ -122.32445, 47.73259 ], [ -122.32489, 47.73406 ] ] ] } },
{ "type": "Feature", "properties": { "name": "Pioneer Square" }, "geometry": { "type": "Polygon", "coordinates": [ [ [ -122.33736, 47.5993 ], [ -122.33729, 47.59937 ], [ -122.33685, 47.59937 ], [ -122.33686, 47.59952 ], [ -122.33744, 47.59972 ], [ -122.33961, 47.59972 ], [ -122.33966, 47.60037 ], [ -122.33957, 47.60042 ], [ -122.33686, 47.60043 ], [ -122.33686, 47.60049 ], [ -122.3374, 47.60049 ], [ -122.33742, 47.60057 ], [ -122.33686, 47.60058 ], [ -122.33685, 47.6008 ], [ -122.33627, 47.6008 ], [ -122.33632, 47.60116 ], [ -122.33666, 47.60157 ], [ -122.33795, 47.60156 ], [ -122.33801, 47.60161 ], [ -122.3379, 47.60176 ], [ -122.33924, 47.60176 ], [ -122.33926, 47.60198 ], [ -122.33942, 47.60198 ], [ -122.33941, 47.60234 ], [ -122.33715, 47.60234 ], [ -122.33493, 47.60327 ], [ -122.33429, 47.60255 ], [ -122.32806, 47.60516 ], [ -122.32497, 47.60171 ], [ -122.32897, 47.60171 ], [ -122.32905, 47.59239 ], [ -122.3344, 47.5924 ], [ -122.33439, 47.59671 ], [ -122.33512, 47.5976 ], [ -122.33533, 47.59819 ], [ -122.33609, 47.59819 ], [ -122.33609, 47.5993 ], [ -122.33736, 47.5993 ] ] ] } },
{ "type": "Feature", "properties": { "name": "Portage Bay" }, "geometry": { "type": "Polygon", "coordinates": [ [ [ -122.31518, 47.64303 ], [ -122.32218, 47.64222 ], [ -122.32266, 47.64196 ], [ -122.32283, 47.64147 ], [ -122.32257, 47.64992 ], [ -122.32086, 47.65211 ], [ -122.32068, 47.65205 ], [ -122.32044, 47.65172 ], [ -122.32005, 47.65141 ], [ -122.31852, 47.64963 ], [ -122.31818, 47.64941 ], [ -122.31745, 47.64855 ], [ -122.31692, 47.64816 ], [ -122.31628, 47.64728 ], [ -122.31621, 47.64703 ], [ -122.31626, 47.64642 ], [ -122.31622, 47.64614 ], [ -122.31615, 47.64612 ], [ -122.31615, 47.64575 ], [ -122.31639, 47.64474 ], [ -122.31649, 47.64466 ], [ -122.31637, 47.64445 ], [ -122.31636, 47.64405 ], [ -122.31624, 47.6438 ], [ -122.3159, 47.6438 ], [ -122.31579, 47.64332 ], [ -122.31524, 47.64316 ], [ -122.31518, 47.64303 ] ] ] } },
{ "type": "Feature", "properties": { "name": "Rainier Beach" }, "geometry": { "type": "Polygon", "coordinates": [ [ [ -122.27993, 47.52061 ], [ -122.27856, 47.52031 ], [ -122.27688, 47.51911 ], [ -122.27662, 47.51904 ], [ -122.26997, 47.51904 ], [ -122.26996, 47.51993 ], [ -122.26971, 47.52014 ], [ -122.26939, 47.51995 ], [ -122.26898, 47.51986 ], [ -122.26509, 47.51982 ], [ -122.26076, 47.52034 ], [ -122.25899, 47.52035 ], [ -122.25875, 47.52028 ], [ -122.25866, 47.52015 ], [ -122.25816, 47.5199 ], [ -122.25721, 47.51951 ], [ -122.2566, 47.51911 ], [ -122.25637, 47.51908 ], [ -122.25629, 47.51894 ], [ -122.25556, 47.51837 ], [ -122.25525, 47.51823 ], [ -122.25469, 47.51772 ], [ -122.25451, 47.5177 ], [ -122.25435, 47.517 ], [ -122.25401, 47.51633 ], [ -122.25388, 47.51624 ], [ -122.25388, 47.51613 ], [ -122.25363, 47.51614 ], [ -122.2522, 47.51517 ], [ -122.25208, 47.51506 ], [ -122.2521, 47.51497 ], [ -122.25091, 47.51386 ], [ -122.24941, 47.51275 ], [ -122.24854, 47.51263 ], [ -122.24795, 47.51273 ], [ -122.2477, 47.51255 ], [ -122.24739, 47.51265 ], [ -122.24724, 47.51257 ], [ -122.24707, 47.51232 ], [ -122.24644, 47.51225 ], [ -122.24631, 47.51236 ], [ -122.24619, 47.51236 ], [ -122.24618, 47.51218 ], [ -122.24575, 47.5119 ], [ -122.2452, 47.51182 ], [ -122.24509, 47.51174 ], [ -122.24411, 47.5116 ], [ -122.24274, 47.51162 ], [ -122.24112, 47.51129 ], [ -122.24022, 47.51131 ], [ -122.24028, 47.51122 ], [ -122.23986, 47.51121 ], [ -122.23918, 47.51105 ], [ -122.23805, 47.51064 ], [ -122.23697, 47.50998 ], [ -122.23604, 47.50957 ], [ -122.24517, 47.50968 ], [ -122.24485, 47.50997 ], [ -122.24641, 47.51089 ], [ -122.24821, 47.51141 ], [ -122.24836, 47.50977 ], [ -122.24785, 47.5089 ], [ -122.24782, 47.50874 ], [ -122.24794, 47.50864 ], [ -122.24817, 47.5086 ], [ -122.24833, 47.50866 ], [ -122.24903, 47.50951 ], [ -122.24912, 47.50974 ], [ -122.24908, 47.51011 ], [ -122.24919, 47.51028 ], [ -122.25026, 47.51063 ], [ -122.24995, 47.51038 ], [ -122.25003, 47.50961 ], [ -122.2503, 47.50932 ], [ -122.25033, 47.50906 ], [ -122.24886, 47.50692 ], [ -122.24886, 47.50639 ], [ -122.25329, 47.5064 ], [ -122.25455, 47.50635 ], [ -122.25479, 47.50622 ], [ -122.25947, 47.50612 ], [ -122.27013, 47.50616 ], [ -122.27007, 47.50966 ], [ -122.27541, 47.50978 ], [ -122.27545, 47.5072 ], [ -122.27593, 47.50726 ], [ -122.27715, 47.50792 ], [ -122.27754, 47.50806 ], [ -122.27817, 47.50813 ], [ -122.2782, 47.50985 ], [ -122.27849, 47.50985 ], [ -122.27874, 47.51312 ], [ -122.27922, 47.51673 ], [ -122.27995, 47.5193 ], [ -122.27999, 47.51993 ], [ -122.27993, 47.52061 ] ] ] } },
{ "type": "Feature", "properties": { "name": "Rainier View" }, "geometry": { "type": "Polygon", "coordinates": [ [ [ -122.24517, 47.50968 ], [ -122.24746, 47.50968 ], [ -122.24656, 47.50494 ], [ -122.24546, 47.5039 ], [ -122.24556, 47.50302 ], [ -122.24801, 47.50302 ], [ -122.24798, 47.5065 ], [ -122.24885, 47.50617 ], [ -122.24884, 47.503 ], [ -122.24082, 47.50288 ], [ -122.24088, 47.49925 ], [ -122.24951, 47.49935 ], [ -122.25043, 47.50238 ], [ -122.25073, 47.50291 ], [ -122.2595, 47.50253 ], [ -122.25964, 47.49562 ], [ -122.2703, 47.49551 ], [ -122.27023, 47.50019 ], [ -122.27047, 47.50025 ], [ -122.27079, 47.50159 ], [ -122.27022, 47.50146 ], [ -122.27013, 47.50616 ], [ -122.25947, 47.50612 ], [ -122.25479, 47.50622 ], [ -122.25455, 47.50635 ], [ -122.25329, 47.5064 ], [ -122.24886, 47.50639 ], [ -122.24886, 47.50692 ], [ -122.25033, 47.50906 ], [ -122.2503, 47.50932 ], [ -122.25003, 47.50961 ], [ -122.24995, 47.51038 ], [ -122.25026, 47.51063 ], [ -122.24917, 47.51026 ], [ -122.24908, 47.51009 ], [ -122.24912, 47.50974 ], [ -122.24906, 47.50956 ], [ -122.24836, 47.50869 ], [ -122.2482, 47.50861 ], [ -122.24794, 47.50864 ], [ -122.24781, 47.50877 ], [ -122.24836, 47.50977 ], [ -122.24821, 47.51141 ], [ -122.24641, 47.51089 ], [ -122.24485, 47.50997 ], [ -122.24517, 47.50968 ] ] ] } },
{ "type": "Feature", "properties": { "name": "Ravenna" }, "geometry": { "type": "Polygon", "coordinates": [ [ [ -122.311, 47.67254 ], [ -122.31139, 47.67245 ], [ -122.3119, 47.67206 ], [ -122.31204, 47.68015 ], [ -122.31198, 47.68039 ], [ -122.31171, 47.68084 ], [ -122.31166, 47.68112 ], [ -122.31169, 47.6822 ], [ -122.31201, 47.68276 ], [ -122.31208, 47.68305 ], [ -122.3067, 47.68304 ], [ -122.30686, 47.6903 ], [ -122.30167, 47.69026 ], [ -122.30144, 47.68963 ], [ -122.30169, 47.68826 ], [ -122.30163, 47.6878 ], [ -122.3009, 47.68672 ], [ -122.30083, 47.68649 ], [ -122.30076, 47.68304 ], [ -122.29048, 47.68305 ], [ -122.29025, 47.67512 ], [ -122.29014, 47.66264 ], [ -122.29287, 47.66124 ], [ -122.30091, 47.66125 ], [ -122.30091, 47.6644 ], [ -122.30059, 47.66588 ], [ -122.30061, 47.66798 ], [ -122.30379, 47.66797 ], [ -122.30388, 47.66941 ], [ -122.30381, 47.66987 ], [ -122.30393, 47.67006 ], [ -122.30661, 47.67075 ], [ -122.30784, 47.67097 ], [ -122.30768, 47.67108 ], [ -122.31066, 47.67246 ], [ -122.311, 47.67254 ] ] ] } },
{ "type": "Feature", "properties": { "name": "Riverview" }, "geometry": { "type": "Polygon", "coordinates": [ [ [ -122.36296, 47.55372 ], [ -122.36004, 47.55371 ], [ -122.36019, 47.55903 ], [ -122.35947, 47.55926 ], [ -122.35902, 47.55979 ], [ -122.35862, 47.56001 ], [ -122.35718, 47.56015 ], [ -122.35682, 47.56011 ], [ -122.35621, 47.55981 ], [ -122.35548, 47.55971 ], [ -122.35474, 47.55945 ], [ -122.35171, 47.55941 ], [ -122.35166, 47.55796 ], [ -122.35147, 47.55742 ], [ -122.35117, 47.55696 ], [ -122.3507, 47.55652 ], [ -122.34831, 47.55493 ], [ -122.34711, 47.55396 ], [ -122.34672, 47.55328 ], [ -122.34645, 47.55261 ], [ -122.34509, 47.54714 ], [ -122.34428, 47.54327 ], [ -122.34354, 47.54145 ], [ -122.34264, 47.5404 ], [ -122.34536, 47.53972 ], [ -122.34597, 47.5394 ], [ -122.34639, 47.53898 ], [ -122.34659, 47.53856 ], [ -122.34716, 47.53599 ], [ -122.34718, 47.53408 ], [ -122.35055, 47.53401 ], [ -122.3521, 47.53432 ], [ -122.35246, 47.53425 ], [ -122.35394, 47.53369 ], [ -122.35507, 47.53369 ], [ -122.35506, 47.53427 ], [ -122.35528, 47.53446 ], [ -122.35562, 47.53456 ], [ -122.35676, 47.53456 ], [ -122.3572, 47.53478 ], [ -122.35749, 47.53501 ], [ -122.35763, 47.53533 ], [ -122.35759, 47.53617 ], [ -122.35766, 47.53647 ], [ -122.35813, 47.53745 ], [ -122.35825, 47.53756 ], [ -122.35882, 47.53777 ], [ -122.36113, 47.53797 ], [ -122.36076, 47.5407 ], [ -122.3612, 47.54195 ], [ -122.36121, 47.54434 ], [ -122.36304, 47.54677 ], [ -122.36296, 47.55372 ] ] ] } },
{ "type": "Feature", "properties": { "name": "Roosevelt" }, "geometry": { "type": "Polygon", "coordinates": [ [ [ -122.32871, 47.69045 ], [ -122.30686, 47.6903 ], [ -122.3067, 47.68304 ], [ -122.31208, 47.68305 ], [ -122.31201, 47.68276 ], [ -122.31169, 47.6822 ], [ -122.31166, 47.68112 ], [ -122.31171, 47.68084 ], [ -122.31198, 47.68039 ], [ -122.31204, 47.68015 ], [ -122.31191, 47.67211 ], [ -122.31303, 47.67121 ], [ -122.31303, 47.67098 ], [ -122.31923, 47.67249 ], [ -122.32099, 47.67436 ], [ -122.32076, 47.67552 ], [ -122.32065, 47.67654 ], [ -122.32076, 47.68014 ], [ -122.32089, 47.68116 ], [ -122.32139, 47.68238 ], [ -122.32176, 47.68296 ], [ -122.32266, 47.68393 ], [ -122.32708, 47.6874 ], [ -122.3278, 47.68806 ], [ -122.32857, 47.68904 ], [ -122.32907, 47.6901 ], [ -122.32871, 47.69045 ] ] ] } },
{ "type": "Feature", "properties": { "name": "Roxhill" }, "geometry": { "type": "Polygon", "coordinates": [ [ [ -122.37662, 47.5374 ], [ -122.36747, 47.53735 ], [ -122.36707, 47.53696 ], [ -122.36584, 47.53663 ], [ -122.36585, 47.53555 ], [ -122.36848, 47.53556 ], [ -122.3684, 47.53366 ], [ -122.36581, 47.53366 ], [ -122.36584, 47.53188 ], [ -122.36715, 47.53189 ], [ -122.36715, 47.5283 ], [ -122.36584, 47.52829 ], [ -122.36583, 47.52649 ], [ -122.36453, 47.52649 ], [ -122.36452, 47.52103 ], [ -122.36723, 47.52103 ], [ -122.36726, 47.51738 ], [ -122.3769, 47.51749 ], [ -122.37663, 47.52707 ], [ -122.37662, 47.5374 ] ] ] } },
{ "type": "Feature", "properties": { "name": "SODO" }, "geometry": { "type": "Polygon", "coordinates": [ [ [ -122.31989, 47.57165 ], [ -122.34456, 47.57148 ], [ -122.34447, 47.57201 ], [ -122.34429, 47.57212 ], [ -122.34406, 47.57242 ], [ -122.34415, 47.57242 ], [ -122.34367, 47.57364 ], [ -122.34301, 47.57367 ], [ -122.343, 47.57799 ], [ -122.34254, 47.57799 ], [ -122.34252, 47.57882 ], [ -122.34231, 47.57894 ], [ -122.34098, 47.57809 ], [ -122.34048, 47.57791 ], [ -122.34025, 47.57787 ], [ -122.34018, 47.57794 ], [ -122.34022, 47.57852 ], [ -122.343, 47.58041 ], [ -122.34301, 47.5855 ], [ -122.34256, 47.5855 ], [ -122.34254, 47.58594 ], [ -122.3426, 47.58625 ], [ -122.34277, 47.58624 ], [ -122.34278, 47.5873 ], [ -122.34299, 47.58738 ], [ -122.34298, 47.58764 ], [ -122.34257, 47.58764 ], [ -122.34257, 47.58844 ], [ -122.34289, 47.58867 ], [ -122.34297, 47.58886 ], [ -122.34288, 47.58924 ], [ -122.34236, 47.58948 ], [ -122.34293, 47.58969 ], [ -122.34292, 47.59004 ], [ -122.33827, 47.59005 ], [ -122.33827, 47.59066 ], [ -122.34287, 47.59067 ], [ -122.343, 47.59075 ], [ -122.34301, 47.59127 ], [ -122.34006, 47.59906 ], [ -122.33742, 47.59908 ], [ -122.33736, 47.59908 ], [ -122.33736, 47.5993 ], [ -122.33609, 47.5993 ], [ -122.33609, 47.59819 ], [ -122.33533, 47.59819 ], [ -122.33512, 47.5976 ], [ -122.33439, 47.59671 ], [ -122.3344, 47.5924 ], [ -122.32905, 47.59239 ], [ -122.32904, 47.59648 ], [ -122.32768, 47.5958 ], [ -122.32024, 47.59583 ], [ -122.32038, 47.59474 ], [ -122.32091, 47.5923 ], [ -122.321, 47.59115 ], [ -122.32032, 47.58834 ], [ -122.31985, 47.58394 ], [ -122.31925, 47.58149 ], [ -122.31902, 47.58029 ], [ -122.31896, 47.57958 ], [ -122.31902, 47.57869 ], [ -122.31964, 47.57595 ], [ -122.31989, 47.57165 ] ] ] } },
{ "type": "Feature", "properties": { "name": "Sand Point" }, "geometry": { "type": "Polygon", "coordinates": [ [ [ -122.26752, 47.69034 ], [ -122.2668, 47.69035 ], [ -122.26634, 47.68986 ], [ -122.26495, 47.68922 ], [ -122.2649, 47.68974 ], [ -122.26519, 47.68998 ], [ -122.26507, 47.69005 ], [ -122.26464, 47.68975 ], [ -122.26463, 47.68912 ], [ -122.26295, 47.68772 ], [ -122.26191, 47.68773 ], [ -122.26177, 47.68781 ], [ -122.26148, 47.68766 ], [ -122.26075, 47.68759 ], [ -122.25925, 47.6876 ], [ -122.25691, 47.68791 ], [ -122.25619, 47.68821 ], [ -122.25592, 47.68818 ], [ -122.25556, 47.68808 ], [ -122.25548, 47.68791 ], [ -122.25518, 47.68778 ], [ -122.25372, 47.68742 ], [ -122.25277, 47.68702 ], [ -122.25195, 47.6869 ], [ -122.25184, 47.68676 ], [ -122.25081, 47.68649 ], [ -122.24996, 47.68607 ], [ -122.24879, 47.68578 ], [ -122.24797, 47.68547 ], [ -122.24781, 47.68538 ], [ -122.24762, 47.68494 ], [ -122.24707, 47.68468 ], [ -122.24669, 47.68426 ], [ -122.24659, 47.68393 ], [ -122.24617, 47.68365 ], [ -122.24581, 47.6832 ], [ -122.24563, 47.68272 ], [ -122.24573, 47.68236 ], [ -122.24565, 47.68196 ], [ -122.24592, 47.68098 ], [ -122.24613, 47.68069 ], [ -122.24697, 47.68022 ], [ -122.24727, 47.67996 ], [ -122.24766, 47.67942 ], [ -122.24763, 47.67909 ], [ -122.24769, 47.67898 ], [ -122.24821, 47.67866 ], [ -122.24837, 47.67831 ], [ -122.24906, 47.67766 ], [ -122.24936, 47.67711 ], [ -122.24966, 47.67706 ], [ -122.24986, 47.67692 ], [ -122.24995, 47.67673 ], [ -122.2497, 47.67646 ], [ -122.24992, 47.67567 ], [ -122.25044, 47.67485 ], [ -122.25047, 47.67445 ], [ -122.2508, 47.67415 ], [ -122.25152, 47.6739 ], [ -122.25181, 47.67357 ], [ -122.25204, 47.67367 ], [ -122.25439, 47.67408 ], [ -122.25487, 47.67351 ], [ -122.25815, 47.67351 ], [ -122.25819, 47.6757 ], [ -122.25898, 47.6757 ], [ -122.25896, 47.67498 ], [ -122.26353, 47.67499 ], [ -122.26365, 47.68178 ], [ -122.26377, 47.68367 ], [ -122.26392, 47.68404 ], [ -122.26425, 47.68443 ], [ -122.26463, 47.68511 ], [ -122.26535, 47.68717 ], [ -122.26582, 47.68817 ], [ -122.26657, 47.68929 ], [ -122.26752, 47.69034 ] ] ] } },
{ "type": "Feature", "properties": { "name": "Seaview" }, "geometry": { "type": "Polygon", "coordinates": [ [ [ -122.38722, 47.54487 ], [ -122.39071, 47.54429 ], [ -122.39092, 47.54406 ], [ -122.39093, 47.54314 ], [ -122.39434, 47.54317 ], [ -122.39553, 47.5416 ], [ -122.39625, 47.54085 ], [ -122.3975, 47.53994 ], [ -122.39744, 47.54041 ], [ -122.39711, 47.54126 ], [ -122.39722, 47.54218 ], [ -122.39839, 47.54413 ], [ -122.39863, 47.54434 ], [ -122.3995, 47.54605 ], [ -122.39939, 47.54678 ], [ -122.39875, 47.54791 ], [ -122.39866, 47.54834 ], [ -122.3984, 47.54884 ], [ -122.39843, 47.54926 ], [ -122.39831, 47.54927 ], [ -122.3983, 47.54968 ], [ -122.3984, 47.5497 ], [ -122.39833, 47.55054 ], [ -122.39847, 47.55088 ], [ -122.39873, 47.55115 ], [ -122.39872, 47.55174 ], [ -122.3989, 47.55238 ], [ -122.39923, 47.55325 ], [ -122.39991, 47.55401 ], [ -122.39991, 47.55498 ], [ -122.4001, 47.55558 ], [ -122.4003, 47.55568 ], [ -122.40049, 47.55602 ], [ -122.40063, 47.55611 ], [ -122.40083, 47.55651 ], [ -122.40123, 47.55699 ], [ -122.40135, 47.55702 ], [ -122.40188, 47.55762 ], [ -122.40204, 47.55766 ], [ -122.40212, 47.55793 ], [ -122.40296, 47.55881 ], [ -122.40298, 47.55897 ], [ -122.40327, 47.55925 ], [ -122.40318, 47.55931 ], [ -122.40322, 47.5595 ], [ -122.40363, 47.55994 ], [ -122.40382, 47.55996 ], [ -122.40428, 47.5609 ], [ -122.40258, 47.56107 ], [ -122.4007, 47.56027 ], [ -122.40035, 47.55961 ], [ -122.39987, 47.55925 ], [ -122.39959, 47.55875 ], [ -122.39907, 47.55819 ], [ -122.3989, 47.5576 ], [ -122.39858, 47.55751 ], [ -122.39769, 47.55749 ], [ -122.39761, 47.55939 ], [ -122.38679, 47.55931 ], [ -122.38722, 47.54487 ] ] ] } },
{ "type": "Feature", "properties": { "name": "Seward Park" }, "geometry": { "type": "Polygon", "coordinates": [ [ [ -122.27263, 47.54604 ], [ -122.27262, 47.55706 ], [ -122.27568, 47.55703 ], [ -122.27576, 47.56411 ], [ -122.2795, 47.56409 ], [ -122.27955, 47.56998 ], [ -122.28021, 47.57099 ], [ -122.28064, 47.57186 ], [ -122.28077, 47.57252 ], [ -122.28076, 47.5734 ], [ -122.28046, 47.57345 ], [ -122.28056, 47.57252 ], [ -122.28048, 47.57213 ], [ -122.28014, 47.57139 ], [ -122.27978, 47.5708 ], [ -122.27948, 47.57066 ], [ -122.27936, 47.57047 ], [ -122.27876, 47.57029 ], [ -122.27805, 47.57038 ], [ -122.27814, 47.57048 ], [ -122.27747, 47.57161 ], [ -122.27745, 47.57169 ], [ -122.27755, 47.57175 ], [ -122.27723, 47.57173 ], [ -122.27685, 47.57141 ], [ -122.27669, 47.571 ], [ -122.27669, 47.57079 ], [ -122.2765, 47.57056 ], [ -122.27548, 47.57031 ], [ -122.27464, 47.5699 ], [ -122.27361, 47.56924 ], [ -122.27211, 47.56799 ], [ -122.27126, 47.56784 ], [ -122.27056, 47.56805 ], [ -122.26999, 47.568 ], [ -122.26919, 47.56744 ], [ -122.269, 47.56718 ], [ -122.26807, 47.56642 ], [ -122.26775, 47.56574 ], [ -122.26702, 47.56547 ], [ -122.26683, 47.56478 ], [ -122.26731, 47.56437 ], [ -122.26755, 47.56446 ], [ -122.26781, 47.5644 ], [ -122.26801, 47.56426 ], [ -122.26807, 47.56414 ], [ -122.26796, 47.56409 ], [ -122.26807, 47.56373 ], [ -122.26827, 47.56353 ], [ -122.26807, 47.56334 ], [ -122.26807, 47.56321 ], [ -122.26777, 47.56274 ], [ -122.26721, 47.5621 ], [ -122.26683, 47.56188 ], [ -122.26562, 47.56159 ], [ -122.265, 47.56161 ], [ -122.26483, 47.56185 ], [ -122.26461, 47.5618 ], [ -122.26462, 47.56164 ], [ -122.26443, 47.56129 ], [ -122.26438, 47.56097 ], [ -122.26359, 47.55983 ], [ -122.2635, 47.55917 ], [ -122.26309, 47.55872 ], [ -122.26266, 47.55859 ], [ -122.26229, 47.5583 ], [ -122.2623, 47.55824 ], [ -122.26196, 47.55798 ], [ -122.26172, 47.55748 ], [ -122.26149, 47.55737 ], [ -122.26163, 47.55717 ], [ -122.26151, 47.55674 ], [ -122.26162, 47.55623 ], [ -122.26126, 47.55554 ], [ -122.26098, 47.55529 ], [ -122.26091, 47.55514 ], [ -122.26099, 47.55507 ], [ -122.26096, 47.555 ], [ -122.26065, 47.55467 ], [ -122.26059, 47.55382 ], [ -122.26028, 47.5533 ], [ -122.25997, 47.553 ], [ -122.25976, 47.55227 ], [ -122.25975, 47.55167 ], [ -122.25952, 47.55143 ], [ -122.25912, 47.55135 ], [ -122.25768, 47.55139 ], [ -122.25724, 47.55191 ], [ -122.25732, 47.55207 ], [ -122.25502, 47.55295 ], [ -122.25452, 47.55326 ], [ -122.25412, 47.55364 ], [ -122.25411, 47.55378 ], [ -122.2543, 47.55403 ], [ -122.25419, 47.5544 ], [ -122.25423, 47.5545 ], [ -122.25453, 47.5547 ], [ -122.25485, 47.5547 ], [ -122.25514, 47.55483 ], [ -122.25488, 47.55522 ], [ -122.25498, 47.55567 ], [ -122.25472, 47.55707 ], [ -122.25551, 47.55978 ], [ -122.25517, 47.56154 ], [ -122.25509, 47.56169 ], [ -122.25465, 47.56192 ], [ -122.25389, 47.56195 ], [ -122.25139, 47.56233 ], [ -122.25086, 47.56222 ], [ -122.25031, 47.56185 ], [ -122.25022, 47.5617 ], [ -122.25021, 47.5614 ], [ -122.24998, 47.56102 ], [ -122.24913, 47.55995 ], [ -122.24795, 47.55865 ], [ -122.24773, 47.55781 ], [ -122.24778, 47.55664 ], [ -122.24763, 47.55652 ], [ -122.24768, 47.55643 ], [ -122.24763, 47.55628 ], [ -122.24719, 47.55573 ], [ -122.24697, 47.55472 ], [ -122.24642, 47.55381 ], [ -122.2466, 47.55263 ], [ -122.24693, 47.55202 ], [ -122.2488, 47.5502 ], [ -122.24952, 47.54962 ], [ -122.25042, 47.54926 ], [ -122.25183, 47.54898 ], [ -122.25224, 47.54881 ], [ -122.25361, 47.54892 ], [ -122.25603, 47.54883 ], [ -122.25669, 47.54874 ], [ -122.25741, 47.5484 ], [ -122.25758, 47.54785 ], [ -122.25797, 47.54738 ], [ -122.25803, 47.54694 ], [ -122.25796, 47.54654 ], [ -122.25779, 47.54621 ], [ -122.2574, 47.54581 ], [ -122.25744, 47.54574 ], [ -122.2573, 47.5455 ], [ -122.25746, 47.54542 ], [ -122.25724, 47.54529 ], [ -122.25723, 47.54519 ], [ -122.25756, 47.54487 ], [ -122.25765, 47.54449 ], [ -122.2578, 47.54436 ], [ -122.25771, 47.54432 ], [ -122.25792, 47.54403 ], [ -122.25802, 47.54407 ], [ -122.25811, 47.54397 ], [ -122.2581, 47.54373 ], [ -122.25865, 47.54318 ], [ -122.25874, 47.54297 ], [ -122.25913, 47.54255 ], [ -122.2592, 47.54232 ], [ -122.26002, 47.54164 ], [ -122.26093, 47.54112 ], [ -122.26124, 47.54082 ], [ -122.26166, 47.54057 ], [ -122.26205, 47.54002 ], [ -122.26209, 47.53992 ], [ -122.26198, 47.53981 ], [ -122.2619, 47.53942 ], [ -122.26192, 47.53903 ], [ -122.26186, 47.5389 ], [ -122.26172, 47.53885 ], [ -122.26182, 47.53878 ], [ -122.26183, 47.53826 ], [ -122.26196, 47.53766 ], [ -122.26267, 47.53649 ], [ -122.26349, 47.53555 ], [ -122.26402, 47.53453 ], [ -122.2641, 47.53423 ], [ -122.26411, 47.5336 ], [ -122.26401, 47.5336 ], [ -122.26399, 47.53325 ], [ -122.26363, 47.5329 ], [ -122.26356, 47.53267 ], [ -122.26321, 47.53222 ], [ -122.26311, 47.5316 ], [ -122.2664, 47.53159 ], [ -122.26726, 47.5354 ], [ -122.26719, 47.53872 ], [ -122.2669, 47.5398 ], [ -122.26993, 47.53981 ], [ -122.26989, 47.54606 ], [ -122.27263, 47.54604 ] ] ] } },
{ "type": "Feature", "properties": { "name": "South Beacon Hill" }, "geometry": { "type": "Polygon", "coordinates": [ [ [ -122.31399, 47.54745 ], [ -122.31112, 47.54888 ], [ -122.30992, 47.54805 ], [ -122.3079, 47.54696 ], [ -122.30692, 47.54619 ], [ -122.30364, 47.54307 ], [ -122.3029, 47.542 ], [ -122.30231, 47.54138 ], [ -122.2998, 47.5393 ], [ -122.29909, 47.53906 ], [ -122.29862, 47.53902 ], [ -122.29143, 47.53886 ], [ -122.28686, 47.5373 ], [ -122.28688, 47.5369 ], [ -122.28658, 47.53661 ], [ -122.2848, 47.53611 ], [ -122.28408, 47.53564 ], [ -122.28374, 47.5351 ], [ -122.28336, 47.53351 ], [ -122.28327, 47.53154 ], [ -122.28065, 47.53154 ], [ -122.28063, 47.52942 ], [ -122.28051, 47.52885 ], [ -122.27961, 47.52691 ], [ -122.27905, 47.52591 ], [ -122.27884, 47.52527 ], [ -122.27877, 47.5245 ], [ -122.27989, 47.52083 ], [ -122.27999, 47.5198 ], [ -122.27986, 47.51881 ], [ -122.27922, 47.51673 ], [ -122.27874, 47.51312 ], [ -122.27849, 47.50985 ], [ -122.29134, 47.51015 ], [ -122.29127, 47.52428 ], [ -122.29215, 47.5243 ], [ -122.2957, 47.5324 ], [ -122.29594, 47.53322 ], [ -122.29785, 47.53302 ], [ -122.29825, 47.53385 ], [ -122.30215, 47.53738 ], [ -122.30987, 47.54383 ], [ -122.31305, 47.54656 ], [ -122.31399, 47.54745 ] ] ] } },
{ "type": "Feature", "properties": { "name": "South Delridge" }, "geometry": { "type": "Polygon", "coordinates": [ [ [ -122.36581, 47.53366 ], [ -122.36047, 47.53372 ], [ -122.3613, 47.53599 ], [ -122.3613, 47.53658 ], [ -122.36113, 47.53797 ], [ -122.35882, 47.53777 ], [ -122.35831, 47.5376 ], [ -122.35813, 47.53745 ], [ -122.35769, 47.53658 ], [ -122.35759, 47.53617 ], [ -122.35763, 47.53533 ], [ -122.35744, 47.53496 ], [ -122.35676, 47.53456 ], [ -122.35554, 47.53455 ], [ -122.35525, 47.53445 ], [ -122.35506, 47.53427 ], [ -122.35497, 47.52648 ], [ -122.35507, 47.52559 ], [ -122.35503, 47.52464 ], [ -122.35513, 47.52094 ], [ -122.35503, 47.51736 ], [ -122.35853, 47.51736 ], [ -122.35851, 47.51553 ], [ -122.36052, 47.51553 ], [ -122.36054, 47.51736 ], [ -122.36726, 47.51738 ], [ -122.36723, 47.52103 ], [ -122.36452, 47.52103 ], [ -122.36453, 47.52649 ], [ -122.36583, 47.52649 ], [ -122.36584, 47.52829 ], [ -122.36715, 47.5283 ], [ -122.36715, 47.53189 ], [ -122.36584, 47.53188 ], [ -122.36581, 47.53366 ] ] ] } },
{ "type": "Feature", "properties": { "name": "South Lake Union" }, "geometry": { "type": "Polygon", "coordinates": [ [ [ -122.32968, 47.63973 ], [ -122.32952, 47.63973 ], [ -122.32941, 47.63825 ], [ -122.32941, 47.63702 ], [ -122.32692, 47.63556 ], [ -122.32692, 47.63487 ], [ -122.32333, 47.63487 ], [ -122.32421, 47.63258 ], [ -122.32458, 47.632 ], [ -122.32508, 47.6314 ], [ -122.3277, 47.62904 ], [ -122.3282, 47.62838 ], [ -122.3285, 47.62768 ], [ -122.32867, 47.62694 ], [ -122.32864, 47.62073 ], [ -122.32871, 47.61847 ], [ -122.35036, 47.61858 ], [ -122.34364, 47.62378 ], [ -122.34366, 47.62515 ], [ -122.34356, 47.62714 ], [ -122.33992, 47.62712 ], [ -122.33883, 47.62742 ], [ -122.33884, 47.62725 ], [ -122.33874, 47.62707 ], [ -122.33893, 47.62692 ], [ -122.33892, 47.62684 ], [ -122.33848, 47.62628 ], [ -122.33815, 47.62617 ], [ -122.33804, 47.62645 ], [ -122.33803, 47.62679 ], [ -122.33811, 47.62685 ], [ -122.338, 47.62697 ], [ -122.338, 47.62721 ], [ -122.33808, 47.62724 ], [ -122.33808, 47.6279 ], [ -122.33713, 47.62792 ], [ -122.33713, 47.62805 ], [ -122.3363, 47.62805 ], [ -122.33615, 47.628 ], [ -122.33616, 47.62728 ], [ -122.3363, 47.62724 ], [ -122.3363, 47.62684 ], [ -122.33613, 47.62667 ], [ -122.33611, 47.62652 ], [ -122.33562, 47.62657 ], [ -122.33497, 47.62692 ], [ -122.33443, 47.62698 ], [ -122.33428, 47.62712 ], [ -122.33418, 47.62727 ], [ -122.33419, 47.62833 ], [ -122.33389, 47.62851 ], [ -122.33365, 47.62854 ], [ -122.33357, 47.62841 ], [ -122.33345, 47.62838 ], [ -122.33345, 47.62814 ], [ -122.33293, 47.6281 ], [ -122.33292, 47.62785 ], [ -122.33264, 47.62785 ], [ -122.33221, 47.62811 ], [ -122.33207, 47.6283 ], [ -122.33196, 47.62935 ], [ -122.33124, 47.62954 ], [ -122.33119, 47.62972 ], [ -122.33046, 47.63006 ], [ -122.33033, 47.6303 ], [ -122.3296, 47.63099 ], [ -122.32933, 47.63111 ], [ -122.32912, 47.63111 ], [ -122.32832, 47.63065 ], [ -122.32737, 47.6314 ], [ -122.32733, 47.63146 ], [ -122.3275, 47.63158 ], [ -122.32717, 47.63292 ], [ -122.32728, 47.63313 ], [ -122.32716, 47.63325 ], [ -122.32706, 47.63359 ], [ -122.32713, 47.63372 ], [ -122.32707, 47.63422 ], [ -122.32713, 47.63434 ], [ -122.32706, 47.63457 ], [ -122.32799, 47.63481 ], [ -122.32802, 47.63504 ], [ -122.32834, 47.63527 ], [ -122.32839, 47.63574 ], [ -122.32948, 47.6364 ], [ -122.32937, 47.63661 ], [ -122.32956, 47.63697 ], [ -122.32962, 47.63776 ], [ -122.32953, 47.63824 ], [ -122.32958, 47.63845 ], [ -122.32966, 47.63852 ], [ -122.32967, 47.63882 ], [ -122.32974, 47.63884 ], [ -122.32977, 47.63948 ], [ -122.32968, 47.63973 ] ] ] } },
{ "type": "Feature", "properties": { "name": "South Park" }, "geometry": { "type": "Polygon", "coordinates": [ [ [ -122.34231, 47.54026 ], [ -122.3368, 47.54072 ], [ -122.33619, 47.54108 ], [ -122.33552, 47.54219 ], [ -122.33525, 47.542 ], [ -122.33536, 47.54193 ], [ -122.33498, 47.54137 ], [ -122.33499, 47.54107 ], [ -122.3343, 47.54105 ], [ -122.33375, 47.54069 ], [ -122.33355, 47.54078 ], [ -122.3333, 47.54058 ], [ -122.33344, 47.54048 ], [ -122.33337, 47.54037 ], [ -122.3321, 47.53947 ], [ -122.33304, 47.53942 ], [ -122.33333, 47.53936 ], [ -122.3333, 47.53921 ], [ -122.3331, 47.53919 ], [ -122.33271, 47.53931 ], [ -122.33251, 47.53927 ], [ -122.33244, 47.53914 ], [ -122.3321, 47.5392 ], [ -122.33128, 47.53903 ], [ -122.33049, 47.53852 ], [ -122.33031, 47.53836 ], [ -122.33036, 47.53826 ], [ -122.33017, 47.5382 ], [ -122.33003, 47.53801 ], [ -122.32981, 47.53797 ], [ -122.32888, 47.53736 ], [ -122.32878, 47.53737 ], [ -122.32889, 47.53745 ], [ -122.32881, 47.53751 ], [ -122.3283, 47.53717 ], [ -122.32849, 47.53706 ], [ -122.32838, 47.5369 ], [ -122.32822, 47.53682 ], [ -122.32789, 47.53681 ], [ -122.3275, 47.53656 ], [ -122.32739, 47.53631 ], [ -122.32745, 47.53626 ], [ -122.32682, 47.53588 ], [ -122.3265, 47.53582 ], [ -122.3263, 47.53566 ], [ -122.3263, 47.53556 ], [ -122.32595, 47.53543 ], [ -122.32593, 47.5353 ], [ -122.32582, 47.53528 ], [ -122.32552, 47.53489 ], [ -122.3254, 47.53489 ], [ -122.32525, 47.53474 ], [ -122.3252, 47.53454 ], [ -122.32507, 47.5345 ], [ -122.32473, 47.53479 ], [ -122.32393, 47.53431 ], [ -122.32401, 47.53425 ], [ -122.32378, 47.53401 ], [ -122.32358, 47.53398 ], [ -122.32272, 47.53358 ], [ -122.32245, 47.53334 ], [ -122.32229, 47.53328 ], [ -122.32214, 47.53337 ], [ -122.32177, 47.53313 ], [ -122.32189, 47.53298 ], [ -122.32147, 47.53269 ], [ -122.32117, 47.53259 ], [ -122.32098, 47.53237 ], [ -122.3203, 47.53209 ], [ -122.32002, 47.53182 ], [ -122.32001, 47.5316 ], [ -122.31986, 47.53147 ], [ -122.31919, 47.53144 ], [ -122.31856, 47.53103 ], [ -122.31848, 47.53097 ], [ -122.31851, 47.52944 ], [ -122.31756, 47.52943 ], [ -122.31758, 47.52823 ], [ -122.31457, 47.52729 ], [ -122.3117, 47.52655 ], [ -122.31073, 47.52539 ], [ -122.30973, 47.52452 ], [ -122.30969, 47.52434 ], [ -122.30981, 47.5239 ], [ -122.30958, 47.52325 ], [ -122.30971, 47.52234 ], [ -122.30968, 47.52218 ], [ -122.31756, 47.5222 ], [ -122.31755, 47.51866 ], [ -122.32588, 47.51869 ], [ -122.32588, 47.52091 ], [ -122.33452, 47.5209 ], [ -122.33495, 47.52668 ], [ -122.33437, 47.52813 ], [ -122.33481, 47.53098 ], [ -122.33494, 47.53615 ], [ -122.33696, 47.53743 ], [ -122.34023, 47.53929 ], [ -122.34231, 47.54026 ] ] ] } },
{ "type": "Feature", "properties": { "name": "Southeast Magnolia" }, "geometry": { "type": "Polygon", "coordinates": [ [ [ -122.40094, 47.64682 ], [ -122.39558, 47.64683 ], [ -122.3955, 47.6485 ], [ -122.39537, 47.64863 ], [ -122.39105, 47.64865 ], [ -122.39047, 47.64872 ], [ -122.39012, 47.64868 ], [ -122.38978, 47.6485 ], [ -122.38197, 47.64846 ], [ -122.38199, 47.64671 ], [ -122.38228, 47.646 ], [ -122.39005, 47.63561 ], [ -122.39162, 47.63426 ], [ -122.39185, 47.63397 ], [ -122.39182, 47.63 ], [ -122.3937, 47.63044 ], [ -122.39362, 47.63224 ], [ -122.39415, 47.63229 ], [ -122.39721, 47.63327 ], [ -122.3975, 47.63377 ], [ -122.39788, 47.63575 ], [ -122.39792, 47.63771 ], [ -122.39809, 47.63802 ], [ -122.39963, 47.63911 ], [ -122.40041, 47.63912 ], [ -122.40072, 47.63923 ], [ -122.40103, 47.63923 ], [ -122.40094, 47.64682 ] ] ] } },
{ "type": "Feature", "properties": { "name": "Stevens" }, "geometry": { "type": "Polygon", "coordinates": [ [ [ -122.31359, 47.63594 ], [ -122.31359, 47.63748 ], [ -122.31471, 47.63827 ], [ -122.31472, 47.63892 ], [ -122.31446, 47.63913 ], [ -122.31418, 47.63917 ], [ -122.31287, 47.63871 ], [ -122.31254, 47.63868 ], [ -122.31192, 47.63883 ], [ -122.31132, 47.63864 ], [ -122.31093, 47.63825 ], [ -122.3108, 47.63797 ], [ -122.31081, 47.63784 ], [ -122.31116, 47.6374 ], [ -122.31115, 47.63671 ], [ -122.3111, 47.63656 ], [ -122.31094, 47.63646 ], [ -122.31049, 47.63651 ], [ -122.31021, 47.63703 ], [ -122.30957, 47.63729 ], [ -122.30942, 47.63753 ], [ -122.30929, 47.63754 ], [ -122.30919, 47.63747 ], [ -122.30858, 47.63637 ], [ -122.30859, 47.63609 ], [ -122.3088, 47.63582 ], [ -122.30874, 47.63571 ], [ -122.30831, 47.63578 ], [ -122.30788, 47.63638 ], [ -122.30761, 47.63643 ], [ -122.30709, 47.63616 ], [ -122.30658, 47.63611 ], [ -122.30658, 47.63559 ], [ -122.30643, 47.63543 ], [ -122.30609, 47.63546 ], [ -122.30565, 47.63582 ], [ -122.30474, 47.63592 ], [ -122.30385, 47.63563 ], [ -122.30191, 47.63461 ], [ -122.30127, 47.63454 ], [ -122.30012, 47.63324 ], [ -122.29965, 47.63227 ], [ -122.29774, 47.63225 ], [ -122.29759, 47.63129 ], [ -122.29744, 47.63097 ], [ -122.29644, 47.62981 ], [ -122.29587, 47.62893 ], [ -122.29542, 47.62859 ], [ -122.29393, 47.62808 ], [ -122.29329, 47.62771 ], [ -122.29303, 47.62736 ], [ -122.29285, 47.62663 ], [ -122.29253, 47.62631 ], [ -122.29244, 47.62602 ], [ -122.30415, 47.61807 ], [ -122.31276, 47.6145 ], [ -122.31248, 47.63373 ], [ -122.31261, 47.63413 ], [ -122.31313, 47.63465 ], [ -122.31339, 47.63505 ], [ -122.31352, 47.63536 ], [ -122.31359, 47.63594 ] ] ] } },
{ "type": "Feature", "properties": { "name": "Sunset Hill" }, "geometry": { "type": "Polygon", "coordinates": [ [ [ -122.40297, 47.69711 ], [ -122.40203, 47.69768 ], [ -122.40266, 47.69602 ], [ -122.40236, 47.69528 ], [ -122.40077, 47.69542 ], [ -122.40026, 47.69529 ], [ -122.39992, 47.69505 ], [ -122.39958, 47.69454 ], [ -122.3993, 47.69358 ], [ -122.39856, 47.69195 ], [ -122.3985, 47.69074 ], [ -122.39831, 47.69057 ], [ -122.393, 47.69058 ], [ -122.39296, 47.67591 ], [ -122.39837, 47.67583 ], [ -122.39833, 47.66748 ], [ -122.40101, 47.66768 ], [ -122.40194, 47.66805 ], [ -122.402, 47.66785 ], [ -122.40194, 47.66756 ], [ -122.40221, 47.6677 ], [ -122.40235, 47.66768 ], [ -122.40275, 47.66795 ], [ -122.40278, 47.66804 ], [ -122.40292, 47.66806 ], [ -122.40295, 47.66816 ], [ -122.40332, 47.66816 ], [ -122.40355, 47.66827 ], [ -122.40363, 47.66848 ], [ -122.40412, 47.66862 ], [ -122.40452, 47.66901 ], [ -122.40446, 47.66905 ], [ -122.40454, 47.66918 ], [ -122.4045, 47.66927 ], [ -122.40465, 47.66934 ], [ -122.4049, 47.66969 ], [ -122.40512, 47.67016 ], [ -122.4057, 47.67069 ], [ -122.40583, 47.6707 ], [ -122.40581, 47.67088 ], [ -122.40607, 47.67137 ], [ -122.40621, 47.67146 ], [ -122.40622, 47.67219 ], [ -122.40648, 47.67238 ], [ -122.40693, 47.6724 ], [ -122.40696, 47.67294 ], [ -122.40763, 47.67298 ], [ -122.40784, 47.67326 ], [ -122.40778, 47.67377 ], [ -122.40821, 47.67378 ], [ -122.4083, 47.67386 ], [ -122.40826, 47.674 ], [ -122.40809, 47.67403 ], [ -122.40809, 47.67429 ], [ -122.40867, 47.67436 ], [ -122.40832, 47.67457 ], [ -122.40833, 47.67497 ], [ -122.40854, 47.67513 ], [ -122.40897, 47.67526 ], [ -122.40902, 47.67545 ], [ -122.40986, 47.67585 ], [ -122.40978, 47.67665 ], [ -122.4084, 47.67667 ], [ -122.40839, 47.67704 ], [ -122.40776, 47.67705 ], [ -122.40619, 47.67969 ], [ -122.40617, 47.67989 ], [ -122.40595, 47.68025 ], [ -122.40585, 47.68028 ], [ -122.40573, 47.68048 ], [ -122.40532, 47.68053 ], [ -122.40359, 47.68336 ], [ -122.40326, 47.68564 ], [ -122.40387, 47.68585 ], [ -122.40383, 47.68664 ], [ -122.40348, 47.68669 ], [ -122.40342, 47.68701 ], [ -122.4037, 47.6871 ], [ -122.40371, 47.6872 ], [ -122.40383, 47.68725 ], [ -122.40373, 47.68729 ], [ -122.40346, 47.68822 ], [ -122.40336, 47.68933 ], [ -122.40322, 47.68956 ], [ -122.40321, 47.68979 ], [ -122.4036, 47.69053 ], [ -122.40415, 47.69128 ], [ -122.40571, 47.69267 ], [ -122.40588, 47.69302 ], [ -122.40592, 47.69351 ], [ -122.40588, 47.69368 ], [ -122.40551, 47.69404 ], [ -122.40419, 47.69491 ], [ -122.40406, 47.69508 ], [ -122.4038, 47.69602 ], [ -122.40352, 47.69649 ], [ -122.40297, 47.69711 ] ] ] } },
{ "type": "Feature", "properties": { "name": "University District" }, "geometry": { "type": "Polygon", "coordinates": [ [ [ -122.30649, 47.66801 ], [ -122.30061, 47.66798 ], [ -122.30059, 47.66588 ], [ -122.30091, 47.6644 ], [ -122.30091, 47.66125 ], [ -122.31199, 47.66126 ], [ -122.31211, 47.65682 ], [ -122.31669, 47.65688 ], [ -122.31667, 47.65748 ], [ -122.31681, 47.65722 ], [ -122.3175, 47.65656 ], [ -122.31784, 47.65602 ], [ -122.3173, 47.65602 ], [ -122.31772, 47.65593 ], [ -122.31827, 47.65547 ], [ -122.31949, 47.65389 ], [ -122.31991, 47.65412 ], [ -122.32015, 47.65417 ], [ -122.32019, 47.65425 ], [ -122.32101, 47.65434 ], [ -122.32106, 47.65371 ], [ -122.32175, 47.65371 ], [ -122.32184, 47.65394 ], [ -122.32198, 47.65394 ], [ -122.32208, 47.65373 ], [ -122.32249, 47.6537 ], [ -122.32239, 47.65805 ], [ -122.32201, 47.66332 ], [ -122.32199, 47.66497 ], [ -122.30651, 47.66485 ], [ -122.30649, 47.66801 ] ] ] } },
{ "type": "Feature", "properties": { "name": "University Heights" }, "geometry": { "type": "Polygon", "coordinates": [ [ [ -122.3108, 47.67251 ], [ -122.30768, 47.67108 ], [ -122.30784, 47.67097 ], [ -122.30511, 47.67038 ], [ -122.30399, 47.67009 ], [ -122.30384, 47.66997 ], [ -122.30379, 47.66797 ], [ -122.30649, 47.66801 ], [ -122.30651, 47.66485 ], [ -122.32199, 47.66497 ], [ -122.32193, 47.67032 ], [ -122.32162, 47.67216 ], [ -122.32099, 47.67436 ], [ -122.31932, 47.67256 ], [ -122.31912, 47.67243 ], [ -122.31303, 47.67098 ], [ -122.31303, 47.67121 ], [ -122.31191, 47.67211 ], [ -122.31131, 47.67249 ], [ -122.3108, 47.67251 ] ] ] } },
{ "type": "Feature", "properties": { "name": "University of Washington" }, "geometry": { "type": "Polygon", "coordinates": [ [ [ -122.31199, 47.66126 ], [ -122.29015, 47.66117 ], [ -122.29019, 47.65844 ], [ -122.28674, 47.65839 ], [ -122.28673, 47.65557 ], [ -122.28695, 47.65586 ], [ -122.28686, 47.65616 ], [ -122.28699, 47.65619 ], [ -122.28712, 47.65605 ], [ -122.28732, 47.65606 ], [ -122.28757, 47.65644 ], [ -122.28751, 47.65674 ], [ -122.28778, 47.65675 ], [ -122.28803, 47.65698 ], [ -122.28824, 47.65705 ], [ -122.28848, 47.6569 ], [ -122.28868, 47.65635 ], [ -122.28888, 47.65607 ], [ -122.28828, 47.65612 ], [ -122.28807, 47.65623 ], [ -122.28794, 47.65648 ], [ -122.28777, 47.65614 ], [ -122.28793, 47.65596 ], [ -122.28788, 47.65581 ], [ -122.28794, 47.65567 ], [ -122.28848, 47.65541 ], [ -122.28937, 47.65539 ], [ -122.29025, 47.65498 ], [ -122.29031, 47.6553 ], [ -122.29019, 47.65598 ], [ -122.29011, 47.65607 ], [ -122.28955, 47.65619 ], [ -122.28986, 47.65636 ], [ -122.29045, 47.65623 ], [ -122.29097, 47.65627 ], [ -122.2904, 47.65588 ], [ -122.2905, 47.65445 ], [ -122.29061, 47.65421 ], [ -122.29099, 47.65395 ], [ -122.29115, 47.65402 ], [ -122.29105, 47.65414 ], [ -122.29119, 47.65425 ], [ -122.29141, 47.6541 ], [ -122.29233, 47.65403 ], [ -122.29249, 47.65403 ], [ -122.29261, 47.65419 ], [ -122.29282, 47.65394 ], [ -122.29388, 47.6538 ], [ -122.29451, 47.65383 ], [ -122.2961, 47.65368 ], [ -122.29657, 47.65385 ], [ -122.2969, 47.65377 ], [ -122.29698, 47.65381 ], [ -122.29697, 47.65399 ], [ -122.29658, 47.65397 ], [ -122.29629, 47.65421 ], [ -122.2966, 47.65441 ], [ -122.29684, 47.65437 ], [ -122.29701, 47.6545 ], [ -122.29704, 47.65474 ], [ -122.29725, 47.65473 ], [ -122.29771, 47.65383 ], [ -122.29817, 47.65368 ], [ -122.29856, 47.65369 ], [ -122.29862, 47.65361 ], [ -122.29834, 47.65344 ], [ -122.29774, 47.65347 ], [ -122.29784, 47.65336 ], [ -122.29815, 47.65326 ], [ -122.29936, 47.65315 ], [ -122.29941, 47.6526 ], [ -122.29953, 47.65254 ], [ -122.29929, 47.65239 ], [ -122.29813, 47.65203 ], [ -122.29807, 47.6519 ], [ -122.29778, 47.65177 ], [ -122.29784, 47.65142 ], [ -122.29778, 47.65135 ], [ -122.29796, 47.65071 ], [ -122.29846, 47.65069 ], [ -122.29873, 47.65049 ], [ -122.29865, 47.6504 ], [ -122.29851, 47.65048 ], [ -122.29899, 47.64915 ], [ -122.29941, 47.64843 ], [ -122.29939, 47.64836 ], [ -122.29968, 47.64823 ], [ -122.29966, 47.64797 ], [ -122.29955, 47.64795 ], [ -122.29956, 47.64769 ], [ -122.29975, 47.64758 ], [ -122.30025, 47.64752 ], [ -122.30681, 47.6475 ], [ -122.30882, 47.64776 ], [ -122.30986, 47.64804 ], [ -122.31022, 47.64826 ], [ -122.31024, 47.64834 ], [ -122.31007, 47.64849 ], [ -122.31037, 47.64852 ], [ -122.31079, 47.64874 ], [ -122.3109, 47.64868 ], [ -122.31124, 47.64889 ], [ -122.31119, 47.649 ], [ -122.31192, 47.64945 ], [ -122.31227, 47.64959 ], [ -122.31268, 47.64939 ], [ -122.3135, 47.64987 ], [ -122.31333, 47.65003 ], [ -122.313, 47.65015 ], [ -122.31314, 47.65042 ], [ -122.31405, 47.65134 ], [ -122.31552, 47.65175 ], [ -122.31619, 47.65174 ], [ -122.31623, 47.65156 ], [ -122.31639, 47.65161 ], [ -122.31645, 47.65167 ], [ -122.31631, 47.6519 ], [ -122.31688, 47.6523 ], [ -122.31717, 47.65214 ], [ -122.31732, 47.65222 ], [ -122.31737, 47.65228 ], [ -122.31718, 47.65243 ], [ -122.31725, 47.65259 ], [ -122.31755, 47.65242 ], [ -122.3174, 47.65266 ], [ -122.31758, 47.65267 ], [ -122.31782, 47.65299 ], [ -122.31776, 47.65305 ], [ -122.31855, 47.65373 ], [ -122.31873, 47.6536 ], [ -122.31884, 47.65368 ], [ -122.31881, 47.65384 ], [ -122.31949, 47.65389 ], [ -122.31827, 47.65547 ], [ -122.31772, 47.65593 ], [ -122.3173, 47.65602 ], [ -122.31784, 47.65602 ], [ -122.3175, 47.65656 ], [ -122.31681, 47.65722 ], [ -122.31667, 47.65748 ], [ -122.31669, 47.65688 ], [ -122.31211, 47.65682 ], [ -122.31199, 47.66126 ] ] ] } },
{ "type": "Feature", "properties": { "name": "Victory Heights" }, "geometry": { "type": "Polygon", "coordinates": [ [ [ -122.29524, 47.71928 ], [ -122.30065, 47.71012 ], [ -122.30117, 47.70901 ], [ -122.30144, 47.70809 ], [ -122.30161, 47.70714 ], [ -122.3016, 47.70335 ], [ -122.3017, 47.70263 ], [ -122.30201, 47.70186 ], [ -122.30333, 47.70027 ], [ -122.31221, 47.70034 ], [ -122.31243, 47.70511 ], [ -122.31244, 47.71189 ], [ -122.31266, 47.71942 ], [ -122.29524, 47.71928 ] ] ] } },
{ "type": "Feature", "properties": { "name": "View Ridge" }, "geometry": { "type": "Polygon", "coordinates": [ [ [ -122.27999, 47.69294 ], [ -122.27919, 47.69225 ], [ -122.27878, 47.69171 ], [ -122.27838, 47.69157 ], [ -122.27808, 47.69162 ], [ -122.27668, 47.69227 ], [ -122.27595, 47.6923 ], [ -122.27536, 47.69214 ], [ -122.27446, 47.69238 ], [ -122.27364, 47.69247 ], [ -122.273, 47.6928 ], [ -122.27214, 47.69266 ], [ -122.27193, 47.69272 ], [ -122.27187, 47.69281 ], [ -122.27121, 47.69262 ], [ -122.27065, 47.69235 ], [ -122.26882, 47.69122 ], [ -122.26844, 47.69091 ], [ -122.268, 47.69034 ], [ -122.26752, 47.69034 ], [ -122.26657, 47.68929 ], [ -122.26582, 47.68817 ], [ -122.26535, 47.68717 ], [ -122.26463, 47.68511 ], [ -122.26425, 47.68443 ], [ -122.26392, 47.68404 ], [ -122.26377, 47.6837 ], [ -122.26365, 47.68178 ], [ -122.26356, 47.67572 ], [ -122.27233, 47.67576 ], [ -122.27418, 47.67538 ], [ -122.27435, 47.67526 ], [ -122.27447, 47.67498 ], [ -122.27475, 47.67487 ], [ -122.27546, 47.67496 ], [ -122.27557, 47.67512 ], [ -122.27558, 47.67544 ], [ -122.27586, 47.67578 ], [ -122.28488, 47.67577 ], [ -122.28516, 47.68304 ], [ -122.27977, 47.68304 ], [ -122.27999, 47.69294 ] ] ] } },
{ "type": "Feature", "properties": { "name": "Wallingford" }, "geometry": { "type": "Polygon", "coordinates": [ [ [ -122.34731, 47.66501 ], [ -122.3402, 47.66504 ], [ -122.3401, 47.66573 ], [ -122.34001, 47.6702 ], [ -122.33798, 47.67019 ], [ -122.33798, 47.67058 ], [ -122.33718, 47.67125 ], [ -122.337, 47.67073 ], [ -122.33619, 47.67108 ], [ -122.33578, 47.67131 ], [ -122.33356, 47.67311 ], [ -122.33356, 47.67232 ], [ -122.3216, 47.67223 ], [ -122.32193, 47.67032 ], [ -122.32201, 47.66332 ], [ -122.32239, 47.65805 ], [ -122.32249, 47.6537 ], [ -122.32413, 47.65339 ], [ -122.32459, 47.65348 ], [ -122.32474, 47.65339 ], [ -122.32549, 47.65338 ], [ -122.32604, 47.65324 ], [ -122.32681, 47.65318 ], [ -122.32731, 47.65269 ], [ -122.3275, 47.65234 ], [ -122.32774, 47.6521 ], [ -122.32793, 47.65203 ], [ -122.32854, 47.65133 ], [ -122.32863, 47.65136 ], [ -122.32865, 47.6515 ], [ -122.32883, 47.65153 ], [ -122.32938, 47.65136 ], [ -122.32948, 47.65128 ], [ -122.32942, 47.65113 ], [ -122.32955, 47.65109 ], [ -122.32951, 47.65101 ], [ -122.32994, 47.65091 ], [ -122.33054, 47.65044 ], [ -122.3306, 47.65027 ], [ -122.33075, 47.65016 ], [ -122.33059, 47.6498 ], [ -122.33059, 47.64952 ], [ -122.33099, 47.64937 ], [ -122.33125, 47.6494 ], [ -122.33145, 47.64933 ], [ -122.3316, 47.64893 ], [ -122.3311, 47.64816 ], [ -122.33216, 47.64738 ], [ -122.3326, 47.64695 ], [ -122.33271, 47.64702 ], [ -122.33292, 47.64693 ], [ -122.33294, 47.64679 ], [ -122.33272, 47.64611 ], [ -122.3329, 47.64539 ], [ -122.33324, 47.64483 ], [ -122.33386, 47.64467 ], [ -122.33408, 47.64446 ], [ -122.33582, 47.64447 ], [ -122.33585, 47.64457 ], [ -122.33662, 47.64477 ], [ -122.33733, 47.64517 ], [ -122.33738, 47.64538 ], [ -122.33789, 47.64581 ], [ -122.33808, 47.6461 ], [ -122.33831, 47.64614 ], [ -122.33883, 47.64648 ], [ -122.33903, 47.64637 ], [ -122.33915, 47.64639 ], [ -122.33895, 47.64655 ], [ -122.33919, 47.64673 ], [ -122.33945, 47.64655 ], [ -122.33975, 47.64673 ], [ -122.33972, 47.64685 ], [ -122.34019, 47.6465 ], [ -122.34035, 47.64654 ], [ -122.33958, 47.64714 ], [ -122.33984, 47.64738 ], [ -122.34011, 47.64738 ], [ -122.34054, 47.64702 ], [ -122.34064, 47.64703 ], [ -122.34064, 47.64721 ], [ -122.34072, 47.64721 ], [ -122.34074, 47.64702 ], [ -122.3411, 47.64707 ], [ -122.34113, 47.64737 ], [ -122.341, 47.64742 ], [ -122.34145, 47.64742 ], [ -122.34146, 47.6476 ], [ -122.34172, 47.64781 ], [ -122.34228, 47.64782 ], [ -122.3424, 47.64798 ], [ -122.34282, 47.64803 ], [ -122.34215, 47.66138 ], [ -122.34734, 47.66139 ], [ -122.34731, 47.66501 ] ] ] } },
{ "type": "Feature", "properties": { "name": "Wedgwood" }, "geometry": { "type": "Polygon", "coordinates": [ [ [ -122.30546, 47.69756 ], [ -122.28003, 47.69738 ], [ -122.27996, 47.69043 ], [ -122.27977, 47.68304 ], [ -122.30076, 47.68304 ], [ -122.30083, 47.68649 ], [ -122.3009, 47.68672 ], [ -122.30163, 47.6878 ], [ -122.30169, 47.68826 ], [ -122.30144, 47.68963 ], [ -122.30167, 47.69026 ], [ -122.30817, 47.69031 ], [ -122.30621, 47.69172 ], [ -122.3058, 47.69221 ], [ -122.30552, 47.69273 ], [ -122.30546, 47.69314 ], [ -122.30576, 47.6963 ], [ -122.30575, 47.69671 ], [ -122.30546, 47.69756 ] ] ] } },
{ "type": "Feature", "properties": { "name": "West Queen Anne" }, "geometry": { "type": "Polygon", "coordinates": [ [ [ -122.35692, 47.63959 ], [ -122.357, 47.63265 ], [ -122.35678, 47.63232 ], [ -122.36311, 47.63232 ], [ -122.36322, 47.62674 ], [ -122.36381, 47.6268 ], [ -122.36436, 47.62702 ], [ -122.36435, 47.62673 ], [ -122.36453, 47.62586 ], [ -122.36454, 47.62518 ], [ -122.36477, 47.62537 ], [ -122.36767, 47.62649 ], [ -122.36858, 47.62676 ], [ -122.37037, 47.62808 ], [ -122.37561, 47.63221 ], [ -122.37595, 47.63261 ], [ -122.37613, 47.63297 ], [ -122.37619, 47.63332 ], [ -122.37613, 47.63449 ], [ -122.37617, 47.64294 ], [ -122.37602, 47.64285 ], [ -122.37436, 47.64068 ], [ -122.37153, 47.64069 ], [ -122.37155, 47.63959 ], [ -122.35692, 47.63959 ] ] ] } },
{ "type": "Feature", "properties": { "name": "West Woodland" }, "geometry": { "type": "Polygon", "coordinates": [ [ [ -122.37634, 47.67592 ], [ -122.36069, 47.676 ], [ -122.36078, 47.67589 ], [ -122.36079, 47.66147 ], [ -122.36616, 47.66147 ], [ -122.36612, 47.65935 ], [ -122.36504, 47.65814 ], [ -122.36504, 47.65776 ], [ -122.3668, 47.65653 ], [ -122.36698, 47.65664 ], [ -122.36693, 47.65686 ], [ -122.36741, 47.65717 ], [ -122.36713, 47.65718 ], [ -122.36708, 47.65727 ], [ -122.36775, 47.65733 ], [ -122.36773, 47.65748 ], [ -122.36812, 47.65748 ], [ -122.36826, 47.65756 ], [ -122.36906, 47.65815 ], [ -122.369, 47.65821 ], [ -122.36904, 47.65829 ], [ -122.36941, 47.65842 ], [ -122.37007, 47.65886 ], [ -122.3705, 47.65925 ], [ -122.37054, 47.65945 ], [ -122.3707, 47.65951 ], [ -122.371, 47.65984 ], [ -122.37114, 47.65989 ], [ -122.37135, 47.65976 ], [ -122.37227, 47.66042 ], [ -122.37225, 47.66063 ], [ -122.37359, 47.66078 ], [ -122.3738, 47.66068 ], [ -122.3738, 47.66061 ], [ -122.3754, 47.66061 ], [ -122.3753, 47.66087 ], [ -122.37562, 47.66108 ], [ -122.37597, 47.66116 ], [ -122.37604, 47.66087 ], [ -122.37623, 47.66093 ], [ -122.37621, 47.67574 ], [ -122.37634, 47.67592 ] ] ] } },
{ "type": "Feature", "properties": { "name": "Westlake" }, "geometry": { "type": "Polygon", "coordinates": [ [ [ -122.34356, 47.62714 ], [ -122.34347, 47.63564 ], [ -122.3437, 47.63643 ], [ -122.34438, 47.63742 ], [ -122.34381, 47.63746 ], [ -122.34192, 47.638 ], [ -122.34026, 47.63802 ], [ -122.33994, 47.63783 ], [ -122.3399, 47.63762 ], [ -122.33976, 47.63763 ], [ -122.33965, 47.63726 ], [ -122.33964, 47.63719 ], [ -122.33988, 47.63711 ], [ -122.3399, 47.63632 ], [ -122.33961, 47.63624 ], [ -122.33957, 47.63595 ], [ -122.33978, 47.63594 ], [ -122.33975, 47.63555 ], [ -122.33965, 47.63555 ], [ -122.33965, 47.63523 ], [ -122.33977, 47.63518 ], [ -122.33977, 47.63488 ], [ -122.33991, 47.63483 ], [ -122.3399, 47.6347 ], [ -122.33984, 47.63459 ], [ -122.33943, 47.63458 ], [ -122.33943, 47.63344 ], [ -122.33945, 47.63335 ], [ -122.33998, 47.63334 ], [ -122.33998, 47.63321 ], [ -122.34011, 47.63318 ], [ -122.34024, 47.63273 ], [ -122.34048, 47.63225 ], [ -122.34052, 47.63092 ], [ -122.34024, 47.63088 ], [ -122.34026, 47.63011 ], [ -122.33932, 47.6301 ], [ -122.3393, 47.6299 ], [ -122.33954, 47.62986 ], [ -122.33962, 47.62964 ], [ -122.33935, 47.6292 ], [ -122.33939, 47.6288 ], [ -122.33947, 47.62869 ], [ -122.33976, 47.62865 ], [ -122.33977, 47.62847 ], [ -122.33928, 47.62798 ], [ -122.33904, 47.62751 ], [ -122.33883, 47.62742 ], [ -122.33992, 47.62712 ], [ -122.34356, 47.62714 ] ] ] } },
{ "type": "Feature", "properties": { "name": "Whittier Heights" }, "geometry": { "type": "Polygon", "coordinates": [ [ [ -122.37634, 47.67592 ], [ -122.37667, 47.67618 ], [ -122.37677, 47.67641 ], [ -122.37681, 47.69061 ], [ -122.366, 47.69065 ], [ -122.36605, 47.676 ], [ -122.37634, 47.67592 ] ] ] } },
{ "type": "Feature", "properties": { "name": "Windermere" }, "geometry": { "type": "Polygon", "coordinates": [ [ [ -122.27954, 47.67578 ], [ -122.27586, 47.67578 ], [ -122.27558, 47.67544 ], [ -122.27557, 47.67512 ], [ -122.27546, 47.67496 ], [ -122.27475, 47.67487 ], [ -122.27447, 47.67498 ], [ -122.27435, 47.67526 ], [ -122.27418, 47.67538 ], [ -122.27233, 47.67576 ], [ -122.26356, 47.67572 ], [ -122.26353, 47.67499 ], [ -122.25896, 47.67498 ], [ -122.25898, 47.6757 ], [ -122.25819, 47.6757 ], [ -122.25815, 47.67351 ], [ -122.25487, 47.67351 ], [ -122.25439, 47.67408 ], [ -122.25204, 47.67367 ], [ -122.25181, 47.67357 ], [ -122.25187, 47.67337 ], [ -122.25179, 47.67312 ], [ -122.25187, 47.67294 ], [ -122.25227, 47.67255 ], [ -122.25234, 47.67234 ], [ -122.25224, 47.67221 ], [ -122.25275, 47.672 ], [ -122.2528, 47.67194 ], [ -122.25273, 47.6719 ], [ -122.25294, 47.67176 ], [ -122.25289, 47.67167 ], [ -122.25309, 47.67162 ], [ -122.25344, 47.6713 ], [ -122.25397, 47.67108 ], [ -122.25468, 47.67045 ], [ -122.25509, 47.67023 ], [ -122.25664, 47.66902 ], [ -122.25646, 47.66887 ], [ -122.25725, 47.66857 ], [ -122.25941, 47.66701 ], [ -122.26092, 47.66634 ], [ -122.26151, 47.66616 ], [ -122.26174, 47.66596 ], [ -122.2625, 47.66586 ], [ -122.26591, 47.66507 ], [ -122.26729, 47.66447 ], [ -122.26743, 47.66417 ], [ -122.26726, 47.66322 ], [ -122.26728, 47.66263 ], [ -122.26758, 47.66179 ], [ -122.26753, 47.66152 ], [ -122.26767, 47.6611 ], [ -122.26761, 47.661 ], [ -122.26763, 47.66072 ], [ -122.26789, 47.66008 ], [ -122.26812, 47.65917 ], [ -122.26857, 47.6582 ], [ -122.26856, 47.65808 ], [ -122.26892, 47.65787 ], [ -122.26895, 47.65771 ], [ -122.26966, 47.65695 ], [ -122.27003, 47.65687 ], [ -122.2719, 47.65589 ], [ -122.27261, 47.65539 ], [ -122.27292, 47.65496 ], [ -122.27346, 47.65451 ], [ -122.27349, 47.65688 ], [ -122.27399, 47.65766 ], [ -122.27399, 47.65839 ], [ -122.27352, 47.65836 ], [ -122.27291, 47.65807 ], [ -122.27243, 47.65801 ], [ -122.27243, 47.65758 ], [ -122.27216, 47.65733 ], [ -122.27168, 47.65726 ], [ -122.27125, 47.65736 ], [ -122.27104, 47.65754 ], [ -122.27105, 47.65799 ], [ -122.27022, 47.65798 ], [ -122.26906, 47.65937 ], [ -122.26888, 47.661 ], [ -122.26892, 47.66128 ], [ -122.26935, 47.66164 ], [ -122.26984, 47.66278 ], [ -122.26995, 47.66298 ], [ -122.27005, 47.663 ], [ -122.27018, 47.66297 ], [ -122.27129, 47.66148 ], [ -122.27154, 47.66132 ], [ -122.27467, 47.66128 ], [ -122.27469, 47.66488 ], [ -122.26935, 47.66488 ], [ -122.27338, 47.66773 ], [ -122.27408, 47.66831 ], [ -122.27494, 47.66825 ], [ -122.27691, 47.66837 ], [ -122.2781, 47.66833 ], [ -122.27877, 47.66822 ], [ -122.27944, 47.66796 ], [ -122.27954, 47.67578 ] ] ] } },
{ "type": "Feature", "properties": { "name": "Yesler Terrace" }, "geometry": { "type": "Polygon", "coordinates": [ [ [ -122.31678, 47.60622 ], [ -122.31677, 47.60169 ], [ -122.31719, 47.60027 ], [ -122.31723, 47.59919 ], [ -122.32173, 47.59919 ], [ -122.32258, 47.59999 ], [ -122.32497, 47.60171 ], [ -122.32745, 47.60443 ], [ -122.31943, 47.60778 ], [ -122.31942, 47.60622 ], [ -122.31678, 47.60622 ] ] ] } }
]
}
