{
"type": "FeatureCollection",
"name": "tallinn-district-overlay",
"crs": { "type": "name", "properties": { "name": "urn:ogc:def:crs:OGC:1.3:CRS84" } },
"features": [
{ "type": "Feature", "properties": { "name": "Haabersti linnaosa" }, "geometry": { "type": "MultiPolygon", "coordinates": [ [ [ [ 24.572436153817048, 59.464775349739192 ], [ 24.572755875582644, 59.464729859246049 ], [ 24.573084289501431, 59.464676888681637 ], [ 24.573192073427332, 59.464657138488455 ], [ 24.573470037231171, 59.464610068472176 ], [ 24.573521040204909, 59.464602512753132 ], [ 24.57360886587848, 59.464589500633451 ], [ 24.573712306447597, 59.464556914608288 ], [ 24.573780132665256, 59.464521934242356 ], [ 24.57381577656766, 59.464488323742636 ], [ 24.573826496658086, 59.464457703202896 ], [ 24.573826222462419, 59.464427749908921 ], [ 24.573790692629309, 59.464381047418456 ], [ 24.573763043408292, 59.464329957019842 ], [ 24.573751890303129, 59.464297034991915 ], [ 24.573750591883943, 59.4642732978742 ], [ 24.573764085302749, 59.464255528548669 ], [ 24.573794830190707, 59.464244210007934 ], [ 24.573931817226676, 59.464226450496433 ], [ 24.574133901069199, 59.464205498889598 ], [ 24.574299989699082, 59.464179416690349 ], [ 24.574353657955264, 59.464170987288142 ], [ 24.57447794099847, 59.464146648956479 ], [ 24.574608372382883, 59.464115623155891 ], [ 24.574777908262313, 59.464067021297673 ], [ 24.574889561866733, 59.464024829587451 ], [ 24.574967600166342, 59.463970109658796 ], [ 24.575064320127215, 59.463899958391544 ], [ 24.57512705201508, 59.463856920712665 ], [ 24.575193969821932, 59.463819484006855 ], [ 24.575263717942928, 59.463780464027927 ], [ 24.575427884150653, 59.463687585842308 ], [ 24.575641225117913, 59.46355629774898 ], [ 24.575802254374434, 59.463449043487387 ], [ 24.575956375339441, 59.463331702720751 ], [ 24.576105866286099, 59.463234776564846 ], [ 24.576262243464438, 59.463124795248262 ], [ 24.576283131130122, 59.463105314713928 ], [ 24.576401841512855, 59.462994609257819 ], [ 24.576465407269897, 59.4629249071168 ], [ 24.576499969252318, 59.462874478658485 ], [ 24.57651728830281, 59.462836899156329 ], [ 24.576519616069014, 59.462801378013538 ], [ 24.576509097570636, 59.462772744171183 ], [ 24.576492549810926, 59.462758867109002 ], [ 24.576438904550205, 59.462746561626716 ], [ 24.576396221524121, 59.462742170315387 ], [ 24.576366475704123, 59.462744634299561 ], [ 24.576318578209069, 59.462757303130168 ], [ 24.576282784573767, 59.462772387546515 ], [ 24.576170401514339, 59.462841028385043 ], [ 24.576050254763732, 59.462925151582922 ], [ 24.575864002823668, 59.463041456976647 ], [ 24.575711268690871, 59.463148944397211 ], [ 24.575527652736401, 59.463244950938119 ], [ 24.575386680351244, 59.463315825404699 ], [ 24.575344474623297, 59.463362813026976 ], [ 24.575336874830736, 59.46337127511817 ], [ 24.575249236960946, 59.463444403062532 ], [ 24.57523416470379, 59.463454235259618 ], [ 24.575153429555989, 59.463506857662026 ], [ 24.57512173583903, 59.463525649097569 ], [ 24.575075426236314, 59.463553103769875 ], [ 24.574947692806735, 59.463603848576113 ], [ 24.574784342113055, 59.463684460739756 ], [ 24.574693484790483, 59.463731992452828 ], [ 24.574667345679792, 59.46375285107186 ], [ 24.574620405690791, 59.463788997556051 ], [ 24.574591172674911, 59.463811512344002 ], [ 24.574547067967401, 59.463841129517668 ], [ 24.574481303330419, 59.463885302197333 ], [ 24.574399429481151, 59.463937462306383 ], [ 24.574311818890884, 59.463979916863792 ], [ 24.574199732230539, 59.46402051215734 ], [ 24.574095846405356, 59.464041179763427 ], [ 24.573948495618687, 59.464065582293692 ], [ 24.573762485938762, 59.464082711474333 ], [ 24.573590607196881, 59.464092732358147 ], [ 24.573446356634019, 59.464109589569873 ], [ 24.573355637782388, 59.464116187021176 ], [ 24.573299867721104, 59.464120244640945 ], [ 24.573243516276268, 59.464124340671809 ], [ 24.573078841420607, 59.464126457185237 ], [ 24.572919278814009, 59.464122124114368 ], [ 24.572655285283005, 59.464137571013531 ], [ 24.572575485943247, 59.464150628420548 ], [ 24.572485822191076, 59.464171780524872 ], [ 24.57244849154122, 59.464180587024082 ], [ 24.572411050849091, 59.464223854664489 ], [ 24.5723774800881, 59.464284403145669 ], [ 24.572378763501266, 59.464359898669336 ], [ 24.572335611949065, 59.464438109557292 ], [ 24.572208643780961, 59.464531791768614 ], [ 24.572125664024288, 59.464595086053947 ], [ 24.572053294345597, 59.464701107106734 ], [ 24.572138478537425, 59.464766166813533 ], [ 24.57229691830328, 59.46477804595132 ], [ 24.572436153817048, 59.464775349739192 ] ] ], [ [ [ 24.583848717228978, 59.462228259799559 ], [ 24.584016200966097, 59.462209456966868 ], [ 24.584096782871054, 59.462199360333486 ], [ 24.584175694707309, 59.462167933931688 ], [ 24.584187396805547, 59.462133448231896 ], [ 24.584248006411858, 59.462090918207892 ], [ 24.584330445760145, 59.462057474313148 ], [ 24.584372952041129, 59.462011344137736 ], [ 24.584372179757821, 59.461967255027801 ], [ 24.584382109159847, 59.461915766712508 ], [ 24.584446175840515, 59.461864029330727 ], [ 24.584470830652769, 59.461829010399661 ], [ 24.5844811548927, 59.461799566591495 ], [ 24.584499774505701, 59.461763299759369 ], [ 24.584450073929911, 59.461721896189779 ], [ 24.584372657058257, 59.461691189821771 ], [ 24.584316856544056, 59.461670495094779 ], [ 24.584292119859693, 59.461651269407632 ], [ 24.58428727237326, 59.46161842795469 ], [ 24.584290350064194, 59.461602472054622 ], [ 24.584296116164435, 59.461572545785089 ], [ 24.584322644936751, 59.461434755654309 ], [ 24.584323568581681, 59.461412471897752 ], [ 24.584326877607033, 59.461331722625879 ], [ 24.584316430287714, 59.461312756733179 ], [ 24.584289375785168, 59.461302347263405 ], [ 24.584249587314623, 59.461306293803297 ], [ 24.584206754558107, 59.461326088365254 ], [ 24.584201340606015, 59.461332279218837 ], [ 24.584184338042821, 59.46135174382367 ], [ 24.584180498068669, 59.461356132399743 ], [ 24.584142829043493, 59.461445821968304 ], [ 24.584102632387502, 59.461576419634255 ], [ 24.584053555470881, 59.461682766245417 ], [ 24.583987715675448, 59.461738083941043 ], [ 24.583860502218741, 59.46180878995105 ], [ 24.583708616474624, 59.461863025537617 ], [ 24.583703036689556, 59.461889441141551 ], [ 24.583696106898305, 59.461906006535564 ], [ 24.583707768745949, 59.461953727774919 ], [ 24.583698058219237, 59.462018078378108 ], [ 24.583662763357328, 59.46206416741569 ], [ 24.583616107026948, 59.462079077543954 ], [ 24.583602153222909, 59.462106706146876 ], [ 24.583624516774179, 59.462147019272628 ], [ 24.583672339238223, 59.462198251745079 ], [ 24.583731498168074, 59.462231741319968 ], [ 24.583848717228978, 59.462228259799559 ] ] ], [ [ [ 24.550380606908789, 59.438756465132826 ], [ 24.550406411346184, 59.438766250027484 ], [ 24.550386387137415, 59.438826189266202 ], [ 24.550389116014657, 59.438858834501701 ], [ 24.550419449598376, 59.438880906696781 ], [ 24.550537318197485, 59.438903932522216 ], [ 24.550707998232955, 59.438904646148067 ], [ 24.550758495119197, 59.438913689778659 ], [ 24.550841614299056, 59.438935891191477 ], [ 24.550888369996155, 59.438942436990985 ], [ 24.551048654322781, 59.438946559864313 ], [ 24.55116233302363, 59.438955626196261 ], [ 24.551273410213589, 59.438956373094051 ], [ 24.551329834788863, 59.438950490640231 ], [ 24.551452606715657, 59.438930030726702 ], [ 24.551507154657124, 59.438929084174134 ], [ 24.551571678763214, 59.438940214141248 ], [ 24.551898486694295, 59.439044480837367 ], [ 24.551974925787604, 59.439060030989204 ], [ 24.552036435373427, 59.439064539703431 ], [ 24.552092648324059, 59.43907936668321 ], [ 24.552096205665293, 59.439109737349725 ], [ 24.552078585688353, 59.439154693905323 ], [ 24.55209022219745, 59.439172436619451 ], [ 24.552138342107995, 59.439192476970042 ], [ 24.552176717226541, 59.439195143680237 ], [ 24.552201046843667, 59.439203309056303 ], [ 24.552225703371494, 59.439205530589255 ], [ 24.552323119812442, 59.439189736270158 ], [ 24.552375059153903, 59.439185478981393 ], [ 24.552409170785531, 59.439184967859475 ], [ 24.552479519183919, 59.439193299202344 ], [ 24.552506326220552, 59.439185736211186 ], [ 24.552560029311898, 59.439155412559984 ], [ 24.552606802583096, 59.439146661656856 ], [ 24.55265842579912, 59.439147926153417 ], [ 24.552699977762682, 59.439157410524693 ], [ 24.552748020112347, 59.439176993176112 ], [ 24.552935510522296, 59.439263467020034 ], [ 24.553177918209595, 59.439335787317567 ], [ 24.553290307733253, 59.439360898307932 ], [ 24.55339903209099, 59.439372981694703 ], [ 24.553463634385054, 59.439373616837365 ], [ 24.553571438488245, 59.439368056075224 ], [ 24.553640903765601, 59.439363177047582 ], [ 24.553692713092836, 59.439354153244551 ], [ 24.553791858671612, 59.439327623604925 ], [ 24.553816690685753, 59.439324350461099 ], [ 24.553845388132977, 59.439325782715422 ], [ 24.553947915054064, 59.439361069136773 ], [ 24.553988516887699, 59.439369524797826 ], [ 24.554043292936534, 59.439370649818521 ], [ 24.55412548297048, 59.439345142772652 ], [ 24.554160294686206, 59.439319332364562 ], [ 24.554199445903105, 59.43926335148916 ], [ 24.554254468279439, 59.439240561883494 ], [ 24.554402711586626, 59.439196545292596 ], [ 24.554503929873224, 59.439152277718428 ], [ 24.554540710601046, 59.439147912846231 ], [ 24.554576313841196, 59.439149181213082 ], [ 24.554642268955142, 59.439173463262541 ], [ 24.554753242502763, 59.439235068607893 ], [ 24.554838204496104, 59.439265266820691 ], [ 24.554911745351472, 59.439305171861648 ], [ 24.554979522302403, 59.439354777862285 ], [ 24.555012862956335, 59.439365382272037 ], [ 24.555071887065576, 59.43937630929647 ], [ 24.555106736890405, 59.439378918200909 ], [ 24.555157085864035, 59.439373320037824 ], [ 24.555177889384836, 59.439361832131766 ], [ 24.555184566952331, 59.439343276401871 ], [ 24.555173052376645, 59.439323379071638 ], [ 24.555122275731783, 59.439297229021108 ], [ 24.555123505894258, 59.439287250899248 ], [ 24.555137324661139, 59.43927650158853 ], [ 24.555198498932661, 59.4392527341397 ], [ 24.555268275437211, 59.439243176161675 ], [ 24.555310090717267, 59.439233026907722 ], [ 24.555335279036839, 59.43923433898636 ], [ 24.555349375812948, 59.439240697767261 ], [ 24.55534443795263, 59.439280619313763 ], [ 24.555368894361045, 59.439322553318753 ], [ 24.555421579100607, 59.439379332159923 ], [ 24.555437639847284, 59.439391580235259 ], [ 24.555472582929795, 59.439407509835547 ], [ 24.555529996434341, 59.43942233926736 ], [ 24.5556233596471, 59.439478138535534 ], [ 24.555729373983546, 59.439495814844783 ], [ 24.555795657058752, 59.439494664396832 ], [ 24.555889309665783, 59.439501055377988 ], [ 24.555969453372793, 59.439515564257256 ], [ 24.556033282551635, 59.439532565637819 ], [ 24.556129870073978, 59.439548180916809 ], [ 24.556294195816882, 59.439549174469867 ], [ 24.556395676602637, 59.439584957124588 ], [ 24.55652191036663, 59.439599621018772 ], [ 24.556627225208995, 59.439666257617404 ], [ 24.556661179679246, 59.439676625627541 ], [ 24.556697736730005, 59.439681228664725 ], [ 24.556749413112254, 59.43968136926911 ], [ 24.55687377021405, 59.439674936913576 ], [ 24.556895768172716, 59.43967079547226 ], [ 24.556927104651443, 59.439644891305917 ], [ 24.55692877287326, 59.439614247316015 ], [ 24.556952948825291, 59.43956533064253 ], [ 24.556983614807155, 59.439551278331557 ], [ 24.557016331183902, 59.439552728804578 ], [ 24.557030471894443, 59.439563916600207 ], [ 24.557037298778088, 59.439635646195889 ], [ 24.557047240830368, 59.439673601841641 ], [ 24.557068435553404, 59.439715315940994 ], [ 24.557073596600326, 59.439802689711598 ], [ 24.557087135487464, 59.439832084470716 ], [ 24.557109113938576, 59.439850519076664 ], [ 24.557130510232497, 59.43986135301175 ], [ 24.557220546735479, 59.439892327140008 ], [ 24.557312800364091, 59.439917672509985 ], [ 24.557520366127303, 59.439964378600727 ], [ 24.557750174259741, 59.440000281154525 ], [ 24.557802438188055, 59.440002914337747 ], [ 24.557875093385604, 59.439996906478591 ], [ 24.557940508993354, 59.440005175021369 ], [ 24.558052684332292, 59.440042715381729 ], [ 24.558090593454491, 59.440061001529699 ], [ 24.558100967063353, 59.440071352403024 ], [ 24.55812901663629, 59.440126932967047 ], [ 24.558243367276788, 59.440241473688829 ], [ 24.558287765849517, 59.440269669302126 ], [ 24.558370823271279, 59.440311309434115 ], [ 24.558403475936913, 59.440341161609304 ], [ 24.558420404587668, 59.440368674737634 ], [ 24.55843934396022, 59.440375793614663 ], [ 24.5584644637926, 59.440376091039653 ], [ 24.558547334917442, 59.440354563936253 ], [ 24.558617897363526, 59.440349875121385 ], [ 24.558690263713679, 59.440359576987134 ], [ 24.558792646607383, 59.4403920236809 ], [ 24.55882747214876, 59.440407073193697 ], [ 24.55888213524284, 59.440441041850178 ], [ 24.558929417331665, 59.44048169342625 ], [ 24.558977199020145, 59.440551794893118 ], [ 24.559007426131693, 59.440574467005412 ], [ 24.559054319894773, 59.440591368258985 ], [ 24.559108548097797, 59.440598732202517 ], [ 24.559181684324287, 59.440623125127935 ], [ 24.559269842265138, 59.440659689246594 ], [ 24.559317756198286, 59.440673219871996 ], [ 24.559404722794152, 59.440688676138045 ], [ 24.559592392155583, 59.440713515851094 ], [ 24.559769373188502, 59.440728185424959 ], [ 24.559797352453284, 59.440736253103566 ], [ 24.559858342269905, 59.440764718774709 ], [ 24.559919148764283, 59.44077769168814 ], [ 24.560011465340807, 59.440787254151829 ], [ 24.560070557834347, 59.440789202115759 ], [ 24.560115479210857, 59.440798624946595 ], [ 24.560142991093706, 59.44080505183301 ], [ 24.560257942490399, 59.440850352201629 ], [ 24.560381014840509, 59.440906129444748 ], [ 24.560458438066579, 59.44092960576954 ], [ 24.560679701499456, 59.44097586262297 ], [ 24.560738240730895, 59.441004212650164 ], [ 24.560844380201708, 59.441072000355796 ], [ 24.56088845749229, 59.44108043012308 ], [ 24.560946296251618, 59.441081126319865 ], [ 24.561022656306971, 59.441074158417287 ], [ 24.561068623026689, 59.441077436517809 ], [ 24.561127596857972, 59.44109144000933 ], [ 24.561205572140548, 59.44111627797934 ], [ 24.561307511058196, 59.441134290342532 ], [ 24.561358004047143, 59.44116202807794 ], [ 24.561451781907994, 59.441193925918107 ], [ 24.561493280498823, 59.44122130697798 ], [ 24.561517999201982, 59.441249702105658 ], [ 24.561537564654998, 59.441257311579875 ], [ 24.561618637558642, 59.441268976490456 ], [ 24.561661250942795, 59.441281604287319 ], [ 24.561707628127731, 59.44133340759403 ], [ 24.561767928195636, 59.441362638333189 ], [ 24.561775806754174, 59.441387299189721 ], [ 24.561798470219365, 59.441404302824893 ], [ 24.561875236953764, 59.441422027159305 ], [ 24.561940875071791, 59.441443596009712 ], [ 24.562059156844352, 59.441489643610026 ], [ 24.562204774093733, 59.441559164765835 ], [ 24.562279001926893, 59.441587509974767 ], [ 24.562344484293629, 59.441599582110506 ], [ 24.562495683710331, 59.441605579064714 ], [ 24.562531507861543, 59.441600821089679 ], [ 24.562569391832422, 59.441585219621743 ], [ 24.562619716398434, 59.441548048229521 ], [ 24.562650874240902, 59.441514666013838 ], [ 24.562678713193982, 59.441462770388775 ], [ 24.56270646118374, 59.441446018304205 ], [ 24.562740489213542, 59.441432812043402 ], [ 24.562767404891463, 59.441413684718547 ], [ 24.562777271110324, 59.441397403995452 ], [ 24.562788937745335, 59.441347049602378 ], [ 24.562779279378983, 59.441275377282238 ], [ 24.562821519427192, 59.44119043128827 ], [ 24.562816816072232, 59.44113816302891 ], [ 24.562850355693598, 59.441115659125686 ], [ 24.563066734855859, 59.441075964508009 ], [ 24.563093944044493, 59.441074672247879 ], [ 24.563123570844645, 59.441078908171846 ], [ 24.563173734120646, 59.441103666415223 ], [ 24.563208815095869, 59.441109458868475 ], [ 24.56325162729723, 59.441111672513159 ], [ 24.563351125042416, 59.441107701208892 ], [ 24.563495859313086, 59.441111875494414 ], [ 24.563532510928326, 59.441118855021642 ], [ 24.563575560654684, 59.441144011589635 ], [ 24.563674725392158, 59.441162581566616 ], [ 24.563697671466951, 59.441162483355264 ], [ 24.563720666996485, 59.441156837424394 ], [ 24.563752733668764, 59.441142301787977 ], [ 24.563793667583933, 59.441136426454655 ], [ 24.563823553388556, 59.441138192563415 ], [ 24.563848131011678, 59.441158993710864 ], [ 24.563846719482211, 59.441185597252456 ], [ 24.563854582024753, 59.441210267037683 ], [ 24.563846866322191, 59.44122652966157 ], [ 24.56382296814385, 59.44124049175759 ], [ 24.563774781995129, 59.44124266390255 ], [ 24.563672576355732, 59.441222473284348 ], [ 24.563627567388213, 59.441220655168635 ], [ 24.563599421375709, 59.441223926387089 ], [ 24.563569412548546, 59.441236074395306 ], [ 24.563546379883682, 59.441251226617169 ], [ 24.563528275313605, 59.441272372031676 ], [ 24.563525785404096, 59.441290246005742 ], [ 24.563548587024666, 59.441333738530112 ], [ 24.563594294197628, 59.441375732689913 ], [ 24.563635606500771, 59.441391704692798 ], [ 24.563684183708247, 59.441397196893405 ], [ 24.563745696806375, 59.441394088035942 ], [ 24.563823815194432, 59.441380450389424 ], [ 24.563926089806717, 59.441361009159394 ], [ 24.564057966205191, 59.441327195297305 ], [ 24.564130172581482, 59.441298170063021 ], [ 24.564202606419556, 59.441247707827749 ], [ 24.564241229617632, 59.441234248098901 ], [ 24.564265373207466, 59.441230886172931 ], [ 24.564294895761339, 59.441228793817636 ], [ 24.564322928086213, 59.441231447456374 ], [ 24.564349573226238, 59.441244017137798 ], [ 24.564373166324362, 59.441261743452394 ], [ 24.564396611553708, 59.441268384364889 ], [ 24.564427186329606, 59.441284105910213 ], [ 24.564446205270364, 59.441306600406762 ], [ 24.564446116402546, 59.441351357834094 ], [ 24.564431519852899, 59.441362910367552 ], [ 24.564338543552097, 59.44138506794684 ], [ 24.564313325246069, 59.441395929904175 ], [ 24.564281011202855, 59.441424299588569 ], [ 24.56427405609697, 59.441446052622162 ], [ 24.564281218036911, 59.441469899540785 ], [ 24.564310809279036, 59.441494359502784 ], [ 24.564345876743232, 59.441513167699704 ], [ 24.564413402657468, 59.441528344913309 ], [ 24.564442500798794, 59.441549620286189 ], [ 24.564454575701181, 59.441575322236474 ], [ 24.564443074196888, 59.441586457560263 ], [ 24.564395689300326, 59.44159021534422 ], [ 24.564334848733189, 59.441578573162516 ], [ 24.56426061369238, 59.441556297278645 ], [ 24.564227108928137, 59.441552069246157 ], [ 24.564192120881881, 59.441553009071363 ], [ 24.564155987387405, 59.44156143125381 ], [ 24.564114873222632, 59.441577765140792 ], [ 24.564060758386184, 59.441611587140741 ], [ 24.564058576031982, 59.441628858378067 ], [ 24.564099362448413, 59.441732497397133 ], [ 24.564115326214189, 59.441752491591707 ], [ 24.564154758455054, 59.4417666402707 ], [ 24.564192209638357, 59.441775025508186 ], [ 24.564266827864106, 59.441775657346533 ], [ 24.564502659457322, 59.441794116852293 ], [ 24.564563252592343, 59.4417907602162 ], [ 24.564617739163126, 59.44177517675157 ], [ 24.564690010838248, 59.441720217706333 ], [ 24.564719494468932, 59.441715746641066 ], [ 24.564962754256758, 59.441704856082509 ], [ 24.56509094204149, 59.441695230845568 ], [ 24.565134530405945, 59.441697431574525 ], [ 24.565172069961349, 59.4417111482217 ], [ 24.565211402824399, 59.441739506880339 ], [ 24.565243029055043, 59.441771857258516 ], [ 24.56525034248396, 59.441792032068392 ], [ 24.565248282355, 59.441810263292219 ], [ 24.565224316719416, 59.441819073394015 ], [ 24.565138185874922, 59.441832099937884 ], [ 24.56511584525169, 59.441846450549995 ], [ 24.565082143242083, 59.441898515477831 ], [ 24.564989722321897, 59.441977761932243 ], [ 24.564972152872699, 59.442036561838648 ], [ 24.564976931509904, 59.442047349095631 ], [ 24.5650063369484, 59.442066908505325 ], [ 24.565020048835258, 59.442084982294759 ], [ 24.565025073917202, 59.442106405694254 ], [ 24.565061854065554, 59.442137055387612 ], [ 24.565091911903338, 59.442150229658118 ], [ 24.565116461432986, 59.442168176147419 ], [ 24.56511864394534, 59.442187170120647 ], [ 24.565100341279301, 59.442209097554709 ], [ 24.56505224088114, 59.442228253408679 ], [ 24.565024513830796, 59.442248372097495 ], [ 24.565009626025407, 59.4422700335247 ], [ 24.56502567070358, 59.442301265890229 ], [ 24.565052548294787, 59.442328888090543 ], [ 24.56507262124223, 59.442369223332463 ], [ 24.565099551338726, 59.4424000140164 ], [ 24.56513096855539, 59.442419699413392 ], [ 24.565174455032686, 59.442464691738309 ], [ 24.565205090195636, 59.442483976529218 ], [ 24.56524736462687, 59.44250044658591 ], [ 24.565284309303994, 59.442520763510998 ], [ 24.565350508635643, 59.442573853872013 ], [ 24.565440307871132, 59.442617291843149 ], [ 24.565523879313975, 59.442643324053648 ], [ 24.565580335339021, 59.442687021791535 ], [ 24.565596048197143, 59.442727977103225 ], [ 24.565616696786059, 59.44274447707425 ], [ 24.565663566054308, 59.442757390508419 ], [ 24.565715329527112, 59.442780596948353 ], [ 24.565733915946335, 59.442801351661949 ], [ 24.565740848890265, 59.442815549697457 ], [ 24.565723553369786, 59.442834429839827 ], [ 24.565664941931782, 59.44284793095607 ], [ 24.565491762011288, 59.442866726454234 ], [ 24.56546033841871, 59.44288396167785 ], [ 24.565462426820176, 59.442897255942796 ], [ 24.565486914080964, 59.442911396575653 ], [ 24.565722064172501, 59.442917989867126 ], [ 24.565796842212968, 59.442928117341573 ], [ 24.565845659920974, 59.442946910951001 ], [ 24.565903659409908, 59.442957110449115 ], [ 24.565987635208774, 59.442959604142835 ], [ 24.566081077913278, 59.442969651246635 ], [ 24.566187867763645, 59.442986337406296 ], [ 24.566297785084537, 59.443011986572401 ], [ 24.566343459497304, 59.443044222416908 ], [ 24.566344575111316, 59.443116828848517 ], [ 24.566381721337262, 59.443163041916016 ], [ 24.566425720339897, 59.443195204147202 ], [ 24.566631560834324, 59.443254946288221 ], [ 24.566700348225968, 59.443270458019448 ], [ 24.56678279542583, 59.443299752756666 ], [ 24.56682181223168, 59.443306748126787 ], [ 24.566910558916998, 59.443304588809156 ], [ 24.566923811105692, 59.443311865599831 ], [ 24.566922638005302, 59.443318710772274 ], [ 24.566884509552221, 59.443345068428492 ], [ 24.566887557081312, 59.443359830695087 ], [ 24.566917858953627, 59.443383353449455 ], [ 24.566971995973102, 59.443402904706055 ], [ 24.567000402289079, 59.44340354542657 ], [ 24.567041197144963, 59.443395533280686 ], [ 24.567098893304969, 59.443391640394573 ], [ 24.567195897171946, 59.443409068047409 ], [ 24.567281863633312, 59.443417791042926 ], [ 24.567349078072446, 59.44342027527653 ], [ 24.567384048265239, 59.443418149794901 ], [ 24.567420267020548, 59.443394627830941 ], [ 24.567432657537072, 59.443391405731454 ], [ 24.56747161508606, 59.443394819525999 ], [ 24.567526734347926, 59.443504239438234 ], [ 24.567576041710023, 59.443579977465198 ], [ 24.567605066377091, 59.443606153645241 ], [ 24.567649490471112, 59.443628789529505 ], [ 24.567705131815412, 59.443647597926685 ], [ 24.567746750415619, 59.443667929923762 ], [ 24.567848914647207, 59.443760324861152 ], [ 24.567860442112661, 59.443808030348052 ], [ 24.567848083945524, 59.443834411817072 ], [ 24.567773374695975, 59.443932506350151 ], [ 24.567767262970293, 59.443969902024456 ], [ 24.56778392352798, 59.443984964647498 ], [ 24.567812346080977, 59.443990793563827 ], [ 24.568003643968119, 59.443998110447652 ], [ 24.568027843966345, 59.444006524817354 ], [ 24.568040419909789, 59.444050482547169 ], [ 24.568018317701668, 59.444104625602584 ], [ 24.568024747444362, 59.44411922963014 ], [ 24.568042505952647, 59.444128228322278 ], [ 24.568075554966946, 59.444136667354819 ], [ 24.568113447128077, 59.444137437478673 ], [ 24.568145714867853, 59.444124336172493 ], [ 24.568204401289176, 59.444090896749664 ], [ 24.568267725780501, 59.444073496315845 ], [ 24.568442210822141, 59.444058704076404 ], [ 24.568557102610381, 59.44405885448284 ], [ 24.568620538105833, 59.444062961185736 ], [ 24.568641385797022, 59.444074343197101 ], [ 24.568638186595031, 59.444086520218995 ], [ 24.568444328852809, 59.444161619923946 ], [ 24.56843103403315, 59.444183598007655 ], [ 24.568433188941626, 59.444210347767473 ], [ 24.568447850488226, 59.444232366774465 ], [ 24.568487383601997, 59.4442628869323 ], [ 24.56851735520971, 59.444297164636311 ], [ 24.568527719581532, 59.444329991980474 ], [ 24.568516868920625, 59.444383386379172 ], [ 24.568550761569021, 59.444419191114171 ], [ 24.568593835661748, 59.444429453862362 ], [ 24.56865174360399, 59.444433952452734 ], [ 24.568780412664129, 59.44443150282715 ], [ 24.56897557297161, 59.44444407983449 ], [ 24.569038544000474, 59.444459409017519 ], [ 24.569072485535489, 59.444480123848862 ], [ 24.569092035547921, 59.444510927646519 ], [ 24.569089080441127, 59.444526110763348 ], [ 24.569043704028811, 59.444567060293075 ], [ 24.56903305008025, 59.444586720055391 ], [ 24.569088853154938, 59.444654242839952 ], [ 24.569087821130033, 59.444770044625557 ], [ 24.569065338376483, 59.444908138058985 ], [ 24.56907313487288, 59.444931739594189 ], [ 24.569099471634157, 59.444947738685464 ], [ 24.56912387889189, 59.444950550600694 ], [ 24.56915193634876, 59.444948158300583 ], [ 24.5691777726589, 59.444938351997408 ], [ 24.569228588613758, 59.444906472152262 ], [ 24.569235854290362, 59.444895040550684 ], [ 24.56921432499788, 59.444834335511281 ], [ 24.569223269015104, 59.444811496455166 ], [ 24.569269637050379, 59.444795138293372 ], [ 24.56940937469933, 59.444784085580395 ], [ 24.569446482569603, 59.44478640267873 ], [ 24.569472997402201, 59.444796162233452 ], [ 24.569488631008678, 59.444816166176437 ], [ 24.569513201824485, 59.444835135078847 ], [ 24.569554209344108, 59.444855666632165 ], [ 24.569586294738038, 59.444888705165859 ], [ 24.569597384416749, 59.4449290157186 ], [ 24.569653254802507, 59.444989904310589 ], [ 24.569701702073818, 59.445089756223602 ], [ 24.569751397294436, 59.44512279933609 ], [ 24.569790272424864, 59.445131706448677 ], [ 24.569862883227543, 59.445128842982761 ], [ 24.569978261757477, 59.445104071193711 ], [ 24.57005934416264, 59.445075444204683 ], [ 24.570085760816749, 59.445072960065424 ], [ 24.57013413498996, 59.445080694919291 ], [ 24.570204546003076, 59.44510339698661 ], [ 24.570262460287864, 59.445122975428099 ], [ 24.570287639157037, 59.445140316800725 ], [ 24.570290610711506, 59.445230670729238 ], [ 24.57028010620817, 59.445256083902265 ], [ 24.570248763283182, 59.445274971586436 ], [ 24.570220442107118, 59.445279528605965 ], [ 24.570169878596534, 59.445274765517333 ], [ 24.570150934933633, 59.445258196044641 ], [ 24.570124337412242, 59.445248796045121 ], [ 24.570094708276148, 59.445245746596406 ], [ 24.57005277633553, 59.445252256538907 ], [ 24.570032722603294, 59.445264228262069 ], [ 24.570007531673095, 59.445344399003616 ], [ 24.570020417923008, 59.445404656580173 ], [ 24.570069600293024, 59.445486139176396 ], [ 24.570116527373774, 59.445543376916547 ], [ 24.570152673861937, 59.445572528843833 ], [ 24.570233301956169, 59.44561799604525 ], [ 24.570296444699455, 59.445669840432672 ], [ 24.57039377167613, 59.445759965306685 ], [ 24.570416911853624, 59.445800860931598 ], [ 24.570494230337591, 59.445854977731869 ], [ 24.570503644052273, 59.445875071325737 ], [ 24.57049658099907, 59.445896510952011 ], [ 24.570456242714727, 59.445947824974645 ], [ 24.570467621033021, 59.445968394794725 ], [ 24.570561833962305, 59.445998650568221 ], [ 24.570612335044, 59.446006995417449 ], [ 24.570666894053943, 59.446006058883327 ], [ 24.570693534045311, 59.446009516124064 ], [ 24.570791218282302, 59.446050223333089 ], [ 24.570852267701898, 59.446070586841941 ], [ 24.570900745103025, 59.446085457315299 ], [ 24.570942889751898, 59.446091621053142 ], [ 24.570969320481193, 59.446089935591225 ], [ 24.570986360458349, 59.446084314227662 ], [ 24.570996308576564, 59.446070976855957 ], [ 24.570994953123446, 59.446062652508026 ], [ 24.570959134600887, 59.446035267767691 ], [ 24.57095735828889, 59.446021801689156 ], [ 24.570987718183648, 59.446001033032303 ], [ 24.571003754198081, 59.446001789357815 ], [ 24.571060243323302, 59.446030897731283 ], [ 24.571098204495875, 59.446044099206638 ], [ 24.571128403506933, 59.446069587297302 ], [ 24.571140159695904, 59.446099024237888 ], [ 24.571133386674198, 59.44613989683706 ], [ 24.571111970220777, 59.446197942201366 ], [ 24.571127565090183, 59.446238726789709 ], [ 24.571165451852544, 59.446272763103408 ], [ 24.571162382227413, 59.44631267710642 ], [ 24.571191947642252, 59.446329774869611 ], [ 24.571238150841822, 59.446329843800783 ], [ 24.571425605831852, 59.446296284321555 ], [ 24.571603310569657, 59.446274202990203 ], [ 24.57170018910104, 59.446274033887924 ], [ 24.571735949343083, 59.446283142456892 ], [ 24.571764717073137, 59.446298906051609 ], [ 24.571771922596962, 59.446316558546499 ], [ 24.571762922833127, 59.446385483536147 ], [ 24.571808451726248, 59.446428454051002 ], [ 24.571867604610262, 59.446453385404155 ], [ 24.57192526975296, 59.446458942853674 ], [ 24.57201364640515, 59.446458424446746 ], [ 24.572066124148002, 59.446463690182959 ], [ 24.572097293553558, 59.446484954866619 ], [ 24.572118504094171, 59.446509422538959 ], [ 24.57214051108231, 59.446549864978778 ], [ 24.572144328128068, 59.446583052597958 ], [ 24.572124485685457, 59.446600274987404 ], [ 24.57206523098785, 59.446616654199538 ], [ 24.572035575214109, 59.446633147212303 ], [ 24.572025864070831, 59.44664904194363 ], [ 24.572013201724815, 59.446669760911867 ], [ 24.5720052888061, 59.446704615247072 ], [ 24.572010868806331, 59.446738872395734 ], [ 24.572036525241415, 59.446771974150273 ], [ 24.572070962934117, 59.446792596287942 ], [ 24.572137244197588, 59.446806302824257 ], [ 24.572185798717491, 59.446801477978937 ], [ 24.572214841744476, 59.44678838970151 ], [ 24.572226790057972, 59.446762934206944 ], [ 24.572221592644453, 59.44673363942762 ], [ 24.572214642390303, 59.446694415239911 ], [ 24.572228726391046, 59.446672280760211 ], [ 24.572255215796563, 59.446656187451005 ], [ 24.57228937405781, 59.446614890616594 ], [ 24.572306751186343, 59.446585201531292 ], [ 24.572317958867732, 59.446566050770507 ], [ 24.572403065520451, 59.446474524253262 ], [ 24.572456686634556, 59.446443878727131 ], [ 24.572491929130074, 59.446409453148448 ], [ 24.572502642342464, 59.446365017620039 ], [ 24.572537481280957, 59.446343331484847 ], [ 24.572605347429693, 59.446322282728424 ], [ 24.572638535974768, 59.446294688203267 ], [ 24.572676590881393, 59.446239828726412 ], [ 24.572772553419121, 59.446254420242113 ], [ 24.572893187277973, 59.446272773273343 ], [ 24.572925573132594, 59.44633185959465 ], [ 24.573008113982748, 59.446412208581606 ], [ 24.57306931774411, 59.446559328050476 ], [ 24.573064221075985, 59.446589663982664 ], [ 24.573041936269256, 59.446603126993502 ], [ 24.572989791399056, 59.446615624758827 ], [ 24.572953209293889, 59.446633225293979 ], [ 24.5728798275005, 59.446686990752255 ], [ 24.572832296018372, 59.446692888589951 ], [ 24.572812248840631, 59.446697885934483 ], [ 24.572791606035377, 59.446718873073131 ], [ 24.572783914171517, 59.446742685359787 ], [ 24.572810792070854, 59.446831759320162 ], [ 24.572836914916238, 59.446884212299501 ], [ 24.572872822817303, 59.446931497116466 ], [ 24.572933970530599, 59.446955449851544 ], [ 24.573028204208978, 59.446963531742668 ], [ 24.573063613157913, 59.446970549949249 ], [ 24.573133601465138, 59.446979266859252 ], [ 24.573227445905836, 59.447015617406052 ], [ 24.573258429869298, 59.447042564768445 ], [ 24.573262135516728, 59.447075348894394 ], [ 24.573246638235215, 59.447117229030333 ], [ 24.573221310016692, 59.447146836142146 ], [ 24.573196551932678, 59.447195713383742 ], [ 24.57324118934384, 59.447280975727018 ], [ 24.573240690013254, 59.447314244929679 ], [ 24.573190147649751, 59.447399185384555 ], [ 24.573182760472601, 59.447443247419059 ], [ 24.573185798516228, 59.447479319857578 ], [ 24.573160483616778, 59.447526547825831 ], [ 24.573118005135385, 59.447561552617934 ], [ 24.573095558779215, 59.447606398286418 ], [ 24.573101485627031, 59.447641291206907 ], [ 24.573136826033718, 59.447671496073127 ], [ 24.573240735303063, 59.44772238070292 ], [ 24.573281364044878, 59.447751512262421 ], [ 24.573338096671794, 59.447799038441715 ], [ 24.573467257168435, 59.447946912116713 ], [ 24.573526188290618, 59.44798465320121 ], [ 24.573580306476877, 59.448012918047432 ], [ 24.573658266462683, 59.448073143210728 ], [ 24.57375324543046, 59.448173670632734 ], [ 24.573846139753925, 59.448289637720777 ], [ 24.573903164202527, 59.448352332717818 ], [ 24.57400231693865, 59.448423147412392 ], [ 24.574156650025561, 59.448586359313303 ], [ 24.574409901902371, 59.448807316608956 ], [ 24.574617173353069, 59.449067665512295 ], [ 24.574769065478293, 59.449223759964326 ], [ 24.575429908550085, 59.449965450891696 ], [ 24.575476387846443, 59.450019277563463 ], [ 24.5754839827887, 59.450080805396155 ], [ 24.575456017153343, 59.45013909544457 ], [ 24.575401262099202, 59.450203076923053 ], [ 24.575357277871273, 59.450265970057814 ], [ 24.575342002059603, 59.450311511847033 ], [ 24.575344189089794, 59.450370172857518 ], [ 24.575379660529521, 59.450466470683992 ], [ 24.575621904074541, 59.450989039943295 ], [ 24.575687153817608, 59.451156436252418 ], [ 24.575771599493621, 59.451406206948135 ], [ 24.57580490448591, 59.451622745613392 ], [ 24.575842182413382, 59.451795703838371 ], [ 24.575838212090758, 59.451963842422877 ], [ 24.575821642437472, 59.452101004241641 ], [ 24.575796503919893, 59.452294620916767 ], [ 24.575758812736577, 59.452438086770101 ], [ 24.575713219059825, 59.452553104649191 ], [ 24.575656238421985, 59.452628549918401 ], [ 24.575536235015093, 59.452731675798063 ], [ 24.575412005283649, 59.452834101898851 ], [ 24.575335982253254, 59.452890725643783 ], [ 24.575263595148598, 59.452953877345742 ], [ 24.57509553462922, 59.453055363469524 ], [ 24.574877845974189, 59.453210539024731 ], [ 24.574814200277988, 59.453246327815243 ], [ 24.574725465358355, 59.453285269062235 ], [ 24.574634085164355, 59.453344095785134 ], [ 24.574570545253319, 59.453393537267907 ], [ 24.574547397692371, 59.453431402403822 ], [ 24.574536630012048, 59.453519733357972 ], [ 24.574510559351626, 59.453574594792606 ], [ 24.574315347369261, 59.453758225626821 ], [ 24.57423887660234, 59.453811520367331 ], [ 24.574082774289629, 59.453910529354097 ], [ 24.574051895437218, 59.453925906015748 ], [ 24.574014493362654, 59.453963339446133 ], [ 24.573938223090977, 59.454022324237378 ], [ 24.573790382869667, 59.454117867842882 ], [ 24.573613899552839, 59.454223410143832 ], [ 24.57349708972162, 59.454286422084309 ], [ 24.573317413355735, 59.454397220152622 ], [ 24.573123686847104, 59.454531346191054 ], [ 24.573075332991522, 59.454589751215423 ], [ 24.573029378412965, 59.454703934770642 ], [ 24.572996831696226, 59.454844854861982 ], [ 24.572927125886714, 59.454969536452452 ], [ 24.572918634990163, 59.455030954715106 ], [ 24.572906554938641, 59.45506236217453 ], [ 24.572890332034159, 59.455095915077955 ], [ 24.572857187442732, 59.455122423186083 ], [ 24.572840863262869, 59.455150994562707 ], [ 24.572842943030444, 59.455190886081397 ], [ 24.572827957611324, 59.455215178818939 ], [ 24.572807305752416, 59.45523593251739 ], [ 24.572785105646275, 59.455247429191338 ], [ 24.572777131551984, 59.455272400584903 ], [ 24.572797448581778, 59.455315776489947 ], [ 24.572795218888935, 59.455349986661986 ], [ 24.572779234822885, 59.455397793195743 ], [ 24.572707231993828, 59.455515994608483 ], [ 24.572678979808206, 59.455595595364805 ], [ 24.572639790807813, 59.455679130471559 ], [ 24.572554119781326, 59.455834024289622 ], [ 24.572506383376734, 59.455911546327329 ], [ 24.572458651942398, 59.456035656361578 ], [ 24.572314651592219, 59.456224303706776 ], [ 24.572197751325952, 59.456351918664076 ], [ 24.572139022581766, 59.456438581476021 ], [ 24.572030754174278, 59.456519472017625 ], [ 24.571975242328385, 59.456592952258873 ], [ 24.571906923206861, 59.456650312415306 ], [ 24.571840908267319, 59.456730507720202 ], [ 24.571760607190381, 59.456797883708553 ], [ 24.571686780333948, 59.456883355101418 ], [ 24.571486116615461, 59.457092013526207 ], [ 24.571333224299018, 59.457240914417518 ], [ 24.571194027857373, 59.457368499406932 ], [ 24.571089896098488, 59.45751779900413 ], [ 24.571036455372425, 59.457638369489445 ], [ 24.570974950361691, 59.45772698267001 ], [ 24.570928921617618, 59.457820528666858 ], [ 24.570830056121999, 59.457940075061117 ], [ 24.570803271469298, 59.457973879868703 ], [ 24.570778534424793, 59.458017307576014 ], [ 24.570740995666462, 59.458057595097891 ], [ 24.570680174293031, 59.458137614656344 ], [ 24.570632169715449, 59.458232246264608 ], [ 24.570618819048434, 59.458276450462108 ], [ 24.570558823866964, 59.458372184211271 ], [ 24.570461041332695, 59.458551446185616 ], [ 24.570391526793344, 59.458646359313029 ], [ 24.570366734188379, 59.458705522952457 ], [ 24.570356870350743, 59.458756866281107 ], [ 24.570332863550572, 59.458793405758946 ], [ 24.570258233904422, 59.458883017885228 ], [ 24.570191520353184, 59.45897677875346 ], [ 24.569975587791024, 59.459210105231406 ], [ 24.569890759845318, 59.459277302071037 ], [ 24.569802787122537, 59.459338884194885 ], [ 24.569760588651434, 59.459405492657368 ], [ 24.569699423379689, 59.459546562262432 ], [ 24.569661137712686, 59.459684947693013 ], [ 24.569643662998416, 59.45981185198238 ], [ 24.569647150356957, 59.459853873781007 ], [ 24.569659381749737, 59.459915812501556 ], [ 24.56969754833457, 59.460021812370762 ], [ 24.569729501414063, 59.460091502286609 ], [ 24.569772257485482, 59.460220991693959 ], [ 24.569805835499416, 59.46030349297822 ], [ 24.569807597203209, 59.460325576483633 ], [ 24.569745608606347, 59.460385690721758 ], [ 24.569736214366653, 59.46040924972165 ], [ 24.569737975881093, 59.460431324251218 ], [ 24.569767309718593, 59.460510998344155 ], [ 24.569777153921279, 59.460597884026583 ], [ 24.569767375597532, 59.460767509986304 ], [ 24.56972557745565, 59.460862446432962 ], [ 24.569716379466719, 59.460898831968152 ], [ 24.569714193801328, 59.460935887351091 ], [ 24.569727360869468, 59.460969321671982 ], [ 24.569735276999328, 59.461024151692058 ], [ 24.56974393228267, 59.461039787204435 ], [ 24.569766600777843, 59.461056071269823 ], [ 24.569804640087984, 59.461070870585026 ], [ 24.569908614607446, 59.461093939335441 ], [ 24.569945391743598, 59.461116580535553 ], [ 24.569998885176808, 59.461134876616498 ], [ 24.570106157586746, 59.461188558695504 ], [ 24.570182563856356, 59.461236683156102 ], [ 24.570354277907072, 59.461377014415689 ], [ 24.57042830956847, 59.461450794812002 ], [ 24.57044864250112, 59.46148347094406 ], [ 24.570465021516586, 59.461495877346671 ], [ 24.570538570417892, 59.461521743325463 ], [ 24.57060992453912, 59.461526021358409 ], [ 24.570670920321316, 59.461520425200831 ], [ 24.570742797915184, 59.461506433759929 ], [ 24.570795946943317, 59.461504067155396 ], [ 24.570898310094428, 59.461515023861949 ], [ 24.570943243865596, 59.461523374798823 ], [ 24.571116848784104, 59.461608841611856 ], [ 24.571190095872307, 59.461635597208534 ], [ 24.571247942731016, 59.46166313764185 ], [ 24.571290132557941, 59.46167506401796 ], [ 24.571423410747968, 59.461692295498757 ], [ 24.571475405492805, 59.46170418827586 ], [ 24.571524775223175, 59.461726774427582 ], [ 24.571578163016401, 59.461738652146252 ], [ 24.57167350816044, 59.461747502291175 ], [ 24.571732456106204, 59.461756510283159 ], [ 24.571769941956774, 59.461767649031515 ], [ 24.571854230106133, 59.461768100152774 ], [ 24.571957755354969, 59.461791510350949 ], [ 24.572020742207716, 59.46179947736578 ], [ 24.572266266830844, 59.461784829968565 ], [ 24.572313760619899, 59.461779632791178 ], [ 24.572501396803474, 59.461782381425856 ], [ 24.57271962560916, 59.461774305852416 ], [ 24.572901307357117, 59.461756415937138 ], [ 24.572934912792579, 59.461756987954594 ], [ 24.572964356959819, 59.461759705482358 ], [ 24.573031926390026, 59.461782211942101 ], [ 24.573116056591886, 59.461791109811919 ], [ 24.573285853122641, 59.461815307915685 ], [ 24.573323679413164, 59.461817279756325 ], [ 24.573389431733265, 59.461815575393238 ], [ 24.573495676092719, 59.461806558483133 ], [ 24.573526501549164, 59.461808560732415 ], [ 24.574055574601868, 59.461927313898144 ], [ 24.574168380288565, 59.461934066472146 ], [ 24.574286620587404, 59.461930499241937 ], [ 24.574367914366928, 59.461917515036724 ], [ 24.574439123601309, 59.461899476098601 ], [ 24.574577933884317, 59.461855451698035 ], [ 24.574642766515929, 59.461823203749816 ], [ 24.574733039867034, 59.461767470055214 ], [ 24.574775681709944, 59.461717123487105 ], [ 24.574820405928058, 59.461683625655972 ], [ 24.575011649738705, 59.46156656380419 ], [ 24.575155988647374, 59.461457228685305 ], [ 24.57524413340257, 59.461377841901083 ], [ 24.575303387749475, 59.461332799544877 ], [ 24.575368798676639, 59.461285782382582 ], [ 24.575485475470298, 59.461218891786437 ], [ 24.57548906184795, 59.461188930567879 ], [ 24.575484030283455, 59.46117500308231 ], [ 24.575516598425288, 59.461087914606871 ], [ 24.575570041832837, 59.461048669380794 ], [ 24.575604624847095, 59.461023581646764 ], [ 24.575721193185064, 59.460963935327634 ], [ 24.57575698880548, 59.46092815125818 ], [ 24.575795282134315, 59.46087525605617 ], [ 24.575804617900165, 59.46084742405862 ], [ 24.575805530353939, 59.460818919724069 ], [ 24.575762395929939, 59.460667351695186 ], [ 24.575769552027108, 59.460593928661453 ], [ 24.575789923398599, 59.460557502825978 ], [ 24.575832418749155, 59.460503880100056 ], [ 24.575880695949788, 59.460461623255384 ], [ 24.57596368748144, 59.460402123430967 ], [ 24.576041359729519, 59.460359747016696 ], [ 24.576299910269977, 59.460252451584118 ], [ 24.576461348129403, 59.460197599263608 ], [ 24.576735722600748, 59.460117926207872 ], [ 24.57698202883283, 59.460051220834792 ], [ 24.577205228959723, 59.46000203060364 ], [ 24.577346443273527, 59.459975694316697 ], [ 24.578167340850044, 59.45976546519335 ], [ 24.578559093897447, 59.459671835414582 ], [ 24.578947963064682, 59.459574653460123 ], [ 24.579205939460241, 59.45951651901796 ], [ 24.579583910287344, 59.459437192438422 ], [ 24.579779334649405, 59.459404977829678 ], [ 24.580336496595528, 59.459326287790653 ], [ 24.580562810437502, 59.459301063306718 ], [ 24.580829829757413, 59.459281359089402 ], [ 24.58105775979076, 59.459268244901693 ], [ 24.581606192666278, 59.459252997953911 ], [ 24.581997734101812, 59.459230605283665 ], [ 24.582187839423405, 59.459215519788174 ], [ 24.582685285559588, 59.459164865870243 ], [ 24.582861182947255, 59.459137732926052 ], [ 24.58325927218835, 59.459088943546533 ], [ 24.583623221596785, 59.459008240104311 ], [ 24.583925001269723, 59.458975557184957 ], [ 24.584104017092081, 59.458966927279022 ], [ 24.584220255455669, 59.458970684782976 ], [ 24.584374207940744, 59.45897000211783 ], [ 24.584406968665153, 59.458972881906945 ], [ 24.584458473749592, 59.45897159423965 ], [ 24.584578292773596, 59.458960982115848 ], [ 24.584639429956827, 59.458951680509635 ], [ 24.584735916532338, 59.458921369593504 ], [ 24.58481910309132, 59.458875399774882 ], [ 24.584915128740377, 59.458842909479905 ], [ 24.58506146998285, 59.458806632045544 ], [ 24.585170261379123, 59.458783348633943 ], [ 24.58558605826023, 59.458707400403 ], [ 24.58583727281885, 59.458679632498878 ], [ 24.585883672888176, 59.458657308083986 ], [ 24.58590597912406, 59.458640817799278 ], [ 24.585946023963885, 59.458624257608029 ], [ 24.586000615737969, 59.458611743951813 ], [ 24.586073631466494, 59.458571285249462 ], [ 24.5862278863335, 59.458507180038559 ], [ 24.586454639838816, 59.458424951577072 ], [ 24.586518673611224, 59.458404711787814 ], [ 24.586556105239925, 59.458383881244345 ], [ 24.586578803183532, 59.458356347992392 ], [ 24.586599631308307, 59.458310304522321 ], [ 24.586629707689106, 59.458268842776725 ], [ 24.586656618538182, 59.458205303927528 ], [ 24.586678620033467, 59.458182405635213 ], [ 24.586736727910729, 59.45814367358048 ], [ 24.586790350740273, 59.458087152076679 ], [ 24.586798327429879, 59.458062888953378 ], [ 24.586796714043775, 59.458050068705568 ], [ 24.586810346865622, 59.458028634922378 ], [ 24.586846085626302, 59.457991420722067 ], [ 24.586856400521324, 59.457940074024698 ], [ 24.586870045449274, 59.457919349324477 ], [ 24.586924938153018, 59.457855694752801 ], [ 24.586995186876493, 59.457789835337387 ], [ 24.587046876592325, 59.457701958397266 ], [ 24.587057301436545, 59.457657029392536 ], [ 24.5870537752449, 59.45761500809796 ], [ 24.587077820015505, 59.457547918234596 ], [ 24.587125270702245, 59.457458641850813 ], [ 24.587151222888536, 59.457421480139537 ], [ 24.587161598427947, 59.45737369680915 ], [ 24.587163773371952, 59.457256121724591 ], [ 24.587151743930061, 59.457207720110702 ], [ 24.587137038887136, 59.457173944181854 ], [ 24.587080428792067, 59.457093524498475 ], [ 24.587036963969364, 59.457044356304841 ], [ 24.587007769689425, 59.456973948923626 ], [ 24.587001599413046, 59.456941203159211 ], [ 24.587010933924301, 59.456832859925967 ], [ 24.58703693467627, 59.456798543565306 ], [ 24.587033518775247, 59.456762930996597 ], [ 24.587049133735096, 59.456693751236386 ], [ 24.587087123029345, 59.456624462803354 ], [ 24.587108033040348, 59.456538159175338 ], [ 24.587117493130606, 59.456518162226864 ], [ 24.587147983863463, 59.456500926094058 ], [ 24.587187031917797, 59.456492206438227 ], [ 24.587209191247503, 59.456478571096554 ], [ 24.587229780735292, 59.456455678982771 ], [ 24.587242403070537, 59.456427831431775 ], [ 24.58729759741518, 59.456348062461515 ], [ 24.587313130775772, 59.456337742040418 ], [ 24.587367710600731, 59.456301197705244 ], [ 24.587519603196135, 59.45622351095146 ], [ 24.587861332767318, 59.456073308639901 ], [ 24.58800471121506, 59.4560194380959 ], [ 24.588467931805567, 59.455857336635702 ], [ 24.58875737757311, 59.45576056928833 ], [ 24.589110934855366, 59.455648550791231 ], [ 24.589457384889684, 59.455529435768725 ], [ 24.589574193252915, 59.455486166930797 ], [ 24.58970043494816, 59.45542147368932 ], [ 24.589979534407515, 59.45529268577306 ], [ 24.590176504181073, 59.455190620241041 ], [ 24.59019441614419, 59.455174157848489 ], [ 24.590202426656749, 59.455152030738553 ], [ 24.590221847570582, 59.455141261675507 ], [ 24.590273316228629, 59.455123930820285 ], [ 24.590304580289576, 59.455069994437018 ], [ 24.590335771336736, 59.455052637711184 ], [ 24.590422724463217, 59.455022553734622 ], [ 24.590654339829722, 59.454927701930693 ], [ 24.590746005651887, 59.454899975388656 ], [ 24.590806216617796, 59.454875361065731 ], [ 24.590847568887796, 59.454838964320615 ], [ 24.590878882609893, 59.454828725297709 ], [ 24.59091266452084, 59.454825602559254 ], [ 24.590999555044743, 59.454791963770667 ], [ 24.591022376954729, 59.45476276847382 ], [ 24.591037028454682, 59.454734202275795 ], [ 24.591057656657284, 59.454712736625979 ], [ 24.59110034656339, 59.454686414436146 ], [ 24.591184519053055, 59.454644502380894 ], [ 24.591282436874796, 59.454573651094385 ], [ 24.591344455433507, 59.454504819005514 ], [ 24.591416993584964, 59.454449871235504 ], [ 24.591564030337874, 59.454388045054799 ], [ 24.591629025092843, 59.454369943777785 ], [ 24.591810797535945, 59.454303131957658 ], [ 24.591837294470853, 59.454273417315868 ], [ 24.591858367974829, 59.454211564126133 ], [ 24.591874488045821, 59.454199624736987 ], [ 24.591976258938043, 59.454160999296583 ], [ 24.592275121477009, 59.45403216245051 ], [ 24.592320411926476, 59.454020675341653 ], [ 24.592358634115214, 59.454006257741774 ], [ 24.592385127494371, 59.453986542854722 ], [ 24.592450336930487, 59.453913809029189 ], [ 24.592485538479522, 59.453858427107406 ], [ 24.592514289832366, 59.453835739782633 ], [ 24.592537377530423, 59.453821973666663 ], [ 24.592561616469514, 59.453813588287765 ], [ 24.592596212714856, 59.453784303834311 ], [ 24.592678014750334, 59.453726934888607 ], [ 24.592770777595607, 59.453695647260886 ], [ 24.592797057976409, 59.453676893733842 ], [ 24.592801131295083, 59.453630197435459 ], [ 24.592806629649715, 59.453611761826423 ], [ 24.592820287779716, 59.453592104598755 ], [ 24.592845589073317, 59.453571802526021 ], [ 24.592879184121202, 59.453557998041823 ], [ 24.59293048205754, 59.453518862889737 ], [ 24.592942823361899, 59.453503592122772 ], [ 24.592963950031699, 59.453470328746761 ], [ 24.592970464743264, 59.453442400358647 ], [ 24.592967968567123, 59.453419476549669 ], [ 24.592955070436215, 59.453294024702238 ], [ 24.592962449613864, 59.453248866452249 ], [ 24.592982851879885, 59.453215525540614 ], [ 24.593078864409385, 59.453133891624375 ], [ 24.593150411694239, 59.453085159067605 ], [ 24.593326456485276, 59.453000785831918 ], [ 24.593518288185038, 59.452924985638873 ], [ 24.593595233304274, 59.45288560001805 ], [ 24.593749237911634, 59.452822563991113 ], [ 24.593840792400965, 59.452788902246851 ], [ 24.593913718145473, 59.452757694224623 ], [ 24.593988280814326, 59.452713157599064 ], [ 24.594118524940459, 59.45266474331688 ], [ 24.594172708152499, 59.452629463531053 ], [ 24.594238548911719, 59.452586285646021 ], [ 24.594321705035405, 59.452546261168557 ], [ 24.594376153556869, 59.452525234842348 ], [ 24.594445846028417, 59.452508888299974 ], [ 24.594559314091956, 59.452462057325242 ], [ 24.594641375479583, 59.452418940675557 ], [ 24.59467817283333, 59.45238968161587 ], [ 24.594806183208227, 59.45233866454759 ], [ 24.595074771880885, 59.452260818897003 ], [ 24.595427997271294, 59.452185597331543 ], [ 24.595800687447834, 59.452091292419446 ], [ 24.595987734699012, 59.452050069881231 ], [ 24.596102580270042, 59.452015699738197 ], [ 24.596234941927001, 59.45198185164886 ], [ 24.596296636043121, 59.451975046472626 ], [ 24.596442852838262, 59.451934008084152 ], [ 24.596592670784137, 59.451898294266755 ], [ 24.596946983044237, 59.451820092427759 ], [ 24.597187548201717, 59.451771498279207 ], [ 24.597802548125614, 59.451662426713504 ], [ 24.59800847096794, 59.451634185474866 ], [ 24.598150508413191, 59.451620470795156 ], [ 24.598320336031804, 59.451595956636666 ], [ 24.598483258124979, 59.451576805698217 ], [ 24.598596064089751, 59.451559076164166 ], [ 24.598703010672054, 59.451538994376492 ], [ 24.598838889603183, 59.451506905016359 ], [ 24.598982992983025, 59.451478341809946 ], [ 24.599618933856657, 59.451362640536495 ], [ 24.599829836223247, 59.451340046947017 ], [ 24.600027510463686, 59.451311139918644 ], [ 24.600156954647503, 59.451297247031526 ], [ 24.600318103764558, 59.451283685301817 ], [ 24.600363430427564, 59.451284645697015 ], [ 24.601264437830189, 59.451891211226808 ], [ 24.601362125027986, 59.451972092882137 ], [ 24.603391164907013, 59.453365221497293 ], [ 24.603476939663913, 59.453380088755843 ], [ 24.603655127268226, 59.453386363904265 ], [ 24.603749007671425, 59.453371032649258 ], [ 24.607932701967531, 59.451763751500991 ], [ 24.608117391292922, 59.451749434262567 ], [ 24.608254005588662, 59.451708588595579 ], [ 24.608404536092827, 59.45164730172943 ], [ 24.608455783317286, 59.45161439037463 ], [ 24.608434218317804, 59.451571671787683 ], [ 24.608312432616682, 59.451494766490292 ], [ 24.608253039947243, 59.451476189951443 ], [ 24.60816798650545, 59.451481878793651 ], [ 24.608146411130129, 59.451497956668284 ], [ 24.608146796987935, 59.451539426588496 ], [ 24.604768775109253, 59.45284167617487 ], [ 24.60473035824409, 59.452832786205043 ], [ 24.604688618904735, 59.45283540145752 ], [ 24.604507612112364, 59.452898798678348 ], [ 24.60424728997021, 59.453003492511293 ], [ 24.603739215528595, 59.453196124618657 ], [ 24.603679132532974, 59.453208338749178 ], [ 24.603601855141687, 59.453205371499976 ], [ 24.603523127942093, 59.453190202742597 ], [ 24.603446319717708, 59.453163894230343 ], [ 24.601648499170135, 59.451955076391755 ], [ 24.601670129907841, 59.451881908491593 ], [ 24.601696974802476, 59.451869532895969 ], [ 24.601730115561722, 59.451854256042445 ], [ 24.602120376644496, 59.451704745842932 ], [ 24.602699343858575, 59.451482944855584 ], [ 24.60349331224538, 59.451178766109471 ], [ 24.603631225325046, 59.451126438278784 ], [ 24.604316441232111, 59.450866441623639 ], [ 24.604399016639778, 59.450836341421009 ], [ 24.604724824630953, 59.451053667756 ], [ 24.60475870448629, 59.45104142080914 ], [ 24.604837264150365, 59.451094165454698 ], [ 24.605468363366388, 59.450851053750583 ], [ 24.605602300609366, 59.450799451250923 ], [ 24.606334059758822, 59.451292399177206 ], [ 24.606404452765727, 59.451265325029389 ], [ 24.606019217818666, 59.451006238976596 ], [ 24.606138637847177, 59.450960178415727 ], [ 24.606523873180617, 59.451219264124127 ], [ 24.606594788372828, 59.451191828405967 ], [ 24.606322731458718, 59.451008836970757 ], [ 24.606675620190106, 59.450874080978089 ], [ 24.606782949065565, 59.450946350652224 ], [ 24.606818301154778, 59.450932669117272 ], [ 24.606868396374164, 59.45091328237757 ], [ 24.607269179639111, 59.451183874070914 ], [ 24.607300612801794, 59.451193702127654 ], [ 24.607346818726942, 59.451192546575903 ], [ 24.607375993650621, 59.451184440884411 ], [ 24.607395328213656, 59.451171228012058 ], [ 24.607406328459682, 59.451147380435302 ], [ 24.607401593258334, 59.451132923077999 ], [ 24.607373921794107, 59.451104621896192 ], [ 24.607025980500243, 59.450871982296881 ], [ 24.606464951832166, 59.450503385504746 ], [ 24.606869165926838, 59.450354353302941 ], [ 24.606898341953602, 59.450337414770246 ], [ 24.606903430524959, 59.450325147297534 ], [ 24.606896720493353, 59.450306686493768 ], [ 24.60600116255473, 59.449702557441682 ], [ 24.605946946037413, 59.449666451761303 ], [ 24.60586622182943, 59.449597936912987 ], [ 24.605820040652198, 59.449551668660604 ], [ 24.605783756235393, 59.449477940457115 ], [ 24.605777192786416, 59.449441857926146 ], [ 24.605783120542572, 59.449384452473822 ], [ 24.605792361687577, 59.449348862785321 ], [ 24.605855632207792, 59.449267315951872 ], [ 24.605951173437315, 59.449208169774359 ], [ 24.605986046698227, 59.449188449421371 ], [ 24.607207367759337, 59.448756420568913 ], [ 24.60726906126207, 59.448757958419534 ], [ 24.607338680624331, 59.448776937076076 ], [ 24.607393687443601, 59.448787096272596 ], [ 24.607433268010794, 59.44878233571351 ], [ 24.607476748883073, 59.448765923524284 ], [ 24.607493284842697, 59.448741143751974 ], [ 24.607473125211317, 59.448707888771189 ], [ 24.607642748125137, 59.448666110449757 ], [ 24.607678214885237, 59.448687759903017 ], [ 24.607711909954265, 59.448699004701048 ], [ 24.607751970699489, 59.448701423084721 ], [ 24.607791674681927, 59.448693699580154 ], [ 24.607820631232986, 59.448676420726521 ], [ 24.607828472081195, 59.448651429686706 ], [ 24.607863910869856, 59.448315901534414 ], [ 24.607904193271523, 59.448292170099378 ], [ 24.608024193654874, 59.448259578878194 ], [ 24.60809027755192, 59.448258241525878 ], [ 24.60818720690148, 59.448281384461801 ], [ 24.608249368228659, 59.448288449257191 ], [ 24.60831062053764, 59.448287035362185 ], [ 24.608352918242893, 59.448277495415979 ], [ 24.608395767245689, 59.448258330026107 ], [ 24.608437316036497, 59.448220607079357 ], [ 24.608448029581599, 59.448203520062151 ], [ 24.608440773901435, 59.448166327736544 ], [ 24.60845279480311, 59.448151380080425 ], [ 24.608475530328604, 59.448140188996199 ], [ 24.608785419016918, 59.448063722018169 ], [ 24.609380764241394, 59.447942693899499 ], [ 24.609608136952989, 59.447903159274944 ], [ 24.609873322242613, 59.447865594593424 ], [ 24.610428380986043, 59.447801875135177 ], [ 24.610810819587986, 59.447751942989065 ], [ 24.611146514615818, 59.447713303700006 ], [ 24.611428465462684, 59.447673009993899 ], [ 24.611698328694885, 59.447627152476258 ], [ 24.611889757828095, 59.447583983703709 ], [ 24.612137292052804, 59.447535589887046 ], [ 24.613035016758712, 59.447348023475385 ], [ 24.613144656188737, 59.447327917298018 ], [ 24.613201526357411, 59.447309340343551 ], [ 24.613314915406576, 59.447286011928604 ], [ 24.613370505118606, 59.447264855606981 ], [ 24.613446646297444, 59.44724549761105 ], [ 24.613537751408877, 59.447227972907463 ], [ 24.613647642082245, 59.447217963790358 ], [ 24.613672514375576, 59.447201223289483 ], [ 24.613675587966032, 59.447137798402856 ], [ 24.613688992321865, 59.447131317697625 ], [ 24.613965769259927, 59.447064480915337 ], [ 24.614090144937027, 59.447029700355586 ], [ 24.614190471131746, 59.447006432075973 ], [ 24.614266525877671, 59.446982325390316 ], [ 24.61438961896846, 59.446950755165098 ], [ 24.614503310400032, 59.446925727730026 ], [ 24.614701099651249, 59.446871995621905 ], [ 24.615039270733366, 59.446795363833935 ], [ 24.61511984114134, 59.446773434826817 ], [ 24.615165560289547, 59.446760277081736 ], [ 24.615504532683921, 59.446704753270957 ], [ 24.61554449267139, 59.446706568318135 ], [ 24.615676474278882, 59.446748689008174 ], [ 24.615713943561556, 59.446757059576257 ], [ 24.615797298617142, 59.446724372163132 ], [ 24.615808080383612, 59.446701521231468 ], [ 24.615783373562465, 59.446685317304478 ], [ 24.615789540449349, 59.446663645927607 ], [ 24.615640512528817, 59.446623463176387 ], [ 24.615684727826601, 59.446589486599358 ], [ 24.615723105702749, 59.44657786206173 ], [ 24.615748514408153, 59.446550867389625 ], [ 24.615842255286715, 59.446476336407919 ], [ 24.615877129806037, 59.44643857940833 ], [ 24.615885137360824, 59.446419278213391 ], [ 24.615907296362973, 59.446397819303058 ], [ 24.61595238604265, 59.446369350166066 ], [ 24.615959795342008, 59.446366730261182 ], [ 24.615998768570094, 59.446352948475855 ], [ 24.616041550894007, 59.446326545736156 ], [ 24.616069656178045, 59.446301504258074 ], [ 24.616156143799646, 59.44623831746366 ], [ 24.616294341679144, 59.446147276690127 ], [ 24.616699792115906, 59.445871772588717 ], [ 24.61680690045787, 59.445810472624068 ], [ 24.616943262477324, 59.445748757277997 ], [ 24.617082613713702, 59.445685681294002 ], [ 24.61721985260559, 59.445641331248645 ], [ 24.617546710548559, 59.445559054756657 ], [ 24.617765819470666, 59.445511349012023 ], [ 24.617955777383102, 59.445462953820375 ], [ 24.618113279113587, 59.445415321073817 ], [ 24.618242520390492, 59.445370415022687 ], [ 24.618289726375245, 59.445362635148598 ], [ 24.618400882045368, 59.445353774066469 ], [ 24.618657536134762, 59.445294481292841 ], [ 24.618787711676646, 59.445272020772315 ], [ 24.618878877574449, 59.4452582891373 ], [ 24.61894382410448, 59.445256781098109 ], [ 24.618998726209245, 59.445242797882543 ], [ 24.619049852486814, 59.445222782165409 ], [ 24.619091454829597, 59.445199561665945 ], [ 24.619128817482061, 59.44515930555194 ], [ 24.619130188132704, 59.445126004919317 ], [ 24.619122250444004, 59.445099444580059 ], [ 24.61913315002796, 59.445083244451787 ], [ 24.619163332280319, 59.445079610678739 ], [ 24.619247190972722, 59.445045940209845 ], [ 24.619657114128096, 59.444914076110848 ], [ 24.61987633353306, 59.444850504643981 ], [ 24.620134109425809, 59.444763053063113 ], [ 24.620212738277335, 59.444744334672016 ], [ 24.620320536452542, 59.444688558112901 ], [ 24.620352970896334, 59.444659491732075 ], [ 24.620402792089504, 59.444628853332006 ], [ 24.620458338523139, 59.444605791121219 ], [ 24.620598295518164, 59.444588309604484 ], [ 24.620783827961372, 59.444524832486209 ], [ 24.620799882438686, 59.444512028000084 ], [ 24.620846070210312, 59.444487115670078 ], [ 24.621012584285886, 59.444439257384708 ], [ 24.621233583087253, 59.444359463491296 ], [ 24.621448712103586, 59.444289409597012 ], [ 24.621677000776586, 59.444206402832918 ], [ 24.621759998908153, 59.444181872972898 ], [ 24.62182505748628, 59.444157589335248 ], [ 24.621966505315207, 59.444138869516735 ], [ 24.622024333012121, 59.444139547948375 ], [ 24.622074584462844, 59.444132658956043 ], [ 24.622122725365308, 59.444112476589012 ], [ 24.622187098519277, 59.444065099209972 ], [ 24.62218753308888, 59.444004765412011 ], [ 24.622180360989361, 59.443989386465653 ], [ 24.622149339239574, 59.443967181264291 ], [ 24.62211575359586, 59.443934853581581 ], [ 24.622131667662387, 59.443887283206763 ], [ 24.6221500210928, 59.44387009608414 ], [ 24.622183337050878, 59.443855683861131 ], [ 24.622204113266523, 59.443835065199721 ], [ 24.622247596770034, 59.443781790094505 ], [ 24.622281339101189, 59.443751119202318 ], [ 24.622306826413197, 59.443707552018857 ], [ 24.622333652647836, 59.443690073490473 ], [ 24.622345549425471, 59.443676471581504 ], [ 24.622351927556405, 59.443656010693033 ], [ 24.622394508655955, 59.443569678963904 ], [ 24.622411010889302, 59.443553452069345 ], [ 24.622461036055341, 59.443535163705086 ], [ 24.622509106697034, 59.443511184415414 ], [ 24.622562608592123, 59.44347863370723 ], [ 24.622649668199799, 59.443444972816131 ], [ 24.622883570733606, 59.443352278525218 ], [ 24.623126721912634, 59.443279665604408 ], [ 24.623332112513438, 59.443223236233457 ], [ 24.623465840022863, 59.443191247982128 ], [ 24.623569971813861, 59.443172712027355 ], [ 24.623679551522571, 59.443146538028778 ], [ 24.623737291126766, 59.443141515972115 ], [ 24.623776279567082, 59.443131834073604 ], [ 24.623797602769368, 59.443116149691974 ], [ 24.623804717777137, 59.443096520058518 ], [ 24.623819899314906, 59.443081376428367 ], [ 24.623841193432799, 59.443069893229371 ], [ 24.623894124282437, 59.443046716249071 ], [ 24.624005606463044, 59.443022444980258 ], [ 24.624091177043056, 59.443009687717364 ], [ 24.624145214560635, 59.443006577087047 ], [ 24.624191727518372, 59.442999704990335 ], [ 24.624520776210229, 59.442937346551126 ], [ 24.624626861280081, 59.442924491660833 ], [ 24.624727272476058, 59.442906914971545 ], [ 24.624912628291483, 59.442841439946392 ], [ 24.624972849358691, 59.4428083087804 ], [ 24.625135043906049, 59.442642674595874 ], [ 24.625243070635896, 59.442550106654203 ], [ 24.625325936883772, 59.442491769206448 ], [ 24.625459068362922, 59.442427483879264 ], [ 24.625538406392991, 59.442379602847573 ], [ 24.625617431052369, 59.442314622807437 ], [ 24.625661702049857, 59.442270094965799 ], [ 24.625716881639129, 59.442234141807276 ], [ 24.625763330199451, 59.442210357513481 ], [ 24.625827395656771, 59.442150502247976 ], [ 24.625889336161759, 59.442100701878203 ], [ 24.625946866600295, 59.442078606315214 ], [ 24.626102915575952, 59.442035862984454 ], [ 24.6262664558346, 59.442002778587913 ], [ 24.626426451420013, 59.441979217081652 ], [ 24.626485917531092, 59.441966591378211 ], [ 24.626524781703967, 59.441950248594232 ], [ 24.626550586820343, 59.44193302538087 ], [ 24.626588527649336, 59.441866346110636 ], [ 24.626627095798593, 59.441832913227131 ], [ 24.626883028736486, 59.441751893147163 ], [ 24.627005730478317, 59.441729459958111 ], [ 24.627081746966834, 59.441704394385525 ], [ 24.627233599359098, 59.441617567555419 ], [ 24.627326954509069, 59.44157307464976 ], [ 24.62742945999041, 59.441542182542271 ], [ 24.6276279145073, 59.441501542335857 ], [ 24.627862325190737, 59.441442741272397 ], [ 24.627971834476966, 59.441417048715891 ], [ 24.628197662158868, 59.441321914711395 ], [ 24.628288604082059, 59.441296777235443 ], [ 24.62839243016813, 59.441263032478503 ], [ 24.628885562329199, 59.441097277182905 ], [ 24.628939176652342, 59.441071365969727 ], [ 24.628992493751692, 59.441029316188079 ], [ 24.629058939459277, 59.440990991809542 ], [ 24.629268071427013, 59.440900693282337 ], [ 24.629399216198973, 59.440830713204683 ], [ 24.629419362362366, 59.440810670866156 ], [ 24.629476501940545, 59.440773342267782 ], [ 24.629521375401964, 59.440753280463582 ], [ 24.629543104239342, 59.440743571609623 ], [ 24.629606057950099, 59.440718575970187 ], [ 24.629753989001635, 59.440674888596625 ], [ 24.629960424718369, 59.440602016484874 ], [ 24.630142323214763, 59.440546200342489 ], [ 24.630315290205335, 59.440484915044713 ], [ 24.630576167796018, 59.44036915137751 ], [ 24.630690763996892, 59.440300434127174 ], [ 24.630733498614454, 59.440268649692165 ], [ 24.630779357093065, 59.440214193274713 ], [ 24.630829144829583, 59.44018355096226 ], [ 24.630888360536414, 59.440157621077816 ], [ 24.630954819994084, 59.440120247167997 ], [ 24.631015920892935, 59.440096202260968 ], [ 24.631078170728362, 59.440078067416586 ], [ 24.631240531526196, 59.439993357815368 ], [ 24.631373530464572, 59.439944004092062 ], [ 24.631527194488353, 59.439904703702283 ], [ 24.631605001431591, 59.439875829765825 ], [ 24.631769392843921, 59.439787635800492 ], [ 24.632024041074875, 59.439691046220346 ], [ 24.632204450721314, 59.439634264839832 ], [ 24.632902711101391, 59.439380364147425 ], [ 24.633046054032089, 59.439329289333479 ], [ 24.633116228040553, 59.43929095389916 ], [ 24.6331731850475, 59.439245078766227 ], [ 24.633222652286907, 59.439196385051709 ], [ 24.63334930680708, 59.439086521377597 ], [ 24.633400500762008, 59.439030225053976 ], [ 24.633487098896577, 59.438872106993728 ], [ 24.633637788725395, 59.438650027170524 ], [ 24.633680117412471, 59.438619419628267 ], [ 24.633832003388996, 59.438561687032688 ], [ 24.633916871797894, 59.438511880093252 ], [ 24.634055910308479, 59.438466551952715 ], [ 24.634161519530096, 59.438428045315028 ], [ 24.634300446269382, 59.438385275791475 ], [ 24.63437314279555, 59.438373821513451 ], [ 24.634415159540897, 59.438355890242015 ], [ 24.634447025900673, 59.438317128200246 ], [ 24.634524281052357, 59.438293030721702 ], [ 24.634745994606327, 59.438240346556704 ], [ 24.635477224838972, 59.438111954862947 ], [ 24.635909258463894, 59.4380310543959 ], [ 24.636076118488219, 59.43801972790552 ], [ 24.636135746648648, 59.438011630196101 ], [ 24.636152141916771, 59.438007188347044 ], [ 24.636174341119869, 59.43800116549837 ], [ 24.636186235180805, 59.437988765156106 ], [ 24.63622635872682, 59.437973346926348 ], [ 24.636429544739439, 59.437907383190463 ], [ 24.636653246558055, 59.437858599987109 ], [ 24.636742745706595, 59.437849540707006 ], [ 24.636832040078776, 59.437828552398045 ], [ 24.636906750165707, 59.437805157013209 ], [ 24.636991118333526, 59.437798806395648 ], [ 24.637075716486734, 59.437783998613398 ], [ 24.637166840337485, 59.437776080193672 ], [ 24.637386757140689, 59.437746506110599 ], [ 24.637520840129966, 59.437735408236755 ], [ 24.637583354977028, 59.437725276146814 ], [ 24.637611207815901, 59.437714369315373 ], [ 24.637702251930698, 59.437697474265136 ], [ 24.637802261932244, 59.437685068931984 ], [ 24.63795243197254, 59.437675714958388 ], [ 24.638110354204454, 59.437647382527643 ], [ 24.638432842163319, 59.437600164222161 ], [ 24.638593149471845, 59.437569360043803 ], [ 24.638680232014707, 59.437557420678779 ], [ 24.63874969583112, 59.437554211228758 ], [ 24.638835782901168, 59.437532393301595 ], [ 24.638968097299916, 59.437504067365452 ], [ 24.639286423526709, 59.437457782766529 ], [ 24.639399794970529, 59.437435248524729 ], [ 24.639496445157246, 59.437410066487857 ], [ 24.639656682668647, 59.43735304055398 ], [ 24.639711467500572, 59.437322621863224 ], [ 24.639769168956342, 59.437271973566865 ], [ 24.639900468061629, 59.437174477559815 ], [ 24.640061524831978, 59.437109538710317 ], [ 24.640241566681368, 59.437017631265469 ], [ 24.640325444530188, 59.43698337247632 ], [ 24.64045270219065, 59.436967502275991 ], [ 24.640505951469365, 59.436964289962773 ], [ 24.640582117855324, 59.436950185189879 ], [ 24.640644919687482, 59.436933865323894 ], [ 24.640689264404724, 59.436915355161133 ], [ 24.640729805809777, 59.436889502635431 ], [ 24.640809661924362, 59.436871062006873 ], [ 24.640928619122768, 59.436849585421726 ], [ 24.641090555266757, 59.436831696616437 ], [ 24.641161356871763, 59.436827554776983 ], [ 24.64124875552848, 59.43681382580354 ], [ 24.641311425890596, 59.436774570910259 ], [ 24.641491451836373, 59.436727141110453 ], [ 24.641565543153831, 59.436700182328565 ], [ 24.641635719902393, 59.436662784777873 ], [ 24.641681988745638, 59.436643555743423 ], [ 24.641711464713001, 59.436624417505641 ], [ 24.641770005594275, 59.436563324359916 ], [ 24.641940119567977, 59.436485547291888 ], [ 24.642058681615943, 59.436442213446178 ], [ 24.642103242844026, 59.436431547337151 ], [ 24.642221840528212, 59.436391067744182 ], [ 24.64227145153783, 59.436350924544676 ], [ 24.642289612533546, 59.436325189659712 ], [ 24.642337551960008, 59.436295503413426 ], [ 24.6424042235986, 59.436270474414741 ], [ 24.642456220286842, 59.436258820384012 ], [ 24.642494882438687, 59.436244664072099 ], [ 24.642638740493645, 59.43617464434017 ], [ 24.64269833549135, 59.436129434296056 ], [ 24.642720446200929, 59.436098222262586 ], [ 24.642740396676523, 59.435998080047369 ], [ 24.642780131050948, 59.435928532442055 ], [ 24.64287137879548, 59.435822629220304 ], [ 24.642943241413583, 59.435775725409748 ], [ 24.643009804499364, 59.435745005421317 ], [ 24.643249128640019, 59.435678279995756 ], [ 24.644043616965323, 59.435578444970425 ], [ 24.644194141430187, 59.435549207759152 ], [ 24.644302063941449, 59.435536327847089 ], [ 24.644427558593371, 59.435530139227588 ], [ 24.6447404154388, 59.43545964901886 ], [ 24.64510777015526, 59.435353361445934 ], [ 24.645176278831276, 59.43533903117352 ], [ 24.6453906782891, 59.435308689649275 ], [ 24.645515158939027, 59.435284327215783 ], [ 24.645684143851089, 59.435245500475709 ], [ 24.645839260288376, 59.435188985698574 ], [ 24.646054345625693, 59.43510739194619 ], [ 24.646208211372684, 59.435048171909187 ], [ 24.646306055693334, 59.434995438525974 ], [ 24.646386579366926, 59.434920456152781 ], [ 24.646535045621295, 59.434820885186987 ], [ 24.646683456140245, 59.434735174291902 ], [ 24.646772337442869, 59.434701488170035 ], [ 24.646868977208161, 59.434682961368679 ], [ 24.646964073286448, 59.434682494157201 ], [ 24.647105648527909, 59.434674204204043 ], [ 24.647215416491495, 59.434659409758105 ], [ 24.647426653848594, 59.434587123479794 ], [ 24.647539239461093, 59.434525761907594 ], [ 24.647624095484382, 59.434475945970611 ], [ 24.647714050527735, 59.434400449575307 ], [ 24.647828871111585, 59.434257200552352 ], [ 24.647870934088658, 59.434216320305211 ], [ 24.64796456936287, 59.434137960012485 ], [ 24.648028522020844, 59.43411030234364 ], [ 24.648080113333929, 59.434035739546857 ], [ 24.648238290377314, 59.433919054134876 ], [ 24.648328819428201, 59.433873958449034 ], [ 24.648363711997003, 59.433845285705708 ], [ 24.648380818013568, 59.433814411488697 ], [ 24.648396511288361, 59.433802879976547 ], [ 24.648524476439675, 59.433767536970976 ], [ 24.648593042420103, 59.433744398491775 ], [ 24.648669133677664, 59.433725029012258 ], [ 24.648722721429525, 59.433699109672027 ], [ 24.648770633688486, 59.433668478590896 ], [ 24.648857732643368, 59.433639548465592 ], [ 24.649037657971856, 59.433601219977675 ], [ 24.649162870712427, 59.433601940229437 ], [ 24.649239250062131, 59.433597766503965 ], [ 24.649315358536018, 59.433579339112313 ], [ 24.64935043044353, 59.433560162535017 ], [ 24.649381658640905, 59.433535304717168 ], [ 24.649496068655356, 59.433471095785407 ], [ 24.649566960465751, 59.433374785420526 ], [ 24.649645178840554, 59.433307954170303 ], [ 24.649679230924839, 59.43329633191658 ], [ 24.649695823610312, 59.433285801193698 ], [ 24.6496992157271, 59.433267732362104 ], [ 24.649689407764246, 59.433243076947889 ], [ 24.649711260655216, 59.43321541970051 ], [ 24.649738933234865, 59.433199134108555 ], [ 24.649772462010009, 59.433197065594641 ], [ 24.649811829098603, 59.433208271691946 ], [ 24.64985473235237, 59.433208059946566 ], [ 24.649880682270261, 59.433200337598514 ], [ 24.649878525429344, 59.433185141755658 ], [ 24.649839276786306, 59.433146807579874 ], [ 24.649836149893499, 59.433126930698933 ], [ 24.649979281226059, 59.432974787675228 ], [ 24.65014928009461, 59.432810447160747 ], [ 24.650195304405468, 59.432779815884004 ], [ 24.650237863633439, 59.432761553611378 ], [ 24.650274711942043, 59.432738570867436 ], [ 24.650344031277196, 59.432721855031993 ], [ 24.650427642958935, 59.432688578398341 ], [ 24.650510977738818, 59.432620401752921 ], [ 24.650575977295588, 59.432576723239201 ], [ 24.650747164746203, 59.43247782499958 ], [ 24.650785500181293, 59.432434888575379 ], [ 24.650876496323228, 59.432316637802877 ], [ 24.650913178899099, 59.432304427707301 ], [ 24.650944035818966, 59.432282398985237 ], [ 24.651081335205866, 59.432178811441283 ], [ 24.651185306823887, 59.432075801511694 ], [ 24.651197440054119, 59.432032886825283 ], [ 24.651232255977408, 59.432000416522946 ], [ 24.651284007759134, 59.431976408237418 ], [ 24.651330337367622, 59.431960981532271 ], [ 24.651391116107277, 59.431928939300306 ], [ 24.651426120572804, 59.431894358490787 ], [ 24.651482191139404, 59.431817779257898 ], [ 24.651520466839855, 59.431784735200274 ], [ 24.651618453199109, 59.431716341677941 ], [ 24.65190678161763, 59.431580964295549 ], [ 24.651978768329261, 59.431542600560334 ], [ 24.652041307941083, 59.431497640824453 ], [ 24.652160369954252, 59.431441449538966 ], [ 24.652324083944801, 59.431364184077829 ], [ 24.652410303475449, 59.431289654327706 ], [ 24.652531826169326, 59.431208297827723 ], [ 24.652548308121268, 59.431192067080438 ], [ 24.652555143975842, 59.431159735082723 ], [ 24.652555687252569, 59.431090378511442 ], [ 24.652656663839547, 59.430909374771751 ], [ 24.652693127416097, 59.430866438047765 ], [ 24.652818364803537, 59.430784111314679 ], [ 24.652899904388196, 59.430757109053332 ], [ 24.652958978493793, 59.430726412044578 ], [ 24.652977254980339, 59.430706375199371 ], [ 24.653009655764784, 59.430645415387197 ], [ 24.653232891950093, 59.430318804228357 ], [ 24.653381940555903, 59.430184500437974 ], [ 24.653497338186277, 59.430124080092014 ], [ 24.653523982316425, 59.430103992651517 ], [ 24.653542103646888, 59.430075877467615 ], [ 24.653580696213876, 59.430046709126927 ], [ 24.653626904054047, 59.43002510622469 ], [ 24.65366958582193, 59.430014445446716 ], [ 24.653717706372422, 59.42999520286174 ], [ 24.65387576605584, 59.429924085555825 ], [ 24.653896858986432, 59.429901197948851 ], [ 24.653912227620765, 59.42987104969594 ], [ 24.653962556524615, 59.429828196325246 ], [ 24.654013667201241, 59.42980686515979 ], [ 24.65416997754755, 59.429764095598671 ], [ 24.65455041194009, 59.429682150567686 ], [ 24.654674632380743, 59.429643767961871 ], [ 24.654966502181729, 59.429566920994191 ], [ 24.655061369248308, 59.42954513832786 ], [ 24.655184846937463, 59.429524128834593 ], [ 24.655291369925163, 59.429512970261079 ], [ 24.655381090561697, 59.429513169975586 ], [ 24.655581988437099, 59.429527160814992 ], [ 24.655698106975162, 59.429531259395937 ], [ 24.655837479667134, 59.429530601082817 ], [ 24.656087659493981, 59.429482226901428 ], [ 24.656167194496078, 59.429475914873898 ], [ 24.656301468712133, 59.429481349726558 ], [ 24.656372659881963, 59.429490115136879 ], [ 24.656457133881048, 59.429517117762828 ], [ 24.656492962510569, 59.429537756067113 ], [ 24.656590656182058, 59.429566856070977 ], [ 24.65662147867754, 59.429591953795743 ], [ 24.656635598414361, 59.429635402399377 ], [ 24.656662095363828, 59.429660952569954 ], [ 24.656717129496446, 59.429688021077311 ], [ 24.656834455547227, 59.42976040734515 ], [ 24.656851950176609, 59.429784171144433 ], [ 24.65688041089102, 59.42987612107369 ], [ 24.65690415198905, 59.4298976095249 ], [ 24.656947926903211, 59.42990721160362 ], [ 24.657006087307124, 59.429910817259945 ], [ 24.657067664316966, 59.429905177794964 ], [ 24.657142882310431, 59.429893312200043 ], [ 24.657338084230012, 59.429853764852702 ], [ 24.657421287771946, 59.429851275781367 ], [ 24.657526944631417, 59.429861017478132 ], [ 24.657586919116245, 59.429871911872588 ], [ 24.65779142059192, 59.429920091548318 ], [ 24.658008938783254, 59.430005548912966 ], [ 24.658232136393483, 59.430056498030794 ], [ 24.658292322383719, 59.430060963733133 ], [ 24.658361425083264, 59.430059092153734 ], [ 24.658468094312859, 59.430048172654963 ], [ 24.658520687511047, 59.430049956288336 ], [ 24.658619728914307, 59.43008116655627 ], [ 24.658776192402982, 59.430102322786688 ], [ 24.658946495289072, 59.430099217363534 ], [ 24.659045313140876, 59.430084090715368 ], [ 24.659319575864846, 59.430068462514335 ], [ 24.659704840931155, 59.430092080255037 ], [ 24.659786642567148, 59.430092702653788 ], [ 24.659858240031873, 59.430087720824964 ], [ 24.659960351115835, 59.430065234041507 ], [ 24.660004120207287, 59.430048021735736 ], [ 24.660113540011054, 59.430025372518401 ], [ 24.660179807961764, 59.429998074228749 ], [ 24.660225934461437, 59.429968830224787 ], [ 24.660287315825304, 59.429938495329857 ], [ 24.660351005013322, 59.429919091428111 ], [ 24.660454767917088, 59.42989915433013 ], [ 24.660651810369593, 59.429869332538644 ], [ 24.660705118498534, 59.429856156526697 ], [ 24.660836056257363, 59.429823784664713 ], [ 24.661158539943084, 59.429780818875862 ], [ 24.661211268074499, 59.429765913066021 ], [ 24.661250003783596, 59.429742675320689 ], [ 24.661277327475641, 59.429676918383926 ], [ 24.661323914250026, 59.429595050239449 ], [ 24.661368059239894, 59.429550896495755 ], [ 24.661448240491435, 59.429505188252271 ], [ 24.661691168326492, 59.42940936202848 ], [ 24.661807839509226, 59.429371010586095 ], [ 24.66199350007345, 59.429301387404678 ], [ 24.662100074109567, 59.42924753881622 ], [ 24.662191638775116, 59.429221090726877 ], [ 24.662766595538042, 59.429082730030288 ], [ 24.66318817646944, 59.429006172146295 ], [ 24.663674309250002, 59.428881432664802 ], [ 24.663819990367575, 59.428847394587606 ], [ 24.663928861838173, 59.428827680305567 ], [ 24.664016319299542, 59.428821206868292 ], [ 24.664122209802755, 59.428820367527379 ], [ 24.664226651741227, 59.428835648603716 ], [ 24.664300505080263, 59.42885805885313 ], [ 24.66440283232059, 59.428897776088213 ], [ 24.664482948315587, 59.428946860341171 ], [ 24.66458961869095, 59.429031403151718 ], [ 24.66465053322969, 59.429095117525122 ], [ 24.664714625208166, 59.429198079952556 ], [ 24.664751909284313, 59.429343116893634 ], [ 24.664734547570795, 59.429388052192614 ], [ 24.664653829934508, 59.429490192757719 ], [ 24.66459925196537, 59.429528565433309 ], [ 24.664483671451578, 59.429596599826546 ], [ 24.664436275714309, 59.429640097787214 ], [ 24.664418491685311, 59.429687808970293 ], [ 24.664402163975613, 59.429842147097531 ], [ 24.664356809893526, 59.429912744372274 ], [ 24.664271761684851, 59.429978039193145 ], [ 24.664151047857473, 59.430030461751223 ], [ 24.664023463474759, 59.430065728458274 ], [ 24.663872258652248, 59.430098663508026 ], [ 24.663840072905774, 59.430121599700875 ], [ 24.663809059367065, 59.43017767196806 ], [ 24.663747143238883, 59.430260165862663 ], [ 24.663708091952078, 59.430350560655469 ], [ 24.663670777128655, 59.430387032598496 ], [ 24.66350943858113, 59.430464399121696 ], [ 24.663489449772996, 59.430489392255055 ], [ 24.663497966072995, 59.430507850321227 ], [ 24.6635276364036, 59.430523212533529 ], [ 24.663577509790503, 59.43053368833062 ], [ 24.663688832493023, 59.430545550950946 ], [ 24.663731515335915, 59.430559563851965 ], [ 24.663780350857909, 59.430579192065181 ], [ 24.663811029924013, 59.430599306780998 ], [ 24.663870311936087, 59.430652383345041 ], [ 24.663919003382091, 59.430677281558324 ], [ 24.663975068178516, 59.430695347204669 ], [ 24.664025824248977, 59.430707703489155 ], [ 24.66412400510578, 59.430722378896832 ], [ 24.664295810789451, 59.430726646814243 ], [ 24.664336531825882, 59.430733981775134 ], [ 24.664477849461328, 59.430793224019659 ], [ 24.664560387383826, 59.430844297793563 ], [ 24.664603379543546, 59.430858775641148 ], [ 24.664703389434937, 59.430877768157401 ], [ 24.664737489882182, 59.430889849189711 ], [ 24.664786046806846, 59.430925896829301 ], [ 24.664825735807657, 59.430947186647742 ], [ 24.664873653603237, 59.430960337913071 ], [ 24.665359027381722, 59.431044358471574 ], [ 24.665460741358491, 59.431052183761679 ], [ 24.665537411469586, 59.431056087079611 ], [ 24.665627281667877, 59.43105560582346 ], [ 24.665955183143382, 59.431039899101641 ], [ 24.666055969814543, 59.431042629854943 ], [ 24.666149134719415, 59.431050273445514 ], [ 24.666213942666964, 59.431061202310609 ], [ 24.666279700863395, 59.431086524969146 ], [ 24.66632500695783, 59.431114796719939 ], [ 24.666405669482906, 59.431139092353874 ], [ 24.666448607908247, 59.431141720625199 ], [ 24.66648194843696, 59.431130151438758 ], [ 24.666510943051808, 59.431127033370352 ], [ 24.666520632252798, 59.431129650400663 ], [ 24.666550626053372, 59.431146141365012 ], [ 24.666572009202131, 59.431254148535885 ], [ 24.666657020426598, 59.431331528182632 ], [ 24.666675397336565, 59.431341417225269 ], [ 24.666706214751812, 59.431344115765974 ], [ 24.66689605820034, 59.431325362461749 ], [ 24.666936602072688, 59.431324456905912 ], [ 24.666978001381707, 59.431342101852209 ], [ 24.666995394845362, 59.431372013883767 ], [ 24.667011863611968, 59.431385242903985 ], [ 24.667025253649111, 59.431389690349469 ], [ 24.667055784800905, 59.431389454876594 ], [ 24.667180310026684, 59.431368877672789 ], [ 24.667211564565445, 59.431368692358163 ], [ 24.66724277364791, 59.431378812523718 ], [ 24.667304283635708, 59.431414802575745 ], [ 24.667457164049328, 59.431471128449772 ], [ 24.667553605472833, 59.431483162004398 ], [ 24.667586042350912, 59.431492081962084 ], [ 24.667670547036082, 59.431548799156026 ], [ 24.667682161659304, 59.43157058955547 ], [ 24.667680888104691, 59.431601000112487 ], [ 24.667690525682648, 59.431619901061254 ], [ 24.667714281470428, 59.431643532946872 ], [ 24.667766071350101, 59.431669877238356 ], [ 24.667832581035032, 59.431686649493024 ], [ 24.66793603133241, 59.431679508884322 ], [ 24.667982958996802, 59.431665329982778 ], [ 24.668026220891232, 59.431640298874115 ], [ 24.668056568028323, 59.431599094422225 ], [ 24.668050620771588, 59.43158059667951 ], [ 24.668028755135776, 59.431556317916595 ], [ 24.668030404165041, 59.431546031222155 ], [ 24.668041423810486, 59.431537375625773 ], [ 24.668077152579134, 59.431534411555766 ], [ 24.668103911323225, 59.431539491238681 ], [ 24.668173398648165, 59.431565269800537 ], [ 24.668240599775586, 59.431568743839975 ], [ 24.668269446808374, 59.431565276043443 ], [ 24.668294428635974, 59.431555176121137 ], [ 24.668340898685955, 59.4315473459434 ], [ 24.668367983000913, 59.431548348495802 ], [ 24.668393195356817, 59.431551838116697 ], [ 24.668424548896283, 59.431580126122981 ], [ 24.668447833767257, 59.43158956809814 ], [ 24.668480120026093, 59.431595274940939 ], [ 24.668542599530969, 59.431589769163736 ], [ 24.668601504889992, 59.431573599227079 ], [ 24.668631080811647, 59.431572264105732 ], [ 24.668659997963463, 59.431576883879544 ], [ 24.668765646272067, 59.431619956123498 ], [ 24.668784699383778, 59.431640047954446 ], [ 24.668806664695346, 59.431690995880686 ], [ 24.668893744467837, 59.431733309557863 ], [ 24.66893590343976, 59.431743777646268 ], [ 24.66900827365675, 59.431749352512185 ], [ 24.669034135645475, 59.431759912354416 ], [ 24.669045354117365, 59.431819918485758 ], [ 24.669105125829415, 59.431890279365902 ], [ 24.669144082649929, 59.431909076090847 ], [ 24.669176497796332, 59.431914144763091 ], [ 24.669208440479345, 59.43191398240959 ], [ 24.669230159248521, 59.43190911436227 ], [ 24.66927197971285, 59.431883389987348 ], [ 24.669328322929225, 59.431867744424338 ], [ 24.669369711563181, 59.431838871388727 ], [ 24.669396368277972, 59.431806338930727 ], [ 24.669422641029243, 59.431787488919369 ], [ 24.669449817937902, 59.431777916219353 ], [ 24.669493847523466, 59.431774128585673 ], [ 24.669530950665141, 59.431781049463908 ], [ 24.669561095943418, 59.431796174518709 ], [ 24.669595128154977, 59.431846001699064 ], [ 24.669635810035533, 59.431876387411258 ], [ 24.669643231719167, 59.431887355105943 ], [ 24.669645455115269, 59.431927981346256 ], [ 24.669668513082851, 59.431949192723053 ], [ 24.669702853286452, 59.431962572881361 ], [ 24.66972676903827, 59.431964614617385 ], [ 24.669793556176735, 59.431993664609926 ], [ 24.669828577272259, 59.432032786464738 ], [ 24.669825771000475, 59.432070305418776 ], [ 24.66983393469447, 59.432088558412545 ], [ 24.669852040261265, 59.432102514843798 ], [ 24.66990124127236, 59.432115325624856 ], [ 24.669943279094056, 59.432118675481732 ], [ 24.670000911181262, 59.432112143407849 ], [ 24.67003529127652, 59.43210238132928 ], [ 24.670060765827326, 59.432089558623879 ], [ 24.670076078235812, 59.432075189778637 ], [ 24.670081918373072, 59.432054917583663 ], [ 24.670103343350974, 59.432034171094216 ], [ 24.670124209041898, 59.432025339536985 ], [ 24.670182998728279, 59.43201495048325 ], [ 24.670308045004031, 59.432020014127097 ], [ 24.670326208184992, 59.432032408254138 ], [ 24.670326720742821, 59.432058536837324 ], [ 24.670387105780442, 59.432166290980419 ], [ 24.670420551177145, 59.432207682832399 ], [ 24.670474677971427, 59.432233538402713 ], [ 24.670523762983105, 59.432240415940569 ], [ 24.670560898815477, 59.432231905406525 ], [ 24.670604755569048, 59.43221030849913 ], [ 24.670646682768449, 59.43220891001809 ], [ 24.670679586800354, 59.432221803520079 ], [ 24.670722236529503, 59.432257214807485 ], [ 24.670746014767612, 59.432268395347108 ], [ 24.670783329067948, 59.432274363268547 ], [ 24.670885457146159, 59.43225994697729 ], [ 24.670911209079755, 59.432265749359949 ], [ 24.67094261488209, 59.432296558960793 ], [ 24.670979192885724, 59.432344891656875 ], [ 24.671006351632244, 59.432355929248331 ], [ 24.671032924697339, 59.432361368354378 ], [ 24.671087838305823, 59.432364445760491 ], [ 24.671328857854252, 59.432363746693937 ], [ 24.671363313927955, 59.432373104267029 ], [ 24.671391737655561, 59.432392016877927 ], [ 24.671469823616565, 59.432463297675831 ], [ 24.671506406474812, 59.432482240464971 ], [ 24.671605178425573, 59.432473666617661 ], [ 24.671671399162964, 59.432473768674775 ], [ 24.671881352083798, 59.432488200227695 ], [ 24.671961466870972, 59.432499505981404 ], [ 24.672162513958799, 59.432542214283316 ], [ 24.672244519556099, 59.432567217645001 ], [ 24.672369905181153, 59.432616272451725 ], [ 24.67253103555646, 59.432659534122337 ], [ 24.672615889290789, 59.432694029039418 ], [ 24.67270724312143, 59.432720357795112 ], [ 24.672788176841248, 59.432735626569546 ], [ 24.672868464235094, 59.43274312476882 ], [ 24.672930391214368, 59.432740806473916 ], [ 24.673006682050559, 59.43272342362782 ], [ 24.673063771341219, 59.432695573310312 ], [ 24.673114522539574, 59.432676947518758 ], [ 24.673141337101033, 59.432673147934423 ], [ 24.67316813386045, 59.432669339458705 ], [ 24.673213830087853, 59.432673190220349 ], [ 24.673232203269173, 59.432685439249362 ], [ 24.67326547690935, 59.432750107872813 ], [ 24.673271489414912, 59.432847779616665 ], [ 24.673281503495268, 59.43289366222232 ], [ 24.67332248, 59.432948605571106 ], [ 24.673336282956942, 59.432958732523574 ], [ 24.673372082169649, 59.432971808039582 ], [ 24.673455824043184, 59.432989144641247 ], [ 24.673490397423013, 59.433007073817329 ], [ 24.673504702059148, 59.433030133621514 ], [ 24.673493742411427, 59.433070396354253 ], [ 24.673510092963973, 59.433092655742129 ], [ 24.673715016876336, 59.433193187761489 ], [ 24.673787248265675, 59.43322101398465 ], [ 24.673812522218171, 59.433239152245434 ], [ 24.673820568218293, 59.433252208085136 ], [ 24.673818777032434, 59.43336600598758 ], [ 24.673842624399835, 59.433511952911559 ], [ 24.673884030381807, 59.433540340786365 ], [ 24.673913508484411, 59.433549157642318 ], [ 24.673985844457683, 59.433557225491782 ], [ 24.674251208744977, 59.433561055411197 ], [ 24.67437086513959, 59.433571268525661 ], [ 24.674486653335631, 59.433595298545143 ], [ 24.674566373381492, 59.43361767302828 ], [ 24.674691842919099, 59.433664364336842 ], [ 24.674721864572383, 59.433670350565215 ], [ 24.674790358968934, 59.43367035862412 ], [ 24.674816992259935, 59.433675195223984 ], [ 24.67483848387354, 59.433686467539793 ], [ 24.674884991094622, 59.433777692835292 ], [ 24.67491475015413, 59.433942559092209 ], [ 24.674927254945018, 59.433980592134851 ], [ 24.674945043377043, 59.433999747009594 ], [ 24.674972189759867, 59.434010918503162 ], [ 24.675023021699467, 59.434017740537982 ], [ 24.675064570685109, 59.43401760831599 ], [ 24.675113716590786, 59.434025605931915 ], [ 24.675144511636546, 59.434038607883927 ], [ 24.675162713170216, 59.434054582857385 ], [ 24.675163700313771, 59.434068868711691 ], [ 24.675152773456645, 59.434085738110802 ], [ 24.675091188494498, 59.43413670045296 ], [ 24.675092668751166, 59.434158999976972 ], [ 24.67510723644472, 59.434173889453874 ], [ 24.675133858564656, 59.434184381372724 ], [ 24.67518424450402, 59.434221232713213 ], [ 24.675269903826202, 59.434343415236071 ], [ 24.675340688535531, 59.43437720856496 ], [ 24.675697755585151, 59.434451956966953 ], [ 24.675884649210602, 59.434478538289291 ], [ 24.676013869233053, 59.434502560868133 ], [ 24.676117060685147, 59.43453274932255 ], [ 24.676179630955321, 59.434555659733043 ], [ 24.67621785300101, 59.434557456273694 ], [ 24.676317666465437, 59.434539825054713 ], [ 24.676468890735542, 59.434534173872258 ], [ 24.676529964466127, 59.434537558493538 ], [ 24.676560298504263, 59.434543246469879 ], [ 24.676687052469635, 59.43458062942463 ], [ 24.676718313563281, 59.434598422177331 ], [ 24.676758820788258, 59.434663097620188 ], [ 24.676785388985177, 59.434681497962885 ], [ 24.67686841526951, 59.434706888196523 ], [ 24.676905530120422, 59.434708824880566 ], [ 24.676950571700509, 59.434700819495156 ], [ 24.677012906727999, 59.434683353497256 ], [ 24.677100324846034, 59.434652912820141 ], [ 24.677183406057662, 59.434630384913547 ], [ 24.677260324463955, 59.434624109561831 ], [ 24.677370398241518, 59.434626272268318 ], [ 24.677419657754637, 59.434613262949817 ], [ 24.677475744776803, 59.43457043376953 ], [ 24.677483251287022, 59.434555305301892 ], [ 24.677553644302389, 59.434475014490381 ], [ 24.677626778604857, 59.434403237402208 ], [ 24.677726802655137, 59.434319876564814 ], [ 24.677853365256617, 59.434195696580545 ], [ 24.677905707030742, 59.434130247223372 ], [ 24.677977484469366, 59.434105613611948 ], [ 24.678022337331335, 59.434104134892181 ], [ 24.678055481207444, 59.434113784737882 ], [ 24.678099245378377, 59.434143577478451 ], [ 24.67812678502742, 59.434156748107874 ], [ 24.678249735265094, 59.43421554963097 ], [ 24.678266584798934, 59.434238793304758 ], [ 24.678261165053684, 59.434257824916962 ], [ 24.678232559427887, 59.434282397892829 ], [ 24.677944949082303, 59.434410836638804 ], [ 24.67785595802377, 59.434469401034619 ], [ 24.677751357189056, 59.434567229045314 ], [ 24.67769904723405, 59.43463966203965 ], [ 24.677682528004539, 59.434685483384342 ], [ 24.677680374670683, 59.434736841231768 ], [ 24.677699211308223, 59.434809635144497 ], [ 24.677740392793936, 59.434861111061892 ], [ 24.677766416879852, 59.434931112118761 ], [ 24.677735245374443, 59.435061802849752 ], [ 24.677733332884142, 59.435138626365401 ], [ 24.677797320645194, 59.435292400106682 ], [ 24.677790235441158, 59.435312777791587 ], [ 24.677753267601044, 59.43533605616156 ], [ 24.677693465691416, 59.43534711805016 ], [ 24.677483623728214, 59.435347300205677 ], [ 24.67742396656147, 59.435368334345263 ], [ 24.677403495579419, 59.435400639098376 ], [ 24.677412560377785, 59.435440098939949 ], [ 24.677441938979037, 59.435475764846764 ], [ 24.677571608567476, 59.435568419479345 ], [ 24.677631865958968, 59.435597184941109 ], [ 24.677686015083765, 59.435609401840196 ], [ 24.677903828574916, 59.435616557182136 ], [ 24.678041381319822, 59.435648147136185 ], [ 24.678131482072171, 59.435682647413742 ], [ 24.678186992401077, 59.435713708176976 ], [ 24.678216424285111, 59.435753781199907 ], [ 24.678266791881256, 59.435800963648248 ], [ 24.678361898360667, 59.435839917360305 ], [ 24.67845604696355, 59.43584659571129 ], [ 24.678587217093135, 59.435843343488955 ], [ 24.678661293258262, 59.435827818022794 ], [ 24.678752086316702, 59.435785339067962 ], [ 24.678795491542314, 59.435780959106772 ], [ 24.67884372155179, 59.435788807460121 ], [ 24.678895522300131, 59.435808737984274 ], [ 24.679033875192683, 59.435892917296648 ], [ 24.679120292569394, 59.435969877757259 ], [ 24.679242103998469, 59.436094196217624 ], [ 24.679246347913445, 59.436199524926877 ], [ 24.679223984906109, 59.43625006242744 ], [ 24.679187229722775, 59.436276948729258 ], [ 24.679125685983688, 59.43630505802561 ], [ 24.679036862507076, 59.436334959683499 ], [ 24.678976397225359, 59.436343745481686 ], [ 24.678904189650151, 59.436340724591282 ], [ 24.678801422969521, 59.436329656489377 ], [ 24.678780940369148, 59.436331180393964 ], [ 24.678753137517916, 59.436340345295697 ], [ 24.678738341777393, 59.436354909959292 ], [ 24.678738956909605, 59.43638498771957 ], [ 24.678772332679479, 59.436430139052447 ], [ 24.678841926129866, 59.436484295813756 ], [ 24.678966867492932, 59.436529298183622 ], [ 24.67901430041557, 59.436539547367275 ], [ 24.679084140096933, 59.436554636122331 ], [ 24.679198102685962, 59.436556184814577 ], [ 24.679311557860728, 59.436544621062971 ], [ 24.679469927195303, 59.436516784094799 ], [ 24.679486767345864, 59.436519076024638 ], [ 24.679499127013315, 59.436525583193252 ], [ 24.679509933805903, 59.436555024874018 ], [ 24.67948501390941, 59.436632945574154 ], [ 24.679498961103384, 59.436654588248643 ], [ 24.679541412887389, 59.436679306461983 ], [ 24.679600128642409, 59.436700376973903 ], [ 24.679663374677197, 59.436713088582735 ], [ 24.682668606171397, 59.435704903597689 ], [ 24.68537302343578, 59.432941465471359 ], [ 24.686509995701488, 59.431865875354106 ], [ 24.687140800214141, 59.431164464318265 ], [ 24.687934360065274, 59.430330510879926 ], [ 24.688135365619029, 59.430285025574271 ], [ 24.688463874658488, 59.429947847422241 ], [ 24.690068370719857, 59.429994743916367 ], [ 24.690149043212777, 59.429993513138747 ], [ 24.691102404424768, 59.430000720412075 ], [ 24.691352496877631, 59.429995547347353 ], [ 24.693099618403743, 59.429959341141952 ], [ 24.693114966092615, 59.429890767778332 ], [ 24.695863795369455, 59.429727163577816 ], [ 24.696562842986388, 59.429688188218641 ], [ 24.696725028494381, 59.429683829078904 ], [ 24.697221653102332, 59.429654718522514 ], [ 24.69983812180055, 59.429465160833402 ], [ 24.699116836626164, 59.428141151149383 ], [ 24.698861926534768, 59.427634330227782 ], [ 24.698752227444597, 59.427465072220812 ], [ 24.698437053969617, 59.427121049660322 ], [ 24.69719767221472, 59.427417030151261 ], [ 24.696147266686751, 59.427554996163877 ], [ 24.694505184134407, 59.425766073540956 ], [ 24.693972001999573, 59.425762063128438 ], [ 24.693097495426827, 59.425745575089373 ], [ 24.692743141145389, 59.425733436610891 ], [ 24.692374783866452, 59.425725769443844 ], [ 24.692025952758836, 59.425725359539882 ], [ 24.690085548259713, 59.425688777148338 ], [ 24.689319077342667, 59.425551857950893 ], [ 24.689301542620441, 59.425512272513494 ], [ 24.689076999325792, 59.425262637577958 ], [ 24.688891323753822, 59.425149425076043 ], [ 24.688489874893968, 59.425064091780051 ], [ 24.688251512378443, 59.424827633781725 ], [ 24.687979912518564, 59.424550145753848 ], [ 24.687657369791676, 59.424183335261347 ], [ 24.687076254480047, 59.423712756062429 ], [ 24.686243380923241, 59.424003459362702 ], [ 24.685212197650255, 59.424350217238427 ], [ 24.68395770429937, 59.423046494507034 ], [ 24.679902263601697, 59.42443268866581 ], [ 24.676183712263416, 59.421234038457662 ], [ 24.674976497450388, 59.420205035782693 ], [ 24.673925743905183, 59.41930888482225 ], [ 24.67369560922279, 59.418964368158768 ], [ 24.6728226159135, 59.418218825942162 ], [ 24.672782485780107, 59.41818447057527 ], [ 24.671318548942867, 59.417229188817259 ], [ 24.669993040891786, 59.416368339824324 ], [ 24.669260711834067, 59.416080231661581 ], [ 24.66806932721278, 59.415552886050669 ], [ 24.663021403739553, 59.41332031197306 ], [ 24.662489083699455, 59.413132326607887 ], [ 24.661600345003801, 59.412763095426754 ], [ 24.660950290643378, 59.412469051849477 ], [ 24.660283305002977, 59.412127513205434 ], [ 24.655285095176165, 59.409899781102297 ], [ 24.651443085820972, 59.408195680138029 ], [ 24.649718715673334, 59.407454198167137 ], [ 24.649361472294544, 59.407445907886022 ], [ 24.648608734213802, 59.407120712327348 ], [ 24.647251864948537, 59.406486722983075 ], [ 24.646533575869029, 59.40607229664279 ], [ 24.646068435803635, 59.405729514811391 ], [ 24.645213693600166, 59.405061439536212 ], [ 24.644295568591975, 59.404083162715786 ], [ 24.644150720161804, 59.403852091862341 ], [ 24.644010460626259, 59.403509327350378 ], [ 24.643866078222963, 59.402919362536871 ], [ 24.643821508047647, 59.402674694316396 ], [ 24.643831368993432, 59.402225897124694 ], [ 24.643932126561751, 59.401780066108195 ], [ 24.644122280855701, 59.40134187631142 ], [ 24.64469582258242, 59.400173521397733 ], [ 24.644829591802228, 59.399864243883819 ], [ 24.644844876660834, 59.399433103746532 ], [ 24.644690676570857, 59.39872370602815 ], [ 24.644459367584545, 59.398340543255081 ], [ 24.643936764662943, 59.397556825808202 ], [ 24.643225393244133, 59.396908412058281 ], [ 24.642439643895788, 59.396318976220641 ], [ 24.641666393710523, 59.395944020078282 ], [ 24.640739293362572, 59.395614513463343 ], [ 24.640230667109527, 59.395429734488509 ], [ 24.639891649732203, 59.395325637742083 ], [ 24.639199515335264, 59.395191478945264 ], [ 24.638855652658297, 59.39511980931568 ], [ 24.636320088560637, 59.394642327745579 ], [ 24.630281289282248, 59.393523545115862 ], [ 24.628658920935159, 59.392961284469216 ], [ 24.627594596588384, 59.392470041415457 ], [ 24.62668676321162, 59.391863410567446 ], [ 24.625994360423633, 59.39116921188657 ], [ 24.625530829605534, 59.390526255695782 ], [ 24.625132668901525, 59.389886667536601 ], [ 24.62213025856499, 59.390589066990024 ], [ 24.620078035555679, 59.388530508093865 ], [ 24.598182504315023, 59.394178314364808 ], [ 24.598236526335043, 59.394197727714371 ], [ 24.596894527108613, 59.39451415133918 ], [ 24.594322032202012, 59.395176525304279 ], [ 24.594715281447346, 59.395391176814734 ], [ 24.594228649147933, 59.395566178563868 ], [ 24.594110058869344, 59.395599120331802 ], [ 24.59584253921135, 59.396385005988705 ], [ 24.596140000254238, 59.396515616080698 ], [ 24.597391791849599, 59.39701586517792 ], [ 24.597648056381981, 59.39696407219401 ], [ 24.59841923386244, 59.397277264996362 ], [ 24.600533705560846, 59.398083253952429 ], [ 24.604786234216238, 59.399628235175022 ], [ 24.607326470637069, 59.400819593197049 ], [ 24.608456586369666, 59.401517787494129 ], [ 24.609351406133676, 59.402247672912829 ], [ 24.610038877294244, 59.402810020698603 ], [ 24.6102953441154, 59.402995098281856 ], [ 24.610615565711726, 59.403171441325526 ], [ 24.611631198733527, 59.403681807952026 ], [ 24.612278651140993, 59.404011294208807 ], [ 24.61563608840202, 59.405751473610586 ], [ 24.617557556660845, 59.406708902636346 ], [ 24.619219389179712, 59.407236912436474 ], [ 24.618839953681285, 59.407431966613885 ], [ 24.618169033615228, 59.407778929174633 ], [ 24.617341989687159, 59.408354270489305 ], [ 24.61704543472943, 59.408547583885323 ], [ 24.616867805591486, 59.408637555631984 ], [ 24.616581573817815, 59.408739616082485 ], [ 24.616056421091205, 59.408862723114737 ], [ 24.615436123797451, 59.409021910664038 ], [ 24.614600501719377, 59.409261365625468 ], [ 24.613512286177453, 59.409585117594034 ], [ 24.612217453286689, 59.410044113523959 ], [ 24.610904058652579, 59.410540435976891 ], [ 24.610441315057574, 59.410768886324284 ], [ 24.610042463317164, 59.410995961588796 ], [ 24.609776752903699, 59.411194411356604 ], [ 24.609564371643533, 59.411391446548059 ], [ 24.60930418285405, 59.411702437534807 ], [ 24.609021964284725, 59.412081932347142 ], [ 24.608329405336839, 59.412440792617076 ], [ 24.608226994696473, 59.412534444119501 ], [ 24.608047766974494, 59.412566690861219 ], [ 24.607628959378498, 59.412564765470421 ], [ 24.607602275582021, 59.412589305292911 ], [ 24.606761844227155, 59.413528285222768 ], [ 24.606260520175962, 59.414087599356684 ], [ 24.605534327269218, 59.414898036723471 ], [ 24.604493815686009, 59.416948605560229 ], [ 24.60488007028167, 59.419646833945144 ], [ 24.605829208751221, 59.421421463810574 ], [ 24.606905820103432, 59.423117401475579 ], [ 24.607737091140191, 59.425197047517557 ], [ 24.610579494081769, 59.425419800543125 ], [ 24.610764808565051, 59.425901974542036 ], [ 24.610778886984253, 59.42601941359213 ], [ 24.610755605164119, 59.42612634376222 ], [ 24.610709322269244, 59.426198192161351 ], [ 24.610622981199693, 59.426295899579408 ], [ 24.610455134268637, 59.426505654444753 ], [ 24.610362304196279, 59.426605097327396 ], [ 24.610307371430647, 59.4266464650646 ], [ 24.610209981900972, 59.426678065507062 ], [ 24.610105984769127, 59.426734292515825 ], [ 24.610031223845105, 59.426799899209378 ], [ 24.610003525543302, 59.426916185379923 ], [ 24.609978954385376, 59.426970787483391 ], [ 24.609943655106434, 59.427085672587985 ], [ 24.609830564806213, 59.427244544559649 ], [ 24.609819203915119, 59.427328618592838 ], [ 24.609787846611567, 59.427388009706554 ], [ 24.609722489301916, 59.427437683978361 ], [ 24.609645055025457, 59.427442441152657 ], [ 24.609578107569536, 59.42741285893873 ], [ 24.609511244842178, 59.427417656849435 ], [ 24.609494901171903, 59.427459473917885 ], [ 24.609440004398049, 59.427502995496354 ], [ 24.609405954276745, 59.427549741908713 ], [ 24.609402646922032, 59.427571749997689 ], [ 24.609386679497561, 59.427605037495532 ], [ 24.609372560363202, 59.427623415206142 ], [ 24.609333286103819, 59.427653848286184 ], [ 24.609291812822679, 59.42768940821847 ], [ 24.609262964406479, 59.427711714043014 ], [ 24.609230219481081, 59.427732870929411 ], [ 24.609208448230593, 59.427746975243963 ], [ 24.609152740549696, 59.427774701554227 ], [ 24.609060588149955, 59.427823601800753 ], [ 24.608995557518941, 59.427862053379592 ], [ 24.608953853087687, 59.427894562210518 ], [ 24.608927009539222, 59.427910754567044 ], [ 24.608885741249001, 59.427918306291694 ], [ 24.608853415923637, 59.42792348271638 ], [ 24.608800776920582, 59.427925701016498 ], [ 24.608762719870711, 59.427925607705944 ], [ 24.608734984477078, 59.427931301475155 ], [ 24.608716359937628, 59.427944044659 ], [ 24.60866278313787, 59.427972748334263 ], [ 24.608612743999036, 59.428002243530024 ], [ 24.608574724183732, 59.428033927304675 ], [ 24.608542008177707, 59.428076538053638 ], [ 24.608490064970514, 59.428137639779536 ], [ 24.608461260018981, 59.428172332984261 ], [ 24.60839037371418, 59.42822831576656 ], [ 24.608369844574923, 59.428242952794925 ], [ 24.608362188987179, 59.428248374156901 ], [ 24.608299412027737, 59.428354139766995 ], [ 24.608265557310251, 59.428382303309853 ], [ 24.608234369500259, 59.428401926713974 ], [ 24.608195598796662, 59.428411262006243 ], [ 24.608143706807109, 59.428415900281266 ], [ 24.608084261835465, 59.428421830152551 ], [ 24.608029704396024, 59.428435098268224 ], [ 24.607995209597792, 59.428447106744244 ], [ 24.607964287687999, 59.428461881469559 ], [ 24.607919777181248, 59.428495210813558 ], [ 24.607892059255221, 59.428521730123599 ], [ 24.60787700853988, 59.428567041880704 ], [ 24.607852131058298, 59.428604679098022 ], [ 24.607846386052373, 59.428608565578379 ], [ 24.607834024758237, 59.428616881159385 ], [ 24.607780363154159, 59.428640916999164 ], [ 24.607712726451247, 59.428661785738086 ], [ 24.60763388391679, 59.42867669181517 ], [ 24.607589185765541, 59.428679680870552 ], [ 24.607544862934596, 59.428674050605927 ], [ 24.607477846543773, 59.428660446069614 ], [ 24.60740895362585, 59.428640386977804 ], [ 24.607354531671351, 59.428631571654734 ], [ 24.607315383313349, 59.428629597862837 ], [ 24.607266772013048, 59.428640414535799 ], [ 24.607213435204354, 59.428662922615651 ], [ 24.60714432904857, 59.42871018915308 ], [ 24.607107116189898, 59.428737829276869 ], [ 24.607093503149478, 59.428755037430413 ], [ 24.607089719067254, 59.428770135631169 ], [ 24.607086426825099, 59.428783166937073 ], [ 24.607098224037863, 59.428802591838561 ], [ 24.607123070785725, 59.428822674691069 ], [ 24.607152022915283, 59.428835826594934 ], [ 24.607176102833396, 59.428852412085398 ], [ 24.607192675922789, 59.42887289214822 ], [ 24.607199266186438, 59.428896739607637 ], [ 24.607207253305038, 59.428959539228316 ], [ 24.60720304120396, 59.428980294686575 ], [ 24.607188428586102, 59.429020577414647 ], [ 24.607188433370442, 59.429020846691671 ], [ 24.607163178616606, 59.429076977378273 ], [ 24.607131361386422, 59.429100912198216 ], [ 24.607105975622268, 59.429110005902075 ], [ 24.60704703386909, 59.429114586481063 ], [ 24.606988340821371, 59.429113331073459 ], [ 24.606894094937154, 59.429104250331292 ], [ 24.606828928955654, 59.429095663850262 ], [ 24.606734205635767, 59.429089457718156 ], [ 24.606693436870252, 59.429095480413132 ], [ 24.606596621305385, 59.429130217282307 ], [ 24.606468096402835, 59.429175153986286 ], [ 24.606417805138129, 59.429190645927839 ], [ 24.606312283213803, 59.429221293435042 ], [ 24.606279682526779, 59.429240833101545 ], [ 24.606266110270933, 59.429260374900551 ], [ 24.60626762910756, 59.429286400146736 ], [ 24.606272066487751, 59.429308103167962 ], [ 24.606271156516478, 59.429326329926496 ], [ 24.606258722483116, 59.429350444565856 ], [ 24.606242897086798, 59.429382025426939 ], [ 24.606231734456788, 59.429408288600584 ], [ 24.60622121657152, 59.429441101746946 ], [ 24.606222579905566, 59.429468294670151 ], [ 24.606235637164573, 59.429489239868232 ], [ 24.606259242710514, 59.429508879762146 ], [ 24.60631571897002, 59.429534113319178 ], [ 24.606348378065437, 59.429557571454261 ], [ 24.606376409448611, 59.429588321969135 ], [ 24.606385558129382, 59.429617364124482 ], [ 24.606366955914641, 59.429661255774725 ], [ 24.606359475486343, 59.429686514567337 ], [ 24.606368295714631, 59.42971690473059 ], [ 24.606392251277967, 59.429746327518068 ], [ 24.606406216711051, 59.429768794542561 ], [ 24.606407251741764, 59.429797335468258 ], [ 24.606388895465269, 59.429815373282736 ], [ 24.606359755697088, 59.429831396134652 ], [ 24.6063123602957, 59.429851273239905 ], [ 24.606257701159123, 59.429858975556336 ], [ 24.606165198226183, 59.429858862892836 ], [ 24.606112804943773, 59.429855244159562 ], [ 24.606059147664688, 59.429839961602049 ], [ 24.606001470770416, 59.429806654493767 ], [ 24.605911808152456, 59.429787857183584 ], [ 24.605812561340596, 59.429784992554254 ], [ 24.605757462334179, 59.429787759539515 ], [ 24.605689958121715, 59.429796418384527 ], [ 24.605656305427143, 59.429806357731721 ], [ 24.605628336528959, 59.429818874147372 ], [ 24.605618891723864, 59.429832741607534 ], [ 24.605614931081256, 59.429857804629584 ], [ 24.605621675122425, 59.429900322841263 ], [ 24.605629866784362, 59.429944988784328 ], [ 24.60562682241666, 59.429981986510441 ], [ 24.605618360229975, 59.430041360969909 ], [ 24.605613548076196, 59.430087971821287 ], [ 24.605606624167375, 59.43011484379754 ], [ 24.605590835608503, 59.430138614728214 ], [ 24.605574243693116, 59.430156823840797 ], [ 24.605534672444922, 59.430180793920755 ], [ 24.605440954566781, 59.430231494060486 ], [ 24.605365663449817, 59.430268105862098 ], [ 24.605313178310567, 59.43028917296359 ], [ 24.605215332672422, 59.430325708840776 ], [ 24.60516599050251, 59.430365073758573 ], [ 24.605110526638292, 59.430416944307623 ], [ 24.605078006767258, 59.430441151134801 ], [ 24.605019740369222, 59.430454165719475 ], [ 24.604988982003594, 59.430468400370891 ], [ 24.604964510914325, 59.430499392421019 ], [ 24.604965695719212, 59.430536460453581 ], [ 24.604966127138141, 59.43060064136548 ], [ 24.604966445539088, 59.430648485331673 ], [ 24.604966835247652, 59.430690404394753 ], [ 24.60495393341678, 59.43072798598314 ], [ 24.604925329251149, 59.430774347046352 ], [ 24.604898080629162, 59.43082761387744 ], [ 24.604858387553008, 59.430854726121474 ], [ 24.604811650110182, 59.430872086189652 ], [ 24.604722003335155, 59.430894131648159 ], [ 24.604619613972588, 59.430903039921866 ], [ 24.604489300261871, 59.430907139183674 ], [ 24.604389604319593, 59.430908943376537 ], [ 24.604289265532852, 59.430894323217743 ], [ 24.604224387245431, 59.43089219729152 ], [ 24.604148720451576, 59.430907715027267 ], [ 24.604002818202204, 59.43093701989131 ], [ 24.60390075517633, 59.430974382011435 ], [ 24.603818099250475, 59.431003217019111 ], [ 24.603807943889915, 59.431016818298083 ], [ 24.603816260738814, 59.4310387728883 ], [ 24.603824596764625, 59.431051840530671 ], [ 24.603807169984865, 59.431082710278453 ], [ 24.603682097520903, 59.431303749722673 ], [ 24.603258501605936, 59.431313052119819 ], [ 24.59813798859183, 59.432019086011955 ], [ 24.595502685782449, 59.432483722150373 ], [ 24.590409474022184, 59.433718141734005 ], [ 24.586075229934064, 59.434850333411042 ], [ 24.581415098316224, 59.43605841536538 ], [ 24.577656373813923, 59.436951789832968 ], [ 24.577640528658776, 59.436921428754225 ], [ 24.574895192212253, 59.437190352292269 ], [ 24.574897306775323, 59.437221761055561 ], [ 24.574034510615572, 59.437265111636734 ], [ 24.571769832408481, 59.437162757214658 ], [ 24.568715102379059, 59.436317287228754 ], [ 24.568755757754641, 59.436282372324968 ], [ 24.566567963076849, 59.435582924370237 ], [ 24.566519859406316, 59.435615087911756 ], [ 24.564953986468741, 59.434881338596256 ], [ 24.562355318337147, 59.432729648384054 ], [ 24.558808188263775, 59.434458107436782 ], [ 24.555539191274086, 59.436070844103043 ], [ 24.551768926516157, 59.437927695917743 ], [ 24.551464861976406, 59.438076633695182 ], [ 24.550665646846095, 59.438590743181742 ], [ 24.550380606908789, 59.438756465132826 ] ] ] ] } },
{ "type": "Feature", "properties": { "name": "Pirita linnaosa" }, "geometry": { "type": "MultiPolygon", "coordinates": [ [ [ [ 24.821645035152414, 59.46992235902183 ], [ 24.822526768659799, 59.469571315723506 ], [ 24.822939106513569, 59.469404295909676 ], [ 24.823328866277969, 59.469237496597536 ], [ 24.823519652603569, 59.469163251481788 ], [ 24.82352247001705, 59.469146958934118 ], [ 24.823509902032544, 59.46913638199274 ], [ 24.823493857692434, 59.469129408514497 ], [ 24.823475236741015, 59.469127505072464 ], [ 24.823453352155845, 59.469129248645977 ], [ 24.823431906396017, 59.46913528936313 ], [ 24.822311396473879, 59.469589562866879 ], [ 24.821774268981567, 59.469814630722077 ], [ 24.821609684547262, 59.469879894707091 ], [ 24.821586807952798, 59.4699034757218 ], [ 24.821586971984402, 59.469916886034838 ], [ 24.821602763854418, 59.469926563332649 ], [ 24.821622952098576, 59.469928340572622 ], [ 24.821645035152414, 59.46992235902183 ] ] ], [ [ [ 24.825504024925927, 59.4949449916299 ], [ 24.825709052119237, 59.495002219494744 ], [ 24.826355781897622, 59.49518048657044 ], [ 24.826835804188136, 59.49498474845074 ], [ 24.829197692375327, 59.498144536802116 ], [ 24.832353385050485, 59.497305987095764 ], [ 24.834292179547656, 59.496964922311413 ], [ 24.841512278247073, 59.496009987251767 ], [ 24.844672762585581, 59.495598670661124 ], [ 24.849141584330635, 59.495049506960164 ], [ 24.855825848291961, 59.494194359509947 ], [ 24.856623140408495, 59.49408487398432 ], [ 24.857833775282693, 59.493992983550037 ], [ 24.866658984779871, 59.493641662249637 ], [ 24.867390505453674, 59.493613244777499 ], [ 24.874467041367389, 59.493338149079548 ], [ 24.877026837957334, 59.493137667343397 ], [ 24.879159034362274, 59.492799230150787 ], [ 24.879859456378046, 59.492654341804901 ], [ 24.884673761414668, 59.491658655956726 ], [ 24.888603127859994, 59.490833482312951 ], [ 24.889188340158722, 59.487951293203558 ], [ 24.887831808192594, 59.485213426750839 ], [ 24.889533897251066, 59.484308489132253 ], [ 24.892195959839622, 59.482898461312672 ], [ 24.894328267257784, 59.483227022536546 ], [ 24.89551084894881, 59.482575354345769 ], [ 24.897615452401688, 59.481179591255582 ], [ 24.899674401085402, 59.479845685661672 ], [ 24.900932409562717, 59.479024865550223 ], [ 24.903568391604527, 59.477309382817133 ], [ 24.905202705584877, 59.476254425421544 ], [ 24.907916869646879, 59.476319874863741 ], [ 24.908345405068033, 59.476616662356463 ], [ 24.914302705457789, 59.473681944421827 ], [ 24.914388390372171, 59.473640235684364 ], [ 24.914935590872897, 59.472847634502088 ], [ 24.914866792636484, 59.471748794646253 ], [ 24.915260912778095, 59.470709489628831 ], [ 24.915269395560635, 59.469920625393272 ], [ 24.908739185595909, 59.46918104458495 ], [ 24.907820816677404, 59.467860849101015 ], [ 24.904608491538571, 59.467256883772528 ], [ 24.904258061601936, 59.465674587167818 ], [ 24.903932207014915, 59.463400535185855 ], [ 24.904031765154745, 59.462764283200642 ], [ 24.905479065018699, 59.460563247236834 ], [ 24.904853686027426, 59.460363316956496 ], [ 24.903860676924836, 59.460119315496208 ], [ 24.902660544392887, 59.459504809650362 ], [ 24.902140731732377, 59.459247498725453 ], [ 24.901493265229689, 59.458703616486716 ], [ 24.90114049430224, 59.458313376702137 ], [ 24.900217289925632, 59.4568945026111 ], [ 24.899638868427939, 59.456418364542301 ], [ 24.899549191523722, 59.456354432355155 ], [ 24.898575174797895, 59.455821113550016 ], [ 24.897511482583631, 59.455443879849383 ], [ 24.894491825497369, 59.454604062419506 ], [ 24.893309038371505, 59.454470161605833 ], [ 24.891040204614473, 59.454550249850435 ], [ 24.887963201345261, 59.454811607143789 ], [ 24.884793745965379, 59.454956902460289 ], [ 24.884402997520411, 59.454963655454179 ], [ 24.884163348071517, 59.454949374738504 ], [ 24.883112391683376, 59.454982277121054 ], [ 24.880277294027561, 59.455000262780153 ], [ 24.877130193001975, 59.454864335431957 ], [ 24.877001683663842, 59.454858817302444 ], [ 24.876382894929517, 59.454863742821239 ], [ 24.869791675345343, 59.455145939323941 ], [ 24.868804772159319, 59.455139703764623 ], [ 24.865648897152823, 59.455038660037957 ], [ 24.864212720726091, 59.454886503875592 ], [ 24.861747186610625, 59.454784517323212 ], [ 24.856756863331128, 59.453601410230441 ], [ 24.854751080722551, 59.453103473110978 ], [ 24.853655679023866, 59.452612536511687 ], [ 24.853187074675866, 59.452310895745114 ], [ 24.852905185528439, 59.452114780121455 ], [ 24.851396209675251, 59.45168018382482 ], [ 24.849954323099851, 59.45146731612369 ], [ 24.847373295987886, 59.451431159310552 ], [ 24.844426070176308, 59.451936542230797 ], [ 24.842732511676907, 59.452233660109535 ], [ 24.841295808899716, 59.452401644083807 ], [ 24.839762660581446, 59.452247507904403 ], [ 24.836255193968167, 59.452641641880057 ], [ 24.834125392029701, 59.452934414805412 ], [ 24.83292209881958, 59.45305316171244 ], [ 24.830888702412306, 59.453100024227844 ], [ 24.828833473232002, 59.45296673713986 ], [ 24.827648798702395, 59.452974184999327 ], [ 24.823279345447293, 59.45326153279656 ], [ 24.820758535130938, 59.453695313648424 ], [ 24.817195448982893, 59.454078960786589 ], [ 24.815601110506698, 59.453701399846267 ], [ 24.816035205388157, 59.45452009306733 ], [ 24.816397984159419, 59.456750654988284 ], [ 24.814996946177537, 59.456800622139532 ], [ 24.810370129360344, 59.456995957192831 ], [ 24.810548419153847, 59.457199417137971 ], [ 24.810957532312834, 59.457671908424821 ], [ 24.811655880264393, 59.458415243170116 ], [ 24.811746615910877, 59.458474092824261 ], [ 24.811902791269823, 59.458563239939224 ], [ 24.812090010704072, 59.458686756309888 ], [ 24.812586251034585, 59.45898021037798 ], [ 24.81305849483023, 59.459265354500744 ], [ 24.81315054215899, 59.459314661718764 ], [ 24.813258529925495, 59.459382398650789 ], [ 24.813504399103874, 59.459518648218626 ], [ 24.813646408360441, 59.459604227178858 ], [ 24.81368444312783, 59.459634387832644 ], [ 24.813746967158533, 59.459673912672983 ], [ 24.813794256881121, 59.459700218944917 ], [ 24.813922454653326, 59.459754535848376 ], [ 24.813977474989116, 59.459792194866871 ], [ 24.814173890985376, 59.459888846705979 ], [ 24.814520124802993, 59.460086216806083 ], [ 24.814927423376286, 59.460339277593398 ], [ 24.815089760404902, 59.460416183363222 ], [ 24.815529378885856, 59.460693737619394 ], [ 24.815576519845965, 59.460728464436613 ], [ 24.815725069985781, 59.460837888014666 ], [ 24.815808827097197, 59.460906724414592 ], [ 24.816065094705252, 59.461087546602712 ], [ 24.816167776802448, 59.461166723568958 ], [ 24.816238600418959, 59.461240388540006 ], [ 24.816271418143149, 59.461286739043771 ], [ 24.816296885419838, 59.461336932267379 ], [ 24.816307099394958, 59.461373925306191 ], [ 24.816294350822204, 59.461387298948722 ], [ 24.816229876758605, 59.461422851548136 ], [ 24.816096780990765, 59.461476872518567 ], [ 24.815909611274215, 59.461581767655403 ], [ 24.815890853109309, 59.46159459497229 ], [ 24.815883154450589, 59.461606752365761 ], [ 24.81589490181063, 59.46162158114997 ], [ 24.815955285125767, 59.461648757125644 ], [ 24.816027143447947, 59.46168821411672 ], [ 24.816902146531667, 59.46221958852523 ], [ 24.817021362906448, 59.462301858073033 ], [ 24.817289428029998, 59.462460548700754 ], [ 24.818995684270888, 59.463517712134681 ], [ 24.81929513401894, 59.463706814615584 ], [ 24.819884309200692, 59.464068928762849 ], [ 24.820451049648888, 59.464428334322534 ], [ 24.820661154179984, 59.464549586592575 ], [ 24.820696026338918, 59.464563624616254 ], [ 24.820726015547887, 59.46574938259765 ], [ 24.820750911393869, 59.46673348981524 ], [ 24.819945334562483, 59.467075259915099 ], [ 24.819393402508958, 59.467303507542546 ], [ 24.818946746577961, 59.467496977867121 ], [ 24.81845041972301, 59.467706168253727 ], [ 24.817978517674042, 59.467905061351004 ], [ 24.817477141687299, 59.468113094363162 ], [ 24.81731825196265, 59.468171603069578 ], [ 24.816882249755174, 59.46835273781987 ], [ 24.816875848771502, 59.468380102856671 ], [ 24.816962694405213, 59.468683976674463 ], [ 24.817468015920785, 59.47010816256045 ], [ 24.8174875507653, 59.470112861942084 ], [ 24.817630447076588, 59.470099919785284 ], [ 24.817641652001633, 59.470091214606867 ], [ 24.817615070156865, 59.470023568821894 ], [ 24.817601949522434, 59.47001931441919 ], [ 24.817553273794275, 59.470019822808645 ], [ 24.816985630254905, 59.468412196695496 ], [ 24.817967813816598, 59.468010461535449 ], [ 24.818687987930765, 59.467704755626485 ], [ 24.818873910936361, 59.467625520399523 ], [ 24.819375318584161, 59.467423128148397 ], [ 24.820669479195793, 59.466884160933631 ], [ 24.821146661385725, 59.466670619770639 ], [ 24.821240898181056, 59.46664758160103 ], [ 24.822267120158479, 59.466829731960487 ], [ 24.822825717896492, 59.466928877602264 ], [ 24.822898220845506, 59.467136229110686 ], [ 24.822931565406773, 59.467231623935795 ], [ 24.823041111112747, 59.467219467536381 ], [ 24.823059546072582, 59.467269299381954 ], [ 24.822946811251867, 59.467283073580376 ], [ 24.823077454811795, 59.46767038805541 ], [ 24.823099852214625, 59.467736766330283 ], [ 24.822489273983507, 59.46799409200861 ], [ 24.821990710116804, 59.467684216995153 ], [ 24.821588566936725, 59.467434260723756 ], [ 24.821562026052298, 59.467444776425673 ], [ 24.821535485151522, 59.467455292122196 ], [ 24.82190587756854, 59.467684746040149 ], [ 24.822439243926873, 59.468015140627578 ], [ 24.821610274188942, 59.46836176148139 ], [ 24.820706778282602, 59.467800918311951 ], [ 24.820687744909907, 59.46780823622602 ], [ 24.820657420671083, 59.46781988842227 ], [ 24.821563237957523, 59.468381184247775 ], [ 24.820467258715116, 59.468833709387361 ], [ 24.819571434319883, 59.468282074882985 ], [ 24.819541155724696, 59.468293457227404 ], [ 24.819516156732174, 59.468302858771921 ], [ 24.819495077237086, 59.468321957815739 ], [ 24.819499099527018, 59.468364590558913 ], [ 24.819873576007343, 59.468585047888013 ], [ 24.821171447742884, 59.469401334656411 ], [ 24.821264311180716, 59.469454338583752 ], [ 24.821379154163662, 59.469513184026333 ], [ 24.821494569712986, 59.4695159118329 ], [ 24.821544192210318, 59.469495404750738 ], [ 24.820637502442025, 59.468938656555153 ], [ 24.820807313909448, 59.468873738217248 ], [ 24.820982577760279, 59.468800114103956 ], [ 24.821733744382747, 59.468484539494042 ], [ 24.822633968269923, 59.469037711967495 ], [ 24.822682528865858, 59.469017848424869 ], [ 24.821787167341082, 59.468462231200377 ], [ 24.822652961099713, 59.468096976964134 ], [ 24.823181889123088, 59.468213505926592 ], [ 24.823295226165005, 59.468238471685453 ], [ 24.823324777566988, 59.468264274944715 ], [ 24.823357953290678, 59.46839425832114 ], [ 24.823474606246311, 59.468691909587733 ], [ 24.823489752534275, 59.468701150833994 ], [ 24.823925207360016, 59.468956054790524 ], [ 24.824312160707983, 59.469182570792853 ], [ 24.824987310424945, 59.469577778590214 ], [ 24.824689146667385, 59.469693587043452 ], [ 24.823138537704338, 59.470325569429285 ], [ 24.822089352476752, 59.470760481025238 ], [ 24.821896028288119, 59.470833860046795 ], [ 24.821640224918557, 59.470937538928091 ], [ 24.821618345089401, 59.470943196040309 ], [ 24.82156400621303, 59.470948139831421 ], [ 24.821474063654758, 59.47094778476395 ], [ 24.820336695704356, 59.470878897504925 ], [ 24.81996243784468, 59.47085890089658 ], [ 24.819746014709203, 59.470853613171229 ], [ 24.819572715010707, 59.470856773431912 ], [ 24.819536271456208, 59.4708539479143 ], [ 24.819512909527603, 59.470841238399665 ], [ 24.819471516678718, 59.47082771637043 ], [ 24.819423785396925, 59.470822788613567 ], [ 24.819267795731925, 59.470820975443054 ], [ 24.81917703873884, 59.470808720648492 ], [ 24.81909951925887, 59.470786455202592 ], [ 24.818371194757859, 59.470547322113731 ], [ 24.818390867756538, 59.470526131442945 ], [ 24.818383999931974, 59.470516335521886 ], [ 24.81827392145313, 59.47048028590401 ], [ 24.818255424634842, 59.470482842416892 ], [ 24.818177753880736, 59.470550614574961 ], [ 24.818179665744161, 59.470559723125874 ], [ 24.818908326819876, 59.470796754605217 ], [ 24.81900097389833, 59.470841466889468 ], [ 24.819127582715502, 59.470889226638306 ], [ 24.819292179555845, 59.470940933338511 ], [ 24.819348375163262, 59.470948654172069 ], [ 24.819405334972, 59.470949260613445 ], [ 24.819597189152859, 59.470930491266721 ], [ 24.819671997106784, 59.470919155203191 ], [ 24.819779594789779, 59.470916430380697 ], [ 24.820155344531109, 59.470933886773189 ], [ 24.820984328110701, 59.470980674814456 ], [ 24.821034386909322, 59.470991404472691 ], [ 24.821336537226856, 59.471017556618165 ], [ 24.821380369870731, 59.471015865152602 ], [ 24.821524471163134, 59.471030164829578 ], [ 24.8215683494, 59.471030367120733 ], [ 24.821601882127336, 59.471027312468728 ], [ 24.821664147409955, 59.471015999590627 ], [ 24.82170117917688, 59.471002940907077 ], [ 24.821724400092567, 59.470988505093345 ], [ 24.821834918285404, 59.470945885467565 ], [ 24.822103840029179, 59.470830239111052 ], [ 24.822499118437925, 59.470677115622891 ], [ 24.822765596492772, 59.470570046989593 ], [ 24.823754324547547, 59.470164852894101 ], [ 24.825076489419679, 59.469635722217824 ], [ 24.825112629583447, 59.469624571214787 ], [ 24.82515746383277, 59.469625717856886 ], [ 24.825193225157349, 59.469636840654964 ], [ 24.825226209087617, 59.469653474636637 ], [ 24.825307837776066, 59.469703359326573 ], [ 24.825321978883188, 59.469706008707149 ], [ 24.825350674846572, 59.469702884630365 ], [ 24.825441634262901, 59.469664450868585 ], [ 24.825726507411627, 59.46955355347751 ], [ 24.82587369530205, 59.469490000137242 ], [ 24.825932178125683, 59.469452308122605 ], [ 24.82599146165693, 59.469397411501497 ], [ 24.826077400256871, 59.469287885508656 ], [ 24.826102231660339, 59.469262128024361 ], [ 24.826138221633531, 59.469244801631753 ], [ 24.826192620499675, 59.469235914735989 ], [ 24.826320274674028, 59.469245796905554 ], [ 24.826410149358001, 59.469256642952693 ], [ 24.826524041174142, 59.469276593424105 ], [ 24.826655242078164, 59.469317099852482 ], [ 24.826799536990784, 59.469378188627715 ], [ 24.8270177449225, 59.469485133830723 ], [ 24.827131383754004, 59.469552105890166 ], [ 24.827307235351871, 59.469645061241373 ], [ 24.827369552010122, 59.469673889597019 ], [ 24.827696222098595, 59.46980722686888 ], [ 24.827768518385618, 59.469843829123157 ], [ 24.828172965562231, 59.47006645381132 ], [ 24.828288296254325, 59.470145541921113 ], [ 24.828356966115741, 59.470206386071688 ], [ 24.828807475345354, 59.470538451841144 ], [ 24.828872381637751, 59.470596069784889 ], [ 24.829066489484024, 59.470768406613153 ], [ 24.829182707062081, 59.470883817504024 ], [ 24.829292693365705, 59.470973620760354 ], [ 24.829557816254791, 59.47116648885666 ], [ 24.829840790276315, 59.471402691782409 ], [ 24.829907743268912, 59.471449299745686 ], [ 24.830054884515963, 59.471569506272985 ], [ 24.830215088955775, 59.471708876631737 ], [ 24.830308253775801, 59.47179735767866 ], [ 24.830414567900405, 59.471908556906577 ], [ 24.830573364450963, 59.472047217555236 ], [ 24.8306656442156, 59.472147822611824 ], [ 24.830826238611241, 59.472329811636847 ], [ 24.830886456239963, 59.472427171522384 ], [ 24.830996289802531, 59.472568276756263 ], [ 24.83108951101131, 59.472658893371694 ], [ 24.831295651211626, 59.472901286818562 ], [ 24.831344352874392, 59.472946581840432 ], [ 24.831471526412841, 59.473051239217234 ], [ 24.831630853317101, 59.473211269009852 ], [ 24.831688126320387, 59.473262928243265 ], [ 24.831757103597774, 59.473335878390401 ], [ 24.831868932508456, 59.473442768682524 ], [ 24.831951078866275, 59.473538445675793 ], [ 24.832118824335492, 59.473699139889142 ], [ 24.832167806303172, 59.473755115230333 ], [ 24.832238544575304, 59.473842318143866 ], [ 24.832378124153294, 59.473996771428297 ], [ 24.832616158695235, 59.474283136228784 ], [ 24.832884907020887, 59.474624172741549 ], [ 24.832942358009888, 59.474682948904842 ], [ 24.833118212764518, 59.474888483569799 ], [ 24.833240820515496, 59.475065036339714 ], [ 24.833301046901276, 59.475162996479355 ], [ 24.833383746788389, 59.475268723079957 ], [ 24.833490429854034, 59.475394172625784 ], [ 24.833515271225352, 59.475436772050145 ], [ 24.833542202415654, 59.475507141443082 ], [ 24.833571535422003, 59.475550152318981 ], [ 24.833621608413793, 59.475600024966511 ], [ 24.833958145573334, 59.476018997998054 ], [ 24.834166518319424, 59.476300529543785 ], [ 24.834263799653634, 59.476442429566092 ], [ 24.834282998045918, 59.476482919094323 ], [ 24.834336621458906, 59.476557392346407 ], [ 24.834381308302277, 59.476609130054719 ], [ 24.834484305611845, 59.476755257708788 ], [ 24.834542337723292, 59.47683825785321 ], [ 24.834626921434527, 59.47697595604339 ], [ 24.834681940569297, 59.47704972012388 ], [ 24.834784278537327, 59.477226489503195 ], [ 24.834826928672364, 59.477309586912881 ], [ 24.834930540280894, 59.477480656818472 ], [ 24.83502216650956, 59.477677449243465 ], [ 24.835115988661716, 59.477849290160258 ], [ 24.835166724049145, 59.47791950840007 ], [ 24.835320117391596, 59.478179330334385 ], [ 24.835529844448914, 59.478566337307932 ], [ 24.835655539465105, 59.478781441429966 ], [ 24.835694795241825, 59.478840331694585 ], [ 24.835752417226654, 59.478963235701393 ], [ 24.835890537349449, 59.479171133251242 ], [ 24.83592361021352, 59.479263555037491 ], [ 24.835978568177353, 59.479392176084311 ], [ 24.835999932139362, 59.479464007523454 ], [ 24.836135675151365, 59.479803025830414 ], [ 24.83635282742371, 59.480207094026682 ], [ 24.836421712889564, 59.480389774476144 ], [ 24.836437031376924, 59.480443116094136 ], [ 24.836466620686444, 59.48050777666716 ], [ 24.83656504520502, 59.480845128111248 ], [ 24.836575268765042, 59.480892891542993 ], [ 24.836581924902408, 59.480984439422315 ], [ 24.836605331309247, 59.481082622581489 ], [ 24.836620091376489, 59.48111388482689 ], [ 24.83666999171092, 59.481168434283603 ], [ 24.836693237660494, 59.481202488312569 ], [ 24.836725531437839, 59.481340687400063 ], [ 24.836799704713211, 59.481521502776367 ], [ 24.836821382057803, 59.481574328206811 ], [ 24.83683227525491, 59.481619151951129 ], [ 24.836869499898565, 59.481709410616304 ], [ 24.836918421682896, 59.481877253146322 ], [ 24.836987243753732, 59.482057087981069 ], [ 24.837010145457707, 59.482133900531238 ], [ 24.837209836656864, 59.48260205542821 ], [ 24.837229007914182, 59.482677832354881 ], [ 24.837298874104096, 59.48286915961075 ], [ 24.837305050125522, 59.482909408166542 ], [ 24.837343011598449, 59.483029581584191 ], [ 24.837374423296396, 59.483168333622871 ], [ 24.837398562800185, 59.483239428991403 ], [ 24.837473106059019, 59.48342350011869 ], [ 24.837534753381906, 59.483526485110517 ], [ 24.837552694021916, 59.483568615858488 ], [ 24.83755444538459, 59.483598982139171 ], [ 24.837574211349526, 59.483662986665124 ], [ 24.837614053369549, 59.483745391723033 ], [ 24.837651952100028, 59.483920431462323 ], [ 24.837689583600007, 59.484027069868119 ], [ 24.837686363831665, 59.48406700105518 ], [ 24.837665808222063, 59.484143362391201 ], [ 24.837661558319585, 59.484185903383541 ], [ 24.837737588576939, 59.484557606323804 ], [ 24.837758982382834, 59.484687866984373 ], [ 24.83777704042032, 59.484739054503422 ], [ 24.837828583453867, 59.485070768779707 ], [ 24.837825765678307, 59.485347693077301 ], [ 24.837834784708257, 59.485485698471209 ], [ 24.837845595066714, 59.48565136785016 ], [ 24.837831437838627, 59.485759762495341 ], [ 24.837846783998625, 59.485871533462095 ], [ 24.837843097289873, 59.48594994201099 ], [ 24.83784703995849, 59.48599693726301 ], [ 24.837867170550819, 59.486084332830558 ], [ 24.837844365228925, 59.486297648976311 ], [ 24.837799756549582, 59.486430932135015 ], [ 24.83778474445209, 59.486532563688819 ], [ 24.837787948595945, 59.486568172109706 ], [ 24.837782690842655, 59.48659195802945 ], [ 24.837770354490047, 59.486612817609199 ], [ 24.837740600344695, 59.486637351612238 ], [ 24.837728731994602, 59.486724708078228 ], [ 24.837698703969544, 59.486832970078815 ], [ 24.837601401012556, 59.487103160306006 ], [ 24.837572243934876, 59.4871520354477 ], [ 24.837517018390937, 59.487232539687824 ], [ 24.837487423929492, 59.487263607690714 ], [ 24.837433376186276, 59.487297200835314 ], [ 24.837429326386868, 59.487322756459584 ], [ 24.837437177339115, 59.487357141458752 ], [ 24.837429528566069, 59.487379165139316 ], [ 24.837395172902767, 59.487406098135544 ], [ 24.837376098553513, 59.487437934147046 ], [ 24.837349634316482, 59.487462797250934 ], [ 24.83733976015461, 59.487479009137573 ], [ 24.837327001557668, 59.487530868097231 ], [ 24.837280864534065, 59.487591960619248 ], [ 24.837262191449437, 59.487630086771198 ], [ 24.837230430012006, 59.487667811267201 ], [ 24.837167781038367, 59.487703361969544 ], [ 24.837152364791255, 59.487722454653529 ], [ 24.837145179823832, 59.487733900746527 ], [ 24.837146217210851, 59.487776174694496 ], [ 24.837111568136539, 59.487810596087655 ], [ 24.837078291703858, 59.487834066089995 ], [ 24.837053991443579, 59.487862263722377 ], [ 24.837047627831613, 59.487907906043816 ], [ 24.83703319232573, 59.487944676699165 ], [ 24.837006465707443, 59.487988365650892 ], [ 24.836873683025356, 59.488129999784142 ], [ 24.83681211292021, 59.488187276184405 ], [ 24.836785637149752, 59.488220343989724 ], [ 24.836761422533364, 59.488254932467598 ], [ 24.836750766750164, 59.488284632348595 ], [ 24.836645635695248, 59.488469286921706 ], [ 24.83659606838723, 59.488534548187317 ], [ 24.836529487713936, 59.488622188676864 ], [ 24.836458644830426, 59.48868286306115 ], [ 24.836346166742068, 59.488758020623649 ], [ 24.83630439336066, 59.488809336325275 ], [ 24.836264310436924, 59.488872014838655 ], [ 24.836089425294489, 59.489020863059459 ], [ 24.836039536948714, 59.489057256890234 ], [ 24.835982632590802, 59.489088255262807 ], [ 24.835815404133566, 59.489146281650058 ], [ 24.835765029949293, 59.489157821827227 ], [ 24.835718800503422, 59.489161310505132 ], [ 24.83561782777285, 59.489158664818731 ], [ 24.835494814375501, 59.489168465811957 ], [ 24.835271349036859, 59.489215635792057 ], [ 24.835211700377428, 59.48922542119076 ], [ 24.835096574272622, 59.489226482366249 ], [ 24.83502258753607, 59.489232426651419 ], [ 24.834929161015086, 59.489251806484923 ], [ 24.834908460563895, 59.489258445676683 ], [ 24.834845436561057, 59.489281053120855 ], [ 24.834759124990168, 59.489308448913818 ], [ 24.834645987561753, 59.489338860051923 ], [ 24.834554674245705, 59.489358782800835 ], [ 24.834472198328811, 59.489371988822015 ], [ 24.834414337682517, 59.489386340684455 ], [ 24.834387702473563, 59.489400755298085 ], [ 24.834356019403504, 59.489425282729037 ], [ 24.834326446558261, 59.489442274287406 ], [ 24.834264373061654, 59.489464803620578 ], [ 24.834209092407153, 59.48948361846773 ], [ 24.834163838478077, 59.489506813362915 ], [ 24.834133383354946, 59.489542589811805 ], [ 24.834108330827092, 59.489576985572072 ], [ 24.834074682027534, 59.489598374525414 ], [ 24.834021857625547, 59.489612263476687 ], [ 24.833959879006009, 59.489635806434038 ], [ 24.833883349321002, 59.489664127227108 ], [ 24.833797088930112, 59.489703075123671 ], [ 24.833709987762692, 59.489723518227279 ], [ 24.833660503523816, 59.489744091545084 ], [ 24.833559173442076, 59.489820064867274 ], [ 24.83348585887045, 59.489856471103025 ], [ 24.833413794374081, 59.489884808280351 ], [ 24.833349307558148, 59.489898923257002 ], [ 24.833305843717021, 59.489918129838038 ], [ 24.833244922294305, 59.489957536653819 ], [ 24.833208647602678, 59.489971904199876 ], [ 24.833097709135018, 59.489994930180266 ], [ 24.832922781700017, 59.490057543683761 ], [ 24.832907505843206, 59.490063008248754 ], [ 24.832755955234813, 59.490123041194053 ], [ 24.832555849874982, 59.490189736010144 ], [ 24.832353745236045, 59.490276524104218 ], [ 24.832316240424237, 59.490296931532001 ], [ 24.832240734318741, 59.490310891077819 ], [ 24.832194012872371, 59.490324677932939 ], [ 24.832036628431723, 59.490393849255305 ], [ 24.832000544903998, 59.490421159714025 ], [ 24.831950692171755, 59.490486052862146 ], [ 24.83193350518879, 59.490547786595144 ], [ 24.831856435812451, 59.490615652119679 ], [ 24.831793409617884, 59.490663689180209 ], [ 24.831696648806727, 59.490726813399469 ], [ 24.831420948377293, 59.490918526381755 ], [ 24.83121177660129, 59.491040833268769 ], [ 24.831154592466625, 59.49106283655766 ], [ 24.831109671694154, 59.491076692458378 ], [ 24.831050764179981, 59.491088823174401 ], [ 24.830961331988735, 59.491118130168189 ], [ 24.830874810546444, 59.491162589446745 ], [ 24.830797045622198, 59.491188995153863 ], [ 24.830608625021334, 59.49127564939193 ], [ 24.830445786690397, 59.491332824263722 ], [ 24.830333861638604, 59.491385190045975 ], [ 24.830186668041495, 59.491442625165661 ], [ 24.829910769504512, 59.491522306469015 ], [ 24.829682019394799, 59.491582471419406 ], [ 24.829305240679496, 59.491660057063491 ], [ 24.829211290861469, 59.491658313807172 ], [ 24.829163263621282, 59.491646102181384 ], [ 24.829102650776189, 59.491623000088502 ], [ 24.828950228825153, 59.49156057345153 ], [ 24.82876647740634, 59.491476422329661 ], [ 24.828702510534935, 59.491442389518404 ], [ 24.828646012650992, 59.491400455111261 ], [ 24.827882038314364, 59.491056704255051 ], [ 24.82777554624111, 59.490988296717703 ], [ 24.82770475682069, 59.490960356564258 ], [ 24.827623514160702, 59.491005741070929 ], [ 24.826970414640193, 59.490701540861863 ], [ 24.826896264244382, 59.490738783442289 ], [ 24.827557189087681, 59.491049766206054 ], [ 24.827486860311424, 59.491099022928921 ], [ 24.827562372285406, 59.491128809703142 ], [ 24.827886595880145, 59.491288849811966 ], [ 24.828214715075784, 59.491444178817041 ], [ 24.828307991258395, 59.491486537738325 ], [ 24.828381693214865, 59.491509324589344 ], [ 24.828495547833917, 59.491564606296436 ], [ 24.828514423703844, 59.491624452283283 ], [ 24.828512188140341, 59.491690840268326 ], [ 24.828499048866775, 59.491737817240775 ], [ 24.828417393599906, 59.491869453223686 ], [ 24.828267867173874, 59.492041847817291 ], [ 24.82778632472953, 59.492532953480129 ], [ 24.827734406748839, 59.492601942280309 ], [ 24.827673611663215, 59.492709577702406 ], [ 24.827615326728818, 59.492790455677167 ], [ 24.827593701426199, 59.492828966863321 ], [ 24.827481521236379, 59.492935227985257 ], [ 24.827455354831613, 59.492953920098287 ], [ 24.827433544500639, 59.492978994259772 ], [ 24.827411307590904, 59.493043972627682 ], [ 24.827372181290116, 59.493106211312728 ], [ 24.827355792938693, 59.493124123929974 ], [ 24.827318717823697, 59.493212714363452 ], [ 24.827293748200116, 59.493338984947755 ], [ 24.827292153678517, 59.493354758072343 ], [ 24.827281329145514, 59.493462331182521 ], [ 24.827267026544334, 59.49350802263185 ], [ 24.827218656105948, 59.493593829264405 ], [ 24.827165497671967, 59.493654728571094 ], [ 24.827040623745908, 59.49382152706756 ], [ 24.826861552861775, 59.494006483970338 ], [ 24.826767796679292, 59.494069064886084 ], [ 24.826742077830311, 59.494106273005407 ], [ 24.826710573592113, 59.494136398841817 ], [ 24.826690242701755, 59.494165027344536 ], [ 24.826548523262964, 59.49427208311689 ], [ 24.826401656110452, 59.494398408081679 ], [ 24.826320361938478, 59.494455919526203 ], [ 24.826152813492051, 59.494538199333718 ], [ 24.825880434120105, 59.494689537892668 ], [ 24.825830523635066, 59.494711223937628 ], [ 24.825772417971219, 59.494742225237175 ], [ 24.82573516165218, 59.494765968482874 ], [ 24.825591061017949, 59.494891566008754 ], [ 24.825504024925927, 59.4949449916299 ] ] ] ] } },
{ "type": "Feature", "properties": { "name": "Nõmme linnaosa" }, "geometry": { "type": "MultiPolygon", "coordinates": [ [ [ [ 24.6262024536619, 59.352182098632127 ], [ 24.626394073529077, 59.352134325451061 ], [ 24.626603318142056, 59.352098676522466 ], [ 24.626948045486262, 59.352060136432222 ], [ 24.627044279375824, 59.352054649992304 ], [ 24.627141040566013, 59.3520491609641 ], [ 24.627336249932537, 59.352034314560129 ], [ 24.6274596206034, 59.352022773438676 ], [ 24.627592998964296, 59.35201055600038 ], [ 24.627681225147644, 59.35198060035578 ], [ 24.6277831302402, 59.351939268352233 ], [ 24.627935409446906, 59.351912866458818 ], [ 24.628082209438322, 59.351923206201839 ], [ 24.628114770883808, 59.351925384498593 ], [ 24.628912161334465, 59.351800829369608 ], [ 24.628964238779613, 59.351803183318538 ], [ 24.629246606058807, 59.351882264160977 ], [ 24.629299083028002, 59.351887219371896 ], [ 24.629457293011097, 59.351906210531041 ], [ 24.629527773476397, 59.35191511898983 ], [ 24.629608403581255, 59.351931070531322 ], [ 24.629659301120661, 59.351945728248189 ], [ 24.629701378518494, 59.351958722614029 ], [ 24.629764211611288, 59.351981940918293 ], [ 24.629844671208183, 59.352055524989119 ], [ 24.630041064405258, 59.352152880441281 ], [ 24.630227032827623, 59.352275959623576 ], [ 24.630421751561432, 59.352425478473137 ], [ 24.630647508989114, 59.352570718631632 ], [ 24.630743319802274, 59.352666311680103 ], [ 24.630928722687671, 59.35279657412584 ], [ 24.631089813598354, 59.352876233501895 ], [ 24.631202451592049, 59.352940415906197 ], [ 24.631502130474928, 59.353175786750413 ], [ 24.631607483338112, 59.353245210447547 ], [ 24.631722618185876, 59.353292144710146 ], [ 24.63201707355703, 59.353072589035705 ], [ 24.632126312937007, 59.352952490754298 ], [ 24.632269372043417, 59.352883667367706 ], [ 24.632358629410501, 59.352862052158962 ], [ 24.632585506670136, 59.352838876510603 ], [ 24.632686136342588, 59.352842880316608 ], [ 24.632935554975933, 59.352888448507336 ], [ 24.632972363095874, 59.352920588074085 ], [ 24.632967619008696, 59.352987309491283 ], [ 24.632895897320573, 59.353177786351665 ], [ 24.632903297013417, 59.353245257171309 ], [ 24.632936314597053, 59.353291059934314 ], [ 24.632985099655397, 59.353324398553347 ], [ 24.633084351327316, 59.353358391628461 ], [ 24.633211695193403, 59.353371422747735 ], [ 24.633504421272292, 59.353353493779252 ], [ 24.633685375252266, 59.353337539719035 ], [ 24.634081333177711, 59.35330268364018 ], [ 24.634275044830172, 59.35330165864702 ], [ 24.634376172706158, 59.353322984226928 ], [ 24.634427231554191, 59.353365108723352 ], [ 24.634445306329368, 59.353410803746847 ], [ 24.634420656980822, 59.353484713128779 ], [ 24.634183234773825, 59.353593672471845 ], [ 24.634102175200269, 59.353649810498233 ], [ 24.634094333155716, 59.353701016823862 ], [ 24.634125656403594, 59.353750148931042 ], [ 24.634174959769062, 59.353801887304009 ], [ 24.634215045795006, 59.35392548555312 ], [ 24.634384049096305, 59.353947560634396 ], [ 24.634575151863402, 59.353966835664643 ], [ 24.634721774692867, 59.353967024963104 ], [ 24.634903860943705, 59.353955103385864 ], [ 24.635580536116617, 59.353879925860859 ], [ 24.635763216473304, 59.353824282583574 ], [ 24.635791342236903, 59.353805205139977 ], [ 24.636012073480181, 59.353791658659262 ], [ 24.636494467317128, 59.353706195766854 ], [ 24.636938255006744, 59.353615173056937 ], [ 24.636986183534876, 59.353592767634915 ], [ 24.637033434393025, 59.353562286245555 ], [ 24.637121361791312, 59.353563744956872 ], [ 24.637401269450347, 59.353565528951201 ], [ 24.6379461553373, 59.353550944490053 ], [ 24.638178013705854, 59.353540302703323 ], [ 24.638324873948442, 59.353553323828365 ], [ 24.638436697735376, 59.353582404248918 ], [ 24.638530919873187, 59.353600887590702 ], [ 24.638677018713349, 59.35362962165334 ], [ 24.63875911696303, 59.353648433087528 ], [ 24.639015296425235, 59.353706973461769 ], [ 24.639142334329662, 59.353741096123123 ], [ 24.639508079080116, 59.353839408810074 ], [ 24.639911606616945, 59.353936818278413 ], [ 24.640289853781692, 59.35400777802581 ], [ 24.640526207962065, 59.354030594148533 ], [ 24.640932816677807, 59.354029328991807 ], [ 24.64112939331886, 59.354002695673827 ], [ 24.641335353176881, 59.3539514194525 ], [ 24.641507097235667, 59.353894295460748 ], [ 24.641626606159541, 59.353845415866736 ], [ 24.641719643327992, 59.35381928735886 ], [ 24.641780434964708, 59.353817374513824 ], [ 24.641932313192555, 59.353863491986793 ], [ 24.642095735204361, 59.353962696307327 ], [ 24.642118799772874, 59.354011418083026 ], [ 24.642201961147311, 59.354086776861649 ], [ 24.642272697801189, 59.354118299132956 ], [ 24.642353106710821, 59.354121855805751 ], [ 24.642465335523173, 59.354116010563779 ], [ 24.642578424062055, 59.354118509568707 ], [ 24.642705145327501, 59.354135484409177 ], [ 24.642772742545905, 59.354158942533104 ], [ 24.642789375992479, 59.354192793951377 ], [ 24.64279693666407, 59.354352097527297 ], [ 24.642828047240215, 59.354389199561332 ], [ 24.642893459195754, 59.354417964708325 ], [ 24.642985736579607, 59.354416884675054 ], [ 24.643325583021745, 59.354361538685943 ], [ 24.643552782321681, 59.354336636925929 ], [ 24.643648004986535, 59.354351969787103 ], [ 24.643718535676481, 59.354381786677649 ], [ 24.643753324693286, 59.354436824340162 ], [ 24.643762293044599, 59.35449306576718 ], [ 24.643760186357206, 59.354558697479732 ], [ 24.643641408650293, 59.354683879357218 ], [ 24.643623370324267, 59.354715656314283 ], [ 24.643631407650382, 59.354759783445729 ], [ 24.64370009487838, 59.354794367152692 ], [ 24.644005375381244, 59.354873393956659 ], [ 24.644287781885843, 59.354979373277367 ], [ 24.644370538797322, 59.355004820926339 ], [ 24.64448918273991, 59.355031439000655 ], [ 24.644653556317348, 59.355077761354423 ], [ 24.644732419149424, 59.355120463598986 ], [ 24.644796824929756, 59.355160992526265 ], [ 24.644885028817637, 59.355204905599642 ], [ 24.644976926265159, 59.355230218227426 ], [ 24.645110976967764, 59.355244012852843 ], [ 24.645206916102467, 59.355250543681336 ], [ 24.645526516303008, 59.355240086379446 ], [ 24.64571153947292, 59.355206590767231 ], [ 24.64579739002971, 59.355181571944598 ], [ 24.645888087663863, 59.355133907357263 ], [ 24.6460699816787, 59.35506505749489 ], [ 24.646156674360594, 59.355019477108989 ], [ 24.646230433791608, 59.355005918180204 ], [ 24.64644770363266, 59.354995064296993 ], [ 24.646527832064027, 59.354983628322415 ], [ 24.646594069063852, 59.354962745123316 ], [ 24.646626214292606, 59.354942658095268 ], [ 24.646673687052164, 59.354887036705712 ], [ 24.646704995365308, 59.354831943723575 ], [ 24.646724584926169, 59.354780050354918 ], [ 24.646789336806762, 59.354717790683871 ], [ 24.646877536741957, 59.354696260578876 ], [ 24.646982139860697, 59.354686858261395 ], [ 24.647157896127975, 59.354684197122019 ], [ 24.647333073053709, 59.354688091767144 ], [ 24.647452607668644, 59.354696659138995 ], [ 24.647564502610866, 59.354710291148827 ], [ 24.648153065603754, 59.354764032919704 ], [ 24.648222833261055, 59.354771857675139 ], [ 24.648427728061183, 59.354794635324417 ], [ 24.648767461589113, 59.354863516642055 ], [ 24.649062025436397, 59.354951561619529 ], [ 24.649315457184851, 59.355039899029208 ], [ 24.649572251540448, 59.35514787882375 ], [ 24.649687444641394, 59.35519623348187 ], [ 24.650000947353732, 59.355355549371218 ], [ 24.650210781405086, 59.355480816466539 ], [ 24.650289737309457, 59.35552800341631 ], [ 24.650653543002765, 59.355734377205984 ], [ 24.651013923896254, 59.355991576439997 ], [ 24.651157169137537, 59.356063310377074 ], [ 24.651488181192335, 59.356236539973274 ], [ 24.651645048383383, 59.356294112033027 ], [ 24.651669945257233, 59.356299733771372 ], [ 24.651640477067417, 59.356386507404252 ], [ 24.655340629721511, 59.358404789090649 ], [ 24.659488663448379, 59.362675096648786 ], [ 24.671600794277158, 59.364875215595198 ], [ 24.689980267324078, 59.358400954441379 ], [ 24.696038740324383, 59.356264608684626 ], [ 24.697081403895542, 59.357952680321262 ], [ 24.702341917081682, 59.36212849904571 ], [ 24.70716132973083, 59.364554893085099 ], [ 24.7075183184411, 59.364895084321404 ], [ 24.714074450666413, 59.36329519820616 ], [ 24.714446620189118, 59.364132704096079 ], [ 24.715939424493563, 59.364096929638663 ], [ 24.717377037482819, 59.364062606549567 ], [ 24.71911227045311, 59.364023407510373 ], [ 24.716485480692377, 59.360383396977596 ], [ 24.714671278818198, 59.357868582325288 ], [ 24.723430781916182, 59.358197314688539 ], [ 24.732198191236108, 59.358533768497793 ], [ 24.740967593932641, 59.358864420216584 ], [ 24.749762809667896, 59.359201252545446 ], [ 24.758802856998567, 59.359532851450723 ], [ 24.763391097710823, 59.359699098899974 ], [ 24.767403905308203, 59.359866753368713 ], [ 24.767928146003751, 59.359893494126275 ], [ 24.770877857545909, 59.359973890504989 ], [ 24.77356199082271, 59.360089718152317 ], [ 24.770547728577448, 59.362189488108129 ], [ 24.768302616467572, 59.363762313839707 ], [ 24.766294932096041, 59.36511691842928 ], [ 24.764962202249656, 59.366083434671772 ], [ 24.762970211204273, 59.367751732348218 ], [ 24.762172132794888, 59.370124061198709 ], [ 24.761682778026064, 59.371608828978964 ], [ 24.761059448217932, 59.373414849937781 ], [ 24.760540683041395, 59.374926173861546 ], [ 24.748804947043578, 59.376404741978803 ], [ 24.748178950050708, 59.376731478846231 ], [ 24.747544370808331, 59.377471293336754 ], [ 24.742063014061259, 59.382655230646279 ], [ 24.739908668699549, 59.384723188868747 ], [ 24.73858950720393, 59.38559715229411 ], [ 24.735309042859036, 59.388599029232303 ], [ 24.733362931859077, 59.390417584115639 ], [ 24.733256534592588, 59.390593676567427 ], [ 24.732121638886827, 59.392530399428217 ], [ 24.731218129261098, 59.393802788609825 ], [ 24.730180277417389, 59.394012600453237 ], [ 24.728788371590092, 59.394301208909852 ], [ 24.727900463809718, 59.393179702509109 ], [ 24.727401721613298, 59.392561707993487 ], [ 24.726983655525657, 59.392848857448762 ], [ 24.725486300481762, 59.393782825954133 ], [ 24.723764003296793, 59.393913863075134 ], [ 24.721562052949356, 59.394461614849632 ], [ 24.720074802377987, 59.39506646106949 ], [ 24.71886142487822, 59.394257637037832 ], [ 24.718384196450526, 59.393961403590708 ], [ 24.717326761059642, 59.393417429943739 ], [ 24.717078994494216, 59.393302350700935 ], [ 24.716446623589782, 59.393639558511858 ], [ 24.71578447830559, 59.393992814340372 ], [ 24.714613685883169, 59.394617689599464 ], [ 24.714223295289127, 59.394845668962219 ], [ 24.713621067228424, 59.394765812033761 ], [ 24.713238644865736, 59.394734761796229 ], [ 24.712532661952682, 59.394701424239805 ], [ 24.710401880949817, 59.394525513695761 ], [ 24.709865677000572, 59.394505248611118 ], [ 24.70933892787853, 59.394491034633539 ], [ 24.70902838939859, 59.394454557399598 ], [ 24.708793006214169, 59.394027179716161 ], [ 24.708377921026813, 59.394016130363184 ], [ 24.707250656802323, 59.393986020498971 ], [ 24.705437202947166, 59.393925202012326 ], [ 24.704778472624355, 59.393843363608987 ], [ 24.703806656711581, 59.39370314245236 ], [ 24.702437432517733, 59.393503366216308 ], [ 24.70193962025342, 59.393405931971792 ], [ 24.701556145765412, 59.393330866779792 ], [ 24.700416826341701, 59.39313172812232 ], [ 24.699880228155106, 59.393047778478767 ], [ 24.699321840230983, 59.39299123224562 ], [ 24.698519767439876, 59.39296443492691 ], [ 24.697822493488811, 59.392932678006268 ], [ 24.697110021856279, 59.392863295070015 ], [ 24.696941317971877, 59.392832859930394 ], [ 24.696699138866538, 59.392772472001425 ], [ 24.696473697395568, 59.392712892675618 ], [ 24.696072308052578, 59.392552177277715 ], [ 24.696184619970648, 59.393080859411725 ], [ 24.692129982488609, 59.392784659505693 ], [ 24.692023546201412, 59.392786925239776 ], [ 24.68970263491563, 59.393068603334278 ], [ 24.689600468298146, 59.393073178694692 ], [ 24.688940469778057, 59.392916849654078 ], [ 24.687583824518924, 59.392461192312602 ], [ 24.687328482708402, 59.392366654181039 ], [ 24.685044526441235, 59.392112317741102 ], [ 24.684732403137858, 59.392073367860533 ], [ 24.684441518585121, 59.391961145268759 ], [ 24.684178846618327, 59.391851468320439 ], [ 24.681194507736041, 59.391006259531054 ], [ 24.678925710869954, 59.39151773422433 ], [ 24.678665688681324, 59.391398606974725 ], [ 24.676575059149918, 59.391907235978195 ], [ 24.675154658274327, 59.392250359987848 ], [ 24.674710578005875, 59.392382623904986 ], [ 24.674402375070308, 59.392515266783278 ], [ 24.674178794414935, 59.392637331295354 ], [ 24.673407921596311, 59.392539842542618 ], [ 24.663917009544917, 59.391223530723558 ], [ 24.662704225323061, 59.393294858303577 ], [ 24.661280653614828, 59.393128861148789 ], [ 24.660624747423537, 59.393195893100078 ], [ 24.660047560093389, 59.393256242926 ], [ 24.658878571920525, 59.393367851797812 ], [ 24.659163323420888, 59.394124697154204 ], [ 24.658981442237351, 59.394130545883783 ], [ 24.658630828525304, 59.394294962235335 ], [ 24.657268896985158, 59.394406804526355 ], [ 24.656244886079019, 59.394059218992886 ], [ 24.655663084525507, 59.393916696384316 ], [ 24.655920719093128, 59.393629948847988 ], [ 24.655680127746106, 59.393584558884072 ], [ 24.652897224108706, 59.392852699896657 ], [ 24.652172075348016, 59.393516542817181 ], [ 24.651818952519829, 59.393485976949108 ], [ 24.651812506059976, 59.393498666208458 ], [ 24.651677511353324, 59.393461812125345 ], [ 24.648637046363493, 59.392962471953823 ], [ 24.643377092156626, 59.393471980170105 ], [ 24.641278617891906, 59.393680796278382 ], [ 24.639505797019535, 59.394975803730844 ], [ 24.639199515335264, 59.395191478945264 ], [ 24.638855652658297, 59.39511980931568 ], [ 24.636320088560637, 59.394642327745579 ], [ 24.630281289282248, 59.393523545115862 ], [ 24.628658920935159, 59.392961284469216 ], [ 24.627594596588384, 59.392470041415457 ], [ 24.62668676321162, 59.391863410567446 ], [ 24.625994360423633, 59.39116921188657 ], [ 24.625530829605534, 59.390526255695782 ], [ 24.625132668901525, 59.389886667536601 ], [ 24.62213025856499, 59.390589066990024 ], [ 24.620078035555679, 59.388530508093865 ], [ 24.625273376623671, 59.387185867589118 ], [ 24.627006294749869, 59.38634690192265 ], [ 24.623490759816054, 59.386084350934027 ], [ 24.623042862068548, 59.385008270040643 ], [ 24.622253154539269, 59.383063772991029 ], [ 24.62142784402306, 59.381198075430305 ], [ 24.620369677925559, 59.378691179178965 ], [ 24.619965437743442, 59.37780985639764 ], [ 24.619178462872917, 59.375968378414512 ], [ 24.618420100765174, 59.374216259304632 ], [ 24.617601377393637, 59.372341256425251 ], [ 24.616636202931005, 59.370142511507588 ], [ 24.614935920754153, 59.366078936779225 ], [ 24.614628708487363, 59.365335653701962 ], [ 24.613928607303539, 59.363687901711039 ], [ 24.613881284415047, 59.363578964111539 ], [ 24.613854913556899, 59.363510683586895 ], [ 24.613712508026289, 59.363159365825076 ], [ 24.612913525301085, 59.361188991696899 ], [ 24.612711725388092, 59.360632379268758 ], [ 24.611776644333176, 59.358290809186755 ], [ 24.610872567109659, 59.356034187768287 ], [ 24.613880994841494, 59.35573559631581 ], [ 24.614508553504219, 59.354407941718151 ], [ 24.613723096819534, 59.354105860624706 ], [ 24.61181720854519, 59.354243031083719 ], [ 24.611674662022757, 59.354254556966254 ], [ 24.612083093719438, 59.352958275644362 ], [ 24.612160738567479, 59.352778016741134 ], [ 24.612227186382899, 59.352768012000936 ], [ 24.612378864901419, 59.352726819137537 ], [ 24.612621455357115, 59.352647768447497 ], [ 24.613058379859041, 59.352524182700378 ], [ 24.613471992197088, 59.352453668086468 ], [ 24.613843048918547, 59.35240211276782 ], [ 24.614135449775471, 59.3523757901946 ], [ 24.614300154827419, 59.352375020020418 ], [ 24.614556545246582, 59.352389440520774 ], [ 24.614788724898929, 59.352416361968899 ], [ 24.61496025443623, 59.352452992719201 ], [ 24.615089124677908, 59.35249287516195 ], [ 24.615265179869883, 59.352585679747804 ], [ 24.615376205228266, 59.352649883138078 ], [ 24.615432071334499, 59.352735889453612 ], [ 24.615464786351726, 59.3528835857825 ], [ 24.615454162221031, 59.352957605248818 ], [ 24.615403221071485, 59.353145730505616 ], [ 24.615386776529323, 59.353238269646425 ], [ 24.615406099887359, 59.353305954732328 ], [ 24.615485717312669, 59.353373357314268 ], [ 24.615796441453327, 59.353544437084231 ], [ 24.615917638560603, 59.353577711785356 ], [ 24.616196192024667, 59.353641128859593 ], [ 24.616770297570739, 59.353706210111383 ], [ 24.617368609168963, 59.353719378366655 ], [ 24.617522806822429, 59.353710753889892 ], [ 24.617692643528201, 59.353711481441529 ], [ 24.617865076029844, 59.353680687630025 ], [ 24.618020710654132, 59.353634801654323 ], [ 24.618125457015896, 59.353603877088354 ], [ 24.618197633512807, 59.353580107708368 ], [ 24.618622518379517, 59.353432771317287 ], [ 24.618902713749282, 59.353382527306742 ], [ 24.619408173536367, 59.353335978421384 ], [ 24.619953139775227, 59.353325687381108 ], [ 24.620345313581677, 59.353323835886407 ], [ 24.620752923698195, 59.353329809954054 ], [ 24.62117956751867, 59.353357775946812 ], [ 24.621383358177738, 59.353359953991827 ], [ 24.621543852105052, 59.353349679153013 ], [ 24.621690935675932, 59.353326989682294 ], [ 24.621813177930616, 59.353291670428632 ], [ 24.621994179989699, 59.353239375781321 ], [ 24.622249496983287, 59.353184484635662 ], [ 24.622502084239752, 59.35314387921494 ], [ 24.622760761751756, 59.353109528269741 ], [ 24.623043564431057, 59.353038795657078 ], [ 24.62347708609693, 59.35292318071285 ], [ 24.623567410560216, 59.352882625151629 ], [ 24.623703149671442, 59.352797059092751 ], [ 24.623801364917188, 59.35274578336989 ], [ 24.623984646171387, 59.352654874382324 ], [ 24.62413777333094, 59.352578202172083 ], [ 24.624346576325784, 59.35251805198569 ], [ 24.624558089268877, 59.352481228560393 ], [ 24.624708745941309, 59.352471624985313 ], [ 24.624986803280574, 59.352488166331739 ], [ 24.625201201312041, 59.352493878727053 ], [ 24.625356352313847, 59.352489728936611 ], [ 24.625524362160501, 59.352467743430559 ], [ 24.625663690603915, 59.352434673179708 ], [ 24.625751715910297, 59.352403193729678 ], [ 24.626031053597053, 59.352258950150542 ], [ 24.6262024536619, 59.352182098632127 ] ] ] ] } },
{ "type": "Feature", "properties": { "name": "Lasnamäe linnaosa" }, "geometry": { "type": "MultiPolygon", "coordinates": [ [ [ [ 24.799800631826514, 59.437136889051089 ], [ 24.798762754309365, 59.436639754007913 ], [ 24.798555022261802, 59.436551245160786 ], [ 24.798272907786654, 59.435391078107934 ], [ 24.797214727505036, 59.435401079827955 ], [ 24.796721979323511, 59.435392661594371 ], [ 24.796230937923127, 59.435366726283164 ], [ 24.795044392276651, 59.435282690900124 ], [ 24.794277861453423, 59.435178696776092 ], [ 24.793832172959959, 59.435109749031035 ], [ 24.793813167758284, 59.434504103929463 ], [ 24.793008784042186, 59.434180486978669 ], [ 24.792417590830702, 59.43409032765188 ], [ 24.792058415671708, 59.434027765488139 ], [ 24.791864558751044, 59.433981443821139 ], [ 24.791679605055066, 59.433931477588267 ], [ 24.791476934300281, 59.43386976812161 ], [ 24.790293256637607, 59.433419326713611 ], [ 24.788283357322069, 59.432258995350686 ], [ 24.786689975870047, 59.431313475676717 ], [ 24.785568627789505, 59.430647444024231 ], [ 24.785245771110763, 59.430491646308866 ], [ 24.784897523007963, 59.430304221039783 ], [ 24.78464020455737, 59.430186182847471 ], [ 24.784156439120807, 59.42987469484769 ], [ 24.783517670357298, 59.429411251412304 ], [ 24.782994425760233, 59.428990655728271 ], [ 24.782016213805754, 59.428174905995412 ], [ 24.780930333731249, 59.427394797609367 ], [ 24.780303740503083, 59.427136567759206 ], [ 24.779986291496588, 59.427114839846332 ], [ 24.779278723543488, 59.427152693635556 ], [ 24.779494588615322, 59.426961375016845 ], [ 24.78032583339699, 59.426537768414647 ], [ 24.780895307164979, 59.426255120552646 ], [ 24.781630467147448, 59.425953263355431 ], [ 24.781763048349926, 59.426019084570299 ], [ 24.784382408962273, 59.424957874034483 ], [ 24.78513032355507, 59.424653945869551 ], [ 24.786682718266849, 59.424523040312771 ], [ 24.786999366036692, 59.424480212843505 ], [ 24.787177936460392, 59.423880744672786 ], [ 24.786975821447445, 59.423603040780897 ], [ 24.786958315506759, 59.423531330199005 ], [ 24.787484105877869, 59.423154028128899 ], [ 24.788610484861028, 59.422344479330071 ], [ 24.788963691014267, 59.422047201728354 ], [ 24.789858115315702, 59.421486345769708 ], [ 24.79070101450883, 59.420960982515297 ], [ 24.791363624915004, 59.420676381589182 ], [ 24.792086293887671, 59.420331090864927 ], [ 24.792460341778206, 59.420144812258506 ], [ 24.792293306533118, 59.419762772428548 ], [ 24.795775644436201, 59.417255869689754 ], [ 24.798938926411559, 59.414555288680049 ], [ 24.799265752036305, 59.414272764460051 ], [ 24.801510103714584, 59.412332487079063 ], [ 24.801688043528632, 59.41238059686539 ], [ 24.802512585520475, 59.412290828092175 ], [ 24.803968170665815, 59.412255909384122 ], [ 24.808314541805125, 59.4120717354986 ], [ 24.81106560258749, 59.412076172142839 ], [ 24.813816591787329, 59.412092311573751 ], [ 24.814392827435604, 59.41168630793986 ], [ 24.81492811107131, 59.411528050952427 ], [ 24.81535920636956, 59.411365320525064 ], [ 24.815693229014141, 59.411223209161108 ], [ 24.819052345669327, 59.409516371393281 ], [ 24.819282468304092, 59.409647349488978 ], [ 24.820231547740701, 59.410180415758283 ], [ 24.820379704097558, 59.410263606616127 ], [ 24.824788997746914, 59.411993469677753 ], [ 24.827557410811195, 59.411659647796029 ], [ 24.829261545910743, 59.41144783371351 ], [ 24.832773644618154, 59.411002116471899 ], [ 24.836105055123898, 59.41055242600909 ], [ 24.839783812414343, 59.410123953899003 ], [ 24.843711317235947, 59.410202781867923 ], [ 24.851708296667944, 59.410366349186972 ], [ 24.855038750043146, 59.410425542027525 ], [ 24.858759621575622, 59.410512445560443 ], [ 24.86262497085686, 59.410587524375643 ], [ 24.867755877451224, 59.410693379239603 ], [ 24.870183465029768, 59.410736236409676 ], [ 24.870253595424817, 59.410966214411239 ], [ 24.870594600797755, 59.412704974312646 ], [ 24.870771298594253, 59.413613093568308 ], [ 24.870923497677918, 59.414395695413596 ], [ 24.870485272724114, 59.415812214727616 ], [ 24.870439681343058, 59.415951571116416 ], [ 24.870431989742624, 59.41597460329092 ], [ 24.870575311003488, 59.415986582212312 ], [ 24.870578431086354, 59.417181140018073 ], [ 24.870740840775611, 59.418336490957486 ], [ 24.869694568393697, 59.418398887446465 ], [ 24.869506316202799, 59.418961466835981 ], [ 24.869406953645477, 59.419286284800691 ], [ 24.869235343972871, 59.419831786975166 ], [ 24.868970157032237, 59.420763919858175 ], [ 24.868787723455419, 59.421403931054634 ], [ 24.869886583683204, 59.422663603872884 ], [ 24.873019138613046, 59.423430240815804 ], [ 24.874794225834382, 59.42385815139712 ], [ 24.879540465293935, 59.424873875607176 ], [ 24.881387683325428, 59.425441976348466 ], [ 24.884712707554954, 59.426184785664773 ], [ 24.887343466123664, 59.42676899045027 ], [ 24.888460826881214, 59.426985790682643 ], [ 24.893953968705588, 59.427619727666844 ], [ 24.89735651822873, 59.42800826636941 ], [ 24.897618600039802, 59.428038348229052 ], [ 24.90139258220227, 59.428471020586755 ], [ 24.904438447514245, 59.428823935741434 ], [ 24.907605902585715, 59.42941374571064 ], [ 24.911968325161659, 59.430215954533026 ], [ 24.915764926093463, 59.430930749617431 ], [ 24.918862460280469, 59.43149393579462 ], [ 24.919219605697542, 59.43157133892489 ], [ 24.921949027448058, 59.432175803828066 ], [ 24.922858469128588, 59.432750071530826 ], [ 24.92367838428769, 59.433433763646441 ], [ 24.926001501593518, 59.435293660592983 ], [ 24.926283826078741, 59.435501828764295 ], [ 24.925862142549548, 59.435587742953771 ], [ 24.925262953821299, 59.435756864140195 ], [ 24.925161593403953, 59.435794921090164 ], [ 24.924876005722563, 59.435902228737859 ], [ 24.924547088190732, 59.436140726069588 ], [ 24.924126555182482, 59.436517215085324 ], [ 24.923934869802903, 59.436688855701021 ], [ 24.923798550551339, 59.436835510362293 ], [ 24.923611587488839, 59.437038537153775 ], [ 24.923381931770475, 59.437474818525665 ], [ 24.923312801487338, 59.43762970921108 ], [ 24.923233192735793, 59.437807744430216 ], [ 24.9232129532393, 59.437867494196809 ], [ 24.923113027130146, 59.43822638052432 ], [ 24.923029408318904, 59.43836045595075 ], [ 24.92298446846377, 59.438432318322306 ], [ 24.922859541999767, 59.43856399001961 ], [ 24.922369601424634, 59.438891315853311 ], [ 24.922082236043327, 59.43909728765216 ], [ 24.921390058249226, 59.439343885309221 ], [ 24.920515902475355, 59.439509162296247 ], [ 24.920354832345321, 59.439523125320029 ], [ 24.920178253815063, 59.439510983448351 ], [ 24.919777476780816, 59.439472398974722 ], [ 24.919716921264222, 59.43940971306673 ], [ 24.919583468897937, 59.439303817833881 ], [ 24.919467098675671, 59.439217014140795 ], [ 24.919394542139468, 59.439153693712768 ], [ 24.919353067746592, 59.439105776365828 ], [ 24.919325506887859, 59.439031279496511 ], [ 24.919341560929908, 59.438972906188624 ], [ 24.91934665365379, 59.438932922640547 ], [ 24.919324155666231, 59.438909021138137 ], [ 24.919250328665655, 59.438903252565005 ], [ 24.919145734265545, 59.438919961857437 ], [ 24.918957413478239, 59.438969123992152 ], [ 24.918566122535029, 59.439079848219166 ], [ 24.918357076299142, 59.439144863928121 ], [ 24.918129963364954, 59.439213147237645 ], [ 24.917906630357123, 59.439258153179431 ], [ 24.917678540654936, 59.439322941445873 ], [ 24.91759498399097, 59.439342106235017 ], [ 24.917484937885991, 59.43939215711643 ], [ 24.917367661147281, 59.439455185256776 ], [ 24.917277497215608, 59.439523679990671 ], [ 24.917219366488563, 59.439583961955137 ], [ 24.917123029400106, 59.439750798494785 ], [ 24.917087992327058, 59.439909757098548 ], [ 24.917036810788797, 59.440708264661126 ], [ 24.917030500137308, 59.440808043816219 ], [ 24.917000375211757, 59.440992462982273 ], [ 24.916994992274478, 59.441212169255664 ], [ 24.91702109078231, 59.441350503638873 ], [ 24.917057301602291, 59.441451871860487 ], [ 24.91709565071374, 59.441521266830918 ], [ 24.917182161890729, 59.441677583440246 ], [ 24.91729565182456, 59.441991798161013 ], [ 24.91726410541828, 59.442228294165304 ], [ 24.917375409860565, 59.442677628754588 ], [ 24.917212016340887, 59.44288137903466 ], [ 24.917090237082384, 59.443033221225171 ], [ 24.916789212057736, 59.443336946175634 ], [ 24.916751552109634, 59.443345826297545 ], [ 24.916548537202974, 59.443465915964957 ], [ 24.916438461511508, 59.44355483664571 ], [ 24.916204591654861, 59.443687887869451 ], [ 24.915960074648737, 59.443831515859038 ], [ 24.915785548919764, 59.444041356225142 ], [ 24.915429765269369, 59.444407400195111 ], [ 24.91525066332693, 59.444591417664832 ], [ 24.915176622007522, 59.444834671580388 ], [ 24.915159207237945, 59.444882101633041 ], [ 24.915139716112865, 59.444996784202019 ], [ 24.915098621880553, 59.445239450016942 ], [ 24.915082809667293, 59.445333549560573 ], [ 24.915068804069758, 59.445376646920998 ], [ 24.915050410007606, 59.445433599419296 ], [ 24.915040627583359, 59.445450095376643 ], [ 24.914911422212263, 59.445601807318972 ], [ 24.914733338369491, 59.445817595602406 ], [ 24.914446271344143, 59.445933238323228 ], [ 24.91335208544238, 59.446190751227718 ], [ 24.912816028215818, 59.446356682452254 ], [ 24.911790618877927, 59.446589647052953 ], [ 24.911242333898819, 59.44677352069553 ], [ 24.911082516058915, 59.446921759846603 ], [ 24.91110421038449, 59.447166682807335 ], [ 24.91116685112932, 59.447558725372701 ], [ 24.911480481904743, 59.448146885061639 ], [ 24.911742533499467, 59.448499753942862 ], [ 24.91179002545973, 59.44860795749986 ], [ 24.911744194513741, 59.448839343459504 ], [ 24.911651770756166, 59.449022665668842 ], [ 24.911274590045949, 59.449416314812716 ], [ 24.910855795965979, 59.44975719629457 ], [ 24.910612799055389, 59.450013195369408 ], [ 24.91041233203444, 59.450422945696694 ], [ 24.910115353357675, 59.451008863143571 ], [ 24.910104081217145, 59.451141621341137 ], [ 24.910116838648936, 59.451216760608766 ], [ 24.910121668056718, 59.451245812779064 ], [ 24.910134061676395, 59.451260988082645 ], [ 24.910426873629159, 59.451563644713993 ], [ 24.911028568854334, 59.451885171178461 ], [ 24.911396279142291, 59.452318102814026 ], [ 24.911441114620839, 59.452524802597097 ], [ 24.911494405358582, 59.453226615912712 ], [ 24.911372770862339, 59.45345888478937 ], [ 24.911167745782549, 59.45370483673068 ], [ 24.910832921955329, 59.453850873942727 ], [ 24.910250390849551, 59.454037851490746 ], [ 24.909521540394834, 59.454325571148381 ], [ 24.909117477569854, 59.454547129603412 ], [ 24.908960093837155, 59.454722279621457 ], [ 24.908928931110445, 59.455061915062814 ], [ 24.909247997898898, 59.456389476402421 ], [ 24.909290790175291, 59.456585956855292 ], [ 24.909254466164427, 59.45678468892239 ], [ 24.908897618039155, 59.456999097920558 ], [ 24.908731828739029, 59.457044408294173 ], [ 24.908566041387189, 59.457089808211855 ], [ 24.908569751895541, 59.45710333788513 ], [ 24.908236434372366, 59.457155188956918 ], [ 24.907957043396788, 59.457166001799322 ], [ 24.907964399452812, 59.457137583812106 ], [ 24.907105340950636, 59.45718703936361 ], [ 24.906096823772284, 59.456953844356498 ], [ 24.905206662293704, 59.456747926585287 ], [ 24.904932491022208, 59.456935633600914 ], [ 24.904430232132967, 59.45728029751055 ], [ 24.905578847603181, 59.45885307546034 ], [ 24.905492996438117, 59.460323825324295 ], [ 24.905479065018699, 59.460563247236834 ], [ 24.904853686027426, 59.460363316956496 ], [ 24.903860676924836, 59.460119315496208 ], [ 24.902660544392887, 59.459504809650362 ], [ 24.902140731732377, 59.459247498725453 ], [ 24.901493265229689, 59.458703616486716 ], [ 24.90114049430224, 59.458313376702137 ], [ 24.900217289925632, 59.4568945026111 ], [ 24.899638868427939, 59.456418364542301 ], [ 24.899549191523722, 59.456354432355155 ], [ 24.898575174797895, 59.455821113550016 ], [ 24.897511482583631, 59.455443879849383 ], [ 24.894491825497369, 59.454604062419506 ], [ 24.893309038371505, 59.454470161605833 ], [ 24.891040204614473, 59.454550249850435 ], [ 24.887963201345261, 59.454811607143789 ], [ 24.884793745965379, 59.454956902460289 ], [ 24.884402997520411, 59.454963655454179 ], [ 24.884163348071517, 59.454949374738504 ], [ 24.883112391683376, 59.454982277121054 ], [ 24.880277294027561, 59.455000262780153 ], [ 24.877130193001975, 59.454864335431957 ], [ 24.877001683663842, 59.454858817302444 ], [ 24.876382894929517, 59.454863742821239 ], [ 24.869791675345343, 59.455145939323941 ], [ 24.868804772159319, 59.455139703764623 ], [ 24.865648897152823, 59.455038660037957 ], [ 24.864212720726091, 59.454886503875592 ], [ 24.861747186610625, 59.454784517323212 ], [ 24.856756863331128, 59.453601410230441 ], [ 24.854751080722551, 59.453103473110978 ], [ 24.853655679023866, 59.452612536511687 ], [ 24.853187074675866, 59.452310895745114 ], [ 24.852905185528439, 59.452114780121455 ], [ 24.851396209675251, 59.45168018382482 ], [ 24.849954323099851, 59.45146731612369 ], [ 24.847373295987886, 59.451431159310552 ], [ 24.844426070176308, 59.451936542230797 ], [ 24.842732511676907, 59.452233660109535 ], [ 24.841295808899716, 59.452401644083807 ], [ 24.839762660581446, 59.452247507904403 ], [ 24.836255193968167, 59.452641641880057 ], [ 24.834125392029701, 59.452934414805412 ], [ 24.83292209881958, 59.45305316171244 ], [ 24.830888702412306, 59.453100024227844 ], [ 24.828833473232002, 59.45296673713986 ], [ 24.827648798702395, 59.452974184999327 ], [ 24.823279345447293, 59.45326153279656 ], [ 24.820758535130938, 59.453695313648424 ], [ 24.817195448982893, 59.454078960786589 ], [ 24.815601110506698, 59.453701399846267 ], [ 24.813310286654385, 59.452299644177842 ], [ 24.813010485191512, 59.451770963017374 ], [ 24.813038501477291, 59.451385144679271 ], [ 24.813158364870148, 59.450717604362033 ], [ 24.81334700552188, 59.45027316277514 ], [ 24.812879108225562, 59.446955241320779 ], [ 24.812447470748165, 59.446158514485205 ], [ 24.81184627896226, 59.445569658368292 ], [ 24.813766897103829, 59.4451503459508 ], [ 24.814580714125629, 59.44510375242487 ], [ 24.814533908593752, 59.444892905795683 ], [ 24.814306149854062, 59.44482591033303 ], [ 24.813978847332681, 59.444709259207393 ], [ 24.81364643223646, 59.444570286442229 ], [ 24.813304980577396, 59.444377417630847 ], [ 24.812980017662085, 59.444173584147279 ], [ 24.812798841951444, 59.444041575290633 ], [ 24.81248137233613, 59.44353741784203 ], [ 24.812188030102622, 59.443128355472084 ], [ 24.809059599959895, 59.441488773848569 ], [ 24.807890305239408, 59.440877624691879 ], [ 24.806927456793996, 59.440408830518692 ], [ 24.803975364227796, 59.439066350499594 ], [ 24.799924627994979, 59.437218173043135 ], [ 24.799940150694066, 59.437203715740409 ], [ 24.799800631826514, 59.437136889051089 ] ] ] ] } },
{ "type": "Feature", "properties": { "name": "Kristiine linnaosa" }, "geometry": { "type": "MultiPolygon", "coordinates": [ [ [ [ 24.67369560922279, 59.418964368158768 ], [ 24.67682657351553, 59.417644608769912 ], [ 24.677632197517607, 59.417306976237406 ], [ 24.67855035230961, 59.416916154612892 ], [ 24.679451131601851, 59.416937090889597 ], [ 24.679625991658341, 59.416926493081384 ], [ 24.680645857132085, 59.416904346011705 ], [ 24.681045010572866, 59.416756498198374 ], [ 24.682760503790018, 59.416316544490343 ], [ 24.684223277585385, 59.415941168630297 ], [ 24.684518338124736, 59.415855970590449 ], [ 24.689107397267136, 59.414677425635176 ], [ 24.689117112782647, 59.414687608301769 ], [ 24.69081406790389, 59.414255544838447 ], [ 24.69054146572763, 59.413907868009005 ], [ 24.69741337064195, 59.412267651171376 ], [ 24.699018587962229, 59.411898714454935 ], [ 24.701648361082427, 59.411385786225651 ], [ 24.705166523299578, 59.410602422480274 ], [ 24.706235911763173, 59.410361763321163 ], [ 24.706030577131884, 59.41010549953716 ], [ 24.707096109884418, 59.409883795034261 ], [ 24.707275220989011, 59.409808414402214 ], [ 24.707354437866812, 59.409790214420688 ], [ 24.707272922824963, 59.409705821537742 ], [ 24.707621347384414, 59.408928618774908 ], [ 24.708908045247043, 59.408624289636613 ], [ 24.709324346664523, 59.407734685020124 ], [ 24.709648482720521, 59.407062995080466 ], [ 24.709838553643664, 59.406634402442918 ], [ 24.710045831784345, 59.406661650768065 ], [ 24.710525449626072, 59.406542452115794 ], [ 24.710230933487267, 59.406239996453351 ], [ 24.709795104019161, 59.405779591883295 ], [ 24.709368697758691, 59.405407916112885 ], [ 24.70854373012121, 59.404842960065395 ], [ 24.708261929642219, 59.404668351649271 ], [ 24.707701286123427, 59.404138323268548 ], [ 24.707192522699437, 59.403536557828588 ], [ 24.706774915218183, 59.403161953741545 ], [ 24.707190863607828, 59.402962496766357 ], [ 24.706423840054629, 59.402291737803381 ], [ 24.706347159319186, 59.402005697992379 ], [ 24.70632876077039, 59.401268257892255 ], [ 24.706281965123711, 59.400997048834178 ], [ 24.706316012076844, 59.400957816667145 ], [ 24.705952766501714, 59.398106020441638 ], [ 24.705865629451718, 59.397440583630107 ], [ 24.705811027730096, 59.397208644897013 ], [ 24.705539466543414, 59.396758654823756 ], [ 24.705365462413639, 59.396583461806536 ], [ 24.70471645271428, 59.396104433740319 ], [ 24.704691458313327, 59.396113005926807 ], [ 24.703750815578168, 59.395394955036693 ], [ 24.703318755852415, 59.395115482038335 ], [ 24.702584801665775, 59.395382696764464 ], [ 24.702442715751598, 59.395243595977874 ], [ 24.702592092712106, 59.39518920611043 ], [ 24.701927872395615, 59.393922793760616 ], [ 24.70193962025342, 59.393405931971792 ], [ 24.702437432517733, 59.393503366216308 ], [ 24.703806656711581, 59.39370314245236 ], [ 24.704778472624355, 59.393843363608987 ], [ 24.705437202947166, 59.393925202012326 ], [ 24.707250656802323, 59.393986020498971 ], [ 24.708377921026813, 59.394016130363184 ], [ 24.708793006214169, 59.394027179716161 ], [ 24.70902838939859, 59.394454557399598 ], [ 24.70933892787853, 59.394491034633539 ], [ 24.709865677000572, 59.394505248611118 ], [ 24.710401880949817, 59.394525513695761 ], [ 24.712532661952682, 59.394701424239805 ], [ 24.713238644865736, 59.394734761796229 ], [ 24.713621067228424, 59.394765812033761 ], [ 24.714223295289127, 59.394845668962219 ], [ 24.714613685883169, 59.394617689599464 ], [ 24.71578447830559, 59.393992814340372 ], [ 24.716446623589782, 59.393639558511858 ], [ 24.717078994494216, 59.393302350700935 ], [ 24.717326761059642, 59.393417429943739 ], [ 24.718384196450526, 59.393961403590708 ], [ 24.71886142487822, 59.394257637037832 ], [ 24.720074802377987, 59.39506646106949 ], [ 24.721562052949356, 59.394461614849632 ], [ 24.723764003296793, 59.393913863075134 ], [ 24.725486300481762, 59.393782825954133 ], [ 24.725347051730203, 59.394146889757543 ], [ 24.728764395937276, 59.400967054025422 ], [ 24.729202556970652, 59.401519397896791 ], [ 24.729570583189595, 59.402175273765117 ], [ 24.730094382528165, 59.40283701673377 ], [ 24.73015071020135, 59.402902504711399 ], [ 24.729322883903809, 59.402803054759836 ], [ 24.727738163068665, 59.402594321178697 ], [ 24.726518571732356, 59.402434092399055 ], [ 24.726966053480531, 59.402945367469876 ], [ 24.727100818417593, 59.403081699707045 ], [ 24.727799830145319, 59.403787905893964 ], [ 24.728933609600833, 59.404933542207282 ], [ 24.730314918007217, 59.406453477234614 ], [ 24.730203017451064, 59.406482106220679 ], [ 24.730558158976251, 59.406877630791762 ], [ 24.730665483860097, 59.40698915598734 ], [ 24.730789627639432, 59.407080210161553 ], [ 24.730708927867898, 59.407110551394169 ], [ 24.731170485037637, 59.407664912539595 ], [ 24.731251460184627, 59.407647406437626 ], [ 24.731431096675976, 59.407863019907616 ], [ 24.731538012081348, 59.407839893524255 ], [ 24.732073292279015, 59.408456320598205 ], [ 24.733000080405141, 59.409510162386503 ], [ 24.732813979242035, 59.409552492638653 ], [ 24.733180551660872, 59.409985469668804 ], [ 24.733414041989779, 59.410297012325998 ], [ 24.733653459622793, 59.410663011103296 ], [ 24.733889060730235, 59.411072478751755 ], [ 24.733948941290347, 59.411171249377695 ], [ 24.734014485346609, 59.411295931528883 ], [ 24.734166936274327, 59.411482158923086 ], [ 24.734214386166734, 59.411559633834649 ], [ 24.734261277030548, 59.41217689079469 ], [ 24.734281869286644, 59.412528938275628 ], [ 24.7342561538495, 59.413151986274293 ], [ 24.734191065466355, 59.413466988426443 ], [ 24.733988234910196, 59.414109157450177 ], [ 24.733655851552616, 59.414828800410056 ], [ 24.732029472320765, 59.418336134716675 ], [ 24.73083671979613, 59.420925039767873 ], [ 24.729826965628224, 59.422778252896883 ], [ 24.729673510031603, 59.423049575298897 ], [ 24.72886877125784, 59.424212581988243 ], [ 24.728678328451814, 59.424443622367825 ], [ 24.728586314112892, 59.425027804103266 ], [ 24.727289962397087, 59.426397921689386 ], [ 24.726431475227116, 59.42736892494738 ], [ 24.725962805617343, 59.427923493705862 ], [ 24.725331647773526, 59.428675996599146 ], [ 24.724907320373518, 59.429246115965149 ], [ 24.724038705685977, 59.430410966381551 ], [ 24.72343272191457, 59.431549411943649 ], [ 24.723345204014507, 59.431976559213389 ], [ 24.723292759354308, 59.432479098149358 ], [ 24.723333533970681, 59.432807065158244 ], [ 24.7234079019339, 59.433173627225123 ], [ 24.723625047650685, 59.434033127202966 ], [ 24.723703896372204, 59.434319771057353 ], [ 24.723244348548192, 59.434237914414929 ], [ 24.722077410369828, 59.434028337931267 ], [ 24.722005063466995, 59.434015359272991 ], [ 24.721432025040258, 59.43389937851078 ], [ 24.720434553130186, 59.433719649244402 ], [ 24.718672851120008, 59.433397495396378 ], [ 24.718189899372362, 59.433299231706982 ], [ 24.717933897575282, 59.433334470260931 ], [ 24.717499763439026, 59.433202813586036 ], [ 24.717143273611541, 59.433093084761573 ], [ 24.716789618311289, 59.432983967922297 ], [ 24.716445976850874, 59.432881707762569 ], [ 24.71514631248435, 59.432691194750042 ], [ 24.713511034838444, 59.432173938548303 ], [ 24.711516281983993, 59.431467220727534 ], [ 24.709647638427672, 59.430889866577573 ], [ 24.709570685375031, 59.430951502873903 ], [ 24.707133444205017, 59.430174930061149 ], [ 24.706889051531761, 59.430097875351137 ], [ 24.706774545357874, 59.430064827253219 ], [ 24.706555555545108, 59.430014745379395 ], [ 24.70617352384058, 59.429927566070575 ], [ 24.705753080548128, 59.429831704583492 ], [ 24.705468325764883, 59.429728112865519 ], [ 24.704288578806995, 59.429405610516525 ], [ 24.703762249318046, 59.429360758527629 ], [ 24.703748658960073, 59.42940239358262 ], [ 24.701644244694517, 59.429335079328638 ], [ 24.70067889514884, 59.429404135183731 ], [ 24.69983812180055, 59.429465160833402 ], [ 24.699116836626164, 59.428141151149383 ], [ 24.698861926534768, 59.427634330227782 ], [ 24.698752227444597, 59.427465072220812 ], [ 24.698437053969617, 59.427121049660322 ], [ 24.69719767221472, 59.427417030151261 ], [ 24.696147266686751, 59.427554996163877 ], [ 24.694505184134407, 59.425766073540956 ], [ 24.693972001999573, 59.425762063128438 ], [ 24.693097495426827, 59.425745575089373 ], [ 24.692743141145389, 59.425733436610891 ], [ 24.692374783866452, 59.425725769443844 ], [ 24.692025952758836, 59.425725359539882 ], [ 24.690085548259713, 59.425688777148338 ], [ 24.689319077342667, 59.425551857950893 ], [ 24.689301542620441, 59.425512272513494 ], [ 24.689076999325792, 59.425262637577958 ], [ 24.688891323753822, 59.425149425076043 ], [ 24.688489874893968, 59.425064091780051 ], [ 24.688251512378443, 59.424827633781725 ], [ 24.687979912518564, 59.424550145753848 ], [ 24.687657369791676, 59.424183335261347 ], [ 24.687076254480047, 59.423712756062429 ], [ 24.686243380923241, 59.424003459362702 ], [ 24.685212197650255, 59.424350217238427 ], [ 24.68395770429937, 59.423046494507034 ], [ 24.679902263601697, 59.42443268866581 ], [ 24.676183712263416, 59.421234038457662 ], [ 24.674976497450388, 59.420205035782693 ], [ 24.673925743905183, 59.41930888482225 ], [ 24.67369560922279, 59.418964368158768 ] ] ] ] } },
{ "type": "Feature", "properties": { "name": "Kesklinna linnaosa" }, "geometry": { "type": "MultiPolygon", "coordinates": [ [ [ [ 24.799109456190585, 59.407585880647666 ], [ 24.801888506831702, 59.407637287764807 ], [ 24.80620938997831, 59.407778212226901 ], [ 24.807075936772076, 59.407100881639558 ], [ 24.806685190113924, 59.406644553677559 ], [ 24.807982522561804, 59.405541129310208 ], [ 24.809461175291439, 59.404350755419927 ], [ 24.809901013263541, 59.404775533402173 ], [ 24.81094087040627, 59.403906616385079 ], [ 24.812784937428638, 59.402438535210791 ], [ 24.812910407816478, 59.402487941439674 ], [ 24.813623380318205, 59.402337477418712 ], [ 24.814982984913392, 59.404927459188322 ], [ 24.815868984558502, 59.406802741384453 ], [ 24.816071425212172, 59.407132647688847 ], [ 24.81465810054679, 59.40785283444675 ], [ 24.81765271811194, 59.409396974930679 ], [ 24.81834698620894, 59.409114640727758 ], [ 24.819052345669327, 59.409516371393281 ], [ 24.815693229014141, 59.411223209161108 ], [ 24.81535920636956, 59.411365320525064 ], [ 24.81492811107131, 59.411528050952427 ], [ 24.814392827435604, 59.41168630793986 ], [ 24.813816591787329, 59.412092311573751 ], [ 24.81106560258749, 59.412076172142839 ], [ 24.808314541805125, 59.4120717354986 ], [ 24.803968170665815, 59.412255909384122 ], [ 24.802512585520475, 59.412290828092175 ], [ 24.801688043528632, 59.41238059686539 ], [ 24.801510103714584, 59.412332487079063 ], [ 24.799265752036305, 59.414272764460051 ], [ 24.798938926411559, 59.414555288680049 ], [ 24.795775644436201, 59.417255869689754 ], [ 24.792293306533118, 59.419762772428548 ], [ 24.792460341778206, 59.420144812258506 ], [ 24.792086293887671, 59.420331090864927 ], [ 24.791363624915004, 59.420676381589182 ], [ 24.79070101450883, 59.420960982515297 ], [ 24.789858115315702, 59.421486345769708 ], [ 24.788963691014267, 59.422047201728354 ], [ 24.788610484861028, 59.422344479330071 ], [ 24.787484105877869, 59.423154028128899 ], [ 24.786958315506759, 59.423531330199005 ], [ 24.786975821447445, 59.423603040780897 ], [ 24.787177936460392, 59.423880744672786 ], [ 24.786999366036692, 59.424480212843505 ], [ 24.786682718266849, 59.424523040312771 ], [ 24.78513032355507, 59.424653945869551 ], [ 24.784382408962273, 59.424957874034483 ], [ 24.781763048349926, 59.426019084570299 ], [ 24.781630467147448, 59.425953263355431 ], [ 24.780895307164979, 59.426255120552646 ], [ 24.78032583339699, 59.426537768414647 ], [ 24.779494588615322, 59.426961375016845 ], [ 24.779278723543488, 59.427152693635556 ], [ 24.779986291496588, 59.427114839846332 ], [ 24.780303740503083, 59.427136567759206 ], [ 24.780930333731249, 59.427394797609367 ], [ 24.782016213805754, 59.428174905995412 ], [ 24.782994425760233, 59.428990655728271 ], [ 24.783517670357298, 59.429411251412304 ], [ 24.784156439120807, 59.42987469484769 ], [ 24.78464020455737, 59.430186182847471 ], [ 24.784897523007963, 59.430304221039783 ], [ 24.785245771110763, 59.430491646308866 ], [ 24.785568627789505, 59.430647444024231 ], [ 24.786689975870047, 59.431313475676717 ], [ 24.788283357322069, 59.432258995350686 ], [ 24.790293256637607, 59.433419326713611 ], [ 24.791476934300281, 59.43386976812161 ], [ 24.791679605055066, 59.433931477588267 ], [ 24.791864558751044, 59.433981443821139 ], [ 24.792058415671708, 59.434027765488139 ], [ 24.792417590830702, 59.43409032765188 ], [ 24.793008784042186, 59.434180486978669 ], [ 24.793813167758284, 59.434504103929463 ], [ 24.793832172959959, 59.435109749031035 ], [ 24.794277861453423, 59.435178696776092 ], [ 24.795044392276651, 59.435282690900124 ], [ 24.796230937923127, 59.435366726283164 ], [ 24.796721979323511, 59.435392661594371 ], [ 24.797214727505036, 59.435401079827955 ], [ 24.798272907786654, 59.435391078107934 ], [ 24.798555022261802, 59.436551245160786 ], [ 24.798762754309365, 59.436639754007913 ], [ 24.799800631826514, 59.437136889051089 ], [ 24.799940150694066, 59.437203715740409 ], [ 24.799924627994979, 59.437218173043135 ], [ 24.803975364227796, 59.439066350499594 ], [ 24.806927456793996, 59.440408830518692 ], [ 24.807890305239408, 59.440877624691879 ], [ 24.809059599959895, 59.441488773848569 ], [ 24.812188030102622, 59.443128355472084 ], [ 24.81248137233613, 59.44353741784203 ], [ 24.812798841951444, 59.444041575290633 ], [ 24.812980017662085, 59.444173584147279 ], [ 24.813304980577396, 59.444377417630847 ], [ 24.81364643223646, 59.444570286442229 ], [ 24.813978847332681, 59.444709259207393 ], [ 24.814306149854062, 59.44482591033303 ], [ 24.814533908593752, 59.444892905795683 ], [ 24.814580714125629, 59.44510375242487 ], [ 24.813766897103829, 59.4451503459508 ], [ 24.81184627896226, 59.445569658368292 ], [ 24.812447470748165, 59.446158514485205 ], [ 24.812879108225562, 59.446955241320779 ], [ 24.81334700552188, 59.45027316277514 ], [ 24.813158364870148, 59.450717604362033 ], [ 24.813038501477291, 59.451385144679271 ], [ 24.813010485191512, 59.451770963017374 ], [ 24.813310286654385, 59.452299644177842 ], [ 24.815601110506698, 59.453701399846267 ], [ 24.816035205388157, 59.45452009306733 ], [ 24.816397984159419, 59.456750654988284 ], [ 24.814996946177537, 59.456800622139532 ], [ 24.810370129360344, 59.456995957192831 ], [ 24.81032950829475, 59.456949601052663 ], [ 24.810040082552106, 59.456640270897616 ], [ 24.809610860516187, 59.456129246071946 ], [ 24.809510567706525, 59.456003782776072 ], [ 24.809298118230622, 59.455770011728745 ], [ 24.809065089300987, 59.45549957966734 ], [ 24.808926666535832, 59.455314833687183 ], [ 24.808360043010833, 59.454662778455074 ], [ 24.808165974134553, 59.454406289118779 ], [ 24.807633598383692, 59.453571333092917 ], [ 24.807588333447192, 59.453511537604307 ], [ 24.807051502281897, 59.452628616251985 ], [ 24.806917331018489, 59.452451221003194 ], [ 24.806807923013604, 59.452251752524717 ], [ 24.806333920629971, 59.451573653778631 ], [ 24.806173241418016, 59.451363439088858 ], [ 24.806077791648715, 59.451208230131627 ], [ 24.806034301324843, 59.45112775854637 ], [ 24.805943525061409, 59.450997207198931 ], [ 24.805909086751509, 59.450960361491546 ], [ 24.805828009595174, 59.450924761598216 ], [ 24.805799077889525, 59.450918044359227 ], [ 24.805769770145581, 59.450894641469169 ], [ 24.805519225083991, 59.450623466306197 ], [ 24.805201557553985, 59.450310087896227 ], [ 24.80510832609594, 59.450233708253407 ], [ 24.805085334148206, 59.450208192960332 ], [ 24.804990565639052, 59.450145117329903 ], [ 24.804918793784839, 59.450108499497446 ], [ 24.804814700832814, 59.450045480716696 ], [ 24.804729370162946, 59.449987095987844 ], [ 24.804503802872517, 59.4498460920843 ], [ 24.804235319415675, 59.449653149483126 ], [ 24.804003569308584, 59.449509193189378 ], [ 24.803752997110688, 59.449320485081842 ], [ 24.803714495950842, 59.44927788250461 ], [ 24.803587551711871, 59.449195046663576 ], [ 24.803572018117691, 59.449169494585021 ], [ 24.803431945758277, 59.449083884043652 ], [ 24.803272532203259, 59.448968947255715 ], [ 24.803184941034964, 59.448894425978963 ], [ 24.803137535673862, 59.448861464793353 ], [ 24.802950897585493, 59.448751496215401 ], [ 24.802718533094566, 59.448575655679065 ], [ 24.802245484285375, 59.448273253064301 ], [ 24.801812790164909, 59.447960800414982 ], [ 24.801348483645324, 59.447661375563577 ], [ 24.80033178332182, 59.447067625458708 ], [ 24.800029541843848, 59.446912538044749 ], [ 24.799698945480912, 59.446742898635584 ], [ 24.799512032940804, 59.446669184373476 ], [ 24.799340999715678, 59.446556853844179 ], [ 24.799266033623034, 59.446542101987461 ], [ 24.799186997625469, 59.44651312853 ], [ 24.799117192365888, 59.446479350273023 ], [ 24.79899425536745, 59.446407886326469 ], [ 24.798807212698552, 59.446307358028868 ], [ 24.798156531294946, 59.446005371688408 ], [ 24.797929934520777, 59.44588893249491 ], [ 24.7977680158513, 59.44582530694894 ], [ 24.797681305435876, 59.445786881577959 ], [ 24.797590437138272, 59.445730428893448 ], [ 24.797511249151494, 59.445694803519544 ], [ 24.79724211116417, 59.445593818528096 ], [ 24.7971218920217, 59.445558441271352 ], [ 24.796919232810868, 59.44550741338373 ], [ 24.796806514204018, 59.445473893551231 ], [ 24.796739029280591, 59.445460046558708 ], [ 24.796605595678098, 59.445418096927398 ], [ 24.796553292936871, 59.445398394883092 ], [ 24.796488897286405, 59.445374142871707 ], [ 24.796302222114193, 59.445288815607462 ], [ 24.796048085938789, 59.44519059213907 ], [ 24.795935258592266, 59.4451523234749 ], [ 24.795769499384836, 59.445091510504298 ], [ 24.795568359738127, 59.445017724054082 ], [ 24.795417623880219, 59.444954028101115 ], [ 24.795005590229426, 59.444804492920561 ], [ 24.79483451331501, 59.44474757092577 ], [ 24.794626018859944, 59.444687068279677 ], [ 24.79381691454585, 59.44438791053436 ], [ 24.79336001794853, 59.444233900867815 ], [ 24.793183614256105, 59.444178867042623 ], [ 24.792995474776554, 59.444120178253598 ], [ 24.792653581961908, 59.444017727893332 ], [ 24.792252084776475, 59.44391942343028 ], [ 24.792064291146801, 59.443866395630785 ], [ 24.791882340659637, 59.443822838910776 ], [ 24.790827446991859, 59.443542232457155 ], [ 24.790641345672501, 59.443480646531846 ], [ 24.790323941183008, 59.443388483237989 ], [ 24.790273346964952, 59.443378337785646 ], [ 24.790222867002097, 59.443373891922853 ], [ 24.789899708878369, 59.443402518603747 ], [ 24.789903385246163, 59.443409049648594 ], [ 24.789891459205165, 59.443426895319504 ], [ 24.78984432865203, 59.44347963862937 ], [ 24.789786033424896, 59.443478722481167 ], [ 24.789715596995677, 59.443458902066531 ], [ 24.789675880100351, 59.443457973216688 ], [ 24.788976952408937, 59.443509442984386 ], [ 24.788516470195283, 59.443546833319367 ], [ 24.788476330759273, 59.443540583372105 ], [ 24.788461990823471, 59.443493594679673 ], [ 24.78828786472366, 59.443506953200512 ], [ 24.788303834583541, 59.443553546150582 ], [ 24.788273645764722, 59.443560674909833 ], [ 24.787035786424713, 59.443657047228498 ], [ 24.786121310307529, 59.443723093330192 ], [ 24.786053312172935, 59.443734091839154 ], [ 24.786047539140249, 59.443746720791381 ], [ 24.785990302052067, 59.443752735738357 ], [ 24.785894864539529, 59.443757856503915 ], [ 24.785826077072183, 59.443747575532832 ], [ 24.785552318056542, 59.443768445980751 ], [ 24.785281524627511, 59.443796416803522 ], [ 24.785178047494224, 59.443799170215122 ], [ 24.785124810135756, 59.443795923779611 ], [ 24.784834372012593, 59.443759880298018 ], [ 24.784635022951701, 59.443730430133414 ], [ 24.784475021149849, 59.443714192606421 ], [ 24.783123345258719, 59.443847391515874 ], [ 24.783076466826355, 59.44386240121996 ], [ 24.782928779126269, 59.443911215490374 ], [ 24.782774094611334, 59.443969326285355 ], [ 24.782095131480215, 59.444042158197071 ], [ 24.782034603070613, 59.444043819247021 ], [ 24.78201323088285, 59.444042689390066 ], [ 24.781992594658774, 59.444059077924813 ], [ 24.781973175903307, 59.444067819948771 ], [ 24.781971218116137, 59.444084708005576 ], [ 24.78194609260543, 59.444099803592586 ], [ 24.78185437841406, 59.444136740116157 ], [ 24.781760671775494, 59.444169038404816 ], [ 24.781716548691758, 59.44419126658353 ], [ 24.781705405370943, 59.444215013585961 ], [ 24.781695631984437, 59.444221597743756 ], [ 24.781685278584238, 59.44424751244744 ], [ 24.781648689211046, 59.444296240360593 ], [ 24.781614793799172, 59.44436024878415 ], [ 24.781554041881066, 59.444440763360696 ], [ 24.78154084279781, 59.444490232168469 ], [ 24.781564765515178, 59.444521159001013 ], [ 24.781579384131476, 59.444529878517791 ], [ 24.781568343109239, 59.444545779153088 ], [ 24.781551518098983, 59.444550026284581 ], [ 24.781534871809619, 59.444559003139425 ], [ 24.781474322278033, 59.444576732565473 ], [ 24.781459194913555, 59.444584300013759 ], [ 24.781406072206376, 59.444650828238508 ], [ 24.781363543979058, 59.444693496030631 ], [ 24.781271396732855, 59.444729321569497 ], [ 24.781212186955464, 59.444765571086002 ], [ 24.781121110663079, 59.444803535625013 ], [ 24.781058352710406, 59.444823387504726 ], [ 24.78098249399898, 59.444831521491913 ], [ 24.78097737430706, 59.444857396119154 ], [ 24.780798144415726, 59.444924743585489 ], [ 24.780645996239237, 59.444991607127669 ], [ 24.780144582420984, 59.445145990038867 ], [ 24.779965565972201, 59.445184223257513 ], [ 24.779623016832819, 59.44526721322201 ], [ 24.779264323750606, 59.445348089500726 ], [ 24.779093673200038, 59.445410823617721 ], [ 24.778942645022642, 59.44547988681898 ], [ 24.778897767841794, 59.445503985658547 ], [ 24.77866085929319, 59.445631178539159 ], [ 24.778479620861201, 59.445709001619278 ], [ 24.778353453003469, 59.445742036858555 ], [ 24.778163291134096, 59.445767137533849 ], [ 24.777971029011262, 59.445847089692975 ], [ 24.777760493241903, 59.445948271909245 ], [ 24.777614735497028, 59.446036898803882 ], [ 24.777514393468142, 59.446077025039273 ], [ 24.777418002177907, 59.446109506564859 ], [ 24.777310765350265, 59.446134062660398 ], [ 24.777203512180922, 59.446143187625239 ], [ 24.777096472982294, 59.446139249979659 ], [ 24.776977386105919, 59.44612722339437 ], [ 24.776819441262774, 59.446103316161398 ], [ 24.776727376599879, 59.446098185753129 ], [ 24.77668916617943, 59.446100053830293 ], [ 24.776628786125229, 59.446106083203617 ], [ 24.776581625143766, 59.446103497664915 ], [ 24.776509631883069, 59.446094182269412 ], [ 24.77643620342818, 59.446132622949115 ], [ 24.776415472837286, 59.446143481414538 ], [ 24.776424475355189, 59.446148670805144 ], [ 24.776166409719693, 59.446276315940217 ], [ 24.776141226420943, 59.446275862889124 ], [ 24.774192362977637, 59.445249999145794 ], [ 24.773821565785894, 59.445432064403235 ], [ 24.773807503820176, 59.445425279758439 ], [ 24.773755132931072, 59.445407427339667 ], [ 24.773726501387397, 59.445391679651955 ], [ 24.771315408592944, 59.443576132178293 ], [ 24.770906071115149, 59.44372490463023 ], [ 24.770863834012157, 59.443693517566373 ], [ 24.770539431010931, 59.443805292008783 ], [ 24.769774533528537, 59.44399547694487 ], [ 24.76976996124657, 59.444001428360714 ], [ 24.77143785044635, 59.445729058964737 ], [ 24.771490954641607, 59.44578877581651 ], [ 24.771503045279911, 59.445808974620725 ], [ 24.771488269484205, 59.445829106369899 ], [ 24.771452544012128, 59.445840312202627 ], [ 24.771081318648733, 59.44591531474105 ], [ 24.771063946464327, 59.445913369728224 ], [ 24.768083194721129, 59.444312304061583 ], [ 24.767645035618397, 59.444172603125388 ], [ 24.767428842497218, 59.444103673373327 ], [ 24.765708906015526, 59.443786811474688 ], [ 24.763693719277565, 59.443415516641103 ], [ 24.762843109592449, 59.443308128431731 ], [ 24.762608031063898, 59.443278448036523 ], [ 24.762605521675273, 59.443284477021905 ], [ 24.762548861751061, 59.443281743996181 ], [ 24.762039040954228, 59.443186587348578 ], [ 24.761807203973767, 59.443143322833691 ], [ 24.761015567444062, 59.442995572169693 ], [ 24.760143462744352, 59.442810102917974 ], [ 24.760138744674208, 59.44280402592689 ], [ 24.760390331557669, 59.442434524908627 ], [ 24.760759872990196, 59.441979870325397 ], [ 24.758478360417438, 59.441325739295678 ], [ 24.757674829093979, 59.442457356489442 ], [ 24.757818250457966, 59.442484260634608 ], [ 24.757956610101701, 59.442510224261454 ], [ 24.758051045801079, 59.442611657130684 ], [ 24.757952103605135, 59.442749598463358 ], [ 24.758896740626032, 59.442927743121594 ], [ 24.761606077177959, 59.443438619787059 ], [ 24.761823084400824, 59.443479968615456 ], [ 24.762814166061133, 59.443668822258758 ], [ 24.763160839996882, 59.443755190529075 ], [ 24.763416361697608, 59.443805820006332 ], [ 24.763268271307236, 59.444018485846918 ], [ 24.763829955162745, 59.444124163051114 ], [ 24.763833408227939, 59.444128810960308 ], [ 24.763654785698151, 59.44437208562104 ], [ 24.766590885136871, 59.444910109757728 ], [ 24.766604980204487, 59.44491765799998 ], [ 24.76661663899683, 59.444934466524359 ], [ 24.766602706088161, 59.444941998362353 ], [ 24.767328407277589, 59.445341279703349 ], [ 24.767198979162703, 59.445519953802453 ], [ 24.767188891483453, 59.445526027015035 ], [ 24.767155291412582, 59.445529095295129 ], [ 24.767100582894777, 59.445518462234801 ], [ 24.767095081842655, 59.445524688263411 ], [ 24.767078089987528, 59.445529455156979 ], [ 24.762878951426451, 59.444737798897037 ], [ 24.762680785033904, 59.445010952364157 ], [ 24.762554915614832, 59.445191351657158 ], [ 24.762536785331374, 59.445203575291309 ], [ 24.762702671639861, 59.445269590653034 ], [ 24.762401839249208, 59.445467825309365 ], [ 24.76239063707105, 59.445463491523128 ], [ 24.762368745569216, 59.445477801564351 ], [ 24.762576723707326, 59.445564947186135 ], [ 24.766405078455776, 59.447090415840016 ], [ 24.766749055643746, 59.44722902644542 ], [ 24.767510276987572, 59.447535764675806 ], [ 24.769829809175221, 59.448455896219031 ], [ 24.770801707003201, 59.448844760653024 ], [ 24.770829876853387, 59.448828267028915 ], [ 24.770700575809098, 59.448775629642157 ], [ 24.77099450289932, 59.448594858506866 ], [ 24.771416029628867, 59.448763084354603 ], [ 24.771101933850304, 59.448964881436218 ], [ 24.771950251655706, 59.449304289540954 ], [ 24.773101968139883, 59.449192273377506 ], [ 24.775124959498321, 59.448988254660676 ], [ 24.775630735333074, 59.449128834509409 ], [ 24.77564128240947, 59.449138350650344 ], [ 24.775471508296079, 59.449336310126597 ], [ 24.775449593105371, 59.449361870403997 ], [ 24.775413015039497, 59.449394644566901 ], [ 24.775395622357294, 59.449437700920406 ], [ 24.775334108040163, 59.449512076686311 ], [ 24.775289689350068, 59.44954351453304 ], [ 24.775120717906336, 59.449612337571679 ], [ 24.774876952134225, 59.449696367200687 ], [ 24.774724914409216, 59.449741561928732 ], [ 24.774666859110432, 59.449751670100326 ], [ 24.77459410621449, 59.449754261325971 ], [ 24.774551194301242, 59.449755788352348 ], [ 24.774385462407164, 59.449759994368584 ], [ 24.774283740376152, 59.4497725583755 ], [ 24.774049749329254, 59.449778502706266 ], [ 24.77389726713205, 59.449775359048509 ], [ 24.773699670788918, 59.449779257672496 ], [ 24.773562347940334, 59.449783789516069 ], [ 24.773402001655032, 59.449795386474818 ], [ 24.773119902343524, 59.449796063933832 ], [ 24.772978501229201, 59.449799568818257 ], [ 24.772772393494542, 59.449791181881807 ], [ 24.77271434075012, 59.449792859966529 ], [ 24.772624160219561, 59.449800507518809 ], [ 24.772562639401844, 59.449809423217758 ], [ 24.772489479906014, 59.449810417795071 ], [ 24.77201675942791, 59.449789777587249 ], [ 24.771750144965164, 59.449793826403081 ], [ 24.771400774091425, 59.449789229923276 ], [ 24.771161754933878, 59.449763806732832 ], [ 24.771099855672418, 59.449760659157654 ], [ 24.771049703894164, 59.449753089050461 ], [ 24.770944614625641, 59.449721190191539 ], [ 24.770849037565117, 59.44968580645368 ], [ 24.770798241660209, 59.449673123250932 ], [ 24.770736623864401, 59.449664471087537 ], [ 24.77060956980543, 59.449653733091552 ], [ 24.770478669532341, 59.449617855531123 ], [ 24.770391388375042, 59.449602414250172 ], [ 24.770313926552451, 59.4495806945773 ], [ 24.77019325042145, 59.449553338757411 ], [ 24.769831050688577, 59.449491774625187 ], [ 24.769631357053857, 59.449464350420918 ], [ 24.769368882883136, 59.449432956814213 ], [ 24.769144904151588, 59.449395709477891 ], [ 24.769066702266702, 59.449395088848746 ], [ 24.76901122316767, 59.449390466528108 ], [ 24.768968911049537, 59.449384169454419 ], [ 24.768830524311991, 59.449348441691996 ], [ 24.768680420772412, 59.449327109109603 ], [ 24.768542088748095, 59.449301623241091 ], [ 24.767905926169703, 59.449223429061313 ], [ 24.76780867972645, 59.449209256037619 ], [ 24.767742234557215, 59.449195181709591 ], [ 24.767320182150421, 59.449124605724464 ], [ 24.767150442234716, 59.449091545409196 ], [ 24.766961330291949, 59.449049962000842 ], [ 24.766787376774577, 59.449016862916373 ], [ 24.766681798719397, 59.449376001237532 ], [ 24.766492540300959, 59.450115047968822 ], [ 24.766292532266274, 59.450843680795458 ], [ 24.766079864796392, 59.451653626490177 ], [ 24.765737374050957, 59.451629567092439 ], [ 24.766448658078389, 59.448942127539674 ], [ 24.766345524294938, 59.448920860130301 ], [ 24.76606057640986, 59.448850012066615 ], [ 24.765889483375688, 59.448813097989778 ], [ 24.765674026412512, 59.448748272420161 ], [ 24.765480135766637, 59.448685233232958 ], [ 24.764979397364048, 59.448535168769382 ], [ 24.764810755519772, 59.448478481166148 ], [ 24.764649478483442, 59.448416068293177 ], [ 24.764535165948409, 59.448380420723325 ], [ 24.764404160267731, 59.448330659678014 ], [ 24.764162666216091, 59.448226224573915 ], [ 24.763951232653323, 59.448155744427751 ], [ 24.763801810096915, 59.448118764817657 ], [ 24.763670579996081, 59.448098295596431 ], [ 24.763350835856858, 59.449271726585778 ], [ 24.763452016750481, 59.449280592764666 ], [ 24.763047396775342, 59.450751385117513 ], [ 24.762704036632179, 59.450728938745343 ], [ 24.763108708408748, 59.449259026942428 ], [ 24.763214907295119, 59.449264453057388 ], [ 24.763470566279096, 59.448307536855673 ], [ 24.763548706307194, 59.448038184394406 ], [ 24.763428719722707, 59.4480009619189 ], [ 24.763346072183552, 59.44797007601025 ], [ 24.763181232621847, 59.44792866972162 ], [ 24.763091083355167, 59.447891031692748 ], [ 24.762900098122778, 59.447828196330811 ], [ 24.762560000652087, 59.447738162584848 ], [ 24.762492467954896, 59.447711470568379 ], [ 24.762461430019297, 59.447692807963797 ], [ 24.762451477175944, 59.447686824199174 ], [ 24.762358133790173, 59.447660820119687 ], [ 24.762110884198879, 59.447578416696651 ], [ 24.761857665890734, 59.447490760010986 ], [ 24.76172535734953, 59.447455761693334 ], [ 24.761613314061648, 59.447432262028933 ], [ 24.761573375998399, 59.447419997262983 ], [ 24.761537447537481, 59.447399387826138 ], [ 24.761426556007486, 59.447353205991902 ], [ 24.761343844521782, 59.44732325279368 ], [ 24.761212440939801, 59.447294002852566 ], [ 24.761116564195309, 59.447286334154668 ], [ 24.761022894651273, 59.447282781954833 ], [ 24.760911460937567, 59.447290553285995 ], [ 24.760809023568996, 59.447285130551599 ], [ 24.760708850073993, 59.447296660781696 ], [ 24.760594590854534, 59.447384170959829 ], [ 24.760723618338396, 59.447449216689108 ], [ 24.760765426966284, 59.447470286106885 ], [ 24.760776799737169, 59.447501253155835 ], [ 24.760774311609243, 59.447520136720783 ], [ 24.760756855888552, 59.447536611186209 ], [ 24.760721980275047, 59.447550591964095 ], [ 24.760663267872133, 59.447562870146399 ], [ 24.760600398768265, 59.447575315932774 ], [ 24.76058021571162, 59.447581734174101 ], [ 24.76057011143924, 59.447595850155828 ], [ 24.760507706825138, 59.447682997982561 ], [ 24.7603916943639, 59.447879505165481 ], [ 24.760256833789718, 59.447991209658362 ], [ 24.760203475353848, 59.448072200897933 ], [ 24.760191125152403, 59.448113735912301 ], [ 24.760204390963178, 59.448164028056368 ], [ 24.760211591522374, 59.448191311813176 ], [ 24.760191642019024, 59.448329426950473 ], [ 24.760171854931805, 59.448394847197228 ], [ 24.760120596709118, 59.448494991684292 ], [ 24.760065536498818, 59.448618389980808 ], [ 24.760056494278956, 59.448658864578171 ], [ 24.760040188179559, 59.448691391755162 ], [ 24.760035381398239, 59.448760585548044 ], [ 24.760041357666967, 59.448863568543509 ], [ 24.760020901756697, 59.44897580649166 ], [ 24.759969544844466, 59.449076328483365 ], [ 24.759897817912648, 59.449155118490594 ], [ 24.759858178468665, 59.449213390973 ], [ 24.759828910044483, 59.449239394956052 ], [ 24.759786140939063, 59.449266356525975 ], [ 24.759628719346832, 59.449323135847479 ], [ 24.759496237284011, 59.449382024357725 ], [ 24.75935493922481, 59.449433746225928 ], [ 24.759205686302415, 59.44947896971928 ], [ 24.758981325731284, 59.449535101698949 ], [ 24.758543395154774, 59.44957369284181 ], [ 24.758387421463283, 59.449577535277584 ], [ 24.75826919624858, 59.449576752650344 ], [ 24.758171548934957, 59.449559468876792 ], [ 24.757865836342241, 59.449470742212242 ], [ 24.757707770215447, 59.449428724589929 ], [ 24.757312496180333, 59.449336588930947 ], [ 24.756712684949065, 59.449200671554273 ], [ 24.756587396550859, 59.449180215014508 ], [ 24.756401409673202, 59.449133490789137 ], [ 24.756270097678559, 59.449122826285532 ], [ 24.756216167557682, 59.449104455239315 ], [ 24.756187739036925, 59.449085704384927 ], [ 24.756159189895918, 59.449050356171313 ], [ 24.756166740112693, 59.449031461615519 ], [ 24.756201677908056, 59.449022526658588 ], [ 24.756232032621735, 59.449019192576699 ], [ 24.756255190208513, 59.448999741622536 ], [ 24.756256523736393, 59.448976367436153 ], [ 24.756250701172302, 59.448947486689534 ], [ 24.756223360675836, 59.448920542782261 ], [ 24.756185600993696, 59.448896773620476 ], [ 24.756160655517299, 59.448875282804103 ], [ 24.756154062928776, 59.448856209105287 ], [ 24.756149134623854, 59.448785697938689 ], [ 24.7561892234664, 59.448675798610637 ], [ 24.756228537948562, 59.448444151765059 ], [ 24.756218585191931, 59.448367268995995 ], [ 24.756204351960992, 59.448335923029575 ], [ 24.756171444434827, 59.448305941011157 ], [ 24.756098543456456, 59.448266718058505 ], [ 24.755951995133522, 59.448199928165927 ], [ 24.75585017730852, 59.448163635869903 ], [ 24.755691843593173, 59.44809798155196 ], [ 24.75558156613646, 59.448062563445347 ], [ 24.755423871086794, 59.448022551781108 ], [ 24.755270115260213, 59.447948603100613 ], [ 24.755192428402363, 59.447919281540841 ], [ 24.755027597254561, 59.447874597513682 ], [ 24.754882710291231, 59.44784292302635 ], [ 24.754824284850653, 59.447826821371471 ], [ 24.754700906647685, 59.447811154688196 ], [ 24.75459616952811, 59.447806189135136 ], [ 24.754501493270546, 59.447808167752505 ], [ 24.754407239733688, 59.447814120590067 ], [ 24.754206305502112, 59.447834068589188 ], [ 24.754112572736254, 59.448492781943713 ], [ 24.753779291045788, 59.448480794912328 ], [ 24.753779291571817, 59.44848077552443 ], [ 24.753781340805425, 59.448318015000289 ], [ 24.753918519808987, 59.447328797803173 ], [ 24.755020159546792, 59.447361895889472 ], [ 24.755167583120659, 59.446502960865637 ], [ 24.755246805332117, 59.446003936423729 ], [ 24.754151413719349, 59.445964431179263 ], [ 24.754335450758354, 59.444639481897241 ], [ 24.753255097077556, 59.444600421914636 ], [ 24.753138299737287, 59.444403780194918 ], [ 24.753179072698924, 59.444110455129767 ], [ 24.753140051950091, 59.444027553264014 ], [ 24.753012349669866, 59.443943811915609 ], [ 24.753154265815606, 59.443528991222983 ], [ 24.749665082529383, 59.443858955587558 ], [ 24.748592982229404, 59.443945754711855 ], [ 24.746805115647486, 59.44414046677435 ], [ 24.746354124021874, 59.443990956665523 ], [ 24.746081321279991, 59.443921136944994 ], [ 24.745850115884004, 59.443859249970309 ], [ 24.745518703481363, 59.443769114407409 ], [ 24.745224079311789, 59.44357957654006 ], [ 24.74447615034801, 59.442413594253445 ], [ 24.744235685617401, 59.442298255244637 ], [ 24.744173956040182, 59.442272212341116 ], [ 24.743810836294841, 59.442101101649868 ], [ 24.74313522581533, 59.441800872229564 ], [ 24.7421306807605, 59.441408955362881 ], [ 24.74136201793052, 59.441115973836403 ], [ 24.741326513258421, 59.441079907527701 ], [ 24.741291249231232, 59.441063050153168 ], [ 24.741047867184058, 59.440966662793294 ], [ 24.739435473422841, 59.440354533030515 ], [ 24.739140676099449, 59.440259956905955 ], [ 24.738783358681829, 59.440094185979319 ], [ 24.738545149153577, 59.44003259490416 ], [ 24.737058921644824, 59.439562190102123 ], [ 24.736778187408515, 59.439448948102815 ], [ 24.736166647155347, 59.439262240048329 ], [ 24.736049916059358, 59.439194130455384 ], [ 24.735913809554475, 59.439101981514327 ], [ 24.735588246392183, 59.438960890207191 ], [ 24.735144724130773, 59.438759863434562 ], [ 24.734732613301357, 59.438552286419423 ], [ 24.734454978118048, 59.438361103821485 ], [ 24.73423957119843, 59.438203326362462 ], [ 24.734122778837463, 59.438123814912551 ], [ 24.73408653447968, 59.438077427502613 ], [ 24.73338177060068, 59.437248758459774 ], [ 24.732927043762604, 59.436737369724788 ], [ 24.732790733437071, 59.436593781765502 ], [ 24.732489174737779, 59.43648558382052 ], [ 24.732470444209095, 59.436228413540668 ], [ 24.732338163751354, 59.436124659589154 ], [ 24.732669707710901, 59.435042639144847 ], [ 24.732582610227592, 59.434983069071563 ], [ 24.731479695351567, 59.435043420436543 ], [ 24.730646351289359, 59.435093379978404 ], [ 24.730120623218021, 59.435098989184269 ], [ 24.729785349646342, 59.435094384542886 ], [ 24.728147000796643, 59.434920328448932 ], [ 24.727746474746823, 59.434888430982632 ], [ 24.726645718853927, 59.434810218257823 ], [ 24.726305740882651, 59.43478309903093 ], [ 24.725555961238953, 59.434677087662919 ], [ 24.724874690491433, 59.434577247956589 ], [ 24.723703896372204, 59.434319771057353 ], [ 24.723625047650685, 59.434033127202966 ], [ 24.7234079019339, 59.433173627225123 ], [ 24.723333533970681, 59.432807065158244 ], [ 24.723292759354308, 59.432479098149358 ], [ 24.723345204014507, 59.431976559213389 ], [ 24.72343272191457, 59.431549411943649 ], [ 24.724038705685977, 59.430410966381551 ], [ 24.724907320373518, 59.429246115965149 ], [ 24.725331647773526, 59.428675996599146 ], [ 24.725962805617343, 59.427923493705862 ], [ 24.726431475227116, 59.42736892494738 ], [ 24.727289962397087, 59.426397921689386 ], [ 24.728586314112892, 59.425027804103266 ], [ 24.728678328451814, 59.424443622367825 ], [ 24.72886877125784, 59.424212581988243 ], [ 24.729673510031603, 59.423049575298897 ], [ 24.729826965628224, 59.422778252896883 ], [ 24.73083671979613, 59.420925039767873 ], [ 24.732029472320765, 59.418336134716675 ], [ 24.733655851552616, 59.414828800410056 ], [ 24.733988234910196, 59.414109157450177 ], [ 24.734191065466355, 59.413466988426443 ], [ 24.7342561538495, 59.413151986274293 ], [ 24.734281869286644, 59.412528938275628 ], [ 24.734261277030548, 59.41217689079469 ], [ 24.734214386166734, 59.411559633834649 ], [ 24.734166936274327, 59.411482158923086 ], [ 24.734014485346609, 59.411295931528883 ], [ 24.733948941290347, 59.411171249377695 ], [ 24.733889060730235, 59.411072478751755 ], [ 24.733653459622793, 59.410663011103296 ], [ 24.733414041989779, 59.410297012325998 ], [ 24.733180551660872, 59.409985469668804 ], [ 24.732813979242035, 59.409552492638653 ], [ 24.733000080405141, 59.409510162386503 ], [ 24.732073292279015, 59.408456320598205 ], [ 24.731538012081348, 59.407839893524255 ], [ 24.731431096675976, 59.407863019907616 ], [ 24.731251460184627, 59.407647406437626 ], [ 24.731170485037637, 59.407664912539595 ], [ 24.730708927867898, 59.407110551394169 ], [ 24.730789627639432, 59.407080210161553 ], [ 24.730665483860097, 59.40698915598734 ], [ 24.730558158976251, 59.406877630791762 ], [ 24.730203017451064, 59.406482106220679 ], [ 24.730314918007217, 59.406453477234614 ], [ 24.728933609600833, 59.404933542207282 ], [ 24.727799830145319, 59.403787905893964 ], [ 24.727100818417593, 59.403081699707045 ], [ 24.726966053480531, 59.402945367469876 ], [ 24.726518571732356, 59.402434092399055 ], [ 24.727738163068665, 59.402594321178697 ], [ 24.729322883903809, 59.402803054759836 ], [ 24.73015071020135, 59.402902504711399 ], [ 24.730094382528165, 59.40283701673377 ], [ 24.729570583189595, 59.402175273765117 ], [ 24.729202556970652, 59.401519397896791 ], [ 24.728764395937276, 59.400967054025422 ], [ 24.725347051730203, 59.394146889757543 ], [ 24.725486300481762, 59.393782825954133 ], [ 24.726983655525657, 59.392848857448762 ], [ 24.727401721613298, 59.392561707993487 ], [ 24.727900463809718, 59.393179702509109 ], [ 24.728788371590092, 59.394301208909852 ], [ 24.730180277417389, 59.394012600453237 ], [ 24.731218129261098, 59.393802788609825 ], [ 24.732121638886827, 59.392530399428217 ], [ 24.733256534592588, 59.390593676567427 ], [ 24.733362931859077, 59.390417584115639 ], [ 24.735309042859036, 59.388599029232303 ], [ 24.73858950720393, 59.38559715229411 ], [ 24.739908668699549, 59.384723188868747 ], [ 24.742063014061259, 59.382655230646279 ], [ 24.747544370808331, 59.377471293336754 ], [ 24.748178950050708, 59.376731478846231 ], [ 24.748804947043578, 59.376404741978803 ], [ 24.760540683041395, 59.374926173861546 ], [ 24.762006641315782, 59.375759010606608 ], [ 24.765426264533662, 59.376055851361407 ], [ 24.769169918223433, 59.37636489146422 ], [ 24.769897523126563, 59.375285361698381 ], [ 24.771690534970425, 59.374118423735624 ], [ 24.781104507169253, 59.376715176991389 ], [ 24.781302578877362, 59.378109303305827 ], [ 24.781536128740782, 59.379831328831671 ], [ 24.784125616772855, 59.381014344345438 ], [ 24.787744260142059, 59.382740452270767 ], [ 24.786967403488976, 59.38453009981847 ], [ 24.788036162037528, 59.385437381300534 ], [ 24.789222485444693, 59.386724305502703 ], [ 24.790583512005341, 59.388683176695615 ], [ 24.791085979745144, 59.389544552908056 ], [ 24.791298756643165, 59.390541607845215 ], [ 24.792007685327466, 59.390709788614643 ], [ 24.791569366301047, 59.391063429497081 ], [ 24.793627438608333, 59.392055464257467 ], [ 24.795755772032013, 59.393074062872941 ], [ 24.795746066003247, 59.393148630901408 ], [ 24.794321730848338, 59.393850357401767 ], [ 24.793839455325216, 59.394108126961896 ], [ 24.793440729472984, 59.394340973161526 ], [ 24.793058342151625, 59.394587903258859 ], [ 24.792735442710732, 59.39481203109424 ], [ 24.792582172074557, 59.394935311557866 ], [ 24.79251575056804, 59.395000974710797 ], [ 24.792419586901698, 59.395120050714425 ], [ 24.792372351110853, 59.395238921634416 ], [ 24.792366370813848, 59.395406289149832 ], [ 24.792396403024789, 59.395547765435261 ], [ 24.792429763386455, 59.395673332347492 ], [ 24.792495304282948, 59.39585831268397 ], [ 24.792528160744265, 59.395969698922578 ], [ 24.792551974614675, 59.396116239745027 ], [ 24.792601516586764, 59.396757797236113 ], [ 24.792638476320452, 59.39731208413729 ], [ 24.792640419093072, 59.397517466288463 ], [ 24.792630194786749, 59.397744735865544 ], [ 24.792614573062806, 59.397860633345282 ], [ 24.792595159126744, 59.397949622662367 ], [ 24.792554749035393, 59.398066926278389 ], [ 24.792501773356069, 59.398181343176788 ], [ 24.792179260939065, 59.398591021372575 ], [ 24.791891008657394, 59.398937294343114 ], [ 24.791099208609722, 59.399653575679977 ], [ 24.790354910590345, 59.400347123968011 ], [ 24.790222425795367, 59.400502862801872 ], [ 24.79006448066189, 59.400730121475185 ], [ 24.78994849517316, 59.400944829475151 ], [ 24.789865238349151, 59.401151261535283 ], [ 24.789655264205258, 59.401725433449386 ], [ 24.789613421615051, 59.402025336364161 ], [ 24.789628779834359, 59.402172017855719 ], [ 24.789724936961647, 59.402348736032089 ], [ 24.789832254609788, 59.402482656685159 ], [ 24.78997930876244, 59.402614273917713 ], [ 24.790207483385966, 59.402782119573722 ], [ 24.790556388140278, 59.40298595520094 ], [ 24.791428622786416, 59.403482164721957 ], [ 24.792330146935438, 59.404200372394797 ], [ 24.792967418411632, 59.40475104071372 ], [ 24.793386998307763, 59.405229587295409 ], [ 24.794009570447415, 59.406002519411153 ], [ 24.794658722062998, 59.406675374240557 ], [ 24.795290611812511, 59.407195452312656 ], [ 24.795747246628153, 59.40755356561516 ], [ 24.796050746652337, 59.40755828279525 ], [ 24.799062031547422, 59.407585002871748 ], [ 24.799109456190585, 59.407585880647666 ] ] ], [ [ [ 24.779171693007783, 59.591479854489769 ], [ 24.779296862853801, 59.591463920349661 ], [ 24.779399987727714, 59.59146711874444 ], [ 24.779473018056816, 59.591465736963677 ], [ 24.779638607461624, 59.591414404267482 ], [ 24.77969015084734, 59.591394711733649 ], [ 24.780035376232306, 59.591378915915541 ], [ 24.780076537574502, 59.591374328682285 ], [ 24.780088281290269, 59.591361486192739 ], [ 24.780086672093219, 59.591349216139264 ], [ 24.780076067315122, 59.591337618494727 ], [ 24.780005324559486, 59.591310595167272 ], [ 24.779755186163566, 59.591269324817077 ], [ 24.779725044215347, 59.591261899580232 ], [ 24.779717190661326, 59.591246749039072 ], [ 24.779718740198099, 59.591232485582871 ], [ 24.779748359448625, 59.591217114166177 ], [ 24.779793058371162, 59.591205450816389 ], [ 24.779867430522174, 59.591196987600476 ], [ 24.77995291035224, 59.591193494542445 ], [ 24.78005685624073, 59.591173860914004 ], [ 24.7801509143695, 59.591144564210445 ], [ 24.780238433602829, 59.591124255352483 ], [ 24.780332538195413, 59.591115513913991 ], [ 24.780546520182476, 59.591104844355961 ], [ 24.780816969684714, 59.591107808248189 ], [ 24.780952899703802, 59.591105695312969 ], [ 24.781057050815825, 59.591093492038354 ], [ 24.781193611137628, 59.591084140254743 ], [ 24.781538997563022, 59.59111249384506 ], [ 24.78157108165334, 59.591122761652215 ], [ 24.781656373052279, 59.59116500273732 ], [ 24.781680798996167, 59.591168655371163 ], [ 24.781806054000203, 59.591156524279441 ], [ 24.781866028467689, 59.591157112326812 ], [ 24.781933315825867, 59.591150063190206 ], [ 24.782006353575536, 59.591131328817205 ], [ 24.7820638102869, 59.591110963072957 ], [ 24.78212159905214, 59.591095801581289 ], [ 24.782241643076503, 59.591072642108571 ], [ 24.782372960347839, 59.591041633419174 ], [ 24.782446589095226, 59.591010902995215 ], [ 24.782487081898712, 59.590988833169156 ], [ 24.782522462527577, 59.590954630712496 ], [ 24.782535633594286, 59.590928467731139 ], [ 24.78254891292789, 59.590878543895286 ], [ 24.782574622699581, 59.590847980166849 ], [ 24.782619123344006, 59.590827762629743 ], [ 24.782704508716982, 59.590796370065895 ], [ 24.782760954225598, 59.590782876847712 ], [ 24.782807088276467, 59.590782101180359 ], [ 24.782830695622483, 59.590789420768097 ], [ 24.782864530350693, 59.590852664886924 ], [ 24.782896452766593, 59.590883587752472 ], [ 24.782925394782652, 59.590903469472536 ], [ 24.782955408039655, 59.590915284146327 ], [ 24.783000208036125, 59.590920377819614 ], [ 24.783143801416202, 59.590912059539299 ], [ 24.783186709923363, 59.59090420259826 ], [ 24.783205236313627, 59.590894596007153 ], [ 24.783215907461233, 59.590869830102406 ], [ 24.783254385378779, 59.590832557169435 ], [ 24.783285288187038, 59.590791523135131 ], [ 24.783368458608766, 59.590741625184663 ], [ 24.783388121513049, 59.59070066666051 ], [ 24.783381985320478, 59.590677903243282 ], [ 24.7833661634828, 59.590668114052733 ], [ 24.783219386890828, 59.590614263749224 ], [ 24.783025230133038, 59.590563162228044 ], [ 24.782934502271289, 59.590528548124148 ], [ 24.782806042490876, 59.590492083727447 ], [ 24.782762052721633, 59.590471402371804 ], [ 24.782732454153685, 59.590436049390071 ], [ 24.782709161517111, 59.590387778125567 ], [ 24.782684465108183, 59.590355430109959 ], [ 24.782621089764458, 59.59031469370057 ], [ 24.782597362657945, 59.590302922548631 ], [ 24.782529687618169, 59.590279194658855 ], [ 24.782460040978254, 59.59026440979742 ], [ 24.782384529329594, 59.590240153705984 ], [ 24.782342885991039, 59.590221406187169 ], [ 24.782295854076079, 59.590213129938569 ], [ 24.782262112999295, 59.59021237798818 ], [ 24.782236099664619, 59.590222037700585 ], [ 24.782197665082236, 59.590261213060188 ], [ 24.782171651485136, 59.590270863784667 ], [ 24.782129634661676, 59.590274361633249 ], [ 24.782017567027012, 59.590250877998599 ], [ 24.781949669841548, 59.590231325098571 ], [ 24.781835984191744, 59.590175949171915 ], [ 24.781678517672891, 59.590090429200686 ], [ 24.781553527881965, 59.590032274350186 ], [ 24.781419397210854, 59.589984612795874 ], [ 24.781368216643102, 59.589958318401365 ], [ 24.781332978788669, 59.589934012317883 ], [ 24.781235109304664, 59.589891216967807 ], [ 24.781174190141471, 59.589868669265414 ], [ 24.781154030610406, 59.589850333079696 ], [ 24.781151958101688, 59.589760097781713 ], [ 24.781192596546049, 59.589653452944418 ], [ 24.781298904885677, 59.589551177659651 ], [ 24.781329830744575, 59.589511095416078 ], [ 24.78136695256509, 59.589495679296768 ], [ 24.78141915762334, 59.589484922519596 ], [ 24.781432054939042, 59.589475340445667 ], [ 24.781424872743056, 59.589406983592795 ], [ 24.781440722621348, 59.589383372096499 ], [ 24.781505603143838, 59.589333358922012 ], [ 24.781550093152493, 59.589321211465673 ], [ 24.781587031292862, 59.589318614500847 ], [ 24.781641070806074, 59.589323761746321 ], [ 24.781687738709987, 59.589332435330242 ], [ 24.781747827709427, 59.589348928712091 ], [ 24.781780632175689, 59.589351328984364 ], [ 24.781829754070234, 59.589334297888485 ], [ 24.781853763808723, 59.589319901636948 ], [ 24.781884619226592, 59.589276022702315 ], [ 24.781878597614142, 59.589258958472456 ], [ 24.781887155430557, 59.589236188910462 ], [ 24.781914355082819, 59.589202699185137 ], [ 24.781947029288791, 59.589183269859411 ], [ 24.781981193189011, 59.589178588732111 ], [ 24.782023434293372, 59.589182593769884 ], [ 24.782063977168828, 59.589195118353295 ], [ 24.782174652363153, 59.589212856373571 ], [ 24.782281113715499, 59.589207469381094 ], [ 24.782340284873349, 59.589212532134887 ], [ 24.782421361085365, 59.589234843385768 ], [ 24.782507983009953, 59.58925428527489 ], [ 24.782558678464639, 59.589258733825055 ], [ 24.782607261550687, 59.589253697942837 ], [ 24.782661315944924, 59.589241026755623 ], [ 24.782715549438066, 59.589236908887152 ], [ 24.782885211937273, 59.589282455873985 ], [ 24.782977992437317, 59.589318718473791 ], [ 24.783054089429786, 59.589333868806989 ], [ 24.783085370939059, 59.589331628055213 ], [ 24.783129814710165, 59.589317496578559 ], [ 24.78318837275566, 59.58931283228943 ], [ 24.783226336344228, 59.589304035156637 ], [ 24.783241389480587, 59.589291235603092 ], [ 24.783231262168233, 59.589271179708781 ], [ 24.783208122757898, 59.589257232922897 ], [ 24.783172467729635, 59.589224061216889 ], [ 24.783130420377592, 59.589205415073536 ], [ 24.783120653745442, 59.589196406844884 ], [ 24.783117640589882, 59.5891847106287 ], [ 24.783179679272809, 59.589134408242586 ], [ 24.783192073127477, 59.589102989664937 ], [ 24.783185828025875, 59.589075478413861 ], [ 24.783143708363561, 59.58903677069943 ], [ 24.7831057965201, 59.58901704983834 ], [ 24.783062325914013, 59.589001158843509 ], [ 24.783000891995812, 59.588992375672305 ], [ 24.78297081251371, 59.588982993974838 ], [ 24.782947425821082, 59.588962136865426 ], [ 24.782942888028622, 59.588942649274742 ], [ 24.782950491681511, 59.588916914132469 ], [ 24.78299751715641, 59.588862697262712 ], [ 24.783202948891137, 59.588720445619337 ], [ 24.783233196208624, 59.588707143187207 ], [ 24.783319907186758, 59.588678991729772 ], [ 24.783367706578741, 59.588640738953984 ], [ 24.783396475717293, 59.588597850409521 ], [ 24.783412257428651, 59.588524474509029 ], [ 24.783410067372806, 59.588497791992282 ], [ 24.783400253826319, 59.588477518815559 ], [ 24.783385367350323, 59.588461413752064 ], [ 24.78337844335735, 59.588439014032076 ], [ 24.783370235455166, 59.588295540727195 ], [ 24.783392056900425, 59.588046319398046 ], [ 24.783403553694331, 59.588025165997067 ], [ 24.783444741175053, 59.587986557379239 ], [ 24.783663575829738, 59.58783398358721 ], [ 24.783816987705976, 59.587748401212188 ], [ 24.784043420067835, 59.587645277023789 ], [ 24.784199934216694, 59.587556130161417 ], [ 24.784264545179102, 59.587513944477081 ], [ 24.78430904469565, 59.58749467780433 ], [ 24.784475067837899, 59.587463299518205 ], [ 24.784508521392336, 59.587451701210931 ], [ 24.784530626602052, 59.58743542174453 ], [ 24.784558421684853, 59.587341203246837 ], [ 24.784578606830657, 59.587323032184841 ], [ 24.784655284385291, 59.58728217502717 ], [ 24.784735678211323, 59.587229007223996 ], [ 24.78478220235457, 59.587215428323084 ], [ 24.784854517846693, 59.587182702522938 ], [ 24.784944926881117, 59.587123263560805 ], [ 24.78497420701261, 59.587092687074197 ], [ 24.784993887623152, 59.587052670628317 ], [ 24.785019288250453, 59.587017368692337 ], [ 24.785045057431144, 59.586997270413498 ], [ 24.785064387194108, 59.586942059162645 ], [ 24.785121272307926, 59.586890412989746 ], [ 24.785202313486437, 59.586830086930746 ], [ 24.785262932808667, 59.586778427500406 ], [ 24.785390057950075, 59.58668552201032 ], [ 24.786019799605327, 59.586343679783603 ], [ 24.78622873378346, 59.586174195127889 ], [ 24.786269426046708, 59.586151153422151 ], [ 24.786334563073794, 59.586132714843707 ], [ 24.786407427909467, 59.586124678704223 ], [ 24.786482706421197, 59.586104671734404 ], [ 24.786500768090512, 59.586081243894633 ], [ 24.786496283115167, 59.586041146481413 ], [ 24.786481717650194, 59.586020569638087 ], [ 24.786439814931093, 59.585985120030543 ], [ 24.786222613053784, 59.585904798756431 ], [ 24.786103583071558, 59.585865238549722 ], [ 24.786059979101662, 59.58584269788436 ], [ 24.7860141918331, 59.585806867295524 ], [ 24.785958585879989, 59.585752101175423 ], [ 24.785952251435052, 59.585720793558828 ], [ 24.785936624573917, 59.585693329160058 ], [ 24.785910099529939, 59.585599442021042 ], [ 24.78589431502774, 59.585564384598285 ], [ 24.785869260353284, 59.585534130720006 ], [ 24.785836785447174, 59.585506775389362 ], [ 24.785807935165519, 59.585474650050109 ], [ 24.785794162738515, 59.585446232103116 ], [ 24.785770622065016, 59.585319069983193 ], [ 24.785828150638103, 59.585214226029287 ], [ 24.78583737083197, 59.585187341065634 ], [ 24.78583415352352, 59.585159937562665 ], [ 24.785797589061072, 59.585108011436006 ], [ 24.785801878368908, 59.585050034910495 ], [ 24.785788463048849, 59.585020977519108 ], [ 24.785747838416743, 59.584981005012196 ], [ 24.785720381799809, 59.584925667613852 ], [ 24.785612548573294, 59.584801313082259 ], [ 24.785592969137653, 59.584764384155704 ], [ 24.785647480659485, 59.584610161544475 ], [ 24.785645295990577, 59.584536263590991 ], [ 24.785603630654613, 59.58449641390979 ], [ 24.785599545584603, 59.584481241282454 ], [ 24.78561047643166, 59.584467882439881 ], [ 24.785617413945698, 59.584444089915841 ], [ 24.785605430126086, 59.584411855360038 ], [ 24.785572649327982, 59.584371198884398 ], [ 24.785540263649906, 59.584347648900568 ], [ 24.785402678858286, 59.58431141179603 ], [ 24.785289796786603, 59.584290233747296 ], [ 24.785191733227201, 59.584262316183576 ], [ 24.785163428291941, 59.584252978309173 ], [ 24.785083931079573, 59.584217356486079 ], [ 24.784924515906368, 59.584102544186614 ], [ 24.78483045659263, 59.583992684786864 ], [ 24.784718858558897, 59.583885164483469 ], [ 24.78462091967004, 59.58379735581719 ], [ 24.784575377623025, 59.583771971694617 ], [ 24.784373903678226, 59.583726624560306 ], [ 24.7841344839653, 59.583660596276779 ], [ 24.783951427874367, 59.583601827436475 ], [ 24.783883805510353, 59.583593673829633 ], [ 24.7837901274949, 59.583592335027369 ], [ 24.783679693500261, 59.583595834938883 ], [ 24.783594008715983, 59.583617248460783 ], [ 24.783528918638922, 59.583637579452791 ], [ 24.78330433060977, 59.583727470063273 ], [ 24.783190230991408, 59.583741673080461 ], [ 24.783072179424593, 59.583739517634562 ], [ 24.782892000989975, 59.58372420256164 ], [ 24.782749730821461, 59.583707944787342 ], [ 24.78244471386159, 59.583661627672271 ], [ 24.782275819047335, 59.583626667680598 ], [ 24.782128935484934, 59.583586011996417 ], [ 24.781981399107558, 59.583534651275443 ], [ 24.78178296523344, 59.583455019677537 ], [ 24.781560022469922, 59.583350892657606 ], [ 24.781202319711351, 59.583191270910874 ], [ 24.780655280659253, 59.5829223304249 ], [ 24.780257268067651, 59.582719471817256 ], [ 24.78009635791047, 59.58262565816645 ], [ 24.779880417252333, 59.582520777909338 ], [ 24.779760007259622, 59.582477306516509 ], [ 24.779553830521184, 59.582430785976243 ], [ 24.779389529542279, 59.582371909299304 ], [ 24.779189563443438, 59.582289724627913 ], [ 24.778631471660272, 59.5821505127116 ], [ 24.778546565251759, 59.582123940032332 ], [ 24.778317072030607, 59.582039791513303 ], [ 24.778250542485637, 59.582018092343496 ], [ 24.778097872355705, 59.581976954626185 ], [ 24.778007177742758, 59.581942570365719 ], [ 24.777869469746893, 59.581879262648854 ], [ 24.777615892327404, 59.581725427883349 ], [ 24.77736768402886, 59.581560161163409 ], [ 24.7772719659574, 59.581490187940815 ], [ 24.777140308348326, 59.581384798881572 ], [ 24.777003220965245, 59.581287277910945 ], [ 24.776910074117605, 59.581206607512513 ], [ 24.77678443633722, 59.581118282602702 ], [ 24.77661830713096, 59.580979604889087 ], [ 24.77655522942381, 59.58092368486539 ], [ 24.776411272001607, 59.58077158277932 ], [ 24.776362889063307, 59.580703467346659 ], [ 24.77627711792919, 59.580555771972328 ], [ 24.776251100293656, 59.580482776740119 ], [ 24.776226351498654, 59.580383168267595 ], [ 24.776215235343994, 59.580306288576445 ], [ 24.776217473542371, 59.580240721436788 ], [ 24.776204213375809, 59.580168378386098 ], [ 24.776202515451505, 59.580159115822035 ], [ 24.776163147651239, 59.580075741517994 ], [ 24.776059692364008, 59.579892056015915 ], [ 24.775986248022519, 59.579792733241234 ], [ 24.775938148995529, 59.579736967378118 ], [ 24.775744186652858, 59.579608909260124 ], [ 24.775620796030246, 59.579536476080889 ], [ 24.775437062487264, 59.579446354254841 ], [ 24.775304269430404, 59.579372081914912 ], [ 24.775120797511502, 59.579293367013825 ], [ 24.774845172301443, 59.579198083006425 ], [ 24.774570279872709, 59.579134139423807 ], [ 24.774312086323956, 59.579064397536918 ], [ 24.77403643984346, 59.578967217981095 ], [ 24.773833971159, 59.578876252121674 ], [ 24.773515782128712, 59.57872136935849 ], [ 24.773445515042798, 59.578678074696356 ], [ 24.77319793482474, 59.57849807535267 ], [ 24.773049041086537, 59.578374498254604 ], [ 24.772871798612449, 59.57821664456371 ], [ 24.772836547947403, 59.578171493272215 ], [ 24.772734716433551, 59.578059031700455 ], [ 24.772681982700117, 59.57800455740081 ], [ 24.772644227247028, 59.577975326722928 ], [ 24.772570641546618, 59.577926045833422 ], [ 24.772439998930164, 59.57786410948512 ], [ 24.772107434692337, 59.577734001172551 ], [ 24.772056175701394, 59.577703897685105 ], [ 24.772020443730582, 59.577668658837567 ], [ 24.771946596418754, 59.577569560581146 ], [ 24.771827348413375, 59.577441132377288 ], [ 24.771775357598607, 59.577378736268635 ], [ 24.771631777473754, 59.577240881146494 ], [ 24.771515221048734, 59.577138961964963 ], [ 24.771460057765111, 59.577101278087 ], [ 24.771369033074802, 59.577051460954507 ], [ 24.771264919314728, 59.57700267159538 ], [ 24.771162293840753, 59.576936773592159 ], [ 24.770976366123286, 59.576831452533824 ], [ 24.770924653761856, 59.576780454387631 ], [ 24.770873225222594, 59.576742757468082 ], [ 24.77076267312945, 59.57669558508276 ], [ 24.770708648807162, 59.576664366178683 ], [ 24.770494902089659, 59.576493212707412 ], [ 24.77035687047383, 59.576435114354716 ], [ 24.770305231742224, 59.576409967331593 ], [ 24.770224287073304, 59.576383159829838 ], [ 24.770068214843473, 59.576339483489782 ], [ 24.769948908249862, 59.576300233644638 ], [ 24.769874887911083, 59.576283807115182 ], [ 24.769776162159463, 59.576271958672955 ], [ 24.769450497515969, 59.576219664144496 ], [ 24.769392176359823, 59.576214321503763 ], [ 24.769323301279176, 59.576198475118055 ], [ 24.769101836880328, 59.576119928100084 ], [ 24.7689869694176, 59.576064045387959 ], [ 24.768877321505265, 59.576019083332369 ], [ 24.768563937052235, 59.575907848544787 ], [ 24.768465693119445, 59.575869471315237 ], [ 24.76822278030923, 59.575811037746753 ], [ 24.76816632400654, 59.5757871476413 ], [ 24.767932341616582, 59.575720574000513 ], [ 24.767679042380578, 59.575616591099255 ], [ 24.76763375981859, 59.575601657092747 ], [ 24.767379508152832, 59.575538530367901 ], [ 24.767136146183468, 59.57545920056198 ], [ 24.767057009290948, 59.575437802344595 ], [ 24.76673524397189, 59.575370326538604 ], [ 24.7665675905507, 59.575326641446431 ], [ 24.766503290387657, 59.575298514409496 ], [ 24.766469072351967, 59.575275912926024 ], [ 24.766401321128036, 59.575261108745032 ], [ 24.766348773222443, 59.575256664845469 ], [ 24.766230089029641, 59.575225046910965 ], [ 24.766014911925641, 59.575131997488398 ], [ 24.765946246305312, 59.575096202770951 ], [ 24.765880912773557, 59.575040990898998 ], [ 24.765696647987475, 59.574914800871085 ], [ 24.765601075223373, 59.574855670772962 ], [ 24.765545818476056, 59.574814161080603 ], [ 24.765319406431605, 59.574691069019089 ], [ 24.765222811089963, 59.574653290248641 ], [ 24.764950425282436, 59.574532312745397 ], [ 24.764836478202763, 59.574461726904964 ], [ 24.764805671129363, 59.574423899382765 ], [ 24.764771263060062, 59.574392753108718 ], [ 24.764739093309093, 59.574377742273427 ], [ 24.764647021373026, 59.574364020380955 ], [ 24.764626256854957, 59.57435653752362 ], [ 24.76459014426721, 59.574332995024044 ], [ 24.764499082627506, 59.574290201873765 ], [ 24.764433166584368, 59.574269533524721 ], [ 24.764257699931655, 59.574194303045758 ], [ 24.764191794254955, 59.574145718172375 ], [ 24.764031144257252, 59.574040779912046 ], [ 24.763889549921299, 59.573989346906465 ], [ 24.763816003622424, 59.573970032878378 ], [ 24.763707734925241, 59.573923631371883 ], [ 24.763466662328131, 59.573808214808139 ], [ 24.763396404937296, 59.573748550965043 ], [ 24.763350101768705, 59.573702123500638 ], [ 24.763348994354928, 59.573610167522332 ], [ 24.763328569392769, 59.573433218596541 ], [ 24.763289826073208, 59.573372771334071 ], [ 24.763223957473876, 59.573321762158109 ], [ 24.763194030115393, 59.573289108515702 ], [ 24.763141225465816, 59.573187065326131 ], [ 24.763132837803749, 59.573074209597323 ], [ 24.763122199370038, 59.573059020234567 ], [ 24.763101232619068, 59.573047202744924 ], [ 24.763000967691102, 59.573022207871496 ], [ 24.762706562453602, 59.57293622585334 ], [ 24.76265931469494, 59.572909138583263 ], [ 24.76260884303413, 59.572888990634127 ], [ 24.762404783376471, 59.572845635972939 ], [ 24.762330104764789, 59.572837233884933 ], [ 24.762127373355153, 59.572824713771382 ], [ 24.762015914033245, 59.572825194642732 ], [ 24.761840195866046, 59.572818765913262 ], [ 24.761757848724088, 59.57281951865356 ], [ 24.761603866792083, 59.572807928659387 ], [ 24.761432850265326, 59.572819460846873 ], [ 24.761329434842452, 59.572829921360331 ], [ 24.76120314314376, 59.572834921256053 ], [ 24.761046091535135, 59.57284508892625 ], [ 24.760955026921383, 59.572855585767378 ], [ 24.760865234275563, 59.572859666135443 ], [ 24.760805996287548, 59.57284860710331 ], [ 24.76076800396093, 59.572845262121916 ], [ 24.760560549427229, 59.572862846422076 ], [ 24.760410423672628, 59.572869409896697 ], [ 24.759971087430944, 59.572881199508693 ], [ 24.759899440705482, 59.572880184083658 ], [ 24.759733456740335, 59.572868319794814 ], [ 24.75967839780056, 59.572855809011664 ], [ 24.759579404548916, 59.57282502350558 ], [ 24.759432544327488, 59.572805867920025 ], [ 24.759225902374901, 59.572793276063585 ], [ 24.758931770539444, 59.572753934033521 ], [ 24.75886104683989, 59.572730822039972 ], [ 24.758743875009664, 59.572704421952793 ], [ 24.758410238917538, 59.572666059480014 ], [ 24.758201420218125, 59.572625598085239 ], [ 24.758149032372316, 59.572606662263553 ], [ 24.758090861895198, 59.572579923256477 ], [ 24.757889938507372, 59.572513384793282 ], [ 24.757810476089517, 59.572476795031122 ], [ 24.757746475746266, 59.572440107628367 ], [ 24.757699728320524, 59.57242256653705 ], [ 24.757569738440605, 59.572386975320391 ], [ 24.757503161681303, 59.572361702481992 ], [ 24.757457607622197, 59.572334172807842 ], [ 24.757404744990424, 59.572293866811023 ], [ 24.757378830138244, 59.572265515471805 ], [ 24.75736861525397, 59.572247764981171 ], [ 24.757356350671408, 59.57220151745824 ], [ 24.757358575159174, 59.572175859386341 ], [ 24.757381648946883, 59.572152882488858 ], [ 24.75746147338042, 59.572034099405627 ], [ 24.757481421007647, 59.572026480920982 ], [ 24.75750104584888, 59.572013900380327 ], [ 24.757517044481194, 59.571996592142938 ], [ 24.7575231777864, 59.571957366409514 ], [ 24.757512096645115, 59.571932493696885 ], [ 24.757455425692573, 59.571910251930497 ], [ 24.757437968795614, 59.571914507977098 ], [ 24.757413660398488, 59.571926522903674 ], [ 24.757397265414149, 59.571926024390457 ], [ 24.757387721933892, 59.57191776699451 ], [ 24.757417115206902, 59.571871882233303 ], [ 24.757407954302309, 59.57185934992075 ], [ 24.75738240518319, 59.571864110110916 ], [ 24.757361862133518, 59.57185928184326 ], [ 24.757348315346238, 59.571850813992903 ], [ 24.757360429863535, 59.57183467699128 ], [ 24.757447080445758, 59.57165138689048 ], [ 24.757433169868197, 59.571624187560538 ], [ 24.757478447349794, 59.571583696304913 ], [ 24.757843332076504, 59.571274731853507 ], [ 24.758077685927127, 59.571106105596535 ], [ 24.757976131083932, 59.571070432522184 ], [ 24.757888752909452, 59.571039731769737 ], [ 24.757844340962599, 59.571029259657045 ], [ 24.757810797055132, 59.57102773745865 ], [ 24.757719962784698, 59.571075419671146 ], [ 24.7576209822879, 59.571140257364746 ], [ 24.757455562899054, 59.571273363537173 ], [ 24.757257837310124, 59.571515501350447 ], [ 24.7571083966365, 59.571555000266414 ], [ 24.75683694471045, 59.571638256912522 ], [ 24.756517957216975, 59.571728992984191 ], [ 24.756298330430852, 59.571818037883787 ], [ 24.756141187255409, 59.571890819037385 ], [ 24.75596463235841, 59.572000163799729 ], [ 24.755859946420127, 59.572060122694424 ], [ 24.755770931327746, 59.572103125432605 ], [ 24.755602353648708, 59.572164652157738 ], [ 24.755529595729676, 59.572176467873334 ], [ 24.755465430710522, 59.572196779896515 ], [ 24.7554278668207, 59.572212676149583 ], [ 24.755398771074702, 59.572230651394314 ], [ 24.755185758103408, 59.572313436019691 ], [ 24.754936684545758, 59.572418534855842 ], [ 24.754852911374265, 59.572441103874773 ], [ 24.754571543114942, 59.572545309227998 ], [ 24.754287010875689, 59.572634568513941 ], [ 24.754127916974589, 59.572680366576222 ], [ 24.75392690454828, 59.57273565805675 ], [ 24.753648998133919, 59.572807069169698 ], [ 24.753363832388661, 59.572867121146217 ], [ 24.753231178252474, 59.572902076674339 ], [ 24.753104007703975, 59.572930582774504 ], [ 24.752957134642074, 59.572957073573455 ], [ 24.752842359087236, 59.572974827027167 ], [ 24.752691054288974, 59.572991361112578 ], [ 24.75261521084489, 59.572991792864336 ], [ 24.75257860312032, 59.572987019395917 ], [ 24.752542087876176, 59.57298722723958 ], [ 24.752439754601841, 59.572996355104642 ], [ 24.752372287081734, 59.572993893560678 ], [ 24.752301661789428, 59.572975050243961 ], [ 24.752205722284881, 59.572955650760548 ], [ 24.75212693830991, 59.572930310042992 ], [ 24.751982778377691, 59.5728970560005 ], [ 24.751922400188342, 59.572867095395253 ], [ 24.751891889181792, 59.572860366135693 ], [ 24.751855513191053, 59.572857260742722 ], [ 24.75176214087281, 59.572838708066222 ], [ 24.751711239799857, 59.572822849108498 ], [ 24.751666303614872, 59.572823104588892 ], [ 24.751632748378032, 59.572829946794499 ], [ 24.751618099378415, 59.57284522695371 ], [ 24.751567785922223, 59.572855970362184 ], [ 24.751373014343443, 59.5728551744184 ], [ 24.751184371901005, 59.572877143172143 ], [ 24.751022098037357, 59.57290656480258 ], [ 24.750925287018092, 59.57293181746914 ], [ 24.75072880743987, 59.57293863320205 ], [ 24.750657879496519, 59.57294853284705 ], [ 24.750492357031337, 59.573000772069562 ], [ 24.750378724002218, 59.573027071305013 ], [ 24.750175891053392, 59.573085221823916 ], [ 24.750112533143575, 59.57309982668383 ], [ 24.750045149269408, 59.573101160452325 ], [ 24.74996102766444, 59.573107337591217 ], [ 24.749910674441772, 59.573117120124188 ], [ 24.749884661720831, 59.573125822076427 ], [ 24.749850959271825, 59.573126013222534 ], [ 24.749822676573558, 59.573117619210457 ], [ 24.749788974132326, 59.573117810340776 ], [ 24.749764860919466, 59.573128404472548 ], [ 24.749640243656042, 59.573166156278155 ], [ 24.749554584483342, 59.57318849023563 ], [ 24.749478113562375, 59.573202226616452 ], [ 24.749350849660622, 59.573205793452239 ], [ 24.749315376567349, 59.573210751934681 ], [ 24.749282076386404, 59.573234036669895 ], [ 24.749235883600196, 59.573256802020843 ], [ 24.749155912519242, 59.57328194896931 ], [ 24.749016166221068, 59.573314094927547 ], [ 24.748821994995314, 59.573339888577891 ], [ 24.748636935045827, 59.573355190918655 ], [ 24.748438072590588, 59.573338265442594 ], [ 24.748364728039913, 59.573324435224087 ], [ 24.7483065979443, 59.573320958288306 ], [ 24.748272874569771, 59.573320206638456 ], [ 24.748228125583029, 59.573329005320694 ], [ 24.748148404443974, 59.57335912310716 ], [ 24.748092411402073, 59.573364323038625 ], [ 24.748050942376935, 59.573361353130935 ], [ 24.747863168431753, 59.573337721596175 ], [ 24.747793574555711, 59.57332386087046 ], [ 24.747759600509831, 59.573311701636186 ], [ 24.747702815205077, 59.573274403125701 ], [ 24.747604478132594, 59.573244044842056 ], [ 24.747548477800791, 59.573215080805568 ], [ 24.747372792756526, 59.573102963719073 ], [ 24.747330526965804, 59.573083032892711 ], [ 24.747292905110395, 59.573077168588988 ], [ 24.747224297925666, 59.57308242149859 ], [ 24.747180256052008, 59.573091188902133 ], [ 24.747096790224727, 59.573136120151872 ], [ 24.74708402370614, 59.573160679622397 ], [ 24.747139466151101, 59.573212608368117 ], [ 24.747200326395077, 59.573255018529025 ], [ 24.747231154424835, 59.573294743934127 ], [ 24.747271237164174, 59.573329668565499 ], [ 24.747300061656862, 59.573362753843568 ], [ 24.747308087698769, 59.573387411241207 ], [ 24.747301125457806, 59.573411192891044 ], [ 24.747281304145798, 59.573446456089563 ], [ 24.747217526021846, 59.573526615797199 ], [ 24.747125611387144, 59.573605040467392 ], [ 24.747070127920921, 59.573636699194459 ], [ 24.747023565528718, 59.57364836217117 ], [ 24.746991779653023, 59.573650444730994 ], [ 24.746926013352379, 59.573647333475243 ], [ 24.746894224948949, 59.573650107200407 ], [ 24.746870591615469, 59.573655213568962 ], [ 24.746860908870982, 59.573663894481939 ], [ 24.746822036641376, 59.573766354024571 ], [ 24.746812204364019, 59.573907696394073 ], [ 24.746719155061012, 59.574027229603089 ], [ 24.746662420667082, 59.574087403911236 ], [ 24.746646348828506, 59.574122636848031 ], [ 24.746620359224128, 59.574159882617884 ], [ 24.746556535847009, 59.574211497619309 ], [ 24.746506493931065, 59.574291238280651 ], [ 24.746480698728661, 59.574347036911234 ], [ 24.746403728600853, 59.574455958872115 ], [ 24.746345443637644, 59.574514876122308 ], [ 24.746301445638302, 59.57457414356611 ], [ 24.74620947575114, 59.57467447896601 ], [ 24.746099173334056, 59.574772377453371 ], [ 24.745978662694544, 59.574898626689659 ], [ 24.745759801557419, 59.5750578798283 ], [ 24.745674985829648, 59.575124683948737 ], [ 24.745567670049724, 59.575195896571856 ], [ 24.745537636121593, 59.575215822723258 ], [ 24.74522767881124, 59.575468053239788 ], [ 24.74511555311604, 59.575574246227347 ], [ 24.744907676038103, 59.575732053616548 ], [ 24.744673468168621, 59.575882657376489 ], [ 24.744561133357895, 59.575969731558438 ], [ 24.744399108409134, 59.576081016150674 ], [ 24.744321827910678, 59.576147112678136 ], [ 24.744184710882489, 59.576244388428059 ], [ 24.744104796727189, 59.576319556706565 ], [ 24.743916911005094, 59.576475957349913 ], [ 24.743812596563426, 59.576587688442345 ], [ 24.743756351091598, 59.576670658375413 ], [ 24.743682866646555, 59.576735673945464 ], [ 24.74349852246015, 59.576869703099227 ], [ 24.743369278021483, 59.576954977279925 ], [ 24.743308820252668, 59.577016122429022 ], [ 24.743171498691595, 59.577090553588867 ], [ 24.743090206569192, 59.577124698401576 ], [ 24.743053246930302, 59.577147705830782 ], [ 24.743024038293463, 59.577182069562383 ], [ 24.742998811889368, 59.577227810777522 ], [ 24.742978270002801, 59.577316279652045 ], [ 24.742955848575161, 59.577360820226936 ], [ 24.742895753014515, 59.577428084950547 ], [ 24.742821521855703, 59.577497143519679 ], [ 24.742703316232408, 59.577656211749606 ], [ 24.742658714710601, 59.577745865907396 ], [ 24.742646588523915, 59.577838901241478 ], [ 24.742619204288985, 59.577888792544663 ], [ 24.742481348532085, 59.577995737978611 ], [ 24.742390010175864, 59.57805296286935 ], [ 24.742340411949279, 59.578077504168235 ], [ 24.742113223695924, 59.578169870534438 ], [ 24.741918888308742, 59.578290264587814 ], [ 24.741794619264596, 59.578346058078196 ], [ 24.741690532012406, 59.578382744473423 ], [ 24.741429594046135, 59.578440255581931 ], [ 24.74127815636518, 59.578538954855638 ], [ 24.741157636584038, 59.578594726713241 ], [ 24.741070224594814, 59.578622773742055 ], [ 24.740743587241635, 59.578760450629822 ], [ 24.740522396168405, 59.578837682517459 ], [ 24.740418533400089, 59.578884815000315 ], [ 24.740325944824793, 59.578932835765407 ], [ 24.740231297261083, 59.578973265094888 ], [ 24.740093725332976, 59.579020586004809 ], [ 24.739954150432776, 59.579061266566661 ], [ 24.739810823920038, 59.57910196796719 ], [ 24.739656157686966, 59.579137984195221 ], [ 24.739531510182381, 59.579176677841566 ], [ 24.739293904743725, 59.579274905132593 ], [ 24.739147134887567, 59.579329879350219 ], [ 24.739073078655146, 59.579369241250589 ], [ 24.738931070097514, 59.579470730510678 ], [ 24.73874384863344, 59.579646571197131 ], [ 24.738663095747473, 59.579715816319869 ], [ 24.738658716011521, 59.579730095079654 ], [ 24.738660310891682, 59.579767687710465 ], [ 24.738642105123571, 59.579791540576004 ], [ 24.738592316288827, 59.579827921168125 ], [ 24.738551472628959, 59.579844297565714 ], [ 24.73851227783047, 59.579850216380109 ], [ 24.738480385340949, 59.579848491515762 ], [ 24.738419948612222, 59.579839493693953 ], [ 24.738391531439518, 59.579824213208383 ], [ 24.738366584854166, 59.579782927077559 ], [ 24.738347447172199, 59.579767926891776 ], [ 24.73831654491724, 59.579755559595881 ], [ 24.738290532953503, 59.579749170106275 ], [ 24.738269011485112, 59.579749092779203 ], [ 24.738236898692318, 59.579755968339789 ], [ 24.738222819766072, 59.579765310430922 ], [ 24.738215754501272, 59.579815688714753 ], [ 24.738287120052181, 59.579867541094515 ], [ 24.738297279528069, 59.579904295999576 ], [ 24.738293054262748, 59.579925701029509 ], [ 24.738277647654851, 59.579970910677822 ], [ 24.738223011252526, 59.580042460225435 ], [ 24.738189946643534, 59.580100909669092 ], [ 24.738174196028744, 59.580152296883924 ], [ 24.738149167126465, 59.580207541816918 ], [ 24.738094002551744, 59.580247435000906 ], [ 24.7380804078932, 59.580267689495358 ], [ 24.738093701600718, 59.580341238532256 ], [ 24.738147965940215, 59.580386274711287 ], [ 24.738167610089821, 59.58040258262924 ], [ 24.738182407272792, 59.580436932940479 ], [ 24.738183875848442, 59.580504614668236 ], [ 24.738172891308537, 59.580645980154209 ], [ 24.738174741184313, 59.580731235249267 ], [ 24.738186307575052, 59.580746367481602 ], [ 24.738212821038353, 59.580759522287835 ], [ 24.738254140019858, 59.58076499155267 ], [ 24.738299560883611, 59.580786586182462 ], [ 24.738409822901779, 59.580861021009859 ], [ 24.738434711171802, 59.58088653616889 ], [ 24.738435082293087, 59.580903633856501 ], [ 24.738462049519846, 59.580937682793504 ], [ 24.738490521392858, 59.580954623563102 ], [ 24.738514976671766, 59.580960186917039 ], [ 24.738570974767043, 59.580951319821416 ], [ 24.73859353070063, 59.580954990803086 ], [ 24.738605056238324, 59.580968229237733 ], [ 24.738637406397295, 59.580991799717964 ], [ 24.738796137161195, 59.581098502414996 ], [ 24.738844017192005, 59.581146913136855 ], [ 24.73894279256789, 59.581275798801357 ], [ 24.738990724916999, 59.581326596859391 ], [ 24.739134197159991, 59.581528353144414 ], [ 24.739185430502104, 59.581612937239235 ], [ 24.739454980336792, 59.581960103804981 ], [ 24.739682533658563, 59.582282694342744 ], [ 24.739791716520049, 59.582479677786267 ], [ 24.739864920487495, 59.58265882015565 ], [ 24.739913675441375, 59.582919792079139 ], [ 24.739916939858688, 59.583069874599417 ], [ 24.739915302679105, 59.583115034273732 ], [ 24.739874907102038, 59.583290503497231 ], [ 24.739827919859128, 59.583369613680709 ], [ 24.739812477177214, 59.583434302094048 ], [ 24.739811448237393, 59.583473255772141 ], [ 24.739797057924545, 59.58350088435995 ], [ 24.739683096019874, 59.583600323287158 ], [ 24.739698708055922, 59.583629687024981 ], [ 24.739748091939173, 59.583660755857146 ], [ 24.739888245092732, 59.583731225285398 ], [ 24.740087602647336, 59.583854556497627 ], [ 24.740306364599569, 59.584008181330752 ], [ 24.740417347350558, 59.584115858430167 ], [ 24.7405299203682, 59.584238014185807 ], [ 24.740592774135479, 59.584343824258909 ], [ 24.740644600522469, 59.584448780475626 ], [ 24.740659348018809, 59.584561942147317 ], [ 24.740659029510109, 59.584719647501068 ], [ 24.740652370630368, 59.584757681215073 ], [ 24.740629218122823, 59.584812907026183 ], [ 24.740604056091119, 59.584948185210777 ], [ 24.740574590152196, 59.58499228889351 ], [ 24.740512588616372, 59.585048450297471 ], [ 24.740449914803111, 59.585073737173104 ], [ 24.740279893649241, 59.58511624888402 ], [ 24.740205650550422, 59.585147542664359 ], [ 24.740145433451186, 59.585177564073099 ], [ 24.740103768054993, 59.585200363488468 ], [ 24.740083327569316, 59.585228977419774 ], [ 24.740090947664637, 59.58525624049495 ], [ 24.740121783791501, 59.585275070639028 ], [ 24.740234829192715, 59.585304122424667 ], [ 24.740307382644222, 59.585302531482917 ], [ 24.740351754216853, 59.585297534687818 ], [ 24.740393505211355, 59.585279483145563 ], [ 24.74042185068577, 59.5852497477645 ], [ 24.740457869471232, 59.585224502418804 ], [ 24.740583708603733, 59.585196483170598 ], [ 24.740736646124301, 59.585205033831237 ], [ 24.740922797934573, 59.58523187135566 ], [ 24.741244222833796, 59.585312723584337 ], [ 24.741574154753881, 59.585409433236201 ], [ 24.741722780853305, 59.585459665660863 ], [ 24.741838276059909, 59.585494635640494 ], [ 24.742080880117186, 59.58555977966266 ], [ 24.742294784328028, 59.585597760643722 ], [ 24.742443312294316, 59.585635300413657 ], [ 24.742615489402954, 59.585700461771239 ], [ 24.742707693250072, 59.585740319174448 ], [ 24.742825682205453, 59.585782401429547 ], [ 24.743070540349212, 59.58584278256037 ], [ 24.743199935125983, 59.585870555113459 ], [ 24.74345138759557, 59.585911886815076 ], [ 24.743725969951022, 59.585940027555544 ], [ 24.743878754536208, 59.58596648306257 ], [ 24.744264087088446, 59.586026062902334 ], [ 24.744582982670813, 59.586045640513227 ], [ 24.744678986733803, 59.586046293869792 ], [ 24.744845096842656, 59.586039416267134 ], [ 24.744957481078806, 59.586038783336782 ], [ 24.745060580955339, 59.58604176617839 ], [ 24.745170603064988, 59.586039961509002 ], [ 24.745350617797772, 59.586027071637119 ], [ 24.745525803854161, 59.586007081600023 ], [ 24.745745040825138, 59.585966664373892 ], [ 24.745796152352323, 59.585948567319015 ], [ 24.745865693743173, 59.585916112042234 ], [ 24.745925698669264, 59.585876583372659 ], [ 24.745981395668451, 59.585853702974745 ], [ 24.746106295099121, 59.585782938893352 ], [ 24.746180768647143, 59.585762331193891 ], [ 24.746369901001177, 59.585737512912985 ], [ 24.746694648585102, 59.585703625792391 ], [ 24.74676712416403, 59.585698459204508 ], [ 24.746879611685156, 59.585702581461398 ], [ 24.74702057702288, 59.585724342680784 ], [ 24.747318732033076, 59.585759469974299 ], [ 24.747438428416423, 59.585771854053512 ], [ 24.747548658214047, 59.585779543095192 ], [ 24.747673079347301, 59.585794278964407 ], [ 24.747752999026186, 59.585808081446345 ], [ 24.74791965557419, 59.58582613289591 ], [ 24.748001885339544, 59.585838728324681 ], [ 24.748114503953293, 59.585848782092405 ], [ 24.748521286955832, 59.585924852248276 ], [ 24.748765641846862, 59.585962659457657 ], [ 24.749250073140981, 59.586056105641688 ], [ 24.749640577136777, 59.586137013027042 ], [ 24.749971960882224, 59.586192133618574 ], [ 24.750357751942818, 59.586271880758396 ], [ 24.751114946197504, 59.586416023218668 ], [ 24.751317481981836, 59.586468308523571 ], [ 24.751536748314926, 59.586535937608851 ], [ 24.751742120146961, 59.586610763468883 ], [ 24.752182066616427, 59.586808953302892 ], [ 24.752283524584783, 59.58684400302996 ], [ 24.752394310472827, 59.586876620913621 ], [ 24.752502077292757, 59.586878377583446 ], [ 24.752565515923528, 59.586888707368153 ], [ 24.752603299280558, 59.586902737696768 ], [ 24.752632035603082, 59.586931082754099 ], [ 24.752993832844133, 59.587090515287784 ], [ 24.75367447227045, 59.587371634687152 ], [ 24.754017939863484, 59.587547801872809 ], [ 24.754143660168289, 59.587620708337376 ], [ 24.754292796971928, 59.587693481150907 ], [ 24.754363913929915, 59.58773226588518 ], [ 24.754430472356042, 59.58777700988189 ], [ 24.754504610624856, 59.587846646627796 ], [ 24.754881138976497, 59.588140184924505 ], [ 24.755442705805457, 59.588541906430009 ], [ 24.755492974251442, 59.588590306496585 ], [ 24.755529409086773, 59.588649476269154 ], [ 24.755552150943291, 59.588724154412851 ], [ 24.755538108456289, 59.588829920948342 ], [ 24.755536914940262, 59.588882178494728 ], [ 24.755549449818094, 59.58891891848284 ], [ 24.755568571749436, 59.588936618131619 ], [ 24.755594536083112, 59.588945975665133 ], [ 24.755634237419404, 59.588941000443022 ], [ 24.755673358264115, 59.588909898672554 ], [ 24.755740586440382, 59.588878645282854 ], [ 24.755781568621163, 59.588826160400842 ], [ 24.755808259579606, 59.588763066452664 ], [ 24.755860299088646, 59.588680833911901 ], [ 24.755926374132166, 59.588598521137001 ], [ 24.755997684795609, 59.588539929553995 ], [ 24.756039510668405, 59.588525436216997 ], [ 24.756237935230221, 59.58849699619708 ], [ 24.756298302260713, 59.588474084766879 ], [ 24.756368155741235, 59.58845587647599 ], [ 24.756445352636888, 59.588451871460393 ], [ 24.756616567455687, 59.588463952663353 ], [ 24.756728985840518, 59.588464494446121 ], [ 24.756806209273865, 59.588461682909212 ], [ 24.756988172238334, 59.588430948257987 ], [ 24.75711400981195, 59.588402922298265 ], [ 24.757205101250698, 59.58839171016492 ], [ 24.75740153997144, 59.588379894796248 ], [ 24.758005720474316, 59.588379997475187 ], [ 24.758308309324743, 59.58840201429868 ], [ 24.758423090482395, 59.588403734937032 ], [ 24.758565845938964, 59.58839935277377 ], [ 24.758812265831573, 59.588422875416207 ], [ 24.758927046885024, 59.588424586642077 ], [ 24.758994827497126, 59.588418264431077 ], [ 24.75908611278189, 59.588416555739357 ], [ 24.759170521473301, 59.588420819755193 ], [ 24.759236451469107, 59.588437065366335 ], [ 24.759430311431416, 59.588519072610723 ], [ 24.75951528614463, 59.588549463032308 ], [ 24.759637624787871, 59.588574881415965 ], [ 24.759757441818795, 59.588592011136114 ], [ 24.759863258425202, 59.588611590905955 ], [ 24.760147548794922, 59.588652702407231 ], [ 24.760314075538414, 59.588664805777341 ], [ 24.760584074541363, 59.588695316747305 ], [ 24.760857021343536, 59.5887531249559 ], [ 24.760948971479404, 59.588781095633692 ], [ 24.761318719998517, 59.588873963767895 ], [ 24.76153738368594, 59.588913080265939 ], [ 24.761704647872453, 59.588957240832421 ], [ 24.761909711076243, 59.589016622633508 ], [ 24.762225763835893, 59.589116924671757 ], [ 24.762440582466837, 59.58919287346751 ], [ 24.762561121873869, 59.5892420596848 ], [ 24.762861880373048, 59.589391135592827 ], [ 24.763067774004224, 59.589487322447738 ], [ 24.763141320874851, 59.589529643091403 ], [ 24.763184334937634, 59.589567391417276 ], [ 24.763215907168764, 59.589618275172661 ], [ 24.763260413713073, 59.589722519933105 ], [ 24.763256922191658, 59.589775975721629 ], [ 24.763232846948899, 59.589850922735287 ], [ 24.763136461529815, 59.589969480653899 ], [ 24.763143243058259, 59.590009780813077 ], [ 24.763171568867961, 59.590040621374449 ], [ 24.76322607060608, 59.590080646208037 ], [ 24.763268101051779, 59.590098194631771 ], [ 24.763360603008127, 59.590117372713351 ], [ 24.763470770500863, 59.590121485360307 ], [ 24.763582927884222, 59.590110147273293 ], [ 24.763682994521677, 59.590082263847343 ], [ 24.763752500689272, 59.590048614514458 ], [ 24.763807632586762, 59.590000793851459 ], [ 24.763859121281701, 59.589894810118864 ], [ 24.763881738644741, 59.589859052756822 ], [ 24.76386311675666, 59.589821271519057 ], [ 24.763849418483012, 59.589706346837673 ], [ 24.763866080111416, 59.589647393316135 ], [ 24.763903542780017, 59.589573499869481 ], [ 24.763935245059358, 59.589533973856796 ], [ 24.7639717051592, 59.589506089490406 ], [ 24.764144265842084, 59.58943194524683 ], [ 24.7642684104528, 59.589370422868164 ], [ 24.764295697367686, 59.589350284060323 ], [ 24.764319577340856, 59.589270706200459 ], [ 24.764389061740737, 59.589181053758452 ], [ 24.764432770634844, 59.589095302309552 ], [ 24.764494435519659, 59.588994079710886 ], [ 24.764595664267194, 59.588914126535521 ], [ 24.764749556594072, 59.588772004429657 ], [ 24.764812513649776, 59.588739334869544 ], [ 24.764901637457292, 59.588703668493991 ], [ 24.765045762143885, 59.588654677356629 ], [ 24.765212555304117, 59.588616380295939 ], [ 24.765360010647569, 59.58859271850622 ], [ 24.765619255858173, 59.588540870377848 ], [ 24.765740647514971, 59.588524019402399 ], [ 24.765830368769421, 59.588514954574556 ], [ 24.766302322751589, 59.588424047435531 ], [ 24.766462545553047, 59.588384943074864 ], [ 24.766525821450848, 59.58836652514119 ], [ 24.766607348613064, 59.588326153172474 ], [ 24.766689239541087, 59.588301927344439 ], [ 24.766879491048385, 59.588264730908577 ], [ 24.766965415936529, 59.588253775369395 ], [ 24.767043500120163, 59.588248367692692 ], [ 24.767078636460599, 59.588242805105658 ], [ 24.767130383384188, 59.588229677923046 ], [ 24.767165206056056, 59.588212564677065 ], [ 24.767228947097706, 59.588163005034893 ], [ 24.767243475475663, 59.588140040261074 ], [ 24.767258184576697, 59.588097622866691 ], [ 24.767305747670548, 59.588059906956545 ], [ 24.767318305628429, 59.588035131420938 ], [ 24.767317796512351, 59.588003932868823 ], [ 24.76734712139487, 59.587900068907466 ], [ 24.767376485967894, 59.587873292894869 ], [ 24.767496559782153, 59.587838190199953 ], [ 24.767519787462124, 59.587805390781099 ], [ 24.767507908577233, 59.587786510805635 ], [ 24.767487524926032, 59.587768057179794 ], [ 24.767441891486513, 59.587748484398183 ], [ 24.767383988599079, 59.587730374104936 ], [ 24.767339617063023, 59.587706314809317 ], [ 24.767295477213295, 59.58767369079456 ], [ 24.767253148871909, 59.587618570703931 ], [ 24.767236789070935, 59.587577599168803 ], [ 24.767227681017541, 59.587508902754088 ], [ 24.767195975932278, 59.587449170054803 ], [ 24.76720201526042, 59.587413211994765 ], [ 24.767220659865995, 59.587382835869143 ], [ 24.767251114095366, 59.587348666085838 ], [ 24.767290509345358, 59.587328707722072 ], [ 24.767319456892562, 59.587297589617343 ], [ 24.767319390768172, 59.587271118979771 ], [ 24.767283542756381, 59.587228608863533 ], [ 24.767253037503945, 59.587213427418298 ], [ 24.76723340630544, 59.587196136302026 ], [ 24.767217666190096, 59.587155161163814 ], [ 24.767219145239785, 59.587135979270577 ], [ 24.767229809368818, 59.587101807584865 ], [ 24.767255439105128, 59.587075062226532 ], [ 24.767388567845138, 59.58699733634689 ], [ 24.767482608967757, 59.586931237001487 ], [ 24.767588013423488, 59.586869829065975 ], [ 24.767714211563007, 59.586816845764972 ], [ 24.767951984485205, 59.58672807247293 ], [ 24.768331806527737, 59.586622881881198 ], [ 24.76854451459489, 59.586560068863669 ], [ 24.768737601156502, 59.586513338333603 ], [ 24.768888951280285, 59.586491777261969 ], [ 24.768973102544628, 59.586485588116958 ], [ 24.769004985101422, 59.586487305725562 ], [ 24.769051135036108, 59.58650392177622 ], [ 24.76911108044332, 59.586509865587786 ], [ 24.769227879578299, 59.586486009625361 ], [ 24.769257860777881, 59.586485835260213 ], [ 24.76929865459136, 59.586467546707944 ], [ 24.769346351006035, 59.586422621285237 ], [ 24.769373299738689, 59.58637211659503 ], [ 24.769380116265673, 59.586341674293934 ], [ 24.769466167850954, 59.586277101046164 ], [ 24.769512571292879, 59.586234507934741 ], [ 24.769547048858012, 59.586185853395058 ], [ 24.769570885957499, 59.586162914958294 ], [ 24.769598560958311, 59.586143751151589 ], [ 24.769663835964465, 59.586131019969471 ], [ 24.769980144131821, 59.586098884033227 ], [ 24.770170340627971, 59.586063083355683 ], [ 24.770249984837388, 59.586039263291681 ], [ 24.770453420161488, 59.586005781772201 ], [ 24.770563884687633, 59.586003235292949 ], [ 24.770659445033615, 59.586004581505946 ], [ 24.770693332162288, 59.586011977987766 ], [ 24.77072182433109, 59.586028911778939 ], [ 24.770737159229096, 59.586044028239449 ], [ 24.770782241879427, 59.586049465464605 ], [ 24.770937315641191, 59.586031461861666 ], [ 24.77097737200722, 59.586022090524899 ], [ 24.771070754968992, 59.585967984692225 ], [ 24.771130336361182, 59.585952431514968 ], [ 24.771184454492001, 59.585942619079631 ], [ 24.771334524150866, 59.585952192391531 ], [ 24.771403571728218, 59.585940389829176 ], [ 24.771494578873455, 59.585905659387009 ], [ 24.771529631206246, 59.585881703681423 ], [ 24.771566046268482, 59.585835891745134 ], [ 24.771559832749613, 59.585809331266297 ], [ 24.771530398109046, 59.585782071449017 ], [ 24.771510927197333, 59.585733668217969 ], [ 24.771507981408508, 59.585696658234177 ], [ 24.771524139215416, 59.585640354498871 ], [ 24.771538506494874, 59.585612803263814 ], [ 24.771511220201596, 59.58548281529594 ], [ 24.771480378230176, 59.585444998588663 ], [ 24.771428738118669, 59.585397797296515 ], [ 24.77139414049045, 59.585359050987577 ], [ 24.771359392127497, 59.585313654121663 ], [ 24.771353096446507, 59.585284239649518 ], [ 24.771353895362989, 59.585236732493044 ], [ 24.771360774611338, 59.585209144155847 ], [ 24.771391126735598, 59.585143422305499 ], [ 24.771410369730223, 59.585083456204444 ], [ 24.771415096750577, 59.585044480532517 ], [ 24.771431510188581, 59.585024430517784 ], [ 24.771453663231306, 59.585010055940458 ], [ 24.771513006024318, 59.584984064544926 ], [ 24.771576268979267, 59.584964692704446 ], [ 24.771687593231793, 59.584917492202479 ], [ 24.771857893085151, 59.58482815385193 ], [ 24.771879873115466, 59.5848061683186 ], [ 24.771910758893192, 59.584763242984884 ], [ 24.771934636377136, 59.584742197853735 ], [ 24.772034919498015, 59.584704567377237 ], [ 24.772079414677169, 59.58468341084285 ], [ 24.772171650535107, 59.584621115514892 ], [ 24.772214295084641, 59.584601872710941 ], [ 24.772311055008611, 59.584572808015857 ], [ 24.77244955685612, 59.584485548543746 ], [ 24.772482968372156, 59.584472050541933 ], [ 24.772599464570703, 59.584404873722356 ], [ 24.772704229977062, 59.58431685955162 ], [ 24.772802156480555, 59.584257393951198 ], [ 24.772889211533972, 59.584214131176743 ], [ 24.772974580896751, 59.584178481113234 ], [ 24.773062175433843, 59.584158975311254 ], [ 24.773200305106993, 59.584137262074165 ], [ 24.773692691686421, 59.584043183459485 ], [ 24.773812122468094, 59.584023481936541 ], [ 24.774017742430605, 59.58400423638674 ], [ 24.774272089916469, 59.583986590282002 ], [ 24.774367619127045, 59.583986030992818 ], [ 24.774555059478175, 59.583991584830393 ], [ 24.774813937466796, 59.584008119807862 ], [ 24.775038842903065, 59.5840134534713 ], [ 24.775468336019557, 59.584036590165802 ], [ 24.775730988087556, 59.584054043735016 ], [ 24.775890538700459, 59.584068313672283 ], [ 24.776063336893564, 59.584089148143448 ], [ 24.776230651321995, 59.584114763035515 ], [ 24.776352932425773, 59.584137796583654 ], [ 24.776553976120802, 59.584194908377881 ], [ 24.776852090809999, 59.584256907323038 ], [ 24.776985561665441, 59.584296328116615 ], [ 24.777021939377438, 59.584314363213409 ], [ 24.777071445266273, 59.584349223534886 ], [ 24.777110125772797, 59.584402198777362 ], [ 24.777124510170939, 59.584539864503469 ], [ 24.777202538909059, 59.584757898020101 ], [ 24.777217063660192, 59.584819569579246 ], [ 24.777250829183668, 59.58490296739128 ], [ 24.77727208035191, 59.58493134224036 ], [ 24.777308433998755, 59.584965328275707 ], [ 24.777369461379255, 59.585012472151426 ], [ 24.777430249956055, 59.585049160019558 ], [ 24.777457241798196, 59.585083201041904 ], [ 24.777480086937093, 59.585099215106148 ], [ 24.777502732750172, 59.585105733418622 ], [ 24.777541926813342, 59.585099803063066 ], [ 24.777577625457607, 59.585104341652489 ], [ 24.777696484964711, 59.585141648446672 ], [ 24.777758672348984, 59.585157431126291 ], [ 24.777826362137347, 59.585170012785611 ], [ 24.777878734586377, 59.585165270485938 ], [ 24.777951226220356, 59.58514015033014 ], [ 24.778009231281668, 59.585137906163034 ], [ 24.778234836104748, 59.58517268154749 ], [ 24.778432819348886, 59.585229458446854 ], [ 24.77887076770611, 59.585376030298619 ], [ 24.779101849801432, 59.58548677425577 ], [ 24.779561837472027, 59.585694961951795 ], [ 24.779697019439645, 59.58579011274503 ], [ 24.779793493345196, 59.585871461668162 ], [ 24.779849304906055, 59.585977313201205 ], [ 24.779861479719472, 59.586018092533863 ], [ 24.779894255278133, 59.586058750395601 ], [ 24.779939927367888, 59.586089826305987 ], [ 24.779960985598123, 59.586109656431361 ], [ 24.779984507858089, 59.586155117295611 ], [ 24.779992734724583, 59.586187365487341 ], [ 24.780040936788186, 59.586246935152893 ], [ 24.780045276868453, 59.586272554829002 ], [ 24.780084682968383, 59.586356870135646 ], [ 24.780103187587045, 59.586428966302577 ], [ 24.780120388755829, 59.586460434473736 ], [ 24.780229667768857, 59.586521914819777 ], [ 24.78025335763024, 59.586551504556923 ], [ 24.780291009691183, 59.586631081685077 ], [ 24.78031443963518, 59.586667853978163 ], [ 24.780323843501929, 59.586702007151359 ], [ 24.780326198489398, 59.586759908297417 ], [ 24.780320107982451, 59.586820031529214 ], [ 24.78034360938754, 59.586864540957315 ], [ 24.780338547874575, 59.586889273574087 ], [ 24.780344764317949, 59.586914882165104 ], [ 24.780365627060284, 59.586926158970542 ], [ 24.78041095211487, 59.586942039901324 ], [ 24.780450867117736, 59.586967458631747 ], [ 24.780470307541318, 59.586997746622814 ], [ 24.780492107432227, 59.587049860005592 ], [ 24.780492761313393, 59.587078355872691 ], [ 24.780481958598116, 59.587097422425465 ], [ 24.780509952065639, 59.587255904210288 ], [ 24.780501756995729, 59.587336155724586 ], [ 24.780511806782918, 59.587355242850002 ], [ 24.780540743139266, 59.587373527350138 ], [ 24.780552439589052, 59.587393403645017 ], [ 24.780557783050185, 59.587462722930155 ], [ 24.780528558335707, 59.587576894267698 ], [ 24.780499775078454, 59.587629315093771 ], [ 24.780451782576115, 59.58766000096729 ], [ 24.780399910946809, 59.587685952275962 ], [ 24.780342423607994, 59.587704773615322 ], [ 24.780299327859996, 59.587727468574421 ], [ 24.780270233238909, 59.587747046941878 ], [ 24.780240224910358, 59.587776953423855 ], [ 24.780235590662141, 59.587804116079369 ], [ 24.780312285768883, 59.587867915926417 ], [ 24.780320465787206, 59.587897318870986 ], [ 24.780317410966493, 59.587927739579513 ], [ 24.780272157288259, 59.588035398840894 ], [ 24.780241982580868, 59.588151433773383 ], [ 24.780198616960615, 59.588221040356999 ], [ 24.780167514047566, 59.58833521366801 ], [ 24.780153126369633, 59.588442654904775 ], [ 24.780207552669253, 59.588528784494514 ], [ 24.780249273603989, 59.588632079852133 ], [ 24.780261475797133, 59.588674761919975 ], [ 24.780266579202188, 59.58873363419643 ], [ 24.780263567702374, 59.588765948632251 ], [ 24.78023877088707, 59.58882784275977 ], [ 24.780206295139724, 59.588882188236845 ], [ 24.780163451222524, 59.588974582487573 ], [ 24.780113961340337, 59.589051217656269 ], [ 24.780037570763973, 59.589243159189401 ], [ 24.7800313997367, 59.589332231321144 ], [ 24.780011314315267, 59.589452165167927 ], [ 24.779994333960083, 59.589505261259688 ], [ 24.779976171952033, 59.5895431136138 ], [ 24.779890225494825, 59.589610224366247 ], [ 24.779866432860569, 59.5896364497112 ], [ 24.779860761174245, 59.589659309829898 ], [ 24.779865936566537, 59.589674251753593 ], [ 24.779883489877452, 59.589697854621676 ], [ 24.779952026150472, 59.589753094495194 ], [ 24.779968500272066, 59.589783669308197 ], [ 24.779981028471415, 59.589924702554839 ], [ 24.779971030582132, 59.58997891539935 ], [ 24.779930624405768, 59.590046466757329 ], [ 24.779902059378635, 59.590112395391692 ], [ 24.779906570631741, 59.590194869769562 ], [ 24.779893029197993, 59.590228116954322 ], [ 24.779869796376673, 59.590251753821619 ], [ 24.779852158543157, 59.590256130512792 ], [ 24.779831557714267, 59.590269482994266 ], [ 24.779828284310724, 59.590290399066433 ], [ 24.779855539962277, 59.590334886392036 ], [ 24.779860033128067, 59.590367165526139 ], [ 24.779844013915977, 59.590404305062016 ], [ 24.779758193091464, 59.59050170988295 ], [ 24.779699228924134, 59.590535099115534 ], [ 24.779613786414785, 59.590573356918995 ], [ 24.77943830056704, 59.590632216200355 ], [ 24.779274736587485, 59.590655126840673 ], [ 24.779163928339642, 59.590691989852871 ], [ 24.779120268753992, 59.590699544716273 ], [ 24.779072587130237, 59.590701540009519 ], [ 24.7790126581218, 59.590710626857245 ], [ 24.778907549911587, 59.59074517611004 ], [ 24.778764721021176, 59.590807764820433 ], [ 24.778700136258109, 59.590850890034893 ], [ 24.778642402134349, 59.590948128750533 ], [ 24.778634451930433, 59.59100992332958 ], [ 24.778649336570204, 59.591033730556234 ], [ 24.778654440843393, 59.591064911012921 ], [ 24.77863173719221, 59.591137240810291 ], [ 24.778599104416969, 59.591184935316221 ], [ 24.778590218984249, 59.591205884375135 ], [ 24.77858713646053, 59.591234402182081 ], [ 24.778601148459284, 59.591274219241278 ], [ 24.778610045338883, 59.591334963165991 ], [ 24.778646276889695, 59.59136325854891 ], [ 24.778694368472991, 59.591382992556284 ], [ 24.778772856233967, 59.591408112895714 ], [ 24.778884686288741, 59.59146444485372 ], [ 24.778948809764088, 59.591483070056547 ], [ 24.77906686615405, 59.591484277818907 ], [ 24.779171693007783, 59.591479854489769 ] ] ] ] } },
{ "type": "Feature", "properties": { "name": "Mustamäe linnaosa" }, "geometry": { "type": "MultiPolygon", "coordinates": [ [ [ [ 24.639199515335264, 59.395191478945264 ], [ 24.639505797019535, 59.394975803730844 ], [ 24.641278617891906, 59.393680796278382 ], [ 24.643377092156626, 59.393471980170105 ], [ 24.648637046363493, 59.392962471953823 ], [ 24.651677511353324, 59.393461812125345 ], [ 24.651812506059976, 59.393498666208458 ], [ 24.651818952519829, 59.393485976949108 ], [ 24.652172075348016, 59.393516542817181 ], [ 24.652897224108706, 59.392852699896657 ], [ 24.655680127746106, 59.393584558884072 ], [ 24.655920719093128, 59.393629948847988 ], [ 24.655663084525507, 59.393916696384316 ], [ 24.656244886079019, 59.394059218992886 ], [ 24.657268896985158, 59.394406804526355 ], [ 24.658630828525304, 59.394294962235335 ], [ 24.658981442237351, 59.394130545883783 ], [ 24.659163323420888, 59.394124697154204 ], [ 24.658878571920525, 59.393367851797812 ], [ 24.660047560093389, 59.393256242926 ], [ 24.660624747423537, 59.393195893100078 ], [ 24.661280653614828, 59.393128861148789 ], [ 24.662704225323061, 59.393294858303577 ], [ 24.663917009544917, 59.391223530723558 ], [ 24.673407921596311, 59.392539842542618 ], [ 24.674178794414935, 59.392637331295354 ], [ 24.674402375070308, 59.392515266783278 ], [ 24.674710578005875, 59.392382623904986 ], [ 24.675154658274327, 59.392250359987848 ], [ 24.676575059149918, 59.391907235978195 ], [ 24.678665688681324, 59.391398606974725 ], [ 24.678925710869954, 59.39151773422433 ], [ 24.681194507736041, 59.391006259531054 ], [ 24.684178846618327, 59.391851468320439 ], [ 24.684441518585121, 59.391961145268759 ], [ 24.684732403137858, 59.392073367860533 ], [ 24.685044526441235, 59.392112317741102 ], [ 24.687328482708402, 59.392366654181039 ], [ 24.687583824518924, 59.392461192312602 ], [ 24.688940469778057, 59.392916849654078 ], [ 24.689600468298146, 59.393073178694692 ], [ 24.68970263491563, 59.393068603334278 ], [ 24.692023546201412, 59.392786925239776 ], [ 24.692129982488609, 59.392784659505693 ], [ 24.696184619970648, 59.393080859411725 ], [ 24.696072308052578, 59.392552177277715 ], [ 24.696473697395568, 59.392712892675618 ], [ 24.696699138866538, 59.392772472001425 ], [ 24.696941317971877, 59.392832859930394 ], [ 24.697110021856279, 59.392863295070015 ], [ 24.697822493488811, 59.392932678006268 ], [ 24.698519767439876, 59.39296443492691 ], [ 24.699321840230983, 59.39299123224562 ], [ 24.699880228155106, 59.393047778478767 ], [ 24.700416826341701, 59.39313172812232 ], [ 24.701556145765412, 59.393330866779792 ], [ 24.70193962025342, 59.393405931971792 ], [ 24.701927872395615, 59.393922793760616 ], [ 24.702592092712106, 59.39518920611043 ], [ 24.702442715751598, 59.395243595977874 ], [ 24.702584801665775, 59.395382696764464 ], [ 24.703318755852415, 59.395115482038335 ], [ 24.703750815578168, 59.395394955036693 ], [ 24.704691458313327, 59.396113005926807 ], [ 24.70471645271428, 59.396104433740319 ], [ 24.705365462413639, 59.396583461806536 ], [ 24.705539466543414, 59.396758654823756 ], [ 24.705811027730096, 59.397208644897013 ], [ 24.705865629451718, 59.397440583630107 ], [ 24.705952766501714, 59.398106020441638 ], [ 24.706316012076844, 59.400957816667145 ], [ 24.706281965123711, 59.400997048834178 ], [ 24.70632876077039, 59.401268257892255 ], [ 24.706347159319186, 59.402005697992379 ], [ 24.706423840054629, 59.402291737803381 ], [ 24.707190863607828, 59.402962496766357 ], [ 24.706774915218183, 59.403161953741545 ], [ 24.707192522699437, 59.403536557828588 ], [ 24.707701286123427, 59.404138323268548 ], [ 24.708261929642219, 59.404668351649271 ], [ 24.70854373012121, 59.404842960065395 ], [ 24.709368697758691, 59.405407916112885 ], [ 24.709795104019161, 59.405779591883295 ], [ 24.710230933487267, 59.406239996453351 ], [ 24.710525449626072, 59.406542452115794 ], [ 24.710045831784345, 59.406661650768065 ], [ 24.709838553643664, 59.406634402442918 ], [ 24.709648482720521, 59.407062995080466 ], [ 24.709324346664523, 59.407734685020124 ], [ 24.708908045247043, 59.408624289636613 ], [ 24.707621347384414, 59.408928618774908 ], [ 24.707272922824963, 59.409705821537742 ], [ 24.707354437866812, 59.409790214420688 ], [ 24.707275220989011, 59.409808414402214 ], [ 24.707096109884418, 59.409883795034261 ], [ 24.706030577131884, 59.41010549953716 ], [ 24.706235911763173, 59.410361763321163 ], [ 24.705166523299578, 59.410602422480274 ], [ 24.701648361082427, 59.411385786225651 ], [ 24.699018587962229, 59.411898714454935 ], [ 24.69741337064195, 59.412267651171376 ], [ 24.69054146572763, 59.413907868009005 ], [ 24.69081406790389, 59.414255544838447 ], [ 24.689117112782647, 59.414687608301769 ], [ 24.689107397267136, 59.414677425635176 ], [ 24.684518338124736, 59.415855970590449 ], [ 24.684223277585385, 59.415941168630297 ], [ 24.682760503790018, 59.416316544490343 ], [ 24.681045010572866, 59.416756498198374 ], [ 24.680645857132085, 59.416904346011705 ], [ 24.679625991658341, 59.416926493081384 ], [ 24.679451131601851, 59.416937090889597 ], [ 24.67855035230961, 59.416916154612892 ], [ 24.677632197517607, 59.417306976237406 ], [ 24.67682657351553, 59.417644608769912 ], [ 24.67369560922279, 59.418964368158768 ], [ 24.6728226159135, 59.418218825942162 ], [ 24.672782485780107, 59.41818447057527 ], [ 24.671318548942867, 59.417229188817259 ], [ 24.669993040891786, 59.416368339824324 ], [ 24.669260711834067, 59.416080231661581 ], [ 24.66806932721278, 59.415552886050669 ], [ 24.663021403739553, 59.41332031197306 ], [ 24.662489083699455, 59.413132326607887 ], [ 24.661600345003801, 59.412763095426754 ], [ 24.660950290643378, 59.412469051849477 ], [ 24.660283305002977, 59.412127513205434 ], [ 24.655285095176165, 59.409899781102297 ], [ 24.651443085820972, 59.408195680138029 ], [ 24.649718715673334, 59.407454198167137 ], [ 24.649361472294544, 59.407445907886022 ], [ 24.648608734213802, 59.407120712327348 ], [ 24.647251864948537, 59.406486722983075 ], [ 24.646533575869029, 59.40607229664279 ], [ 24.646068435803635, 59.405729514811391 ], [ 24.645213693600166, 59.405061439536212 ], [ 24.644295568591975, 59.404083162715786 ], [ 24.644150720161804, 59.403852091862341 ], [ 24.644010460626259, 59.403509327350378 ], [ 24.643866078222963, 59.402919362536871 ], [ 24.643821508047647, 59.402674694316396 ], [ 24.643831368993432, 59.402225897124694 ], [ 24.643932126561751, 59.401780066108195 ], [ 24.644122280855701, 59.40134187631142 ], [ 24.64469582258242, 59.400173521397733 ], [ 24.644829591802228, 59.399864243883819 ], [ 24.644844876660834, 59.399433103746532 ], [ 24.644690676570857, 59.39872370602815 ], [ 24.644459367584545, 59.398340543255081 ], [ 24.643936764662943, 59.397556825808202 ], [ 24.643225393244133, 59.396908412058281 ], [ 24.642439643895788, 59.396318976220641 ], [ 24.641666393710523, 59.395944020078282 ], [ 24.640739293362572, 59.395614513463343 ], [ 24.640230667109527, 59.395429734488509 ], [ 24.639891649732203, 59.395325637742083 ], [ 24.639199515335264, 59.395191478945264 ] ] ] ] } },
{ "type": "Feature", "properties": { "name": "Põhja-Tallinna linnaosa" }, "geometry": { "type": "MultiPolygon", "coordinates": [ [ [ [ 24.659637177442804, 59.455078544515295 ], [ 24.659518969725156, 59.455021012727201 ], [ 24.658059930875694, 59.455740278911037 ], [ 24.658174938518368, 59.455803770491343 ], [ 24.659637177442804, 59.455078544515295 ] ] ], [ [ [ 24.727928299823862, 59.457065345731856 ], [ 24.728240030146164, 59.456963003332604 ], [ 24.728814251909032, 59.45676489029394 ], [ 24.730171567580431, 59.456323719799336 ], [ 24.730510857454483, 59.456207116785265 ], [ 24.730470254923503, 59.456162090323716 ], [ 24.729117260974988, 59.456618545342003 ], [ 24.727999464686565, 59.45698905456058 ], [ 24.727941288312824, 59.456949196280249 ], [ 24.727825119865898, 59.456987306776405 ], [ 24.727814334944544, 59.456998380760119 ], [ 24.727809479970446, 59.457013829546433 ], [ 24.72786694592449, 59.457068341780449 ], [ 24.727901343569819, 59.45707056648817 ], [ 24.727928299823862, 59.457065345731856 ] ] ], [ [ [ 24.753779291045788, 59.448480794912328 ], [ 24.753779291571817, 59.44848077552443 ], [ 24.753781340805425, 59.448318015000289 ], [ 24.753918519808987, 59.447328797803173 ], [ 24.755020159546792, 59.447361895889472 ], [ 24.755167583120659, 59.446502960865637 ], [ 24.755246805332117, 59.446003936423729 ], [ 24.754151413719349, 59.445964431179263 ], [ 24.754335450758354, 59.444639481897241 ], [ 24.753255097077556, 59.444600421914636 ], [ 24.753138299737287, 59.444403780194918 ], [ 24.753179072698924, 59.444110455129767 ], [ 24.753140051950091, 59.444027553264014 ], [ 24.753012349669866, 59.443943811915609 ], [ 24.753154265815606, 59.443528991222983 ], [ 24.749665082529383, 59.443858955587558 ], [ 24.748592982229404, 59.443945754711855 ], [ 24.746805115647486, 59.44414046677435 ], [ 24.746354124021874, 59.443990956665523 ], [ 24.746081321279991, 59.443921136944994 ], [ 24.745850115884004, 59.443859249970309 ], [ 24.745518703481363, 59.443769114407409 ], [ 24.745224079311789, 59.44357957654006 ], [ 24.74447615034801, 59.442413594253445 ], [ 24.744235685617401, 59.442298255244637 ], [ 24.744173956040182, 59.442272212341116 ], [ 24.743810836294841, 59.442101101649868 ], [ 24.74313522581533, 59.441800872229564 ], [ 24.7421306807605, 59.441408955362881 ], [ 24.74136201793052, 59.441115973836403 ], [ 24.741326513258421, 59.441079907527701 ], [ 24.741291249231232, 59.441063050153168 ], [ 24.741047867184058, 59.440966662793294 ], [ 24.739435473422841, 59.440354533030515 ], [ 24.739140676099449, 59.440259956905955 ], [ 24.738783358681829, 59.440094185979319 ], [ 24.738545149153577, 59.44003259490416 ], [ 24.737058921644824, 59.439562190102123 ], [ 24.736778187408515, 59.439448948102815 ], [ 24.736166647155347, 59.439262240048329 ], [ 24.736049916059358, 59.439194130455384 ], [ 24.735913809554475, 59.439101981514327 ], [ 24.735588246392183, 59.438960890207191 ], [ 24.735144724130773, 59.438759863434562 ], [ 24.734732613301357, 59.438552286419423 ], [ 24.734454978118048, 59.438361103821485 ], [ 24.73423957119843, 59.438203326362462 ], [ 24.734122778837463, 59.438123814912551 ], [ 24.73408653447968, 59.438077427502613 ], [ 24.73338177060068, 59.437248758459774 ], [ 24.732927043762604, 59.436737369724788 ], [ 24.732790733437071, 59.436593781765502 ], [ 24.732489174737779, 59.43648558382052 ], [ 24.732470444209095, 59.436228413540668 ], [ 24.732338163751354, 59.436124659589154 ], [ 24.732669707710901, 59.435042639144847 ], [ 24.732582610227592, 59.434983069071563 ], [ 24.731479695351567, 59.435043420436543 ], [ 24.730646351289359, 59.435093379978404 ], [ 24.730120623218021, 59.435098989184269 ], [ 24.729785349646342, 59.435094384542886 ], [ 24.728147000796643, 59.434920328448932 ], [ 24.727746474746823, 59.434888430982632 ], [ 24.726645718853927, 59.434810218257823 ], [ 24.726305740882651, 59.43478309903093 ], [ 24.725555961238953, 59.434677087662919 ], [ 24.724874690491433, 59.434577247956589 ], [ 24.723703896372204, 59.434319771057353 ], [ 24.723244348548192, 59.434237914414929 ], [ 24.722077410369828, 59.434028337931267 ], [ 24.722005063466995, 59.434015359272991 ], [ 24.721432025040258, 59.43389937851078 ], [ 24.720434553130186, 59.433719649244402 ], [ 24.718672851120008, 59.433397495396378 ], [ 24.718189899372362, 59.433299231706982 ], [ 24.717933897575282, 59.433334470260931 ], [ 24.717499763439026, 59.433202813586036 ], [ 24.717143273611541, 59.433093084761573 ], [ 24.716789618311289, 59.432983967922297 ], [ 24.716445976850874, 59.432881707762569 ], [ 24.71514631248435, 59.432691194750042 ], [ 24.713511034838444, 59.432173938548303 ], [ 24.711516281983993, 59.431467220727534 ], [ 24.709647638427672, 59.430889866577573 ], [ 24.709570685375031, 59.430951502873903 ], [ 24.707133444205017, 59.430174930061149 ], [ 24.706889051531761, 59.430097875351137 ], [ 24.706774545357874, 59.430064827253219 ], [ 24.706555555545108, 59.430014745379395 ], [ 24.70617352384058, 59.429927566070575 ], [ 24.705753080548128, 59.429831704583492 ], [ 24.705468325764883, 59.429728112865519 ], [ 24.704288578806995, 59.429405610516525 ], [ 24.703762249318046, 59.429360758527629 ], [ 24.703748658960073, 59.42940239358262 ], [ 24.701644244694517, 59.429335079328638 ], [ 24.70067889514884, 59.429404135183731 ], [ 24.69983812180055, 59.429465160833402 ], [ 24.697221653102332, 59.429654718522514 ], [ 24.696725028494381, 59.429683829078904 ], [ 24.696562842986388, 59.429688188218641 ], [ 24.695863795369455, 59.429727163577816 ], [ 24.693114966092615, 59.429890767778332 ], [ 24.693099618403743, 59.429959341141952 ], [ 24.691352496877631, 59.429995547347353 ], [ 24.691102404424768, 59.430000720412075 ], [ 24.690149043212777, 59.429993513138747 ], [ 24.690068370719857, 59.429994743916367 ], [ 24.688463874658488, 59.429947847422241 ], [ 24.688135365619029, 59.430285025574271 ], [ 24.687934360065274, 59.430330510879926 ], [ 24.687140800214141, 59.431164464318265 ], [ 24.686509995701488, 59.431865875354106 ], [ 24.68537302343578, 59.432941465471359 ], [ 24.682668606171397, 59.435704903597689 ], [ 24.679663374677197, 59.436713088582735 ], [ 24.67967502599863, 59.436715430338353 ], [ 24.67973106757206, 59.436719889741539 ], [ 24.679780373406523, 59.436737444995977 ], [ 24.679825240013805, 59.436765714403585 ], [ 24.680097281629308, 59.436963816882439 ], [ 24.680358222576608, 59.4371892922588 ], [ 24.680772603287213, 59.437626542248765 ], [ 24.681013127882736, 59.43799700580746 ], [ 24.681139195081379, 59.438238607990151 ], [ 24.681261831622933, 59.438543172397623 ], [ 24.681648406589076, 59.439245151535104 ], [ 24.681769410482282, 59.439419804122309 ], [ 24.681834590558427, 59.439531334253495 ], [ 24.681891450337744, 59.439647180338937 ], [ 24.682035890365803, 59.440014808997589 ], [ 24.682111169523676, 59.440141250822478 ], [ 24.682200111118664, 59.440251939543721 ], [ 24.68226577578681, 59.440317865326833 ], [ 24.682362326758632, 59.440459160945494 ], [ 24.682934534919497, 59.441510022644913 ], [ 24.682991718494037, 59.44164083066525 ], [ 24.683004120317133, 59.441701332076356 ], [ 24.683033926667697, 59.441793089821694 ], [ 24.683069949681411, 59.44184491393078 ], [ 24.683194676773244, 59.44199603585723 ], [ 24.683275152450861, 59.442102503804271 ], [ 24.683524362832667, 59.442461032234633 ], [ 24.683645886900592, 59.44266062650113 ], [ 24.683992357656329, 59.443265184828526 ], [ 24.68408877293782, 59.443468463814646 ], [ 24.684118473020142, 59.443553812473048 ], [ 24.684227334172554, 59.443820446969475 ], [ 24.684356313121214, 59.444111914053288 ], [ 24.684337670470569, 59.444159748918928 ], [ 24.684307311209917, 59.444180570980322 ], [ 24.68429100315031, 59.444204165641189 ], [ 24.684299110235692, 59.444260416298242 ], [ 24.684343405179142, 59.444375608339683 ], [ 24.684362950340127, 59.444443199945397 ], [ 24.684388431708964, 59.444597681910452 ], [ 24.684382808148964, 59.444736661180414 ], [ 24.68435526667799, 59.444967657579213 ], [ 24.684347942822228, 59.445160792992176 ], [ 24.68435064061476, 59.445295447117317 ], [ 24.684368853997228, 59.445436429968233 ], [ 24.684379292806067, 59.445469149582621 ], [ 24.684385968345559, 59.445522553063178 ], [ 24.684375924541733, 59.445649436733895 ], [ 24.684386869570744, 59.445776920499718 ], [ 24.68436340962359, 59.445863263378129 ], [ 24.684358910068276, 59.445987972797347 ], [ 24.684363911600041, 59.446029086919374 ], [ 24.684359287742062, 59.446076328261164 ], [ 24.684326270052207, 59.446174830315648 ], [ 24.684296379942325, 59.446219159824913 ], [ 24.684266889478387, 59.446283442399498 ], [ 24.684267503179893, 59.446314076604459 ], [ 24.684228732387222, 59.44647388329151 ], [ 24.684134565291764, 59.446663187785738 ], [ 24.683998149301402, 59.446908295149115 ], [ 24.683953926028348, 59.44700542796506 ], [ 24.683928771864803, 59.447076806422366 ], [ 24.683881427731524, 59.447240840589849 ], [ 24.683846430914546, 59.447397342035863 ], [ 24.683821508583971, 59.447590389046013 ], [ 24.683754972024108, 59.447938786849932 ], [ 24.683660447055217, 59.448211827077401 ], [ 24.683633510589946, 59.448264695821685 ], [ 24.683541761284147, 59.448503870504545 ], [ 24.683518891252994, 59.448550299799528 ], [ 24.683494647702631, 59.448667283834709 ], [ 24.68345684971559, 59.448806420782731 ], [ 24.683449485568172, 59.448857760632897 ], [ 24.68339833037453, 59.449051832225912 ], [ 24.683353626676617, 59.449148967227551 ], [ 24.683321655148792, 59.44918285840437 ], [ 24.683261687922862, 59.449263447762704 ], [ 24.683090581443384, 59.449383563193344 ], [ 24.682851470536047, 59.449506903453667 ], [ 24.682630547758588, 59.449586827647195 ], [ 24.682434832688237, 59.449674610104367 ], [ 24.682256959719268, 59.449749247792731 ], [ 24.682119069978139, 59.449800042658367 ], [ 24.681903845053139, 59.449861776319111 ], [ 24.68169610747541, 59.449932115399683 ], [ 24.681647111870923, 59.449954074497029 ], [ 24.681621811070031, 59.449971638084641 ], [ 24.681594035853134, 59.449982706392262 ], [ 24.68123801630437, 59.450075337902646 ], [ 24.681190501396536, 59.450096427410081 ], [ 24.681082926905919, 59.450129281647094 ], [ 24.681010744179918, 59.450158155711627 ], [ 24.680778991134549, 59.450232037573365 ], [ 24.680761437065019, 59.450241149828933 ], [ 24.68072340993141, 59.450251795165101 ], [ 24.680678748106669, 59.450257726121031 ], [ 24.680629528401024, 59.450269380787852 ], [ 24.680490363232792, 59.450286473161164 ], [ 24.680430522640442, 59.45030128853935 ], [ 24.680344889854894, 59.450311703886037 ], [ 24.680265060253589, 59.450331119725355 ], [ 24.680191385159464, 59.450332918469506 ], [ 24.680003534625058, 59.450362864921168 ], [ 24.679955116413836, 59.450367863494876 ], [ 24.679901006237415, 59.450367675991423 ], [ 24.679843182360205, 59.450377543531395 ], [ 24.679798647726031, 59.450381022903848 ], [ 24.679655882762912, 59.450379389711799 ], [ 24.679575968722137, 59.450395475226955 ], [ 24.679534080998245, 59.450399964193679 ], [ 24.67928836239302, 59.450403933445685 ], [ 24.679212026569473, 59.450407585575192 ], [ 24.679177115188516, 59.450406499863 ], [ 24.679131015415681, 59.450397769852522 ], [ 24.679008487598793, 59.450367656425726 ], [ 24.678959957432216, 59.45035195504633 ], [ 24.678924825438177, 59.45034508943953 ], [ 24.678845291562052, 59.450340400574476 ], [ 24.678785839917438, 59.450330473539353 ], [ 24.6786634110736, 59.450293779396574 ], [ 24.678570612420209, 59.450270980979525 ], [ 24.678527507244667, 59.45026122097201 ], [ 24.678479834597301, 59.450256717863724 ], [ 24.678444968076064, 59.450255218801075 ], [ 24.678350834254342, 59.450263710743378 ], [ 24.67795018071936, 59.450285243623696 ], [ 24.67775374286234, 59.45028943215349 ], [ 24.677667883103538, 59.450288446575513 ], [ 24.677582003403586, 59.450285566970457 ], [ 24.677273729871139, 59.45026530306621 ], [ 24.677222262382845, 59.450257012913525 ], [ 24.677149145009562, 59.450239812494139 ], [ 24.67701855076989, 59.450201094174552 ], [ 24.67698053228407, 59.450190885618433 ], [ 24.676889420967129, 59.450184657227716 ], [ 24.67674215741506, 59.450180153516342 ], [ 24.676629388236869, 59.450185957198187 ], [ 24.676586997340415, 59.450184630942047 ], [ 24.676525718480018, 59.450180313706177 ], [ 24.676472217096808, 59.450167231198456 ], [ 24.676425805115692, 59.450153367204614 ], [ 24.67633033333729, 59.450135257779024 ], [ 24.676221606195657, 59.450127943426509 ], [ 24.676148665593612, 59.450126755892832 ], [ 24.67607589767033, 59.450118260438693 ], [ 24.676018189476366, 59.450117973111645 ], [ 24.675987123479565, 59.450122315649331 ], [ 24.675916919072225, 59.450123088809669 ], [ 24.675768820123562, 59.450111092795431 ], [ 24.675707130915733, 59.450116319464115 ], [ 24.675590806662125, 59.450124214098615 ], [ 24.675458317704603, 59.45012150930193 ], [ 24.675306544474612, 59.450106461594387 ], [ 24.675200953186817, 59.450100799982394 ], [ 24.675119663942446, 59.450104466154393 ], [ 24.675075533550309, 59.450110563039836 ], [ 24.674937077958866, 59.450151173698046 ], [ 24.67490430020591, 59.450156332647978 ], [ 24.674852410974594, 59.450163241200173 ], [ 24.674772074917328, 59.45016429904544 ], [ 24.67462500983185, 59.450179639322634 ], [ 24.674563720861421, 59.450181937017064 ], [ 24.674492029589715, 59.450189557237046 ], [ 24.674430026428929, 59.450201221170055 ], [ 24.674367033505863, 59.450203832702272 ], [ 24.674276441043457, 59.450202429287231 ], [ 24.674121466480948, 59.450195780790715 ], [ 24.674080065571534, 59.450209771799983 ], [ 24.674041061809522, 59.450213912124696 ], [ 24.674005574743784, 59.450209542536271 ], [ 24.673939386236739, 59.45020745747383 ], [ 24.673866976063653, 59.450207244417328 ], [ 24.673830056920089, 59.450210709743828 ], [ 24.67368302845188, 59.450140348727132 ], [ 24.672902974341508, 59.450529406779737 ], [ 24.673772773578502, 59.450979044568761 ], [ 24.673494500566797, 59.451122262583603 ], [ 24.672606906013758, 59.450678557637566 ], [ 24.671165445090974, 59.451408609857403 ], [ 24.67176255784376, 59.451734111416016 ], [ 24.671226847620591, 59.451992344054368 ], [ 24.670841617190536, 59.451773480985096 ], [ 24.669948475676428, 59.452095825837887 ], [ 24.669371038552558, 59.451597038923346 ], [ 24.669390527085856, 59.451414785985044 ], [ 24.669576748289778, 59.451031210424297 ], [ 24.670035215038467, 59.450059321352896 ], [ 24.669612026790496, 59.450013340384977 ], [ 24.669293705638008, 59.450670172052803 ], [ 24.669253737699485, 59.45067104835551 ], [ 24.669208132092603, 59.450690122003657 ], [ 24.669195580940183, 59.450711792533291 ], [ 24.66920073824803, 59.450728462884129 ], [ 24.669258243979403, 59.450773251432373 ], [ 24.669258296296796, 59.450782218829126 ], [ 24.669224749065911, 59.450896634939483 ], [ 24.669191341629805, 59.451091077054365 ], [ 24.669118290458595, 59.451240909133489 ], [ 24.668958113681018, 59.451519702111163 ], [ 24.668815271097067, 59.45159353309915 ], [ 24.668766578753985, 59.451640521634239 ], [ 24.668745211497249, 59.451700899232193 ], [ 24.668698101779068, 59.451762996358291 ], [ 24.66866916991847, 59.451823331547217 ], [ 24.668668856375835, 59.451871250414648 ], [ 24.668686855657626, 59.451913483886798 ], [ 24.668665550003503, 59.451961715765037 ], [ 24.668651722703757, 59.451995690693877 ], [ 24.668634669192766, 59.452027877691535 ], [ 24.66861516796731, 59.452041306967729 ], [ 24.668588915212364, 59.452061996695498 ], [ 24.668504541255608, 59.452149731606823 ], [ 24.668438783679999, 59.452239194259654 ], [ 24.66836385340687, 59.452329340751682 ], [ 24.668288583113963, 59.452425557124023 ], [ 24.668257481493356, 59.452472384399186 ], [ 24.668239129937358, 59.452513051861139 ], [ 24.668238911112638, 59.452549623768533 ], [ 24.668258979601116, 59.452605706710457 ], [ 24.668282115016467, 59.452646424051416 ], [ 24.668317921752283, 59.452677849131618 ], [ 24.668492465780453, 59.45281453044857 ], [ 24.668513313535744, 59.452832934474642 ], [ 24.668518139678991, 59.452837191838107 ], [ 24.668559726715369, 59.452854045378693 ], [ 24.668589192700406, 59.452861463144444 ], [ 24.668640690414264, 59.452883813921403 ], [ 24.668806296732257, 59.452994337399396 ], [ 24.668897071549235, 59.453074899615231 ], [ 24.668919959808825, 59.453099343465801 ], [ 24.668953802243397, 59.453127645502484 ], [ 24.668992865876714, 59.453156962306608 ], [ 24.669033945207133, 59.453185667428897 ], [ 24.669054869326445, 59.453192643730823 ], [ 24.669083631844408, 59.453205531727519 ], [ 24.669172293905891, 59.453274488723473 ], [ 24.66920440493713, 59.453307090319157 ], [ 24.66923871210448, 59.453341090082006 ], [ 24.669278900900721, 59.453381011462582 ], [ 24.669305908166049, 59.453421278072746 ], [ 24.669328205708876, 59.4534569366635 ], [ 24.669345393215426, 59.453494551187461 ], [ 24.669349201907451, 59.453504459989581 ], [ 24.669303388091624, 59.453543687221618 ], [ 24.66913663315059, 59.453664506917299 ], [ 24.668932918876635, 59.453830226636576 ], [ 24.668693504169617, 59.454031369461276 ], [ 24.668658451396063, 59.454067355132494 ], [ 24.668654317485803, 59.454090356277533 ], [ 24.668646685911664, 59.454119326676889 ], [ 24.668627194392531, 59.454133312439296 ], [ 24.668581133986081, 59.454156427609 ], [ 24.668444265509265, 59.454230703502283 ], [ 24.668310177356261, 59.454291212954544 ], [ 24.668126666116859, 59.454437331635319 ], [ 24.6681151780862, 59.454450361115335 ], [ 24.668105104475419, 59.454461785582346 ], [ 24.668097454052834, 59.454488018167964 ], [ 24.668063208970857, 59.454513972683557 ], [ 24.667998588008437, 59.454543752643637 ], [ 24.667904596376431, 59.454585485728337 ], [ 24.66776478122452, 59.454626454598426 ], [ 24.667660518401046, 59.454639783666821 ], [ 24.667597460644885, 59.454660264698937 ], [ 24.667547573732495, 59.454640140537506 ], [ 24.667565686524142, 59.454628648451852 ], [ 24.667504733910206, 59.454603481620367 ], [ 24.667456366506755, 59.454583511305366 ], [ 24.665561951470671, 59.455794794835334 ], [ 24.661657763879944, 59.454214287729641 ], [ 24.661591649503251, 59.454087151782986 ], [ 24.662948416242738, 59.452806279760892 ], [ 24.662974832286316, 59.452813776960042 ], [ 24.663039232440923, 59.452752591353352 ], [ 24.663021625052345, 59.452717491600474 ], [ 24.662831450748929, 59.452666384129394 ], [ 24.662764434239975, 59.452674530951043 ], [ 24.662700614392133, 59.45273747292272 ], [ 24.662475496239143, 59.45292907111277 ], [ 24.662088953294635, 59.453014811040759 ], [ 24.662005652119994, 59.453059726761857 ], [ 24.66163688324723, 59.453399584941458 ], [ 24.661136149908764, 59.453887805565245 ], [ 24.661111034885575, 59.453950265225281 ], [ 24.661155726938954, 59.45404109975722 ], [ 24.66107264594871, 59.454164981041885 ], [ 24.661086504292879, 59.454173161015113 ], [ 24.661088932715096, 59.45418111108863 ], [ 24.660593711851586, 59.454430281431932 ], [ 24.660255934472406, 59.454609909053602 ], [ 24.66024695236009, 59.454628679282344 ], [ 24.660261405943512, 59.454643023291439 ], [ 24.660367949501097, 59.45469004741161 ], [ 24.660417076671244, 59.454688427743655 ], [ 24.660620582806008, 59.454581564233138 ], [ 24.660589410898499, 59.454564332828681 ], [ 24.661211826993192, 59.454243025484132 ], [ 24.661314709550943, 59.454361395411567 ], [ 24.661600406337964, 59.454594654679489 ], [ 24.661799476301574, 59.454666697600302 ], [ 24.662160585949387, 59.454767782161369 ], [ 24.662522262839179, 59.454905263063765 ], [ 24.662948687834213, 59.45508629489607 ], [ 24.663372040958013, 59.455271434161432 ], [ 24.663701267942582, 59.455396283553391 ], [ 24.664129277607646, 59.455568398806783 ], [ 24.664818760948993, 59.455856113996468 ], [ 24.664860492596635, 59.455879395220784 ], [ 24.664866880382483, 59.455931256799339 ], [ 24.66485627918669, 59.456153840573094 ], [ 24.664517279581656, 59.456461581458463 ], [ 24.664442966619571, 59.456526462170011 ], [ 24.664272874759721, 59.456674976104807 ], [ 24.664472880114815, 59.456738895443692 ], [ 24.66316465229923, 59.45768857789691 ], [ 24.662271946491625, 59.457371364269392 ], [ 24.661233427853631, 59.456991250286478 ], [ 24.66006714360314, 59.456574578221492 ], [ 24.659912669043553, 59.456677254430133 ], [ 24.660908725079608, 59.457049449965588 ], [ 24.662000124543969, 59.457449552038703 ], [ 24.662958558482448, 59.457812567582863 ], [ 24.663021784876982, 59.457848461076573 ], [ 24.662933743268791, 59.457901345394447 ], [ 24.662983806162845, 59.457924980254333 ], [ 24.662280773330686, 59.45834739102829 ], [ 24.662237067718415, 59.458346048765627 ], [ 24.661982079833646, 59.458502526535824 ], [ 24.661878941026107, 59.458683725694847 ], [ 24.661872113955962, 59.458707242776811 ], [ 24.661839504762163, 59.458741634350687 ], [ 24.661784461050313, 59.458782206774536 ], [ 24.661696741431296, 59.458827359754231 ], [ 24.661591728502753, 59.458872832894372 ], [ 24.661443611957569, 59.458926242201791 ], [ 24.66132238415042, 59.458965827077378 ], [ 24.661267672932556, 59.458993570047525 ], [ 24.661074762731715, 59.459062401100127 ], [ 24.661029837529295, 59.459064601331661 ], [ 24.660999842826396, 59.459071053372377 ], [ 24.660921401620595, 59.45910914855412 ], [ 24.660867689522583, 59.45912931906993 ], [ 24.660788767011805, 59.459158960628827 ], [ 24.660761228164763, 59.459169305118792 ], [ 24.660631100637914, 59.459212003970492 ], [ 24.660540521336838, 59.45923891209744 ], [ 24.660408941067242, 59.459272174627912 ], [ 24.660185741382026, 59.459320545891551 ], [ 24.660026831301366, 59.459347652365736 ], [ 24.660001193428563, 59.459327727065435 ], [ 24.659807800384527, 59.459395526341865 ], [ 24.659725405199485, 59.459424403677836 ], [ 24.659788056769827, 59.459479852601682 ], [ 24.659572555066376, 59.459551640110085 ], [ 24.659524613818224, 59.459546547972657 ], [ 24.659499668302821, 59.45952411464161 ], [ 24.655615618562567, 59.460739232141215 ], [ 24.653582294628066, 59.46137982097197 ], [ 24.652509203181719, 59.461712012001776 ], [ 24.651875911870317, 59.461207269404881 ], [ 24.651441792925297, 59.460837399820115 ], [ 24.650284401167148, 59.45988724525315 ], [ 24.650600176567828, 59.459720984206477 ], [ 24.652488637455281, 59.458726681671202 ], [ 24.655710130858154, 59.457054543912655 ], [ 24.656223553963653, 59.456783452851262 ], [ 24.656255851289256, 59.456797780225159 ], [ 24.656495573240718, 59.456669270886252 ], [ 24.65638223449411, 59.45661278027481 ], [ 24.6529069549102, 59.458428714233705 ], [ 24.651504893131545, 59.459157299873169 ], [ 24.650677065457572, 59.459596135253527 ], [ 24.6505296965057, 59.459538963910042 ], [ 24.650405749019047, 59.459527268865749 ], [ 24.650283026335593, 59.459534508251451 ], [ 24.650165207139956, 59.459551992539197 ], [ 24.649821233559443, 59.459699738275454 ], [ 24.649682905347049, 59.45982199918145 ], [ 24.649664941750817, 59.459883496539582 ], [ 24.649693402728339, 59.459971452382931 ], [ 24.64974720109084, 59.460056410780048 ], [ 24.649819053998588, 59.460107806452918 ], [ 24.649892386182493, 59.460170200078494 ], [ 24.64990026309297, 59.460229182245278 ], [ 24.649899250664404, 59.460281610466247 ], [ 24.649930403519608, 59.460318233866211 ], [ 24.650020068852275, 59.460385385236215 ], [ 24.65007840536866, 59.460395555173299 ], [ 24.650153838432104, 59.460423746495088 ], [ 24.650371264196988, 59.460532196817667 ], [ 24.650600057790751, 59.460679082231742 ], [ 24.650833861806536, 59.46088887729983 ], [ 24.651024618993382, 59.461091191696553 ], [ 24.651132224720609, 59.461211098793328 ], [ 24.651176085697962, 59.46126850271677 ], [ 24.651187948453583, 59.4613366122299 ], [ 24.651206913295905, 59.461373017277687 ], [ 24.651302584565592, 59.461428387753116 ], [ 24.651369725429028, 59.461458998160097 ], [ 24.651425617881316, 59.461474053869964 ], [ 24.651463032517192, 59.461488410966474 ], [ 24.651474905139676, 59.461508019953619 ], [ 24.65151715587616, 59.461527200478308 ], [ 24.651582154076383, 59.461565648946937 ], [ 24.651653499572234, 59.461597540023895 ], [ 24.651731871865028, 59.461646460784451 ], [ 24.651823587077089, 59.461715306338334 ], [ 24.651870146559094, 59.461783710940743 ], [ 24.651964418393625, 59.461901439163945 ], [ 24.652070596822149, 59.461987860938699 ], [ 24.649674892129511, 59.46273820511405 ], [ 24.649641482416357, 59.462733226240864 ], [ 24.649461895296678, 59.46278438918965 ], [ 24.649454801639767, 59.462799020052522 ], [ 24.6516826963474, 59.464629439352933 ], [ 24.651586500263576, 59.464854786953232 ], [ 24.648154855652866, 59.465935700202877 ], [ 24.647718708548432, 59.46606791471045 ], [ 24.64753779358967, 59.466005518981547 ], [ 24.647504036778926, 59.465481184585713 ], [ 24.647446990826438, 59.464621600183065 ], [ 24.64747007476878, 59.464620499354616 ], [ 24.647415138108389, 59.463797618439102 ], [ 24.6474023135283, 59.463498941366723 ], [ 24.647373807598893, 59.463500535603629 ], [ 24.647341625397388, 59.462822729536761 ], [ 24.647318267379102, 59.46251166256306 ], [ 24.64742173627565, 59.462353426983618 ], [ 24.64762207251356, 59.462047032762605 ], [ 24.647721224794264, 59.46206206594097 ], [ 24.647717875353397, 59.46208166030479 ], [ 24.647816180229366, 59.462095710154522 ], [ 24.647871855743912, 59.462012932784397 ], [ 24.647774372493739, 59.461997559382091 ], [ 24.647757975613803, 59.46201545847471 ], [ 24.64766152244302, 59.46199953235503 ], [ 24.647816511488283, 59.461745110575848 ], [ 24.647908776838737, 59.461752278083118 ], [ 24.64802503474403, 59.461541511008619 ], [ 24.647779094157404, 59.461453555904626 ], [ 24.647721036163595, 59.461496237640716 ], [ 24.647669343039674, 59.461489570777331 ], [ 24.647610159470684, 59.461490588745001 ], [ 24.647557916535035, 59.46149770357902 ], [ 24.647521725037535, 59.461510556339732 ], [ 24.647475739695611, 59.461535180615066 ], [ 24.647358547997136, 59.461569454421863 ], [ 24.64728638017116, 59.461674430869749 ], [ 24.64716158289329, 59.461792232942571 ], [ 24.647156495696297, 59.461838325687594 ], [ 24.647138620445421, 59.461865702245369 ], [ 24.64703201478601, 59.461942167504404 ], [ 24.646834486503405, 59.462112174995944 ], [ 24.64676840768076, 59.462199850317653 ], [ 24.646720290516274, 59.46227400850843 ], [ 24.646674926465909, 59.462367829806425 ], [ 24.646636058988175, 59.462510424805778 ], [ 24.646631095670134, 59.462668320052721 ], [ 24.646664166298706, 59.462924510572421 ], [ 24.646645999273193, 59.463102272888044 ], [ 24.646671117645464, 59.463427433424521 ], [ 24.646697054225296, 59.463577896994366 ], [ 24.646699621477879, 59.463753457006661 ], [ 24.646712142100778, 59.463914444084907 ], [ 24.646761904907265, 59.464320820192484 ], [ 24.646779511697346, 59.464646906102516 ], [ 24.646772339561913, 59.46475150027306 ], [ 24.646782997903774, 59.465000341031796 ], [ 24.646780393463231, 59.465150531642067 ], [ 24.646786398224595, 59.465271972960323 ], [ 24.646792235683808, 59.465327796456293 ], [ 24.646810006114332, 59.465383211301251 ], [ 24.646844489685229, 59.465405654008443 ], [ 24.646872576471534, 59.465451664637754 ], [ 24.646895388900493, 59.46552648896887 ], [ 24.646912745927409, 59.465613126291721 ], [ 24.646977679222587, 59.466129157015828 ], [ 24.6469977145982, 59.4663626645264 ], [ 24.646998625546669, 59.466460980253643 ], [ 24.646986546313144, 59.466503013917134 ], [ 24.64697372405622, 59.466572851612952 ], [ 24.646933130014663, 59.46659753891425 ], [ 24.646883980087619, 59.466664045075461 ], [ 24.646821829467751, 59.466782625166296 ], [ 24.646787479080125, 59.46689109584743 ], [ 24.646731121129104, 59.467020338527313 ], [ 24.646719675731607, 59.46708095948253 ], [ 24.64672621563755, 59.467130091964371 ], [ 24.646744804209423, 59.467151373920039 ], [ 24.646724835001329, 59.467279728869109 ], [ 24.646717992009911, 59.467361700400993 ], [ 24.646677928170103, 59.467463780824922 ], [ 24.646640067455021, 59.467608614704901 ], [ 24.646593244073085, 59.467723555742218 ], [ 24.646532349046879, 59.467835011069226 ], [ 24.646510040603875, 59.467913494741154 ], [ 24.646457908191756, 59.467970751526998 ], [ 24.646386109286745, 59.468097933302893 ], [ 24.646338232185972, 59.468157305584199 ], [ 24.646294728021903, 59.468225920199998 ], [ 24.646269753312414, 59.468278214349311 ], [ 24.646233962165109, 59.468367589779184 ], [ 24.64621784962393, 59.468424005581042 ], [ 24.646210200884571, 59.468494239670406 ], [ 24.646140234082281, 59.468718314097465 ], [ 24.646114121764278, 59.468744088091157 ], [ 24.646074530992127, 59.468797719529256 ], [ 24.646031762431974, 59.468830711500509 ], [ 24.64598638729785, 59.468875107466559 ], [ 24.645939357851191, 59.468979367117065 ], [ 24.645925213648027, 59.469045692299879 ], [ 24.645931230454782, 59.469255516438416 ], [ 24.645908230288921, 59.469297567556481 ], [ 24.645924831156499, 59.469395545954171 ], [ 24.645973771175896, 59.469465843784334 ], [ 24.646073076627978, 59.469534467465209 ], [ 24.646174647629685, 59.469574588421125 ], [ 24.646287411180236, 59.469602123168208 ], [ 24.646475583843692, 59.469678012658711 ], [ 24.646696639483778, 59.469786558790695 ], [ 24.646898677889627, 59.469869830181075 ], [ 24.646971515164914, 59.469894122275043 ], [ 24.647020500774083, 59.469902463402235 ], [ 24.647061063768266, 59.469900127867348 ], [ 24.647076394497613, 59.469896488920703 ], [ 24.647077504444077, 59.469881528552911 ], [ 24.647068851828177, 59.469868025427736 ], [ 24.64708127016624, 59.469858709649792 ], [ 24.647118978691136, 59.46985282442261 ], [ 24.647174899205474, 59.469848268060737 ], [ 24.647314881146169, 59.469846871544682 ], [ 24.647402995751655, 59.469841447831755 ], [ 24.647533255987682, 59.469843662519835 ], [ 24.647554164536562, 59.469839286968487 ], [ 24.647589238568234, 59.469837732265908 ], [ 24.647609880628657, 59.469848133404298 ], [ 24.647621418062776, 59.469873282850195 ], [ 24.647629281828522, 59.469928871847607 ], [ 24.64762629993038, 59.46999391257129 ], [ 24.647641863454805, 59.470009051341407 ], [ 24.647665933727883, 59.47001046806102 ], [ 24.64770234892999, 59.469995917682574 ], [ 24.647732618230503, 59.469959611427001 ], [ 24.647755796853748, 59.46991311572728 ], [ 24.647775533642005, 59.469826547696186 ], [ 24.64779618671184, 59.469777111115093 ], [ 24.647816109988209, 59.46976265072928 ], [ 24.647869219570001, 59.469741052454111 ], [ 24.647917182420354, 59.469728967662448 ], [ 24.647960143821891, 59.469713604071643 ], [ 24.648061944929722, 59.469674648078367 ], [ 24.648113252984007, 59.469648300991665 ], [ 24.648290742766381, 59.469535786864938 ], [ 24.648324606785824, 59.46949376267532 ], [ 24.648349529231623, 59.469474125079152 ], [ 24.648400263358912, 59.4694175925775 ], [ 24.648472341794928, 59.469305372275088 ], [ 24.648541061140868, 59.469237342037921 ], [ 24.648579237509413, 59.469183716811678 ], [ 24.648612336929816, 59.469157189820478 ], [ 24.648644191805058, 59.469138505470049 ], [ 24.648703997466001, 59.469117547134303 ], [ 24.649058347014858, 59.468928587818041 ], [ 24.649141816880661, 59.468873850691232 ], [ 24.649198383756534, 59.468830107642837 ], [ 24.649263553553464, 59.468796304114178 ], [ 24.649317790061684, 59.468777509343674 ], [ 24.649398669037051, 59.468760010559251 ], [ 24.649451430741522, 59.468736950161684 ], [ 24.649506603613659, 59.468693213844432 ], [ 24.649538091544155, 59.468655294332692 ], [ 24.649639851990752, 59.468573680715181 ], [ 24.649793277997546, 59.468500438780751 ], [ 24.650094746296389, 59.468329780131413 ], [ 24.650330447400275, 59.468184750183461 ], [ 24.650405310112646, 59.468151544555852 ], [ 24.650998399227991, 59.467919902929211 ], [ 24.65122657063058, 59.467844674295975 ], [ 24.651482147822929, 59.467777550277859 ], [ 24.651639249666264, 59.46772631643244 ], [ 24.651740051466668, 59.467678969378547 ], [ 24.651772080115947, 59.467669547192457 ], [ 24.651807017966501, 59.467666528848945 ], [ 24.651936154215424, 59.467610307325565 ], [ 24.652069732862106, 59.467566900170354 ], [ 24.652388620991875, 59.467476256730173 ], [ 24.652484797086682, 59.467453689335464 ], [ 24.653039305217764, 59.467353134482444 ], [ 24.653285837371769, 59.467317909542182 ], [ 24.653868389784506, 59.467251601367103 ], [ 24.654512682553282, 59.46719212038564 ], [ 24.65457841762537, 59.467188230237532 ], [ 24.654655502408403, 59.467192120220737 ], [ 24.654708681801637, 59.467191146918054 ], [ 24.654802379283588, 59.467185690480335 ], [ 24.654877793461026, 59.467176051978377 ], [ 24.655024660648976, 59.467168203741032 ], [ 24.65535908241289, 59.467158695780128 ], [ 24.655507342731635, 59.467150840076769 ], [ 24.655613499868522, 59.46713748455317 ], [ 24.655733697811105, 59.467126913635276 ], [ 24.655919712547472, 59.46711672422618 ], [ 24.656763250154011, 59.467080459259932 ], [ 24.657221507052384, 59.467030437576518 ], [ 24.657887498968332, 59.466947860803884 ], [ 24.658124729208602, 59.466929172128793 ], [ 24.658271909370526, 59.466925753124642 ], [ 24.659413464436192, 59.466939956700912 ], [ 24.659493331969134, 59.466933587667782 ], [ 24.659561939074628, 59.466933244355261 ], [ 24.659599803564543, 59.466936618562393 ], [ 24.659660452196718, 59.466959824661117 ], [ 24.659784125568667, 59.46698040826864 ], [ 24.659914225843359, 59.466978509182482 ], [ 24.660275528642035, 59.466956385679978 ], [ 24.660427069692975, 59.466959567130495 ], [ 24.660517603393679, 59.466957497665277 ], [ 24.660790352499241, 59.466932234858156 ], [ 24.660908721378114, 59.466929343346514 ], [ 24.660975917518094, 59.466929006373171 ], [ 24.661157645578292, 59.466915276333417 ], [ 24.661423063566883, 59.466884016732195 ], [ 24.661509315538833, 59.466855792389126 ], [ 24.661551129108311, 59.466846318694621 ], [ 24.661605331986159, 59.466825382549054 ], [ 24.661720274311481, 59.466755847482034 ], [ 24.661894290252093, 59.466564580574882 ], [ 24.662018903006601, 59.466405320695046 ], [ 24.662067107593813, 59.46630888558493 ], [ 24.6620835296693, 59.466254369141751 ], [ 24.662053809765442, 59.466078864821043 ], [ 24.662049541726567, 59.466018859902064 ], [ 24.662048805131533, 59.465941772771885 ], [ 24.662062847613264, 59.46587188242497 ], [ 24.662049381504488, 59.465783234569464 ], [ 24.662004203563711, 59.465706460434639 ], [ 24.661997448467055, 59.465657356585666 ], [ 24.661999312782758, 59.465627069228262 ], [ 24.662021722677821, 59.465555727524453 ], [ 24.661996660466873, 59.465490297471547 ], [ 24.662010509313159, 59.46541042613562 ], [ 24.662031870802597, 59.465356881266388 ], [ 24.662059140677432, 59.465319697942924 ], [ 24.662111321855917, 59.465267416531425 ], [ 24.662158562036918, 59.4652486605126 ], [ 24.66223792226565, 59.465225461253802 ], [ 24.662487483694022, 59.465172187732364 ], [ 24.662596363187358, 59.46515596726924 ], [ 24.662902650353981, 59.46506749782958 ], [ 24.662993190754886, 59.465044241873727 ], [ 24.663079630647626, 59.465025997464323 ], [ 24.663156503852761, 59.465019192416769 ], [ 24.663213863160056, 59.465017485480665 ], [ 24.663349917893242, 59.465022877888117 ], [ 24.663498194687957, 59.465024600039051 ], [ 24.663622750025993, 59.465021836486237 ], [ 24.663733395707791, 59.465024842997678 ], [ 24.663922186901043, 59.465013919083646 ], [ 24.664092348141363, 59.464980997407814 ], [ 24.664243258973084, 59.464935901548145 ], [ 24.664470604551738, 59.464858804638403 ], [ 24.664584690692866, 59.464801192175237 ], [ 24.6646771186556, 59.464743626007262 ], [ 24.664819389295126, 59.464645297025349 ], [ 24.664924535877837, 59.464580637850595 ], [ 24.664963042159826, 59.464545533630741 ], [ 24.665172936407377, 59.46446823627759 ], [ 24.665189991139442, 59.464451013896166 ], [ 24.665214149104632, 59.464428127339609 ], [ 24.665303043069276, 59.464392050544447 ], [ 24.665320881814729, 59.464373432816295 ], [ 24.665388733903274, 59.464334616609293 ], [ 24.665512518983512, 59.464293381497392 ], [ 24.665656640530241, 59.464217833779102 ], [ 24.665782978741355, 59.464163757968919 ], [ 24.665901102823646, 59.46411898737739 ], [ 24.665956775236978, 59.464102314814397 ], [ 24.666013965986078, 59.464092052814422 ], [ 24.666108368187754, 59.464068999584022 ], [ 24.666254618383437, 59.464013170975178 ], [ 24.666365373203256, 59.463980358123742 ], [ 24.666424109873866, 59.463956246227383 ], [ 24.666587990308063, 59.4639010282608 ], [ 24.666772670650928, 59.463814538132993 ], [ 24.66684606634438, 59.463760800942737 ], [ 24.666887123154414, 59.463712855681727 ], [ 24.666921906150296, 59.463701279393113 ], [ 24.666963728207396, 59.463692513050198 ], [ 24.667100647113802, 59.463678283341181 ], [ 24.667212226094545, 59.463657054370756 ], [ 24.667237106287534, 59.463640537149423 ], [ 24.667259071257714, 59.463618343524772 ], [ 24.667284912987995, 59.463579739011521 ], [ 24.667297936671581, 59.463530508277032 ], [ 24.667345268264928, 59.463477899170577 ], [ 24.667400678532886, 59.463444297460086 ], [ 24.667467017974747, 59.463412220251804 ], [ 24.667690406096387, 59.463347381768742 ], [ 24.667760497760302, 59.463345760930139 ], [ 24.66781778791027, 59.463339770489547 ], [ 24.667944760605117, 59.463318462879869 ], [ 24.668076223046167, 59.463312096367062 ], [ 24.668129270415204, 59.463304700020593 ], [ 24.668173700452481, 59.463285947071007 ], [ 24.668211284621613, 59.463264347331581 ], [ 24.668390226367837, 59.463212129679846 ], [ 24.668473488828521, 59.46317610618744 ], [ 24.668610919601672, 59.46311430532279 ], [ 24.668705203377382, 59.463077328103182 ], [ 24.668817577063582, 59.463042799383778 ], [ 24.668989924536721, 59.463027678731365 ], [ 24.669181272699653, 59.463029077049264 ], [ 24.670017404008298, 59.46307233277448 ], [ 24.670500094620824, 59.463101789590432 ], [ 24.671516393092165, 59.463155214107282 ], [ 24.671727157444348, 59.463168134489678 ], [ 24.672168851983553, 59.463205065209621 ], [ 24.672514843685104, 59.463238928140086 ], [ 24.672727670159194, 59.463265157676823 ], [ 24.673340293650757, 59.463332091325427 ], [ 24.673714327085204, 59.463369371549028 ], [ 24.674746028250237, 59.463508966594418 ], [ 24.675247077015538, 59.463596651010562 ], [ 24.675341930540274, 59.463619970911616 ], [ 24.67555098639491, 59.46364347736732 ], [ 24.675815253327038, 59.463683396855018 ], [ 24.676061621251588, 59.463727860032911 ], [ 24.676244162227469, 59.463755424187326 ], [ 24.676625410462442, 59.463802156406409 ], [ 24.676999562291982, 59.463844067639911 ], [ 24.677782468272344, 59.463933005172812 ], [ 24.677941869004393, 59.463946206732402 ], [ 24.678023732098147, 59.463956467744339 ], [ 24.678096337173102, 59.463970349030483 ], [ 24.678320752489647, 59.463991752342878 ], [ 24.678592350268779, 59.464039043229739 ], [ 24.678749871108703, 59.464063213929833 ], [ 24.678885216473585, 59.464065802224191 ], [ 24.679127372470337, 59.464047139955383 ], [ 24.679412878262106, 59.464005345465246 ], [ 24.679482595787512, 59.463985767113783 ], [ 24.67958502010163, 59.463974556822841 ], [ 24.679680602517813, 59.46397050018745 ], [ 24.679766997795458, 59.46397361829608 ], [ 24.679875715286677, 59.463986163325075 ], [ 24.680241389519132, 59.464010353389121 ], [ 24.680395717745714, 59.464027375274398 ], [ 24.680658765109399, 59.464067605566001 ], [ 24.680794462965856, 59.464073708910028 ], [ 24.680873278944073, 59.464074387904873 ], [ 24.681185064985623, 59.464063674430783 ], [ 24.681474679402118, 59.464077616916917 ], [ 24.681876710854059, 59.464113535381877 ], [ 24.681986627868792, 59.464126027585593 ], [ 24.682124294888848, 59.464126500015304 ], [ 24.6822733816877, 59.464115046103387 ], [ 24.682334070704293, 59.464115916811203 ], [ 24.682722380079753, 59.464164973692078 ], [ 24.682888703027388, 59.464192549857806 ], [ 24.683042620529729, 59.464210971132815 ], [ 24.683219478208404, 59.464222926840407 ], [ 24.683609963245889, 59.464239582226831 ], [ 24.683776190689393, 59.464255290693302 ], [ 24.68388599490515, 59.464248006429536 ], [ 24.683967741641997, 59.464252330824856 ], [ 24.684089364314261, 59.464267130354251 ], [ 24.684154780970157, 59.464271548376054 ], [ 24.684201444100822, 59.464271306124836 ], [ 24.684270868399025, 59.464260083978822 ], [ 24.684322513324521, 59.464257607571554 ], [ 24.684401890886296, 59.464260759087516 ], [ 24.684495360008167, 59.464267401081067 ], [ 24.684617054602501, 59.464285772442871 ], [ 24.684965421238466, 59.464320775367526 ], [ 24.685094141299103, 59.464340294688803 ], [ 24.685347385268898, 59.464403106894217 ], [ 24.685722200371568, 59.464477153198182 ], [ 24.686193221166146, 59.464578022369565 ], [ 24.686695228826895, 59.464711968812722 ], [ 24.68701434403911, 59.464800556540709 ], [ 24.687140978198883, 59.464831960807935 ], [ 24.687300178211895, 59.464858446495697 ], [ 24.687499023426685, 59.464884725185186 ], [ 24.68842404024485, 59.465050901008077 ], [ 24.689419884278387, 59.465258261615695 ], [ 24.689808750919173, 59.465334601664814 ], [ 24.689965915308054, 59.465375340693484 ], [ 24.690209990601645, 59.465445319048762 ], [ 24.69038142955063, 59.46550023769305 ], [ 24.69046605398454, 59.465530664952119 ], [ 24.690517999248737, 59.465561272357263 ], [ 24.690607904504038, 59.465622551414441 ], [ 24.690769141742933, 59.46575288170029 ], [ 24.690890547120642, 59.465868079565574 ], [ 24.690999707428126, 59.465957758167825 ], [ 24.691130084270647, 59.466037720444582 ], [ 24.691348919760948, 59.466226679438108 ], [ 24.69160162889883, 59.466414176663577 ], [ 24.691852093877685, 59.466583929443765 ], [ 24.69194405423605, 59.466658455261268 ], [ 24.691987796446103, 59.466701905806119 ], [ 24.692014991926062, 59.466776583088333 ], [ 24.692076944106368, 59.466840377736673 ], [ 24.692108314450874, 59.466891280957213 ], [ 24.692116086555576, 59.466929238145518 ], [ 24.692107382763119, 59.466960163399129 ], [ 24.692091762911858, 59.467111061484822 ], [ 24.69207864350653, 59.467153877001472 ], [ 24.692122425641173, 59.467356716000801 ], [ 24.692125433110817, 59.467401520426982 ], [ 24.692120878325735, 59.467485709048873 ], [ 24.69212837140055, 59.467519466639715 ], [ 24.692134988129652, 59.467642231923179 ], [ 24.69215712390497, 59.467828335450449 ], [ 24.692166213675097, 59.467869499329439 ], [ 24.692206866238838, 59.467953603125594 ], [ 24.692215078648662, 59.468014125176275 ], [ 24.692211674501888, 59.468075893146612 ], [ 24.69217403087266, 59.468175847890436 ], [ 24.6921771054168, 59.468212644814685 ], [ 24.692185094673526, 59.468261291980618 ], [ 24.692219459375508, 59.468337134398006 ], [ 24.692268690890685, 59.46849718008896 ], [ 24.692283503842333, 59.468575252629122 ], [ 24.692311572182103, 59.468852015561467 ], [ 24.692343358008756, 59.468945905479778 ], [ 24.692406394107842, 59.469016821673229 ], [ 24.692459695467644, 59.469067842961216 ], [ 24.692602336591008, 59.469135109246892 ], [ 24.692852253853797, 59.469184531555513 ], [ 24.693013605382653, 59.469224535837576 ], [ 24.693124083532528, 59.469241055357251 ], [ 24.69323068597452, 59.469250000960024 ], [ 24.693294378652723, 59.469261066248478 ], [ 24.693369578434602, 59.46928631684775 ], [ 24.693530487162281, 59.469304473771381 ], [ 24.693680406601825, 59.469332185583731 ], [ 24.693755705030309, 59.469363135590214 ], [ 24.69380077580777, 59.469376201688725 ], [ 24.693856815008544, 59.469377809742909 ], [ 24.693909325658076, 59.469388933599184 ], [ 24.694451564084307, 59.469521929818399 ], [ 24.694554642620115, 59.469542284235878 ], [ 24.69465594673434, 59.46956645400612 ], [ 24.694796460232627, 59.469590408046358 ], [ 24.694895875655039, 59.469613636068765 ], [ 24.694999185283709, 59.469644446669598 ], [ 24.695089192943591, 59.469663918070445 ], [ 24.695287792550598, 59.469698974530928 ], [ 24.695319928247638, 59.469717808490302 ], [ 24.695477815005191, 59.469770170888111 ], [ 24.695573395363375, 59.469788670013017 ], [ 24.695689988969967, 59.469829858745747 ], [ 24.695750583114261, 59.469872285520907 ], [ 24.695816582728995, 59.469926326392788 ], [ 24.695928243865819, 59.470069901202784 ], [ 24.696028464959788, 59.470224227462445 ], [ 24.696099241829703, 59.470307461817832 ], [ 24.69614680427819, 59.470350908749957 ], [ 24.696293834430403, 59.47051163924209 ], [ 24.69658804350961, 59.470930943930234 ], [ 24.696687768722271, 59.471116017153982 ], [ 24.696851944916588, 59.471420712912725 ], [ 24.696887583655077, 59.471520272514638 ], [ 24.696923746400383, 59.471645484463409 ], [ 24.696950209882864, 59.471752704709928 ], [ 24.696957430898401, 59.471832468521676 ], [ 24.696967516683067, 59.471868510110525 ], [ 24.697039455883989, 59.472099941476557 ], [ 24.697118488700049, 59.472313274353475 ], [ 24.697144849058077, 59.472506939739347 ], [ 24.697137360981859, 59.472597230071372 ], [ 24.697156680016935, 59.47290304140985 ], [ 24.697153631855855, 59.473028460604141 ], [ 24.697147082142084, 59.473073144839411 ], [ 24.697068910632996, 59.473268314479178 ], [ 24.697041847251441, 59.473314058695905 ], [ 24.69701792383383, 59.473331285609518 ], [ 24.696978904055843, 59.473340989159901 ], [ 24.696757191900744, 59.473364010245824 ], [ 24.696503415512957, 59.473371051479781 ], [ 24.696286868435337, 59.47337314696766 ], [ 24.696046494216226, 59.473397216944271 ], [ 24.695984895226843, 59.473397542180088 ], [ 24.695940244569254, 59.473405381088334 ], [ 24.695893820860999, 59.473417977959663 ], [ 24.695815488278363, 59.473422188550508 ], [ 24.695755722050869, 59.473421552486094 ], [ 24.695725683268943, 59.473413165306823 ], [ 24.695673454615886, 59.473415343980918 ], [ 24.695662524142232, 59.473428695999836 ], [ 24.695675924555996, 59.473444774175441 ], [ 24.695713541465935, 59.473458830485839 ], [ 24.695764169756366, 59.47346901203661 ], [ 24.695836970320059, 59.473468627777322 ], [ 24.69596976964695, 59.473480278520306 ], [ 24.696171608802434, 59.47348966150664 ], [ 24.69645922132257, 59.473492890913434 ], [ 24.696605111678593, 59.473505423373325 ], [ 24.696702437187508, 59.473517260831301 ], [ 24.697096862385187, 59.473539870287595 ], [ 24.697145640791167, 59.473551012611686 ], [ 24.697179594481948, 59.473567933460494 ], [ 24.697217755449781, 59.473608584120946 ], [ 24.697247417587512, 59.473689180689711 ], [ 24.697259725396417, 59.473743271391001 ], [ 24.69726067619364, 59.47378981000837 ], [ 24.697251965594393, 59.473820259808271 ], [ 24.69725626989834, 59.473848737731046 ], [ 24.697297800425392, 59.473870367092054 ], [ 24.697309241632766, 59.473892397972847 ], [ 24.697315318031904, 59.473927302737785 ], [ 24.697348146377674, 59.473975468045261 ], [ 24.697354490289193, 59.474007920782 ], [ 24.697357300811827, 59.474059126362242 ], [ 24.697333041793215, 59.474133338520758 ], [ 24.697311667109926, 59.47418380130128 ], [ 24.697225003537273, 59.474328666146548 ], [ 24.697172921686072, 59.474429641012144 ], [ 24.69711117799763, 59.474514527030671 ], [ 24.697000840417768, 59.474688960106896 ], [ 24.696902448521019, 59.47480823160889 ], [ 24.696816429548043, 59.474893236818843 ], [ 24.69678823637387, 59.47491396915936 ], [ 24.696767367672319, 59.474923603621789 ], [ 24.696751749304738, 59.474926836952662 ], [ 24.696706941622168, 59.474927073764079 ], [ 24.696619545201631, 59.47494463602002 ], [ 24.696593392225957, 59.474946048891482 ], [ 24.696158385409788, 59.475008813067845 ], [ 24.696041558467797, 59.475015902066993 ], [ 24.695974890424861, 59.475012636480805 ], [ 24.695935834217668, 59.475006819374322 ], [ 24.695896084930467, 59.475009408002087 ], [ 24.69586852127566, 59.475016052550565 ], [ 24.69586310334978, 59.47502462686159 ], [ 24.695889515673887, 59.475032467629539 ], [ 24.69588523846884, 59.475037283705831 ], [ 24.695855396808103, 59.47504296182796 ], [ 24.695811919844257, 59.475079052781503 ], [ 24.695773031564702, 59.475094455395372 ], [ 24.695707651059351, 59.475109351492783 ], [ 24.695629149096852, 59.475122754869517 ], [ 24.695393538398175, 59.475137058837767 ], [ 24.695233332240804, 59.4751218806026 ], [ 24.695185405510173, 59.475124045357433 ], [ 24.695123450404402, 59.475131293000786 ], [ 24.694867856202887, 59.475202217987302 ], [ 24.69475554125307, 59.47524465878633 ], [ 24.694703336826063, 59.475285436252705 ], [ 24.694644402659097, 59.475302434274759 ], [ 24.694572411723009, 59.475317651885405 ], [ 24.694343715406774, 59.475405669163031 ], [ 24.694295543716255, 59.475435707178811 ], [ 24.694171629428375, 59.475494312549266 ], [ 24.694073279133903, 59.47552427358027 ], [ 24.694018216359442, 59.47552866576347 ], [ 24.693989450980489, 59.475534382675129 ], [ 24.693787251024059, 59.475598938315656 ], [ 24.69353432601547, 59.475648715746395 ], [ 24.693459787647065, 59.475656711016271 ], [ 24.693253617742066, 59.475710048026933 ], [ 24.693220068987038, 59.475713070018038 ], [ 24.692857146283465, 59.475771979177168 ], [ 24.692810525434378, 59.475775078740433 ], [ 24.692746936452153, 59.475769712768646 ], [ 24.692704016921148, 59.475770889809468 ], [ 24.692668675144546, 59.475777718174776 ], [ 24.6926182563924, 59.475777983071588 ], [ 24.692556556716813, 59.475773558599791 ], [ 24.692477755893677, 59.475754978092453 ], [ 24.692415559050236, 59.475730394764611 ], [ 24.692332455516741, 59.475679736514472 ], [ 24.6921666231001, 59.475605554097044 ], [ 24.692125419538183, 59.475599118776493 ], [ 24.692065668861535, 59.475599432455944 ], [ 24.692029031137601, 59.475605863507532 ], [ 24.69196540804808, 59.475627507872687 ], [ 24.69182977883538, 59.475658497702966 ], [ 24.691761820394508, 59.475665595728657 ], [ 24.691661704144501, 59.475668616516337 ], [ 24.691559361250189, 59.475664494573806 ], [ 24.691491326175104, 59.475666942992916 ], [ 24.691413863939374, 59.475674333055409 ], [ 24.691282448098757, 59.475678190949189 ], [ 24.691094843449186, 59.475699695005503 ], [ 24.690976957415462, 59.475726093671177 ], [ 24.690937335222298, 59.475745475310575 ], [ 24.690919641719756, 59.475770002289764 ], [ 24.690882612072439, 59.475794567764048 ], [ 24.690797346049088, 59.475815651734436 ], [ 24.690727998426468, 59.475826490759907 ], [ 24.690643222237362, 59.475830812790583 ], [ 24.690520822370591, 59.475842566960445 ], [ 24.690445674511963, 59.475844908467643 ], [ 24.690236865150869, 59.475837815250273 ], [ 24.690167152452791, 59.475844571547945 ], [ 24.690020876852952, 59.475875310032777 ], [ 24.68990931088862, 59.475911566843003 ], [ 24.689897266136679, 59.47592493316224 ], [ 24.689905588817997, 59.47594912636724 ], [ 24.689897001719686, 59.475963345319748 ], [ 24.689876469609466, 59.475973174397197 ], [ 24.689838948567903, 59.475984824848382 ], [ 24.689778183628825, 59.475996094218431 ], [ 24.689737510246015, 59.475999305198641 ], [ 24.689639175722899, 59.476015465807023 ], [ 24.689599613773044, 59.476027405139362 ], [ 24.689545206374635, 59.476059933584871 ], [ 24.689515293014594, 59.476073510021408 ], [ 24.68948633425871, 59.476081067152506 ], [ 24.68937478767884, 59.476095635992209 ], [ 24.689335152005924, 59.476105681571845 ], [ 24.689300840206187, 59.476124245003604 ], [ 24.689251945259258, 59.476170281178319 ], [ 24.689245039173713, 59.476190873641997 ], [ 24.689208267663815, 59.476219566508213 ], [ 24.689139797416559, 59.476250328099489 ], [ 24.689045986271147, 59.476320171460159 ], [ 24.689036941490354, 59.476334464556864 ], [ 24.689050263263606, 59.476346746696727 ], [ 24.689082019667481, 59.476347532232161 ], [ 24.689103019908654, 59.476346883871329 ], [ 24.689123694624996, 59.476361569198303 ], [ 24.689134735301415, 59.476385829027109 ], [ 24.689133730463343, 59.476419945262634 ], [ 24.689084647440914, 59.476477669849103 ], [ 24.689029575592588, 59.476527158290693 ], [ 24.688988437057091, 59.476551933196745 ], [ 24.688922320494566, 59.476584836743513 ], [ 24.68882113021769, 59.476616083316621 ], [ 24.688729417483135, 59.476625628805053 ], [ 24.688670163011249, 59.476642751464929 ], [ 24.688628742643374, 59.476664071747145 ], [ 24.688603559906145, 59.476691788290857 ], [ 24.688540319390889, 59.476802557360635 ], [ 24.688443200803086, 59.476899248509213 ], [ 24.688408951982787, 59.476953358590734 ], [ 24.688382201342559, 59.47701619962077 ], [ 24.688362202781988, 59.477042910596992 ], [ 24.68833542473369, 59.477064163304505 ], [ 24.688227189364447, 59.477182734360333 ], [ 24.6881962778237, 59.477241378076883 ], [ 24.688172615434897, 59.477271905234588 ], [ 24.688128570752173, 59.477310132951438 ], [ 24.688095747885196, 59.477349253600536 ], [ 24.688051684014109, 59.477386538849899 ], [ 24.687989381367245, 59.477448586873571 ], [ 24.687870710262676, 59.477519609319266 ], [ 24.687801549532139, 59.477588084346166 ], [ 24.687753451264328, 59.477614322427378 ], [ 24.687722966793469, 59.477635558429718 ], [ 24.68767618971702, 59.477678333404526 ], [ 24.687608738292372, 59.477721341860914 ], [ 24.687571385724574, 59.477758125154743 ], [ 24.687509915156159, 59.477805500884322 ], [ 24.687475538017093, 59.477826209554578 ], [ 24.687349086583687, 59.477918411891295 ], [ 24.687316881431574, 59.477928705354003 ], [ 24.687267308651229, 59.477937841601381 ], [ 24.687234063383499, 59.477956066773494 ], [ 24.687206543148257, 59.477979962215649 ], [ 24.687199579166439, 59.478005644563453 ], [ 24.687210447420959, 59.478036278793667 ], [ 24.687213218125422, 59.478068723613831 ], [ 24.687197614374625, 59.478094702337955 ], [ 24.687176259437202, 59.478119849285257 ], [ 24.687148798114311, 59.478139669045184 ], [ 24.687118877570878, 59.478152149808516 ], [ 24.687105440317023, 59.478166555413026 ], [ 24.687076630080952, 59.478248203790791 ], [ 24.687008012863533, 59.478328928543519 ], [ 24.686924509514537, 59.478398563970067 ], [ 24.686849906825596, 59.478494903131903 ], [ 24.686814505691924, 59.478528785571648 ], [ 24.686759156699861, 59.478576227776806 ], [ 24.686656390174541, 59.478649661702384 ], [ 24.686637376104983, 59.478674553994345 ], [ 24.686589643331804, 59.478765555622346 ], [ 24.686517000547745, 59.478880465849421 ], [ 24.686447939143527, 59.478952395559105 ], [ 24.686431559312645, 59.479051240967046 ], [ 24.686396702168359, 59.47909818134584 ], [ 24.686316352723608, 59.479171255905911 ], [ 24.686278127953646, 59.479200790275669 ], [ 24.686225480227815, 59.479257176781019 ], [ 24.686165677281029, 59.479341203422365 ], [ 24.686105400862278, 59.479394676287676 ], [ 24.686049340487614, 59.479468288537809 ], [ 24.686004999856259, 59.479557880893985 ], [ 24.685940005230837, 59.479804149810441 ], [ 24.685884554603781, 59.479986276401384 ], [ 24.685778959871676, 59.480196733461952 ], [ 24.685761703281262, 59.480254713025296 ], [ 24.685733847845395, 59.480317388586883 ], [ 24.685715747691997, 59.480343056928071 ], [ 24.685680449067998, 59.480373410702853 ], [ 24.685626892206464, 59.48040313231057 ], [ 24.685521860164268, 59.480473982812633 ], [ 24.685493302380642, 59.480492066443084 ], [ 24.685485947839435, 59.480515964361103 ], [ 24.685503930237953, 59.48055644489758 ], [ 24.685531267253165, 59.48059528794461 ], [ 24.685567989058494, 59.480634872126274 ], [ 24.685586195239861, 59.480686482413979 ], [ 24.685563200909545, 59.480765425094312 ], [ 24.68548404345718, 59.481028993279779 ], [ 24.685447935129581, 59.481070033286166 ], [ 24.685409436144312, 59.481105385598028 ], [ 24.685320720184833, 59.48115144761946 ], [ 24.685302933461458, 59.481205937970543 ], [ 24.685275013684691, 59.48133929510319 ], [ 24.685237127823186, 59.48144474205867 ], [ 24.685233372600941, 59.481542444398734 ], [ 24.68521139710451, 59.481609801938767 ], [ 24.685101619681518, 59.481844417947919 ], [ 24.685052976566755, 59.481897533575719 ], [ 24.684989181242646, 59.481931616826806 ], [ 24.684965002932273, 59.481944659682519 ], [ 24.684950477517962, 59.481965632542597 ], [ 24.684961546801095, 59.482052028179574 ], [ 24.684956754395717, 59.482091953831407 ], [ 24.684938214716951, 59.482121295730842 ], [ 24.684931787480593, 59.482150987631428 ], [ 24.684987025630228, 59.482204847224786 ], [ 24.685030716499295, 59.482241675438729 ], [ 24.685070455389106, 59.482267114978598 ], [ 24.685089524051257, 59.48228697077171 ], [ 24.685097637818828, 59.482348310247311 ], [ 24.685070702208826, 59.482372570175997 ], [ 24.68503537116845, 59.482380347891578 ], [ 24.685005803937209, 59.482395707766841 ], [ 24.685000745940307, 59.48242328306582 ], [ 24.68501066977716, 59.482451732048503 ], [ 24.685073544021272, 59.482514106581561 ], [ 24.685126664816906, 59.482555634361674 ], [ 24.685154325681193, 59.482570122407743 ], [ 24.685244397661538, 59.482696825091622 ], [ 24.685297418982685, 59.482793998929054 ], [ 24.685339916574449, 59.482902268590991 ], [ 24.685367299125904, 59.482990733750917 ], [ 24.685378827087405, 59.483114828429649 ], [ 24.685397705197783, 59.483218283726956 ], [ 24.685427137884208, 59.483288435034972 ], [ 24.685451207634841, 59.48337096593761 ], [ 24.685496026309362, 59.483463828692038 ], [ 24.685531511037954, 59.483556748931044 ], [ 24.685549854119476, 59.483586114584121 ], [ 24.68561345651991, 59.483638027388572 ], [ 24.685636457732492, 59.483667350856564 ], [ 24.68564521986324, 59.483731909478806 ], [ 24.685719873747953, 59.48382177145006 ], [ 24.685774800808325, 59.483904734266865 ], [ 24.685898540385992, 59.484073101034966 ], [ 24.685980316698455, 59.484157270585001 ], [ 24.686038387361133, 59.484237658618959 ], [ 24.686101593747459, 59.484314537007165 ], [ 24.686174539108158, 59.484392154622945 ], [ 24.68629573633854, 59.48450676475251 ], [ 24.68640360672833, 59.484596632980384 ], [ 24.686570779739327, 59.484708705538928 ], [ 24.686627374186529, 59.484751579053501 ], [ 24.686735010428695, 59.484853404981074 ], [ 24.686777559826606, 59.484883236847089 ], [ 24.68680976052535, 59.484893428068794 ], [ 24.686858973976811, 59.484926420848723 ], [ 24.686925099791935, 59.484964074102521 ], [ 24.686989220017271, 59.484994143618565 ], [ 24.687034385306855, 59.485011008626635 ], [ 24.68707038794863, 59.485036467025367 ], [ 24.687275764476823, 59.485148106249127 ], [ 24.687353351853016, 59.485175600946427 ], [ 24.687460712152475, 59.485220642128041 ], [ 24.6876606771329, 59.485319346843617 ], [ 24.687749118068151, 59.485351183216302 ], [ 24.6880170596901, 59.485457486072505 ], [ 24.688066175694704, 59.485471547390169 ], [ 24.688202005973924, 59.485489545707232 ], [ 24.688386763984205, 59.485533248639619 ], [ 24.688443090665956, 59.485549552218146 ], [ 24.68857054926546, 59.485610052898345 ], [ 24.688609328334199, 59.48563570284346 ], [ 24.68866193904255, 59.485655876668979 ], [ 24.688745018709586, 59.485667704738461 ], [ 24.688857501050489, 59.485676066825597 ], [ 24.688996523421949, 59.485677288453495 ], [ 24.689068692061333, 59.485674909603333 ], [ 24.689146861606531, 59.485661197888803 ], [ 24.689191858048858, 59.48563990377022 ], [ 24.689270963312591, 59.485608745671222 ], [ 24.689371251861019, 59.485563015579494 ], [ 24.689455716087267, 59.485508867358355 ], [ 24.68950418109177, 59.485460993407145 ], [ 24.689564900638743, 59.485390757625623 ], [ 24.689636659721266, 59.485314018922722 ], [ 24.689672419058972, 59.485281058550925 ], [ 24.689735995362692, 59.485238679908356 ], [ 24.689760736487841, 59.485215040932836 ], [ 24.689778400016053, 59.48518787528571 ], [ 24.689814259804344, 59.485159896328675 ], [ 24.689915377788886, 59.485103793557009 ], [ 24.6900070763621, 59.485066258603098 ], [ 24.690056787626204, 59.485055639547731 ], [ 24.690094178777866, 59.485041440470042 ], [ 24.69012964439624, 59.485020168965015 ], [ 24.690184593826523, 59.484968391918869 ], [ 24.690335865469585, 59.484874764667694 ], [ 24.690408814080502, 59.484784563444521 ], [ 24.690452465082625, 59.484716938991255 ], [ 24.690456073556799, 59.484687701439604 ], [ 24.690465481051287, 59.484667706296143 ], [ 24.690527358556501, 59.484610381218666 ], [ 24.690575588238385, 59.484578046476621 ], [ 24.690599572485105, 59.484552813470245 ], [ 24.690636871444426, 59.484484405346223 ], [ 24.690664341649825, 59.484457897352542 ], [ 24.690992687461062, 59.484245856684538 ], [ 24.691060843873149, 59.484218058211432 ], [ 24.691117163088428, 59.484203544198714 ], [ 24.691189267097613, 59.484146739690757 ], [ 24.691218976962283, 59.484107993774522 ], [ 24.691222325045672, 59.484065939043091 ], [ 24.691220263864448, 59.484033885612305 ], [ 24.691211388350602, 59.484010422552394 ], [ 24.691189912563487, 59.483979117197826 ], [ 24.691166306239172, 59.483949788871307 ], [ 24.691145692038152, 59.483903515084307 ], [ 24.691138553401281, 59.483872574425476 ], [ 24.691142251025969, 59.483846900064677 ], [ 24.691173111897854, 59.483780482391602 ], [ 24.691191373667781, 59.483714121773417 ], [ 24.691202604533995, 59.483645661586124 ], [ 24.69123395571626, 59.483603460057068 ], [ 24.691272546053952, 59.483571902665986 ], [ 24.69128750285676, 59.483549732963525 ], [ 24.691294017385939, 59.483525480075137 ], [ 24.691322334876411, 59.483471176081039 ], [ 24.691340796419283, 59.483457372096431 ], [ 24.691375573867472, 59.483368294962602 ], [ 24.691385148806738, 59.48332264387318 ], [ 24.691399906630046, 59.483289793100433 ], [ 24.691434110797196, 59.483168959904582 ], [ 24.691467698926655, 59.483098721778745 ], [ 24.691479521682773, 59.483048184620593 ], [ 24.691495491528471, 59.483034223122225 ], [ 24.691512438375558, 59.483002294413978 ], [ 24.69152479165507, 59.482951817302968 ], [ 24.691557334026186, 59.482913586046365 ], [ 24.691568347505445, 59.482881464032836 ], [ 24.691593347022966, 59.48284808375859 ], [ 24.691646709395833, 59.482749636266306 ], [ 24.691649032724786, 59.482715387498857 ], [ 24.691687199406854, 59.482640367709138 ], [ 24.691736833641635, 59.48249819696845 ], [ 24.691735187782871, 59.482474462611947 ], [ 24.691742562814408, 59.482435232278171 ], [ 24.691793405967655, 59.482351842629349 ], [ 24.691800744691207, 59.482310826145572 ], [ 24.691838730230973, 59.482226911477888 ], [ 24.691835014212032, 59.482216832348357 ], [ 24.691818446732643, 59.48220564471778 ], [ 24.691821681019537, 59.482191965428449 ], [ 24.691876450586932, 59.482129928319182 ], [ 24.691897528651598, 59.48207638027062 ], [ 24.691919178163253, 59.482050144884241 ], [ 24.691958102001095, 59.482012526333449 ], [ 24.69198313672479, 59.481980932118461 ], [ 24.692046375962633, 59.481933688732362 ], [ 24.692073877595185, 59.481908015056192 ], [ 24.692129485604813, 59.481829941294947 ], [ 24.692259661386434, 59.481745533557721 ], [ 24.692385732661897, 59.481688462910277 ], [ 24.692507470770416, 59.481647447033133 ], [ 24.692925156580742, 59.48148064051508 ], [ 24.693061739157301, 59.481407751122589 ], [ 24.693152686010208, 59.481347767424253 ], [ 24.693264109469233, 59.481303788929736 ], [ 24.693376346150362, 59.481247741562058 ], [ 24.693441906988511, 59.481204623462368 ], [ 24.693486351735558, 59.48116789100775 ], [ 24.693612310264175, 59.481105478690104 ], [ 24.693692161510668, 59.481071800443338 ], [ 24.693855580195947, 59.481014531856786 ], [ 24.693943503760288, 59.480976071348969 ], [ 24.6939713236284, 59.480967020178326 ], [ 24.694015535566173, 59.480959660082462 ], [ 24.694037375894851, 59.480942920525401 ], [ 24.694058227218978, 59.480935683376217 ], [ 24.694151321186677, 59.480921539954252 ], [ 24.694200628725056, 59.480889700805953 ], [ 24.694265385416887, 59.480847906070409 ], [ 24.694307129777901, 59.480834625358277 ], [ 24.694379233624222, 59.480821777206991 ], [ 24.69443630854763, 59.48081612658703 ], [ 24.694739493983711, 59.480802060987067 ], [ 24.69494837318053, 59.480799775320349 ], [ 24.69505819149127, 59.480804537519731 ], [ 24.695372794179615, 59.480835535478448 ], [ 24.695487754908335, 59.480864031173837 ], [ 24.695548655548357, 59.480873799587826 ], [ 24.695605875649328, 59.480875275089723 ], [ 24.695899630674941, 59.480856507969293 ], [ 24.696056105305033, 59.480860430632966 ], [ 24.696235200145146, 59.480885023401441 ], [ 24.696368537952988, 59.480899157527055 ], [ 24.696488758173981, 59.480899123972584 ], [ 24.696597424615256, 59.480904483430777 ], [ 24.697183035924422, 59.480945921032962 ], [ 24.697268444621677, 59.480955559065691 ], [ 24.697432494878829, 59.480987348191618 ], [ 24.697478064892085, 59.480989485934664 ], [ 24.697569344913749, 59.481001471505976 ], [ 24.69801426438401, 59.481068586592578 ], [ 24.698417327660028, 59.481144234203768 ], [ 24.698718650037179, 59.481209737652321 ], [ 24.698981718528838, 59.481289096575317 ], [ 24.699013583571038, 59.481306144712278 ], [ 24.699033761608945, 59.481322069893885 ], [ 24.699050501487392, 59.481341576998851 ], [ 24.699055834552617, 59.481371054711154 ], [ 24.699063088080944, 59.481383161554454 ], [ 24.699088144415132, 59.481397750284785 ], [ 24.699132457758157, 59.481400531458455 ], [ 24.699157878108842, 59.481406186558068 ], [ 24.699180179545394, 59.481415502678935 ], [ 24.69920983128085, 59.481438199791178 ], [ 24.699230961091995, 59.48148420038202 ], [ 24.699252318541713, 59.481499113899865 ], [ 24.699278481190298, 59.481507404151664 ], [ 24.699313099554686, 59.481509823758756 ], [ 24.699354817421987, 59.481507358353639 ], [ 24.699552051268721, 59.481485127382598 ], [ 24.69973064383851, 59.481453102860854 ], [ 24.699807374498093, 59.481434437298645 ], [ 24.699928496845583, 59.481419790948685 ], [ 24.70004743553142, 59.481426008655859 ], [ 24.700159184754934, 59.481418099402653 ], [ 24.700277423063831, 59.481397067749647 ], [ 24.700376253518087, 59.481382198266154 ], [ 24.700469102751857, 59.481368231210389 ], [ 24.700549562084237, 59.48134813608231 ], [ 24.700587367971927, 59.481348527666952 ], [ 24.70065116770742, 59.481358430932481 ], [ 24.700707135750854, 59.481378797587766 ], [ 24.700719814373592, 59.481385238225144 ], [ 24.700729490403987, 59.481398418271155 ], [ 24.700738238379561, 59.481416244136483 ], [ 24.700763319049045, 59.48143198142418 ], [ 24.700786150265472, 59.481435280156646 ], [ 24.700822159442669, 59.481434963097769 ], [ 24.700846156851494, 59.481429745830724 ], [ 24.700863161119106, 59.481419116951223 ], [ 24.700869072307178, 59.481407936627697 ], [ 24.700863131065205, 59.481394458465985 ], [ 24.700837542342068, 59.481369451097748 ], [ 24.700799039858907, 59.481327411989596 ], [ 24.700788073668431, 59.481312416560989 ], [ 24.700785191040783, 59.481300080117478 ], [ 24.700792340481879, 59.481292483844754 ], [ 24.700852477292727, 59.481269247020066 ], [ 24.700892814659039, 59.481246842518203 ], [ 24.70097347845385, 59.481139664300294 ], [ 24.700978253863727, 59.481133328381446 ], [ 24.701014251383992, 59.481104115739001 ], [ 24.701034433480071, 59.481081549049321 ], [ 24.701075272698347, 59.481068127370555 ], [ 24.701117657235461, 59.481062928980535 ], [ 24.701156421234295, 59.48104985044413 ], [ 24.701192758248183, 59.481026865688058 ], [ 24.701227679383578, 59.481000243962193 ], [ 24.701290467777966, 59.480930054319032 ], [ 24.701303043657362, 59.480920337612716 ], [ 24.701323210369907, 59.480904763709475 ], [ 24.701359442925714, 59.480856106454951 ], [ 24.701379602789707, 59.480829042562142 ], [ 24.70144025696926, 59.480761503305423 ], [ 24.70150750429238, 59.4807288567971 ], [ 24.701580126354173, 59.480689000393873 ], [ 24.701634845617438, 59.480641797635791 ], [ 24.701672318218392, 59.480607998898499 ], [ 24.701714277716704, 59.480588170754004 ], [ 24.701760006873272, 59.480560306449121 ], [ 24.7018192918868, 59.48052491941425 ], [ 24.701858925867757, 59.480502706854068 ], [ 24.701899532807364, 59.480478900247832 ], [ 24.701971509991083, 59.480442054206229 ], [ 24.702033953127877, 59.480410097263047 ], [ 24.702059071795262, 59.48039509830484 ], [ 24.702076333898454, 59.480374746252785 ], [ 24.702095802158535, 59.480356132883358 ], [ 24.702121822995267, 59.480339531277586 ], [ 24.70215016286491, 59.480325008859602 ], [ 24.702178693623157, 59.480315476396328 ], [ 24.702205372571786, 59.480317138605926 ], [ 24.702224589283325, 59.480323176240674 ], [ 24.702240448797006, 59.480336709243119 ], [ 24.702254885536906, 59.480359989409145 ], [ 24.702271860211592, 59.480381406880547 ], [ 24.702297950849218, 59.480401635769013 ], [ 24.702320563331657, 59.480408050272025 ], [ 24.702356049399075, 59.48041066193921 ], [ 24.702381578449121, 59.480407034057656 ], [ 24.702400267572894, 59.480396010001954 ], [ 24.702412155057885, 59.480352877050393 ], [ 24.702464542374074, 59.480273909266309 ], [ 24.702527121334146, 59.480199734507543 ], [ 24.702562635429977, 59.480166008775285 ], [ 24.70262790893096, 59.480118165867133 ], [ 24.702790447601441, 59.480025962897116 ], [ 24.702858381360869, 59.479991651349259 ], [ 24.702932823405146, 59.479948642667118 ], [ 24.70295984009222, 59.47992388484473 ], [ 24.702960584938417, 59.479910362142618 ], [ 24.70295646847373, 59.479893840250853 ], [ 24.702953585018761, 59.479866934857341 ], [ 24.702962721877931, 59.479835934891888 ], [ 24.702991450998375, 59.479812936317856 ], [ 24.703024356839517, 59.479794825656818 ], [ 24.703053736682516, 59.479777721212848 ], [ 24.703103618164601, 59.479771647373433 ], [ 24.703148942445431, 59.479767913776769 ], [ 24.703228091791321, 59.479749583368985 ], [ 24.703291400185293, 59.479742603021478 ], [ 24.703360142904145, 59.479730468025139 ], [ 24.703403316894505, 59.479728568057659 ], [ 24.703471828211853, 59.479715482719449 ], [ 24.703536587573858, 59.479697578987562 ], [ 24.703590820323239, 59.479690314788705 ], [ 24.70362454881483, 59.479690727251395 ], [ 24.703666752320341, 59.479697387059829 ], [ 24.703686641732709, 59.479704390363324 ], [ 24.703688898536953, 59.479726550477835 ], [ 24.703727041807038, 59.479778464936743 ], [ 24.703751340504837, 59.479798200420397 ], [ 24.703811870163911, 59.47982503148792 ], [ 24.703850257308094, 59.479840849770973 ], [ 24.7038636201519, 59.479861640013041 ], [ 24.703879899964036, 59.479896382243552 ], [ 24.703888080877977, 59.479917451490977 ], [ 24.703862056215222, 59.479962895233108 ], [ 24.703858530415875, 59.479975885216135 ], [ 24.703857462754037, 59.479992560428499 ], [ 24.70385942946589, 59.480010916016035 ], [ 24.703869621866936, 59.480024281594972 ], [ 24.703891074526084, 59.480034346513818 ], [ 24.703915117005835, 59.480036516163736 ], [ 24.703955571356015, 59.480039621516596 ], [ 24.704030835387329, 59.480025395718862 ], [ 24.704092296803132, 59.480017823420553 ], [ 24.704129831824769, 59.480023969417651 ], [ 24.704188641276428, 59.480044364314118 ], [ 24.70427764860867, 59.480082174033775 ], [ 24.704364890248733, 59.480136159950952 ], [ 24.704416038228359, 59.480165778718998 ], [ 24.704482543046126, 59.480199067627218 ], [ 24.704544699794415, 59.480221742486314 ], [ 24.704586032711347, 59.480233200150302 ], [ 24.704631157334202, 59.480236011042635 ], [ 24.704682216180867, 59.480233099050722 ], [ 24.704745519492914, 59.480224134212001 ], [ 24.704815307372336, 59.48022157088888 ], [ 24.704856265164342, 59.48022938598141 ], [ 24.704891803991334, 59.480248217369009 ], [ 24.70489597813237, 59.480263212875755 ], [ 24.704888544556837, 59.480270667273757 ], [ 24.704878189846102, 59.480281072630248 ], [ 24.704841680478932, 59.480307515331837 ], [ 24.704809323477704, 59.480347903387958 ], [ 24.704824257632456, 59.480366988559254 ], [ 24.704838368974812, 59.480377846601527 ], [ 24.704863756913937, 59.480386193752395 ], [ 24.70489089165947, 59.480386847605729 ], [ 24.704923071409212, 59.480380589442625 ], [ 24.704953322141485, 59.480371496008885 ], [ 24.705120545045677, 59.480367029151338 ], [ 24.705250484456609, 59.480398497285229 ], [ 24.70530422001486, 59.480426046233823 ], [ 24.705332925930577, 59.480492463010485 ], [ 24.705385946648303, 59.480530661976388 ], [ 24.705416383500719, 59.480570687298581 ], [ 24.705422605451339, 59.480578885536318 ], [ 24.70550554102779, 59.480666834198338 ], [ 24.705563867691122, 59.480698774953929 ], [ 24.705645721391786, 59.480703660028944 ], [ 24.705770430616827, 59.480702283403012 ], [ 24.705803452669652, 59.480708587733083 ], [ 24.705823701764132, 59.480712455964401 ], [ 24.705902314956621, 59.480732142658042 ], [ 24.705948528262436, 59.480754273855879 ], [ 24.70602620073743, 59.480783067767376 ], [ 24.706072181661682, 59.480799078137444 ], [ 24.706160893969024, 59.480817319226766 ], [ 24.706240141609754, 59.480827567934746 ], [ 24.706237127649366, 59.480891676874862 ], [ 24.706209870559402, 59.481032629528777 ], [ 24.706202777734092, 59.481083825055158 ], [ 24.706275164263769, 59.481164953671062 ], [ 24.706628857860277, 59.481335256400747 ], [ 24.706695318272406, 59.481388337799899 ], [ 24.706747934685964, 59.481448620775424 ], [ 24.706767536814652, 59.481493640977121 ], [ 24.706770677378799, 59.481532806917173 ], [ 24.706758481087043, 59.481619568103419 ], [ 24.706747735173742, 59.481664750969728 ], [ 24.706709305884075, 59.481710109141225 ], [ 24.70667528474107, 59.481773199349398 ], [ 24.706675924217709, 59.481804075355214 ], [ 24.706708658005315, 59.481919087380987 ], [ 24.706715324014517, 59.48200237225803 ], [ 24.706723750825834, 59.482030944425375 ], [ 24.706758414886195, 59.482072149633957 ], [ 24.706879417203371, 59.482161616876745 ], [ 24.706955083570861, 59.482207521382094 ], [ 24.707047514417606, 59.48227471816071 ], [ 24.707130710024757, 59.482346713011474 ], [ 24.707172196345692, 59.482394353636415 ], [ 24.707207976879175, 59.482469798381892 ], [ 24.707212900525626, 59.482536216601758 ], [ 24.70723903090666, 59.482616883601096 ], [ 24.707270652356467, 59.482699388268543 ], [ 24.707380157617429, 59.482934651434874 ], [ 24.707412394460874, 59.482983822732976 ], [ 24.707472246082485, 59.483093285150439 ], [ 24.70750748632009, 59.483188561954954 ], [ 24.707528539731801, 59.483228583259816 ], [ 24.707605737776518, 59.483339676036664 ], [ 24.70762690362929, 59.483392766614216 ], [ 24.707631923857264, 59.483458690568746 ], [ 24.707618823987271, 59.483594558485201 ], [ 24.707574666760618, 59.483731374009565 ], [ 24.707543548762835, 59.483821297740448 ], [ 24.707491849430816, 59.483887184904937 ], [ 24.707474752781373, 59.483898425535671 ], [ 24.707414913384632, 59.483925801959508 ], [ 24.70739671065953, 59.483943278254856 ], [ 24.707398939836171, 59.483969082918968 ], [ 24.707427217554383, 59.48400174059077 ], [ 24.707454829331166, 59.484022705355329 ], [ 24.707470754819855, 59.484048598114889 ], [ 24.70745530610326, 59.484139317446562 ], [ 24.707433857842005, 59.484180706791335 ], [ 24.707480549343344, 59.484304772833198 ], [ 24.70751474351183, 59.484341034252495 ], [ 24.707524738712113, 59.484391563603054 ], [ 24.707513591457182, 59.484469297681244 ], [ 24.707463206061682, 59.484537323162257 ], [ 24.707410281565569, 59.484681214259247 ], [ 24.707380287651873, 59.484955645260236 ], [ 24.707340974000505, 59.485105746884948 ], [ 24.707285300777084, 59.485205649499896 ], [ 24.707252464761925, 59.485254514515141 ], [ 24.707199287094394, 59.485386288467204 ], [ 24.7071451573103, 59.485427870952307 ], [ 24.707086903977871, 59.485489340665929 ], [ 24.707020675568408, 59.4855492103977 ], [ 24.706942909227045, 59.485616951559351 ], [ 24.70690091714075, 59.485640470853731 ], [ 24.706854641950645, 59.485671921446638 ], [ 24.706828606977389, 59.485699852442401 ], [ 24.706815318934574, 59.485734833527665 ], [ 24.706818862758748, 59.485770442520575 ], [ 24.706870725160339, 59.485839993233981 ], [ 24.706882713025855, 59.485877693383891 ], [ 24.706916116423606, 59.485934515512398 ], [ 24.706944269052173, 59.485955118412193 ], [ 24.706977374292595, 59.485963477650557 ], [ 24.707032513088489, 59.485962867857637 ], [ 24.707088331439628, 59.485952469942234 ], [ 24.707128006121817, 59.485951664751589 ], [ 24.707160699703394, 59.485952081891661 ], [ 24.707257935824561, 59.485968777484693 ], [ 24.707331505821823, 59.485970169231926 ], [ 24.707392111333753, 59.485965095543293 ], [ 24.707577977561641, 59.485921343008286 ], [ 24.707702374368555, 59.485896331038347 ], [ 24.707770689004224, 59.485869842599072 ], [ 24.707813751942361, 59.485863076529682 ], [ 24.707853426503654, 59.48586227112088 ], [ 24.70791671172319, 59.48584941807573 ], [ 24.707985387043387, 59.485826715698117 ], [ 24.708037716503444, 59.485797898240342 ], [ 24.708088316307045, 59.485762276834144 ], [ 24.708133978762572, 59.485714958523523 ], [ 24.708288997455792, 59.485530285896573 ], [ 24.708326751894042, 59.485490568256452 ], [ 24.708397305645914, 59.485427487937336 ], [ 24.708414161711062, 59.485406338357052 ], [ 24.708423815404863, 59.485375748209776 ], [ 24.708421198909406, 59.485305834793778 ], [ 24.70842673652681, 59.48526145181674 ], [ 24.708464922431467, 59.485177944106198 ], [ 24.708524349691679, 59.485117059906031 ], [ 24.708552026404551, 59.485100286591006 ], [ 24.708570634527877, 59.485093831194206 ], [ 24.708614051678019, 59.485062538962197 ], [ 24.708658643053951, 59.485007066500593 ], [ 24.708671890718531, 59.48495835127148 ], [ 24.708769494765768, 59.484858635595728 ], [ 24.708799123377126, 59.484800765966902 ], [ 24.708818849112649, 59.484739385860927 ], [ 24.708870618336693, 59.484669278827567 ], [ 24.708888428120126, 59.484626113494762 ], [ 24.708951193895452, 59.484536584842445 ], [ 24.70898159619902, 59.48448200540458 ], [ 24.708988142533268, 59.484459878862189 ], [ 24.709011458097688, 59.484436243858454 ], [ 24.709062498766123, 59.484398204973722 ], [ 24.709196534095504, 59.484309127768562 ], [ 24.709259120042795, 59.484287417935022 ], [ 24.709318826176407, 59.484262159862105 ], [ 24.709357412556887, 59.484232024398807 ], [ 24.709444184249588, 59.484148784598659 ], [ 24.709482267719196, 59.484077503182135 ], [ 24.709511946504808, 59.483989040925941 ], [ 24.709605947722341, 59.483852109111986 ], [ 24.709671714471888, 59.483791630075991 ], [ 24.709754630854057, 59.483731839660543 ], [ 24.709780753704134, 59.483707471271799 ], [ 24.709861056166567, 59.483662865270361 ], [ 24.709919337089691, 59.483636187307496 ], [ 24.709962213598271, 59.483609592257103 ], [ 24.710000591161265, 59.483569484737174 ], [ 24.710156099254419, 59.483166792840812 ], [ 24.710159334791889, 59.483120456265716 ], [ 24.71016858197207, 59.483093333099561 ], [ 24.710205386709106, 59.483044679297443 ], [ 24.710210908886676, 59.482973402439796 ], [ 24.710204660146925, 59.482942799027555 ], [ 24.710150315993857, 59.482888936005793 ], [ 24.710135772225598, 59.482863368241972 ], [ 24.710120267446584, 59.482790777346167 ], [ 24.710045564636609, 59.482566729199149 ], [ 24.71001202596667, 59.482503499224826 ], [ 24.709961911944156, 59.48245104062002 ], [ 24.709912509590218, 59.482432778940591 ], [ 24.709854382396156, 59.482398891101148 ], [ 24.709848504744553, 59.482386104184307 ], [ 24.709843994039499, 59.482371164505388 ], [ 24.709850598790506, 59.482351892134645 ], [ 24.709883515064348, 59.482318223301348 ], [ 24.709914723335377, 59.482270317818795 ], [ 24.709946304935411, 59.482239510706904 ], [ 24.710051197737659, 59.482164126089152 ], [ 24.710139705098399, 59.482109502701483 ], [ 24.710225643792388, 59.482066284371669 ], [ 24.710402479072265, 59.481948483572062 ], [ 24.710554766827098, 59.481862870191925 ], [ 24.710628328950587, 59.481830409396544 ], [ 24.710702009649612, 59.481803648051333 ], [ 24.710758667472021, 59.481767005438947 ], [ 24.710989828975798, 59.481634656148458 ], [ 24.711173767949845, 59.481521797968654 ], [ 24.711241688341477, 59.481487948947894 ], [ 24.71132177846151, 59.481432652008422 ], [ 24.711432467028509, 59.481367216936249 ], [ 24.711523507245303, 59.481325945052298 ], [ 24.71157241922316, 59.481294496434195 ], [ 24.711640026521369, 59.48124567594072 ], [ 24.711664719810322, 59.481220605701914 ], [ 24.71167817934441, 59.481194168814753 ], [ 24.711703021215328, 59.481176225177286 ], [ 24.711740445898233, 59.481157495487302 ], [ 24.711787306271063, 59.481121614447737 ], [ 24.711836986354754, 59.481067800895637 ], [ 24.711907803829238, 59.481038406218126 ], [ 24.711970395819954, 59.48099113864388 ], [ 24.712016676512221, 59.480950332500157 ], [ 24.712105416918366, 59.480855599067944 ], [ 24.712128988048029, 59.480826674861405 ], [ 24.712151462559419, 59.480784946978041 ], [ 24.712168700765019, 59.480738364107069 ], [ 24.712224001842507, 59.480636881263713 ], [ 24.712230500934673, 59.48061262731364 ], [ 24.712242697052009, 59.480593324597024 ], [ 24.712268857472026, 59.480571801038636 ], [ 24.712283827887632, 59.480483372549365 ], [ 24.712269594305923, 59.48040506583785 ], [ 24.712271757529216, 59.480375135169503 ], [ 24.712263548320504, 59.480317460026022 ], [ 24.71226704727194, 59.480216265946666 ], [ 24.71224034770092, 59.480145162957797 ], [ 24.712230908321644, 59.480095331018944 ], [ 24.712216423572848, 59.480072608714991 ], [ 24.712213068044178, 59.480046262585532 ], [ 24.712217637777524, 59.479996363946682 ], [ 24.71221233820814, 59.479943664061324 ], [ 24.712192275578133, 59.479921690011281 ], [ 24.712196088035782, 59.479903141727945 ], [ 24.712253941574811, 59.479857228115144 ], [ 24.712268796778577, 59.479830074457233 ], [ 24.712268365487905, 59.47980941266669 ], [ 24.712251015975415, 59.479783851283258 ], [ 24.712278542827946, 59.479760192878068 ], [ 24.712286465134873, 59.479737349528946 ], [ 24.712275068311154, 59.47972814725189 ], [ 24.712220073095267, 59.479710634772815 ], [ 24.712215531918336, 59.479694268041193 ], [ 24.712236927730128, 59.47964570578106 ], [ 24.712262938856835, 59.4796170645782 ], [ 24.712258961551523, 59.479560084684117 ], [ 24.712287818189942, 59.479466581176091 ], [ 24.712300058457352, 59.479449414634132 ], [ 24.712322153059961, 59.479434340258351 ], [ 24.712344425834139, 59.479427801658822 ], [ 24.712356728297667, 59.479412771204949 ], [ 24.712378079135515, 59.47936207272744 ], [ 24.71238935241897, 59.479298592163218 ], [ 24.712434280369685, 59.479237075153542 ], [ 24.712459874425242, 59.479188481183186 ], [ 24.712515948614652, 59.479123340200722 ], [ 24.7125482938727, 59.479062600294938 ], [ 24.712646668279291, 59.478944511076499 ], [ 24.712657127493539, 59.47890882642394 ], [ 24.712659263123605, 59.478876750470832 ], [ 24.712692942247671, 59.478813157729171 ], [ 24.712700715211895, 59.478783187731551 ], [ 24.71269695060511, 59.478602940017424 ], [ 24.712702556091802, 59.478535935306709 ], [ 24.712688456393789, 59.478464046123129 ], [ 24.712654605653608, 59.478352120342187 ], [ 24.712608157081384, 59.478273996705603 ], [ 24.71260787442862, 59.478260461519596 ], [ 24.712614640455541, 59.478249024666383 ], [ 24.712633928799185, 59.478233956417483 ], [ 24.712650203719303, 59.478208931450453 ], [ 24.712656582829332, 59.478178968981908 ], [ 24.712640317974316, 59.478137728627296 ], [ 24.712639112903346, 59.478080024572108 ], [ 24.712652362191374, 59.4780436156733 ], [ 24.712680998242419, 59.478006405470971 ], [ 24.712744056431607, 59.477941226594922 ], [ 24.712758595061775, 59.477899819721536 ], [ 24.712749096306005, 59.477847151488596 ], [ 24.712734361367811, 59.477834385628753 ], [ 24.712734739721885, 59.477819554236312 ], [ 24.712753468658789, 59.477788699146039 ], [ 24.712836129457312, 59.477722696112522 ], [ 24.712849303960933, 59.477682723879816 ], [ 24.712867064272629, 59.477661254558321 ], [ 24.71288187057748, 59.477632673783951 ], [ 24.712975358812528, 59.47754952065597 ], [ 24.712998982153184, 59.477540129046496 ], [ 24.713031104578057, 59.477536391610663 ], [ 24.713099270851952, 59.477513931506344 ], [ 24.713183470345161, 59.477455765470125 ], [ 24.713254024597752, 59.477413346350652 ], [ 24.713280345910857, 59.477399667229363 ], [ 24.713372010269623, 59.477363543128206 ], [ 24.713403733006313, 59.477339852769951 ], [ 24.713454966835265, 59.477311792932184 ], [ 24.713604942577369, 59.477251125237977 ], [ 24.713785738448415, 59.477190299486139 ], [ 24.713930463463765, 59.477146051124087 ], [ 24.714133797505653, 59.477091512132866 ], [ 24.714390144842685, 59.477027421711874 ], [ 24.714637839959952, 59.476951259264943 ], [ 24.715385981278924, 59.476764797064909 ], [ 24.715853164367907, 59.476670349644472 ], [ 24.715966059525154, 59.476644799565825 ], [ 24.716284291459928, 59.476593196898882 ], [ 24.716461388779816, 59.476556606411755 ], [ 24.716787445195489, 59.476478595685379 ], [ 24.717106648743133, 59.476407030720068 ], [ 24.717356520723197, 59.476368615864409 ], [ 24.717700092621509, 59.476323290143355 ], [ 24.718599936838707, 59.476226467837598 ], [ 24.718671094363888, 59.476213970499622 ], [ 24.718753546638567, 59.476204966285366 ], [ 24.718869348191852, 59.476184388849212 ], [ 24.719082999911446, 59.47615543206507 ], [ 24.719299306224894, 59.476119341990909 ], [ 24.719410803311966, 59.476093796560711 ], [ 24.719466619347063, 59.47608422809423 ], [ 24.719544509438332, 59.476058865950897 ], [ 24.719667313437942, 59.476038240611238 ], [ 24.719836188464235, 59.476016986590416 ], [ 24.719893452520939, 59.476003307720191 ], [ 24.720018689907334, 59.475965074588714 ], [ 24.720121803665943, 59.475940283488875 ], [ 24.72023433235119, 59.475897631257922 ], [ 24.720422949773326, 59.475810380225582 ], [ 24.720559724185868, 59.475721993978127 ], [ 24.720672073637889, 59.475670078468973 ], [ 24.720721684772023, 59.475651629597969 ], [ 24.720899962664515, 59.475565305118188 ], [ 24.721089308031463, 59.47546758237857 ], [ 24.721137955976015, 59.475449497679911 ], [ 24.721254394273167, 59.47539328641983 ], [ 24.72138434676372, 59.475355439089178 ], [ 24.721418520471822, 59.47534037781972 ], [ 24.721444731416209, 59.475321706631746 ], [ 24.721494170312848, 59.475275125665227 ], [ 24.721576988976668, 59.475217670818516 ], [ 24.721670449220344, 59.475134502469295 ], [ 24.721736591067714, 59.475083548118029 ], [ 24.721878727818133, 59.474983730769559 ], [ 24.721928253369025, 59.474942131180811 ], [ 24.721997262850582, 59.474898333311131 ], [ 24.722012830046918, 59.474877781344709 ], [ 24.722024642783367, 59.47484071499337 ], [ 24.722064472233708, 59.474761125510028 ], [ 24.722114624512546, 59.474682466895345 ], [ 24.722154265953648, 59.474637366610011 ], [ 24.722198364418166, 59.474603633234743 ], [ 24.72222296973737, 59.474574997643799 ], [ 24.722330418215257, 59.474491042997613 ], [ 24.722341273053942, 59.474474592196785 ], [ 24.722355098763583, 59.474465970688939 ], [ 24.722402439004448, 59.474452883675824 ], [ 24.722453359374772, 59.474410567076234 ], [ 24.722575498258902, 59.474337222875171 ], [ 24.72266615692962, 59.47429777632864 ], [ 24.722788449725286, 59.474253398662633 ], [ 24.723150016454269, 59.474133615426439 ], [ 24.723626754398495, 59.473986592288071 ], [ 24.724120319514732, 59.473840426486461 ], [ 24.724922409844613, 59.473627966678329 ], [ 24.725277330749183, 59.473548106216185 ], [ 24.725736176158353, 59.473438229318091 ], [ 24.726046611227133, 59.473373818084752 ], [ 24.726325614274941, 59.473323834203029 ], [ 24.726610326883439, 59.473278557919528 ], [ 24.727152185977285, 59.473210022648729 ], [ 24.727362695588791, 59.47318796366303 ], [ 24.727860269644243, 59.473148332224099 ], [ 24.728505534658503, 59.473148932964364 ], [ 24.728634536390242, 59.473143345667673 ], [ 24.72873758101753, 59.473107740224307 ], [ 24.728740890848577, 59.473021492298656 ], [ 24.728670522817058, 59.473023389365636 ], [ 24.728479889038177, 59.473028527363489 ], [ 24.726288071518876, 59.473023700678304 ], [ 24.725225422055608, 59.473028114916673 ], [ 24.723918923934484, 59.4730282136371 ], [ 24.723891484236088, 59.473011263832177 ], [ 24.723775427555708, 59.472996703654246 ], [ 24.72362399057441, 59.47298756199789 ], [ 24.723568085053635, 59.472992617514144 ], [ 24.723532581271169, 59.472991385103903 ], [ 24.723514782925683, 59.472988161437641 ], [ 24.723445734404752, 59.472945784684001 ], [ 24.72341906877093, 59.472921227323496 ], [ 24.723396957081121, 59.472890953780116 ], [ 24.723389584771866, 59.472851093092146 ], [ 24.723237090517415, 59.472747899609622 ], [ 24.723192103614895, 59.472695417664575 ], [ 24.723138729547617, 59.472599283450016 ], [ 24.723103903775552, 59.47257174566321 ], [ 24.72303099209299, 59.472537648389512 ], [ 24.723014721756584, 59.472518267306981 ], [ 24.722993467286734, 59.472485125445715 ], [ 24.722981711333411, 59.472439005128905 ], [ 24.722985690773008, 59.472293741320783 ], [ 24.722947240793918, 59.472197525165058 ], [ 24.722909093388409, 59.47215972729272 ], [ 24.722898465150141, 59.47214268508457 ], [ 24.722884197956297, 59.472130411472563 ], [ 24.722825616998019, 59.472096540701607 ], [ 24.72269668574582, 59.472003666186808 ], [ 24.722681192076518, 59.471977620138126 ], [ 24.722646815129323, 59.471941237780435 ], [ 24.72260291595677, 59.4718958771155 ], [ 24.722553475452099, 59.471852916642838 ], [ 24.7224658210617, 59.471813971694772 ], [ 24.722353279936357, 59.471745243935132 ], [ 24.722257880737043, 59.471692086389695 ], [ 24.722220197131978, 59.471676143890342 ], [ 24.721981392866198, 59.471552048442298 ], [ 24.721944727254407, 59.47152500516426 ], [ 24.721886841772534, 59.471495564628881 ], [ 24.72185182249039, 59.471472955745 ], [ 24.72174360634278, 59.471387570072778 ], [ 24.721688739351205, 59.471353193725712 ], [ 24.721650755023177, 59.471322997809366 ], [ 24.721551846961347, 59.47126397029146 ], [ 24.721511516982851, 59.471245474758668 ], [ 24.721406486727297, 59.471205582930239 ], [ 24.721332908238804, 59.471168930031148 ], [ 24.721252876389272, 59.471136594259193 ], [ 24.721179278301008, 59.471098998835167 ], [ 24.721096875296276, 59.471042923756066 ], [ 24.721065516014466, 59.471016488547463 ], [ 24.721019237075332, 59.470991095442734 ], [ 24.720934702120857, 59.470966854109122 ], [ 24.720892232891519, 59.470944761479934 ], [ 24.720740699597492, 59.470842035624884 ], [ 24.720693912607569, 59.470783368783621 ], [ 24.720676596108209, 59.470767808202453 ], [ 24.720583164775888, 59.470719872074937 ], [ 24.720543721169076, 59.470708211601824 ], [ 24.720517199771368, 59.470690304554495 ], [ 24.720366766665521, 59.470551001428632 ], [ 24.720328403469257, 59.470502755181151 ], [ 24.720274193459961, 59.470455071278387 ], [ 24.720227201491024, 59.470440130602164 ], [ 24.720138739296591, 59.47036176313086 ], [ 24.720077085992951, 59.470359254357668 ], [ 24.720060176246832, 59.470354589114145 ], [ 24.720009858947289, 59.470314962813958 ], [ 24.719950802888718, 59.470258283726537 ], [ 24.719883486286005, 59.470209728703651 ], [ 24.719847332119176, 59.470176676679152 ], [ 24.71978634914732, 59.47011810499334 ], [ 24.719764192337948, 59.470085452270865 ], [ 24.719710630517842, 59.470024936977694 ], [ 24.719670316907372, 59.469971961520244 ], [ 24.719588146463323, 59.469837975965682 ], [ 24.719478353060357, 59.469632893535973 ], [ 24.719458473043371, 59.469576000375348 ], [ 24.719410380857394, 59.469487860902504 ], [ 24.719382748172293, 59.469437239831791 ], [ 24.719307002080392, 59.469342644436786 ], [ 24.719294971307988, 59.469303284677871 ], [ 24.719287710270223, 59.469202310142833 ], [ 24.719274870994887, 59.469134624507078 ], [ 24.719252551217821, 59.469076604587649 ], [ 24.719234877294674, 59.469059914708048 ], [ 24.719203490024839, 59.469048739499556 ], [ 24.719132607240976, 59.469040068819936 ], [ 24.719096379373347, 59.469040266473129 ], [ 24.719082120367695, 59.469036627934912 ], [ 24.719056581644701, 59.469020052751738 ], [ 24.719037530700927, 59.469001628889394 ], [ 24.719015435456591, 59.468971830271009 ], [ 24.718968654808982, 59.468878028186552 ], [ 24.718927661230328, 59.468837874847551 ], [ 24.71888096115735, 59.468747878386672 ], [ 24.718814036783598, 59.468716896942361 ], [ 24.718784493278527, 59.468688548236749 ], [ 24.71870538397468, 59.468566430482177 ], [ 24.718640184329669, 59.468484129046303 ], [ 24.718595520190476, 59.468446374426108 ], [ 24.718567736885863, 59.468412800643968 ], [ 24.7185555672853, 59.468366789872363 ], [ 24.718548666484839, 59.468304601391161 ], [ 24.718535872034227, 59.468095667908585 ], [ 24.718521512991188, 59.468034462626633 ], [ 24.718479671364992, 59.467953945788864 ], [ 24.718416997776472, 59.467858327071866 ], [ 24.718336457161328, 59.467712464667414 ], [ 24.718297785577882, 59.467604847944585 ], [ 24.718235591385874, 59.467399504958266 ], [ 24.718152948624187, 59.467198070474574 ], [ 24.718113723176717, 59.467108508740338 ], [ 24.718092424608287, 59.467072044941638 ], [ 24.718047513134696, 59.467022415368959 ], [ 24.717974188488352, 59.466908335621852 ], [ 24.717935133738962, 59.466826851883056 ], [ 24.7178627285513, 59.466623934133857 ], [ 24.717801921148844, 59.466528789670626 ], [ 24.717728212821783, 59.466440833917176 ], [ 24.717673266490756, 59.4663584851072 ], [ 24.717573644005903, 59.466192295234158 ], [ 24.717469281696669, 59.465933976775915 ], [ 24.717451885540587, 59.465906046369483 ], [ 24.717430867986732, 59.465882884322816 ], [ 24.717315212930025, 59.465798011237631 ], [ 24.717176442282792, 59.465679062795068 ], [ 24.717002959644724, 59.465550805758305 ], [ 24.716885168022408, 59.465453116283292 ], [ 24.716753501216225, 59.465317028229038 ], [ 24.7166215141301, 59.465164792783533 ], [ 24.716428239081257, 59.464894138229823 ], [ 24.716395288980255, 59.46483683982936 ], [ 24.716383091303861, 59.464788450153478 ], [ 24.716350856827766, 59.464720699024639 ], [ 24.716336849988188, 59.464631475396743 ], [ 24.716340046154297, 59.464516502977766 ], [ 24.716324668231231, 59.464451030048835 ], [ 24.716235329586329, 59.464240609081031 ], [ 24.716202930710608, 59.464142284307002 ], [ 24.716321864722872, 59.464104761796634 ], [ 24.715982618340853, 59.463971282215304 ], [ 24.715933500615506, 59.463984816555886 ], [ 24.715861547521701, 59.463969139207038 ], [ 24.715786199618471, 59.463908471301018 ], [ 24.715673337983368, 59.463827612113327 ], [ 24.715314936538604, 59.463691290505636 ], [ 24.715024117903074, 59.463516010617433 ], [ 24.715217442185768, 59.463424557640501 ], [ 24.710657533814366, 59.460810986978686 ], [ 24.709993081010758, 59.460423365830536 ], [ 24.70832543112823, 59.459476954621877 ], [ 24.707596545955774, 59.459058069958829 ], [ 24.707185878265815, 59.458826764700945 ], [ 24.707131599312149, 59.458801212190437 ], [ 24.705356225798255, 59.459073842722084 ], [ 24.703199459286107, 59.459416815350963 ], [ 24.702938140800665, 59.458976199131655 ], [ 24.705019065579922, 59.458322900306861 ], [ 24.70498548004457, 59.458301060254342 ], [ 24.705001375212067, 59.458210005719451 ], [ 24.704902120725652, 59.458152305135201 ], [ 24.702924996573955, 59.457704725580179 ], [ 24.703241068833997, 59.457360696070992 ], [ 24.702577019121787, 59.456567057070082 ], [ 24.701910861757433, 59.456407097628535 ], [ 24.701428193881149, 59.456285440014696 ], [ 24.700006901356634, 59.455941679185706 ], [ 24.700150618820423, 59.455781310472432 ], [ 24.700314628827261, 59.455587341790036 ], [ 24.700389280080156, 59.455534619994978 ], [ 24.700906055057938, 59.455693317189969 ], [ 24.700958004379604, 59.455659109026072 ], [ 24.700453385852754, 59.4554956077273 ], [ 24.700563507678972, 59.455408217876887 ], [ 24.701062491238858, 59.455552368117971 ], [ 24.701097580833299, 59.455548097018806 ], [ 24.701465640278766, 59.455238794842231 ], [ 24.701525885137549, 59.455232513571396 ], [ 24.702215511586292, 59.455438265475422 ], [ 24.703075481608366, 59.455700663306494 ], [ 24.703116929912497, 59.455670379259679 ], [ 24.703134148340592, 59.455666526147191 ], [ 24.703375467209145, 59.455740830604732 ], [ 24.703516375653937, 59.455788121416276 ], [ 24.703548273673853, 59.455790697950803 ], [ 24.703704952765417, 59.455822042575548 ], [ 24.703921706480568, 59.45588071421065 ], [ 24.70408645346663, 59.455906503605945 ], [ 24.704163400261343, 59.45590891106216 ], [ 24.704185824451439, 59.455918934850544 ], [ 24.704216101444427, 59.455954051335929 ], [ 24.704242684194408, 59.455967356301699 ], [ 24.704323502258806, 59.455989886617758 ], [ 24.704442032249457, 59.456028409171019 ], [ 24.704506778049701, 59.456044526197793 ], [ 24.704564130242488, 59.45604243316258 ], [ 24.704877627158577, 59.456129562554807 ], [ 24.705095282401633, 59.456193272338403 ], [ 24.705165769884047, 59.45621671918564 ], [ 24.705245889582045, 59.456265994175297 ], [ 24.705299069068218, 59.456306876518639 ], [ 24.705329887305673, 59.456330562553646 ], [ 24.70541442388857, 59.456377668372568 ], [ 24.705444933085843, 59.456411140604423 ], [ 24.705478815588631, 59.456460232124314 ], [ 24.705534053116448, 59.456514496542887 ], [ 24.705573634016098, 59.456543234346178 ], [ 24.70569715711558, 59.456606477716434 ], [ 24.705785798289508, 59.456661864732368 ], [ 24.70575775751152, 59.456711162193713 ], [ 24.705781637355383, 59.456724167146113 ], [ 24.70580453128812, 59.456744924240034 ], [ 24.705804199316542, 59.456762987074775 ], [ 24.705819677864273, 59.456786701305546 ], [ 24.705852308070092, 59.456816966385887 ], [ 24.705884085946455, 59.456837559176378 ], [ 24.705909539509442, 59.456867826783579 ], [ 24.705939993679472, 59.456985590103542 ], [ 24.706003397661714, 59.457056085266288 ], [ 24.706106119877344, 59.457279834795109 ], [ 24.706275401280546, 59.457257598945958 ], [ 24.706321905085197, 59.457328543609528 ], [ 24.706217419726926, 59.457351276042424 ], [ 24.706162127677899, 59.457375495203479 ], [ 24.706140239768324, 59.45741961612633 ], [ 24.706193361026727, 59.457496764148679 ], [ 24.706240111785505, 59.457525930108396 ], [ 24.706286487272536, 59.457544622293781 ], [ 24.706323927691823, 59.457556746557948 ], [ 24.706489860973626, 59.457588253737896 ], [ 24.706545465937531, 59.457607273365312 ], [ 24.70660616380243, 59.457615906584927 ], [ 24.706600611530632, 59.45763306383931 ], [ 24.709221299857539, 59.458015249891304 ], [ 24.713393755771467, 59.45863468326332 ], [ 24.715897519577148, 59.458996472493268 ], [ 24.715997299935413, 59.458839413040714 ], [ 24.71637212194841, 59.458171288409034 ], [ 24.716381611517889, 59.45816131758675 ], [ 24.716406922301985, 59.458146467197629 ], [ 24.7167371436413, 59.457952651212921 ], [ 24.716824686092064, 59.457947955949741 ], [ 24.718271825004816, 59.459075625175828 ], [ 24.718293736598508, 59.459077749902178 ], [ 24.718711230941995, 59.458939297175768 ], [ 24.718715232241454, 59.458928323803001 ], [ 24.717374052729451, 59.457884014452006 ], [ 24.719204508710124, 59.457275201336429 ], [ 24.721331597438628, 59.458933416648129 ], [ 24.721279217739578, 59.459058389495468 ], [ 24.718595212921418, 59.459950613968978 ], [ 24.718590221558443, 59.459961476035225 ], [ 24.718804301397583, 59.460129384086244 ], [ 24.721878688734829, 59.459109298933342 ], [ 24.72185501107413, 59.459091214958292 ], [ 24.723897190355132, 59.458410970123886 ], [ 24.723757521000628, 59.458305866314198 ], [ 24.7236385442319, 59.458348360120162 ], [ 24.723710636821462, 59.458404283915002 ], [ 24.723341340275159, 59.458526653203251 ], [ 24.72282693212841, 59.458695876927358 ], [ 24.722193958248301, 59.458904931724021 ], [ 24.722068797700814, 59.458946228166958 ], [ 24.721953557814093, 59.458867083832324 ], [ 24.721874804756887, 59.458812990922766 ], [ 24.721855836958031, 59.458799970923778 ], [ 24.721805566914842, 59.458765210311896 ], [ 24.721246215198082, 59.45833087531733 ], [ 24.720728172416852, 59.457928089468538 ], [ 24.720063610285969, 59.457410994337614 ], [ 24.719429943029372, 59.456922282011753 ], [ 24.719243852802691, 59.456774751753116 ], [ 24.71936460928945, 59.456262645697443 ], [ 24.719492231652286, 59.455715043983552 ], [ 24.719580426445276, 59.45533325938333 ], [ 24.719754144887098, 59.454627280918807 ], [ 24.719765855322681, 59.454579721247228 ], [ 24.71956803940466, 59.454499419068306 ], [ 24.719544351937792, 59.454481496303245 ], [ 24.71953392508491, 59.454462791954391 ], [ 24.719534279884808, 59.454445321366549 ], [ 24.719555049002764, 59.454421814667192 ], [ 24.720380953447403, 59.453794704498428 ], [ 24.720803565635389, 59.453507894442183 ], [ 24.720887443605996, 59.453480514377816 ], [ 24.720882070800965, 59.453473227765151 ], [ 24.72144899413389, 59.453290141586031 ], [ 24.722393711654604, 59.452976650926523 ], [ 24.724413221780484, 59.452298556396258 ], [ 24.725367998046174, 59.451974764198411 ], [ 24.725414207974985, 59.45196891726291 ], [ 24.72561259605812, 59.451913542518369 ], [ 24.726560143622805, 59.452622525378935 ], [ 24.72692118641104, 59.452506062681024 ], [ 24.726893404483683, 59.452474815428822 ], [ 24.726798683911909, 59.452423183316704 ], [ 24.726819138046892, 59.452414991430338 ], [ 24.726854436077872, 59.452391816298807 ], [ 24.726875140130655, 59.452370517022409 ], [ 24.726946900201192, 59.45233744583151 ], [ 24.727129669146571, 59.452437856102954 ], [ 24.727584682346308, 59.4522783770948 ], [ 24.727919838147496, 59.452592155935193 ], [ 24.727929372942629, 59.452601079966428 ], [ 24.727899954929782, 59.452613890700412 ], [ 24.728084922873194, 59.452798219787702 ], [ 24.728131849629928, 59.452844980464057 ], [ 24.728493165755133, 59.453167949029144 ], [ 24.728876695921326, 59.453529330731136 ], [ 24.729300258944601, 59.453914663995008 ], [ 24.730210443701143, 59.454756799599416 ], [ 24.730352990696886, 59.454715892554454 ], [ 24.729373826738307, 59.453811814492994 ], [ 24.729420567660476, 59.453797722604754 ], [ 24.729277963375736, 59.453675647797333 ], [ 24.72922953467836, 59.453684183416357 ], [ 24.728223641515928, 59.452759122507381 ], [ 24.728173825636841, 59.452713302432514 ], [ 24.729852923345259, 59.45217188007706 ], [ 24.730098965406505, 59.452363237931692 ], [ 24.730448532578301, 59.452635808249148 ], [ 24.730968354884755, 59.453039363921306 ], [ 24.730992614224178, 59.453058233029239 ], [ 24.731250807148697, 59.452975749383363 ], [ 24.731898126812293, 59.453476637386373 ], [ 24.732420030462901, 59.453880472032118 ], [ 24.732438077621929, 59.45388174513905 ], [ 24.732687729373389, 59.453799611411625 ], [ 24.733201473773597, 59.453630603226131 ], [ 24.733372773409116, 59.453574254454544 ], [ 24.733569101901512, 59.453506877335016 ], [ 24.733667274672023, 59.453473188615781 ], [ 24.733657006641973, 59.453463865124021 ], [ 24.733988899539703, 59.453356899080475 ], [ 24.7345525561316, 59.453175246491618 ], [ 24.734525913068659, 59.45315057440304 ], [ 24.734704254500532, 59.453096392876724 ], [ 24.734931415214678, 59.453027378530756 ], [ 24.734916913600504, 59.453017971030725 ], [ 24.734925730694524, 59.453010659676131 ], [ 24.734995835606838, 59.453000923811238 ], [ 24.735043952086023, 59.453015673419614 ], [ 24.735200922679375, 59.453007355828113 ], [ 24.735219520022472, 59.453108724926913 ], [ 24.73675712853327, 59.453059470501884 ], [ 24.737277269286182, 59.453042799344573 ], [ 24.7377874547423, 59.453026451184492 ], [ 24.738978255595988, 59.452988286741942 ], [ 24.739500539729683, 59.452977052623929 ], [ 24.739533687251893, 59.453466385561491 ], [ 24.739558619547534, 59.453834426098474 ], [ 24.739583884150971, 59.454248721783202 ], [ 24.739604965740579, 59.454594413822356 ], [ 24.739643232208486, 59.454594611929245 ], [ 24.739644146643059, 59.454609965971414 ], [ 24.738651718837051, 59.455158966532622 ], [ 24.738595433994256, 59.455137702037305 ], [ 24.737437721744723, 59.455142248064021 ], [ 24.737133538891275, 59.455135592950214 ], [ 24.737131222477736, 59.455107517756183 ], [ 24.737101809813058, 59.455096012577464 ], [ 24.736922015323966, 59.455097063221402 ], [ 24.73689332837067, 59.455107744386439 ], [ 24.736896597444403, 59.455200401745053 ], [ 24.736906881417035, 59.455208764387756 ], [ 24.737432878774534, 59.455216826824547 ], [ 24.738682359734984, 59.455214181113782 ], [ 24.739117866268398, 59.455000633108824 ], [ 24.73976509169735, 59.454635418175307 ], [ 24.739803981624643, 59.45464485876154 ], [ 24.740126555794127, 59.454462982907117 ], [ 24.739957727788369, 59.454390609327199 ], [ 24.739801727091784, 59.454384528438418 ], [ 24.739678287565191, 59.452531185926013 ], [ 24.739705016199611, 59.45242209422986 ], [ 24.739749758587429, 59.452324975078916 ], [ 24.739777517407298, 59.452230087741 ], [ 24.739817687690334, 59.452150633512836 ], [ 24.739967160486685, 59.45212199308402 ], [ 24.740180816162773, 59.452103395923118 ], [ 24.740191475624005, 59.452047743116466 ], [ 24.740183808225396, 59.451866438199829 ], [ 24.740249774076844, 59.451810708023558 ], [ 24.740324016962607, 59.451761870314805 ], [ 24.740452319234095, 59.451719694672896 ], [ 24.740490580792443, 59.451706804462155 ], [ 24.74051159847577, 59.451681677134786 ], [ 24.740663068605908, 59.451602988338912 ], [ 24.740778738367609, 59.451556386047969 ], [ 24.740934137737892, 59.451505269326468 ], [ 24.741032225104114, 59.451477176984334 ], [ 24.74110155271855, 59.45144565566666 ], [ 24.741370690763066, 59.451368736726209 ], [ 24.741514832620886, 59.451324585771367 ], [ 24.741622800060153, 59.451293609696137 ], [ 24.741716888407421, 59.451260844513271 ], [ 24.741815380794407, 59.451229544601283 ], [ 24.741892792661002, 59.45120094863514 ], [ 24.742021160605034, 59.451146562696501 ], [ 24.7421599592912, 59.4510894607509 ], [ 24.742261130258214, 59.451045165040526 ], [ 24.742363770679042, 59.451001974085308 ], [ 24.74238416272939, 59.450992756753621 ], [ 24.742551685250255, 59.450913993213909 ], [ 24.742645507059642, 59.450868248485101 ], [ 24.742804253982293, 59.450787307852707 ], [ 24.742963751938657, 59.450702834926425 ], [ 24.743089881687567, 59.450632446027804 ], [ 24.743215978687573, 59.450560576025502 ], [ 24.743242660833864, 59.450546340975841 ], [ 24.743264216013632, 59.450530644708131 ], [ 24.743307333848588, 59.450487447700318 ], [ 24.74335586212413, 59.450435252378583 ], [ 24.743407783589305, 59.450369671514821 ], [ 24.743503755895212, 59.45028272870546 ], [ 24.743430404550192, 59.450262020399741 ], [ 24.743553711326879, 59.450108244012704 ], [ 24.743690465919311, 59.449943816967625 ], [ 24.743888744107199, 59.449717722184701 ], [ 24.743961246157514, 59.449624214883698 ], [ 24.744008521664654, 59.449544557514642 ], [ 24.743977500894271, 59.449538431037915 ], [ 24.743978280651106, 59.449527286488518 ], [ 24.744006605782378, 59.449480079369735 ], [ 24.74402111375225, 59.449439557172497 ], [ 24.744038708164169, 59.44940718638199 ], [ 24.744065855883719, 59.449379582142107 ], [ 24.744146993922399, 59.449317570239117 ], [ 24.744205509558316, 59.449263495863669 ], [ 24.744290334840716, 59.449204057316244 ], [ 24.744365089516734, 59.44915172236756 ], [ 24.744452028643618, 59.449088187343463 ], [ 24.744511031521071, 59.449050034825966 ], [ 24.74455770684618, 59.449014914287694 ], [ 24.744618114007562, 59.448965173772372 ], [ 24.744674547804479, 59.448904620749595 ], [ 24.744702388072383, 59.448881330270638 ], [ 24.744740737395198, 59.448849237014308 ], [ 24.744750311836523, 59.448841229480543 ], [ 24.744812647331031, 59.44878293209824 ], [ 24.744837526236946, 59.448759667309602 ], [ 24.744882894888836, 59.448704275550732 ], [ 24.744953591022835, 59.448647008028559 ], [ 24.744961559514753, 59.448640544585189 ], [ 24.744988236287302, 59.44862778137653 ], [ 24.745035401630375, 59.448610324137391 ], [ 24.745262291297358, 59.448524730991849 ], [ 24.745938086720439, 59.448330051022438 ], [ 24.746128663236671, 59.448285120225059 ], [ 24.746411543248492, 59.448209450383139 ], [ 24.747334323443233, 59.447980840587597 ], [ 24.747464070984311, 59.44795418849619 ], [ 24.747573681641416, 59.44793780327597 ], [ 24.747678001962257, 59.44792617874522 ], [ 24.747936204295769, 59.447913716374252 ], [ 24.748240578703545, 59.447906179796774 ], [ 24.748696219574061, 59.447886256664027 ], [ 24.748989173564468, 59.447876467261217 ], [ 24.74916499416344, 59.44786636497706 ], [ 24.749366759039741, 59.448070551768971 ], [ 24.749412699089586, 59.448098621073648 ], [ 24.749534133300603, 59.448144663171789 ], [ 24.749524678815177, 59.448068908211347 ], [ 24.749480708050186, 59.448012488101071 ], [ 24.749377610908258, 59.447917543953942 ], [ 24.749297177193661, 59.447852776360101 ], [ 24.749239817950944, 59.447824080756838 ], [ 24.749139570838949, 59.447732028683625 ], [ 24.74929407436106, 59.447625358736111 ], [ 24.74942114954483, 59.447574258216591 ], [ 24.749519342710506, 59.447543779963716 ], [ 24.749573195849884, 59.447534020986886 ], [ 24.749633184402867, 59.447530717271981 ], [ 24.749851767343227, 59.447748524135648 ], [ 24.749940839893434, 59.447831752302022 ], [ 24.750052808998113, 59.447914805149566 ], [ 24.750058741011276, 59.447919214869849 ], [ 24.750111992361472, 59.447901299224867 ], [ 24.750091626697202, 59.447885050557041 ], [ 24.750093930379844, 59.447879974543966 ], [ 24.74997750789878, 59.447787593297726 ], [ 24.749957237791033, 59.447784521954745 ], [ 24.749686605679706, 59.447519757819613 ], [ 24.749718114056815, 59.447489506326164 ], [ 24.749713962281398, 59.447465804367326 ], [ 24.749836418669634, 59.447420376110799 ], [ 24.75001790909295, 59.447355500078757 ], [ 24.75022634785282, 59.44728798374345 ], [ 24.750258577775913, 59.447280178897117 ], [ 24.75027973314948, 59.447278622115775 ], [ 24.750298031118394, 59.447282611295172 ], [ 24.750356608856638, 59.447297762538597 ], [ 24.750407833993453, 59.44731364685488 ], [ 24.750438028168848, 59.447318295360489 ], [ 24.750473861350908, 59.447317229438234 ], [ 24.750552716528226, 59.447306106766071 ], [ 24.750600379529896, 59.447321131582015 ], [ 24.750692858514856, 59.447243296649681 ], [ 24.750570170779636, 59.447207523200419 ], [ 24.750550501402085, 59.447209313934231 ], [ 24.750106734503184, 59.447080736114223 ], [ 24.749166747218688, 59.446797787888926 ], [ 24.748555695813497, 59.44661036199016 ], [ 24.748500873207998, 59.446599156344725 ], [ 24.747454878544886, 59.446205791673876 ], [ 24.747461622180744, 59.446193347514949 ], [ 24.74746858380351, 59.446181198351837 ], [ 24.747468972756806, 59.446169167278065 ], [ 24.747469093030261, 59.446151302830955 ], [ 24.747473606791306, 59.446132820984779 ], [ 24.747477329086713, 59.446122476580015 ], [ 24.747626083521443, 59.446055258117958 ], [ 24.747776730279512, 59.445986736085246 ], [ 24.74815317617983, 59.44581860897388 ], [ 24.748322199649799, 59.445736893787483 ], [ 24.748433441355623, 59.445747823813207 ], [ 24.74844237920372, 59.445744631156863 ], [ 24.748572779455969, 59.445757840020171 ], [ 24.748898045143694, 59.445783450982894 ], [ 24.748895705386133, 59.445788491277092 ], [ 24.74876372210246, 59.446072180408805 ], [ 24.748713431874794, 59.446187288123156 ], [ 24.748644843880449, 59.446344241779919 ], [ 24.748883722905916, 59.446410999552889 ], [ 24.749373386148346, 59.446540648906421 ], [ 24.749444075710418, 59.446558343882735 ], [ 24.74959357328148, 59.446595761154697 ], [ 24.749626436535113, 59.446603985361101 ], [ 24.7497080276509, 59.446624409928845 ], [ 24.749783383540681, 59.446622580624819 ], [ 24.749927028536252, 59.446639895944926 ], [ 24.750007349465598, 59.446654645265987 ], [ 24.750152371967427, 59.446688918590084 ], [ 24.750287960452908, 59.446711010158246 ], [ 24.7504383323677, 59.446748834429201 ], [ 24.75049862968368, 59.446759649008555 ], [ 24.750656114069418, 59.446770556062297 ], [ 24.750707041235717, 59.446780131291476 ], [ 24.750853884745634, 59.446822607213583 ], [ 24.750904037244286, 59.446845050492868 ], [ 24.750926012659647, 59.446867977556138 ], [ 24.750931073336453, 59.446888083597692 ], [ 24.750894941330881, 59.446978173964091 ], [ 24.750889215881013, 59.447008817382816 ], [ 24.750902544377404, 59.447022511763507 ], [ 24.751498394394847, 59.447187921761667 ], [ 24.751519044064622, 59.44719863890834 ], [ 24.751533365344596, 59.447227794533759 ], [ 24.751530801657776, 59.447358044113827 ], [ 24.751538625324088, 59.447372308444095 ], [ 24.751547524603239, 59.447383379884307 ], [ 24.751567048240744, 59.447394992147892 ], [ 24.75159129241753, 59.447403220162606 ], [ 24.751782299775403, 59.447416071073491 ], [ 24.752551638262887, 59.447446732216989 ], [ 24.752407601767352, 59.448434577533234 ], [ 24.752447733398519, 59.448435721742918 ], [ 24.752547142535839, 59.448438035398183 ], [ 24.752752963510826, 59.448442837909155 ], [ 24.75272817799457, 59.448642066252049 ], [ 24.752725963978246, 59.448654395025429 ], [ 24.753016917445425, 59.44866795669823 ], [ 24.75303989217306, 59.448540193704169 ], [ 24.753190944066734, 59.448545191924723 ], [ 24.753186960334592, 59.448576391012011 ], [ 24.753176207592357, 59.448579639245892 ], [ 24.753153720821164, 59.448593601014153 ], [ 24.75314195044858, 59.448610661329624 ], [ 24.75314234867313, 59.448628720305891 ], [ 24.753154868209293, 59.448645632766038 ], [ 24.753177965047495, 59.448659333902306 ], [ 24.753208888398067, 59.448668196689994 ], [ 24.75324391201644, 59.44867112931226 ], [ 24.753278797464258, 59.448667796932746 ], [ 24.753309322138946, 59.448658582770122 ], [ 24.753331808889492, 59.448644620975671 ], [ 24.753343579178942, 59.448627560643452 ], [ 24.753343180848017, 59.44860950166796 ], [ 24.753330661231846, 59.448592589225292 ], [ 24.753307546750303, 59.448578888216232 ], [ 24.753297966377847, 59.44857614225252 ], [ 24.753302033137995, 59.44855031079269 ], [ 24.753458528098484, 59.448556704885235 ], [ 24.75343484764344, 59.448687568981235 ], [ 24.753743902141498, 59.448700109887682 ], [ 24.753779256713997, 59.448480793677447 ], [ 24.753779291045788, 59.448480794912328 ] ] ], [ [ [ 24.724807781315437, 59.458101600673274 ], [ 24.725122568110617, 59.457996161000182 ], [ 24.725633226450721, 59.457831571794195 ], [ 24.72610959253749, 59.457660015127381 ], [ 24.727062269432054, 59.457334850211126 ], [ 24.727025004777751, 59.457289912027498 ], [ 24.7269934473692, 59.457275328461343 ], [ 24.726945234952417, 59.457271097141543 ], [ 24.726793412222914, 59.457325929514482 ], [ 24.726836121653079, 59.457363234464893 ], [ 24.725245841616449, 59.457894584526521 ], [ 24.724849615421626, 59.45801798606508 ], [ 24.724803364758124, 59.457989075220198 ], [ 24.72466983150046, 59.458024414834789 ], [ 24.724662131044266, 59.458033819873613 ], [ 24.72466406779418, 59.45805528146564 ], [ 24.72469866858324, 59.458093628097942 ], [ 24.7247510363716, 59.458106661473806 ], [ 24.724807781315437, 59.458101600673274 ] ] ], [ [ [ 24.733103348392252, 59.45603603794094 ], [ 24.733327949078152, 59.456023288878335 ], [ 24.733737303099481, 59.455965964656677 ], [ 24.733973155901786, 59.455944327719784 ], [ 24.73435622811623, 59.455876034799054 ], [ 24.734903716397337, 59.455795001441366 ], [ 24.735138577667335, 59.455765890333986 ], [ 24.735266974882606, 59.455744329934568 ], [ 24.735298396122456, 59.455724648181693 ], [ 24.735302771897206, 59.455697756455315 ], [ 24.735288497731069, 59.455683410536885 ], [ 24.735268419206289, 59.455679563857871 ], [ 24.735211879425918, 59.455684071497963 ], [ 24.735032770373877, 59.455710555728508 ], [ 24.734890112985148, 59.455737258306542 ], [ 24.734670093115628, 59.455750541060624 ], [ 24.734229987115363, 59.455801109561776 ], [ 24.733808977471746, 59.455876345952554 ], [ 24.733654331395524, 59.45591633664781 ], [ 24.733582986967136, 59.455929409013123 ], [ 24.733451868188144, 59.455932706327609 ], [ 24.733259078732285, 59.455943842295973 ], [ 24.733042400694963, 59.455975712441557 ], [ 24.732953982104366, 59.455997586866445 ], [ 24.732912024324271, 59.456020181254509 ], [ 24.732909245120656, 59.456035286563285 ], [ 24.732926963041425, 59.456044990570369 ], [ 24.732970358902378, 59.456049138772606 ], [ 24.733103348392252, 59.45603603794094 ] ] ], [ [ [ 24.734237400360676, 59.455280724085362 ], [ 24.734290574851602, 59.455281280528745 ], [ 24.734524723663327, 59.45517410397408 ], [ 24.73509685191183, 59.454870336713832 ], [ 24.735192565126539, 59.454849236993454 ], [ 24.735119118964569, 59.454760454153103 ], [ 24.735080040430283, 59.454769227002693 ], [ 24.734938817463156, 59.454800948624026 ], [ 24.734974302137289, 59.454849664807256 ], [ 24.734114901705848, 59.45528953959829 ], [ 24.734161647813586, 59.455317510890012 ], [ 24.734237400360676, 59.455280724085362 ] ] ], [ [ [ 24.73502978525865, 59.454700287916026 ], [ 24.735056706817566, 59.454694410573076 ], [ 24.734968911155743, 59.454592637603987 ], [ 24.734936600368115, 59.454599622198408 ], [ 24.734807778279489, 59.454627468380423 ], [ 24.734884577120727, 59.454731986830872 ], [ 24.73502978525865, 59.454700287916026 ] ] ], [ [ [ 24.751322337621847, 59.451212543826735 ], [ 24.751494077948678, 59.451121222184078 ], [ 24.751644645718269, 59.451006789272661 ], [ 24.751725897025999, 59.450955975030041 ], [ 24.751772579939971, 59.450922216358109 ], [ 24.751838582277884, 59.450904317058992 ], [ 24.751947763034025, 59.450898496355826 ], [ 24.752144507761329, 59.450897983603824 ], [ 24.752225238920172, 59.450904443721896 ], [ 24.752329401749442, 59.450933346519086 ], [ 24.752399902207742, 59.450947575991009 ], [ 24.752449163462718, 59.45094365006527 ], [ 24.752502951067079, 59.450920308470906 ], [ 24.75255463246566, 59.450886197800777 ], [ 24.752852909420472, 59.45078404359684 ], [ 24.752902346131943, 59.450759299395337 ], [ 24.75297547547305, 59.450721645826121 ], [ 24.753016157575985, 59.450695658966957 ], [ 24.753030049841357, 59.450690040895687 ], [ 24.753046930855795, 59.450679244101892 ], [ 24.75306619122027, 59.450670812545191 ], [ 24.753075561378147, 59.450663999480611 ], [ 24.753074105002067, 59.45065072220352 ], [ 24.753064746018357, 59.450641251363948 ], [ 24.753043762905261, 59.450636317398313 ], [ 24.753002272856751, 59.450636850798247 ], [ 24.752965322399035, 59.450634575442564 ], [ 24.752926386714183, 59.450631817701506 ], [ 24.752894701659017, 59.450632465585237 ], [ 24.752852710519278, 59.450640658976823 ], [ 24.752823188222472, 59.450655441854096 ], [ 24.752815134745699, 59.450663602866598 ], [ 24.752756165731697, 59.450707800280583 ], [ 24.752745364860406, 59.450744092193297 ], [ 24.752725642554715, 59.450764366685043 ], [ 24.752666605609566, 59.45077749588598 ], [ 24.752596860761038, 59.450778343192908 ], [ 24.752542676732272, 59.450758078005862 ], [ 24.752474113023744, 59.450746916576172 ], [ 24.752438577990542, 59.450758475147246 ], [ 24.752419649809006, 59.450777192077204 ], [ 24.752428661056456, 59.450797293427833 ], [ 24.752439878524175, 59.450814303148647 ], [ 24.752435633882353, 59.450836903937017 ], [ 24.752412243654128, 59.450852351881267 ], [ 24.752367223296094, 59.450859108182179 ], [ 24.752318725859187, 59.450859286408445 ], [ 24.752262543594725, 59.450852354025521 ], [ 24.75217846615298, 59.45082763636087 ], [ 24.752097278741683, 59.450810056618444 ], [ 24.752023796654743, 59.450802118759896 ], [ 24.751940557828718, 59.450795457391237 ], [ 24.751853394557703, 59.450798728707269 ], [ 24.751805350982572, 59.450809909657742 ], [ 24.75176687960473, 59.450829851139993 ], [ 24.751738121615485, 59.450855356631052 ], [ 24.751717912446225, 59.450881576358022 ], [ 24.751694342357386, 59.450915301873245 ], [ 24.751669642662836, 59.450944967358936 ], [ 24.751623414031325, 59.45097133553169 ], [ 24.751581136772572, 59.450988991645204 ], [ 24.751539537690071, 59.450999812565236 ], [ 24.751484108509487, 59.451007076780542 ], [ 24.751445029407929, 59.451027461492565 ], [ 24.751429655918702, 59.451064335925963 ], [ 24.751406374553849, 59.451092772429661 ], [ 24.751369805196273, 59.451114246943348 ], [ 24.751314684926349, 59.451133960082188 ], [ 24.751238805885624, 59.451156538464659 ], [ 24.751201984922986, 59.451156963876926 ], [ 24.751175982064129, 59.451157067267296 ], [ 24.751134660493378, 59.451160480652469 ], [ 24.751098085864399, 59.451169701849878 ], [ 24.751060026240182, 59.451181947692568 ], [ 24.751036150882086, 59.451194615357707 ], [ 24.75103301344825, 59.451199462737804 ], [ 24.751026038512542, 59.451210193815491 ], [ 24.75102863849316, 59.451219389142182 ], [ 24.751040159886678, 59.451225391743741 ], [ 24.751067948510801, 59.451231929973652 ], [ 24.751098755536283, 59.451236224753472 ], [ 24.751129429615244, 59.451238482561074 ], [ 24.751173924109025, 59.451239045741303 ], [ 24.751231135668835, 59.451239051643043 ], [ 24.751322337621847, 59.451212543826735 ] ] ] ] } }
]
}
